{"type":"FeatureCollection","features":[{"type":"Feature","properties":{"F_DISA_NM":"2018년 8.26~9.1 호우","F_AVR_HGT":83.74,"F_AREA":143.61,"ADM_CD":"1130510100","F_SAT_YMD":"20180826","F_END_YMD":"20180901","F_SAT_TM":"14","F_END_TM":"18","F_RSN_DTL":"침수(기타)","F_ZONE_NM":"강북구 미아동258-470","INV_YR":"2020","F_YR":"2020","GU_NAM":"강북구","F_SHIM":0.45},"geometry":{"type":"Polygon","coordinates":[[[127.03297914764228,37.62355486701024],[127.03316032507112,37.623592029039656],[127.03319737789795,37.623486081892146],[127.03320364587354,37.62346843902441],[127.03302402040991,37.623430835166275],[127.0329844767107,37.62354012555965],[127.03297914764228,37.62355486701024]]]}},{"type":"Feature","properties":{"F_DISA_NM":"2020년 7.28~8.11 호우","F_AVR_HGT":93.16,"F_AREA":126.65,"ADM_CD":"1130510100","F_SAT_YMD":"20200728","F_END_YMD":"20200811","F_SAT_TM":"14","F_END_TM":"18","F_RSN_DTL":"침수","F_ZONE_NM":"강북구 미아동258-115","INV_YR":"2020","F_YR":"2020","GU_NAM":"강북구","F_SHIM":0.45},"geometry":{"type":"Polygon","coordinates":[[[127.03274510864472,37.624935491372234],[127.03290210048732,37.62496309178242],[127.03294245918275,37.6248502964153],[127.03278750378428,37.62481607331848],[127.03274510864472,37.624935491372234]]]}},{"type":"Feature","properties":{"F_DISA_NM":"2018년 8.26~9.1 호우","F_AVR_HGT":36.13,"F_AREA":61.62,"ADM_CD":"1130510100","F_SAT_YMD":"20180826","F_END_YMD":"20180901","F_SAT_TM":"14","F_END_TM":"18","F_RSN_DTL":"침수(기타)","F_ZONE_NM":"강북구 미아동49-142","INV_YR":"2020","F_YR":"2020","GU_NAM":"강북구","F_SHIM":0.45},"geometry":{"type":"Polygon","coordinates":[[[127.03525930711623,37.61243924221785],[127.03533544932219,37.61248562998411],[127.03534338989851,37.612488132437306],[127.03541549437779,37.61242188960913],[127.03532970067529,37.61237136014428],[127.03525930711623,37.61243924221785]]]}},{"type":"Feature","properties":{"F_DISA_NM":"2020년 7.28~8.11 호우","F_AVR_HGT":31.34,"F_AREA":106.21,"ADM_CD":"1130510100","F_SAT_YMD":"20200728","F_END_YMD":"20200811","F_SAT_TM":"14","F_END_TM":"18","F_RSN_DTL":"침수","F_ZONE_NM":"강북구 미아동49-97","INV_YR":"2020","F_YR":"2020","GU_NAM":"강북구","F_SHIM":0.45},"geometry":{"type":"Polygon","coordinates":[[[127.0344722573281,37.612046402379434],[127.03435108342876,37.61194560729969],[127.03428116956933,37.61199793771918],[127.03427608027852,37.612014634320694],[127.03438557467113,37.612109540309774],[127.0344722573281,37.612046402379434]]]}},{"type":"Feature","properties":{"F_DISA_NM":"2018년 8.26~9.1 호우","F_AVR_HGT":37.7,"F_AREA":90.61,"ADM_CD":"1130510100","F_SAT_YMD":"20180826","F_END_YMD":"20180901","F_SAT_TM":"14","F_END_TM":"18","F_RSN_DTL":"침수(기타)","F_ZONE_NM":"강북구 미아동217-99","INV_YR":"2020","F_YR":"2020","GU_NAM":"강북구","F_SHIM":0.45},"geometry":{"type":"Polygon","coordinates":[[[127.02305226164965,37.629247285206986],[127.02317631693914,37.629278436377966],[127.02321072986256,37.62919067470686],[127.0230872411772,37.62915970366385],[127.02305226164965,37.629247285206986]]]}},{"type":"Feature","properties":{"F_DISA_NM":"2018년 8.26~9.1 호우","F_AVR_HGT":33.61,"F_AREA":61.83,"ADM_CD":"1130510100","F_SAT_YMD":"20180826","F_END_YMD":"20180901","F_SAT_TM":"14","F_END_TM":"18","F_RSN_DTL":"침수(기타)","F_ZONE_NM":"강북구 미아동162-42","INV_YR":"2020","F_YR":"2020","GU_NAM":"강북구","F_SHIM":0.45},"geometry":{"type":"Polygon","coordinates":[[[127.02470835291489,37.63322253970455],[127.02471483169322,37.633145045283314],[127.02471535089867,37.63313883744038],[127.02460409771624,37.633131561331645],[127.02459608016312,37.63321580437573],[127.02469555091795,37.6332219115347],[127.02470835291489,37.63322253970455]]]}},{"type":"Feature","properties":{"F_DISA_NM":"2020년 7.28~8.11 호우","F_AVR_HGT":58.39,"F_AREA":82,"ADM_CD":"1135010500","F_SAT_YMD":"20200728","F_END_YMD":"20200811","F_SAT_TM":"16","F_END_TM":"22","F_RSN_DTL":"기타","F_ZONE_NM":"노원구 상계동68-24","INV_YR":"2020","F_YR":"2020","GU_NAM":"노원구","F_SHIM":0.5},"geometry":{"type":"Polygon","coordinates":[[[127.08252958879731,37.66961165922991],[127.08241306156835,37.66958339460051],[127.08244023851334,37.66949682853658],[127.08232460018144,37.6694727977805],[127.08228449243326,37.669561246695096],[127.0823602860052,37.66957119557271],[127.08238602445317,37.669579511927196],[127.08238236015936,37.66959742577345],[127.08252406280141,37.66962693450941],[127.08252958879731,37.66961165922991]]]}},{"type":"Feature","properties":{"F_DISA_NM":"2020년 7.28~8.11 호우","F_AVR_HGT":42.33,"F_AREA":108,"ADM_CD":"1135010200","F_SAT_YMD":"20200728","F_END_YMD":"20200811","F_SAT_TM":"17","F_END_TM":"23","F_RSN_DTL":"침수","F_ZONE_NM":"노원구 월계동산120-5","INV_YR":"2020","F_YR":"2020","GU_NAM":"노원구","F_SHIM":0.5},"geometry":{"type":"Polygon","coordinates":[[[127.051839408197,37.62369347806749],[127.05203557917805,37.623726856643984],[127.05250737808763,37.623850196080056],[127.05293903132966,37.62434871906109],[127.05321343287723,37.62431573144108],[127.05319707850833,37.62430340419262],[127.05315626388877,37.624285564642065],[127.0531494290682,37.62427944097094],[127.0531248921455,37.624261333002615],[127.0531075135157,37.62419288416641],[127.05308307294428,37.6241010129411],[127.05306633449855,37.62405731372926],[127.05305069365527,37.624028290994595],[127.05301537557537,37.623964742294085],[127.05299196664637,37.62392309120519],[127.05295269816952,37.62386366168504],[127.05289724784232,37.62377890364743],[127.05283368892954,37.62368033708918],[127.05283054491204,37.623671202521614],[127.05281800880346,37.623610382828645],[127.05280194430843,37.623525012968415],[127.05279274635434,37.62347556218534],[127.052690306462,37.62343539592158],[127.05266695398971,37.62345911082326],[127.05258717199011,37.623406365979335],[127.05250909259392,37.623391713770985],[127.05246260842634,37.6233810302067],[127.05245093914004,37.623378206167004],[127.05236415047733,37.6233658280902],[127.05227238873465,37.62335297456915],[127.05215429862463,37.623335366093244],[127.05207246086482,37.623323985765005],[127.05204079334617,37.62336373253559],[127.05198960364987,37.623429895365824],[127.05192573640753,37.623509983726336],[127.05180052382168,37.623647787938786],[127.051839408197,37.62369347806749]]]}},{"type":"Feature","properties":{"F_DISA_NM":"2020년 7.28~8.11 호우","F_AVR_HGT":42.39,"F_AREA":96,"ADM_CD":"1135010200","F_SAT_YMD":"20200728","F_END_YMD":"20200811","F_SAT_TM":"6","F_END_TM":"12","F_RSN_DTL":"침수","F_ZONE_NM":"노원구 월계동392-58","INV_YR":"2020","F_YR":"2020","GU_NAM":"노원구","F_SHIM":0.5},"geometry":{"type":"Polygon","coordinates":[[[127.05663887674797,37.62278160564018],[127.0567090784279,37.62286568831018],[127.05672071706589,37.622857592067476],[127.05674779822398,37.622838514662874],[127.05676849294314,37.622822485554074],[127.05679410172893,37.62280370615146],[127.05678532551858,37.62279186237652],[127.05673049689295,37.622725458794655],[127.05667816548045,37.62275792755155],[127.05663887674797,37.62278160564018]]]}},{"type":"Feature","properties":{"F_DISA_NM":"2020년 7.28~8.11 호우","F_AVR_HGT":21.64,"F_AREA":99,"ADM_CD":"1135010200","F_SAT_YMD":"20200728","F_END_YMD":"20200811","F_SAT_TM":"15","F_END_TM":"21","F_RSN_DTL":"침수","F_ZONE_NM":"노원구 월계동473-12","INV_YR":"2020","F_YR":"2020","GU_NAM":"노원구","F_SHIM":0.5},"geometry":{"type":"Polygon","coordinates":[[[127.05924017314264,37.61805644157344],[127.0593217910506,37.61799471148514],[127.05933657982742,37.61797502682461],[127.0592567820023,37.61790032054046],[127.05919750148746,37.617890114387976],[127.0591294932617,37.617930637674874],[127.05924017314264,37.61805644157344]]]}},{"type":"Feature","properties":{"F_DISA_NM":"2020년 7.28~8.11 호우","F_AVR_HGT":27.69,"F_AREA":123.87,"ADM_CD":"1135010300","F_SAT_YMD":"20200728","F_END_YMD":"20200811","F_SAT_TM":"10","F_END_TM":"16","F_RSN_DTL":"침수","F_ZONE_NM":"노원구 공릉동240-243","INV_YR":"2020","F_YR":"2020","GU_NAM":"노원구","F_SHIM":0.5},"geometry":{"type":"Polygon","coordinates":[[[127.08305386804545,37.62061109552368],[127.08299704248931,37.62043698432779],[127.08295541738184,37.62041798435916],[127.08287239977078,37.620531033532515],[127.0828760942285,37.620532706808596],[127.08305386804545,37.62061109552368]]]}},{"type":"Feature","properties":{"F_DISA_NM":"2020년 7.28~8.11 호우","F_AVR_HGT":17.55,"F_AREA":36,"ADM_CD":"1135010300","F_SAT_YMD":"20200806","F_END_YMD":"20200811","F_SAT_TM":"17","F_END_TM":"24","F_RSN_DTL":"침수","F_ZONE_NM":"노원구 공릉동571-5","INV_YR":"2020","F_YR":"2020","GU_NAM":"노원구","F_SHIM":0.5},"geometry":{"type":"Polygon","coordinates":[[[127.07199875294059,37.62233810542791],[127.07211284270922,37.622362543887505],[127.07214288778086,37.6222718873352],[127.07217224354245,37.622183060175786],[127.07203562009295,37.62215455380074],[127.07199875294059,37.62233810542791]]]}},{"type":"Feature","properties":{"F_DISA_NM":"2020년 7.28~8.11 호우","F_AVR_HGT":18.68,"F_AREA":66,"ADM_CD":"1135010300","F_SAT_YMD":"20200804","F_END_YMD":"20200811","F_SAT_TM":"16","F_END_TM":"24","F_RSN_DTL":"침수","F_ZONE_NM":"노원구 공릉동383-13","INV_YR":"2020","F_YR":"2020","GU_NAM":"노원구","F_SHIM":0.5},"geometry":{"type":"Polygon","coordinates":[[[127.0721126316754,37.625745208890315],[127.07220330165785,37.62578272545435],[127.0722227932843,37.625790795562345],[127.07227188025104,37.625710488882],[127.07225182204998,37.62570221189637],[127.07216444983104,37.62566604486391],[127.0721126316754,37.625745208890315]]]}},{"type":"Feature","properties":{"F_DISA_NM":"2020년 7.28~8.11 호우","F_AVR_HGT":29.02,"F_AREA":68,"ADM_CD":"1135010300","F_SAT_YMD":"20200806","F_END_YMD":"20200811","F_SAT_TM":"12","F_END_TM":"24","F_RSN_DTL":"침수","F_ZONE_NM":"노원구 공릉동503-19","INV_YR":"2020","F_YR":"2020","GU_NAM":"노원구","F_SHIM":0.5},"geometry":{"type":"Polygon","coordinates":[[[127.07625417486283,37.62568677094509],[127.07641030570257,37.6257192874148],[127.0764396312582,37.62570566401231],[127.07646199216758,37.62563762587354],[127.07628274767343,37.62560016873118],[127.07625417486283,37.62568677094509]]]}},{"type":"Feature","properties":{"F_DISA_NM":"2020년 7.28~8.11 호우","F_AVR_HGT":64.32,"F_AREA":116.43,"ADM_CD":"1135010500","F_SAT_YMD":"20200728","F_END_YMD":"20200811","F_SAT_TM":"16","F_END_TM":"22","F_RSN_DTL":"기타","F_ZONE_NM":"노원구 상계동49-13","INV_YR":"2020","F_YR":"2020","GU_NAM":"노원구","F_SHIM":0.5},"geometry":{"type":"Polygon","coordinates":[[[127.0835907892836,37.67155452833099],[127.0837698211937,37.67155267376586],[127.08376787821238,37.67146622683347],[127.08359043376285,37.671468422660595],[127.0835907892836,37.67155452833099]]]}},{"type":"Feature","properties":{"F_DISA_NM":"2020년 7.28~8.11 호우","F_AVR_HGT":28.09,"F_AREA":71,"ADM_CD":"1135010300","F_SAT_YMD":"20200806","F_END_YMD":"20200811","F_SAT_TM":"13","F_END_TM":"24","F_RSN_DTL":"침수","F_ZONE_NM":"노원구 공릉동509-25","INV_YR":"2020","F_YR":"2020","GU_NAM":"노원구","F_SHIM":0.5},"geometry":{"type":"Polygon","coordinates":[[[127.07647980143304,37.62475952002682],[127.07662074826882,37.624789072635856],[127.07665035957051,37.62469959553452],[127.07650934493476,37.624670052013194],[127.07650363037466,37.62468724633315],[127.07647980143304,37.62475952002682]]]}},{"type":"Feature","properties":{"F_DISA_NM":"2020년 7.28~8.11 호우","F_AVR_HGT":20.28,"F_AREA":113,"ADM_CD":"1135010200","F_SAT_YMD":"20200811","F_END_YMD":"20200811","F_SAT_TM":"04","F_END_TM":"24","F_RSN_DTL":"침수","F_ZONE_NM":"노원구 월계동379-12","INV_YR":"2020","F_YR":"2020","GU_NAM":"노원구","F_SHIM":0.5},"geometry":{"type":"Polygon","coordinates":[[[127.06071340734232,37.62364412230786],[127.06083573432306,37.62364477265884],[127.06083575252146,37.6236249060468],[127.06083728652122,37.62357389180352],[127.06071784946678,37.62356057222935],[127.06071340734232,37.62364412230786]]]}},{"type":"Feature","properties":{"F_DISA_NM":"2020년 7.28~8.11 호우","F_AVR_HGT":28.79,"F_AREA":170,"ADM_CD":"1135010500","F_SAT_YMD":"20200728","F_END_YMD":"20200811","F_SAT_TM":"7","F_END_TM":"13","F_RSN_DTL":"기타","F_ZONE_NM":"노원구 상계동1118-21","INV_YR":"2020","F_YR":"2020","GU_NAM":"노원구","F_SHIM":0.5},"geometry":{"type":"Polygon","coordinates":[[[127.05435757747145,37.676036056979655],[127.05453907129902,37.676036903542354],[127.05453926269416,37.67593947237786],[127.05435518563499,37.6759400775369],[127.05435757747145,37.676036056979655]]]}},{"type":"Feature","properties":{"F_DISA_NM":"2020년 7.28~8.11 호우","F_AVR_HGT":92.96,"F_AREA":22,"ADM_CD":"1135010600","F_SAT_YMD":"20200728","F_END_YMD":"20200811","F_SAT_TM":"16","F_END_TM":"22","F_RSN_DTL":"기타","F_ZONE_NM":"노원구 중계동22-27","INV_YR":"2020","F_YR":"2020","GU_NAM":"노원구","F_SHIM":0.5},"geometry":{"type":"Polygon","coordinates":[[[127.0874739360353,37.641133456006784],[127.08739607486712,37.6411335847799],[127.0873824371647,37.64121572775876],[127.08749582885963,37.64123423234116],[127.08752469579228,37.64114358203758],[127.0874739360353,37.641133456006784]]]}},{"type":"Feature","properties":{"F_DISA_NM":"2020년 7.28~8.11 호우","F_AVR_HGT":35.37,"F_AREA":46.25,"ADM_CD":"1135010600","F_SAT_YMD":"20200803","F_END_YMD":"20200811","F_SAT_TM":"16","F_END_TM":"24","F_RSN_DTL":"침수","F_ZONE_NM":"노원구 중계동158-14","INV_YR":"2020","F_YR":"2020","GU_NAM":"노원구","F_SHIM":0.5},"geometry":{"type":"Polygon","coordinates":[[[127.07549492476997,37.65882681554691],[127.07564359746785,37.65878877319238],[127.07564547268207,37.658748489455384],[127.07550433708676,37.65874148738309],[127.07549946395064,37.65874149944884],[127.07549492476997,37.65882681554691]]]}},{"type":"Feature","properties":{"F_DISA_NM":"2020년 7.28~8.11 호우","F_AVR_HGT":73.84,"F_AREA":140.66,"ADM_CD":"1135010500","F_SAT_YMD":"20200804","F_END_YMD":"20200811","F_SAT_TM":"18","F_END_TM":"24","F_RSN_DTL":"침수","F_ZONE_NM":"노원구 상계동산152-24","INV_YR":"2020","F_YR":"2020","GU_NAM":"노원구","F_SHIM":0.5},"geometry":{"type":"Polygon","coordinates":[[[127.0782495336107,37.67282950346276],[127.078236615084,37.67274473940229],[127.07823960433228,37.67262051142551],[127.07824419834472,37.672458594738124],[127.07823204776024,37.672437078416415],[127.07797205972217,37.672317976515714],[127.07768570265385,37.67217202407827],[127.0773150269272,37.67198218473652],[127.07728389125847,37.67197235711252],[127.07724780134723,37.67196164970815],[127.07723326820496,37.67195989313177],[127.07718001279787,37.67195596302457],[127.07714318120676,37.67196273492482],[127.07692329180355,37.672015357321584],[127.07690963441786,37.67201653731491],[127.07680712060483,37.67201575587487],[127.07670609086762,37.67201418054425],[127.07666652186535,37.67189171858576],[127.07667024891975,37.67188960793633],[127.07678533469816,37.671869659113156],[127.07682113585064,37.67184148989186],[127.07688676724494,37.6717877770606],[127.07694512799517,37.67174042970563],[127.07695270381099,37.67173329817078],[127.07696056762873,37.671719544305205],[127.07697071110792,37.6716959323445],[127.07700471359205,37.67162667988205],[127.0770809773946,37.67152887556302],[127.07656311564011,37.67117333109907],[127.07626841039769,37.670969267782404],[127.07663423688889,37.67075266688156],[127.07574416015377,37.67079233250505],[127.07586488152313,37.67117377323174],[127.07624358577982,37.6722452764808],[127.07680486271673,37.672675566254476],[127.0782495336107,37.67282950346276]]]}},{"type":"Feature","properties":{"F_DISA_NM":"2020년 7.28~8.11 호우","F_AVR_HGT":83.73,"F_AREA":65.48,"ADM_CD":"1135010500","F_SAT_YMD":"20200804","F_END_YMD":"20200811","F_SAT_TM":"22","F_END_TM":"24","F_RSN_DTL":"침수","F_ZONE_NM":"노원구 상계동71-254","INV_YR":"2020","F_YR":"2020","GU_NAM":"노원구","F_SHIM":0.5},"geometry":{"type":"Polygon","coordinates":[[[127.08469042406931,37.670606007336936],[127.08468300866902,37.6705936061754],[127.08463457193939,37.670600595820616],[127.08460962466121,37.67063146269013],[127.0846106487473,37.67064518377805],[127.08469042406931,37.670606007336936]]]}},{"type":"Feature","properties":{"F_DISA_NM":"2020년 7.28~8.11 호우","F_AVR_HGT":156.19,"F_AREA":131,"ADM_CD":"1135010500","F_SAT_YMD":"20200804","F_END_YMD":"20200811","F_SAT_TM":"22","F_END_TM":"24","F_RSN_DTL":"침수","F_ZONE_NM":"노원구 상계동9-1","INV_YR":"2020","F_YR":"2020","GU_NAM":"노원구","F_SHIM":0.5},"geometry":{"type":"Polygon","coordinates":[[[127.08946928392541,37.68431129692052],[127.08970672305317,37.68440823521075],[127.08974798843714,37.68439816754153],[127.09000479539411,37.68405935450022],[127.09003040821402,37.68394746180163],[127.09004227681929,37.68382263246821],[127.08992573233596,37.683762751296214],[127.0898341951189,37.68389271276216],[127.08974199722972,37.683934136297744],[127.08966641002219,37.683948896646896],[127.08961391476005,37.68398201949655],[127.08957527360214,37.68401569058196],[127.08957489834891,37.68411063511043],[127.08953266028813,37.68420888140531],[127.08946928392541,37.68431129692052]]]}},{"type":"Feature","properties":{"F_DISA_NM":"2020년 7.28~8.11 호우","F_AVR_HGT":118.87,"F_AREA":92.67,"ADM_CD":"1135010500","F_SAT_YMD":"20200804","F_END_YMD":"20200811","F_SAT_TM":"22","F_END_TM":"24","F_RSN_DTL":"침수","F_ZONE_NM":"노원구 상계동58-50","INV_YR":"2020","F_YR":"2020","GU_NAM":"노원구","F_SHIM":0.5},"geometry":{"type":"Polygon","coordinates":[[[127.0753401508469,37.67275521893031],[127.07537937424023,37.67287380735286],[127.07544811079076,37.67295459950805],[127.0755010780131,37.67296447699264],[127.07559967408166,37.67293396225789],[127.07560787617751,37.67291804593979],[127.07553715578435,37.67283718304432],[127.07546948452584,37.67267621276395],[127.0754249700458,37.672662915284675],[127.07534322719373,37.67269115788841],[127.0753401508469,37.67275521893031]]]}},{"type":"Feature","properties":{"F_DISA_NM":"2020년 8.14 호우","F_AVR_HGT":35.19,"F_AREA":70,"ADM_CD":"1135010600","F_SAT_YMD":"20200814","F_END_YMD":"20200814","F_SAT_TM":"16","F_END_TM":"22","F_RSN_DTL":"침수","F_ZONE_NM":"노원구 중계동141-85","INV_YR":"2020","F_YR":"2020","GU_NAM":"노원구","F_SHIM":0.5},"geometry":{"type":"Polygon","coordinates":[[[127.07358190094966,37.66061569442089],[127.07361575081254,37.66064840612347],[127.07378210218323,37.66055772041964],[127.07374656176157,37.66052306369555],[127.07358190094966,37.66061569442089]]]}},{"type":"Feature","properties":{"F_DISA_NM":"2020년 7.28~8.11 호우","F_AVR_HGT":18.85,"F_AREA":59,"ADM_CD":"1135010200","F_SAT_YMD":"20200811","F_END_YMD":"20200811","F_SAT_TM":"04","F_END_TM":"24","F_RSN_DTL":"침수","F_ZONE_NM":"노원구 월계동51-13","INV_YR":"2020","F_YR":"2020","GU_NAM":"노원구","F_SHIM":0.5},"geometry":{"type":"Polygon","coordinates":[[[127.06332695881855,37.61493059233477],[127.06340080392198,37.614928111979665],[127.06340584769276,37.61493244305381],[127.06341554810675,37.61495231360871],[127.06343779257729,37.614951959567506],[127.06342471108164,37.614870373585546],[127.06341392420265,37.61486518959225],[127.0634156238383,37.6148523677403],[127.06332111678334,37.614837578109494],[127.06332695881855,37.61493059233477]]]}},{"type":"Feature","properties":{"F_DISA_NM":"2020년 7.28~8.11 호우","F_AVR_HGT":37.64,"F_AREA":122.47,"ADM_CD":"1132010600","F_SAT_YMD":"20200728","F_END_YMD":"20200811","F_SAT_TM":"9","F_END_TM":"15","F_RSN_DTL":"기타","F_ZONE_NM":"도봉구 방학동608-50","INV_YR":"2020","F_YR":"2020","GU_NAM":"도봉구","F_SHIM":0.3},"geometry":{"type":"Polygon","coordinates":[[[127.03014303937913,37.66859460237083],[127.03015131470332,37.66859775376779],[127.03020353294298,37.66851106749],[127.03015025353028,37.66849080854223],[127.03012860167262,37.66848252484428],[127.03007850686986,37.66849082593292],[127.03007306670989,37.668491728222676],[127.03001448849749,37.66854553046872],[127.03014303937913,37.66859460237083]]]}},{"type":"Feature","properties":{"F_DISA_NM":"2020년 7.28~8.11 호우","F_AVR_HGT":34.13,"F_AREA":188.11,"ADM_CD":"1132010600","F_SAT_YMD":"20200728","F_END_YMD":"20200811","F_SAT_TM":"9","F_END_TM":"15","F_RSN_DTL":"침수","F_ZONE_NM":"도봉구 방학동619-4","INV_YR":"2020","F_YR":"2020","GU_NAM":"도봉구","F_SHIM":0.3},"geometry":{"type":"Polygon","coordinates":[[[127.03257449720157,37.66669455601067],[127.03268394276506,37.66659415873624],[127.03257567087331,37.6665191362211],[127.03246475161653,37.66661899319904],[127.03252234533491,37.66665862089776],[127.03257449720157,37.66669455601067]]]}},{"type":"Feature","properties":{"F_DISA_NM":"2020년 7.28~8.11 호우","F_AVR_HGT":33.72,"F_AREA":224.53,"ADM_CD":"1132010600","F_SAT_YMD":"20200728","F_END_YMD":"20200811","F_SAT_TM":"9","F_END_TM":"15","F_RSN_DTL":"침수","F_ZONE_NM":"도봉구 방학동630-2","INV_YR":"2020","F_YR":"2020","GU_NAM":"도봉구","F_SHIM":0.3},"geometry":{"type":"Polygon","coordinates":[[[127.0329713852409,37.66607998712542],[127.03305749203155,37.666004913063354],[127.03301180269898,37.665973481301144],[127.03289842990783,37.66589566741855],[127.03280801952779,37.66597876116965],[127.0329644742638,37.66608656607262],[127.0329713852409,37.66607998712542]]]}},{"type":"Feature","properties":{"F_DISA_NM":"2020년 7.28~8.11 호우","F_AVR_HGT":25.85,"F_AREA":2662.64,"ADM_CD":"1132010800","F_SAT_YMD":"20200728","F_END_YMD":"20200811","F_SAT_TM":"9","F_END_TM":"15","F_RSN_DTL":"침수","F_ZONE_NM":"도봉구 도봉동611","INV_YR":"2020","F_YR":"2020","GU_NAM":"도봉구","F_SHIM":0.3},"geometry":{"type":"Polygon","coordinates":[[[127.04146086683294,37.67056502212515],[127.04145872713373,37.67037942249837],[127.0414573011243,37.67025653031821],[127.04145397372359,37.66996966175797],[127.04103629457052,37.66997205484433],[127.04099652707886,37.670004142785544],[127.04100009539806,37.67053517484834],[127.04104035033413,37.67056678550617],[127.04146086683294,37.67056502212515]]]}},{"type":"Feature","properties":{"F_DISA_NM":"2020년 7.28~8.11 호우","F_AVR_HGT":34.17,"F_AREA":291.96,"ADM_CD":"1132010500","F_SAT_YMD":"20200728","F_END_YMD":"20200811","F_SAT_TM":"9","F_END_TM":"15","F_RSN_DTL":"침수","F_ZONE_NM":"도봉구 쌍문동217","INV_YR":"2020","F_YR":"2020","GU_NAM":"도봉구","F_SHIM":0.3},"geometry":{"type":"Polygon","coordinates":[[[127.03273617515978,37.65912123611935],[127.03260391883133,37.65911964928564],[127.03254479327887,37.65919777932413],[127.03251749302551,37.65922715826341],[127.03249415551403,37.659247436315184],[127.03246197934729,37.65927032950626],[127.03267867118655,37.659282705921086],[127.03273214748995,37.65924593203309],[127.03273617515978,37.65912123611935]]]}},{"type":"Feature","properties":{"F_DISA_NM":"2020년 7.28~8.11 호우","F_AVR_HGT":23.25,"F_AREA":335,"ADM_CD":"1123010400","F_SAT_YMD":"20200728","F_END_YMD":"20200811","F_SAT_TM":"17","F_END_TM":"23","F_RSN_DTL":"기타","F_ZONE_NM":"동대문구 전농동126-28","INV_YR":"2020","F_YR":"2020","GU_NAM":"동대문","F_SHIM":0.3},"geometry":{"type":"Polygon","coordinates":[[[127.05056555609585,37.58340816283013],[127.05063676982871,37.58335898443805],[127.05065300991875,37.58334952633725],[127.05063824041923,37.58332269211175],[127.05066913020049,37.583312822468606],[127.05067107667006,37.583294351445886],[127.05069111371861,37.58329141489719],[127.05069018017454,37.58328353165882],[127.05066293662044,37.5831739020197],[127.05052603033634,37.58319709625305],[127.05043927964695,37.5832228463739],[127.05049878654486,37.58331135258104],[127.05056555609585,37.58340816283013]]]}},{"type":"Feature","properties":{"F_DISA_NM":"2020년 7.28~8.11 호우","F_AVR_HGT":43.83,"F_AREA":109,"ADM_CD":"1123010900","F_SAT_YMD":"20200728","F_END_YMD":"20200811","F_SAT_TM":"8","F_END_TM":"14","F_RSN_DTL":"침수","F_ZONE_NM":"동대문구 휘경동286-359","INV_YR":"2020","F_YR":"2020","GU_NAM":"동대문","F_SHIM":0.5},"geometry":{"type":"Polygon","coordinates":[[[127.06253083626974,37.58575845384072],[127.06265332480241,37.585769427543525],[127.06265499702877,37.585765264124326],[127.06266816581402,37.58568404246632],[127.06254646915167,37.58567209530495],[127.06253083626974,37.58575845384072]]]}},{"type":"Feature","properties":{"F_DISA_NM":"2020년 7.28~8.11 호우","F_AVR_HGT":50.09,"F_AREA":116,"ADM_CD":"1123010900","F_SAT_YMD":"20200728","F_END_YMD":"20200811","F_SAT_TM":"12","F_END_TM":"18","F_RSN_DTL":"기타","F_ZONE_NM":"동대문구 휘경동294-187","INV_YR":"2020","F_YR":"2020","GU_NAM":"동대문","F_SHIM":0.3},"geometry":{"type":"Polygon","coordinates":[[[127.06077177512019,37.5853445631488],[127.06085876078167,37.58537374742901],[127.06087294478175,37.58537100130203],[127.06088739873594,37.5853660296031],[127.06089695393989,37.58528003473004],[127.06088471098923,37.58527483319062],[127.06079100317855,37.58523498463452],[127.06077177512019,37.5853445631488]]]}},{"type":"Feature","properties":{"F_DISA_NM":"2020년 7.28~8.11 호우","F_AVR_HGT":12.98,"F_AREA":256.2,"ADM_CD":"1123010600","F_SAT_YMD":"20200728","F_END_YMD":"20200811","F_SAT_TM":"23","F_END_TM":"5","F_RSN_DTL":"침수","F_ZONE_NM":"동대문구 장안동437-5","INV_YR":"2020","F_YR":"2020","GU_NAM":"동대문","F_SHIM":0.3},"geometry":{"type":"Polygon","coordinates":[[[127.06843099258563,37.56532445571608],[127.0683629324627,37.56520981642944],[127.06817469742022,37.565280722536826],[127.06824825494924,37.56539168279015],[127.06825003140496,37.565391024064404],[127.06843099258563,37.56532445571608]]]}},{"type":"Feature","properties":{"F_DISA_NM":"2020년 7.28~8.11 호우","F_AVR_HGT":13.18,"F_AREA":734.6,"ADM_CD":"1123010600","F_SAT_YMD":"20200728","F_END_YMD":"20200811","F_SAT_TM":"13","F_END_TM":"19","F_RSN_DTL":"침수(개인하수도역류)","F_ZONE_NM":"동대문구 장안동447-2","INV_YR":"2020","F_YR":"2020","GU_NAM":"동대문","F_SHIM":0.5},"geometry":{"type":"Polygon","coordinates":[[[127.06842705472589,37.56497127038212],[127.06844614532834,37.56492882299365],[127.06831168095682,37.564702309479294],[127.06806998731336,37.56479660829327],[127.06810538845048,37.56485612566968],[127.06816104653932,37.56494979709534],[127.06822010535463,37.56504905270206],[127.06842705472589,37.56497127038212]]]}},{"type":"Feature","properties":{"F_DISA_NM":"2020년 7.28~8.11 호우","F_AVR_HGT":14.99,"F_AREA":158.3,"ADM_CD":"1123010500","F_SAT_YMD":"20200728","F_END_YMD":"20200811","F_SAT_TM":"23","F_END_TM":"5","F_RSN_DTL":"침수","F_ZONE_NM":"동대문구 답십리동485-40","INV_YR":"2020","F_YR":"2020","GU_NAM":"동대문","F_SHIM":0.5},"geometry":{"type":"Polygon","coordinates":[[[127.0544635148285,37.56838251740383],[127.05450083665463,37.56835397537376],[127.05457322889241,37.56829856812769],[127.05455394059435,37.56828203464901],[127.05450304128068,37.56823841363024],[127.0543583478873,37.5683501109203],[127.05442869333197,37.568409382463344],[127.0544635148285,37.56838251740383]]]}},{"type":"Feature","properties":{"F_DISA_NM":"2020년 7.28~8.11 호우","F_AVR_HGT":14.01,"F_AREA":345,"ADM_CD":"1123010500","F_SAT_YMD":"20200728","F_END_YMD":"20200811","F_SAT_TM":"3","F_END_TM":"9","F_RSN_DTL":"침수","F_ZONE_NM":"동대문구 답십리동496-3","INV_YR":"2020","F_YR":"2020","GU_NAM":"동대문","F_SHIM":0.5},"geometry":{"type":"Polygon","coordinates":[[[127.05170271987343,37.56810054253394],[127.05172403471856,37.5681187064062],[127.05181273722265,37.56819432464095],[127.05191238619734,37.56811967131036],[127.05201260068104,37.5680446482477],[127.05190274190316,37.567951064474315],[127.05180240296018,37.56802614155721],[127.05170271987343,37.56810054253394]]]}},{"type":"Feature","properties":{"F_DISA_NM":"2020년 8.14 호우","F_AVR_HGT":25.6,"F_AREA":175.03,"ADM_CD":"1144010300","F_SAT_YMD":"20200814","F_END_YMD":"20200814","F_SAT_TM":"6","F_END_TM":"14","F_RSN_DTL":"침수(도로범람유입)","F_ZONE_NM":"마포구 신공덕동12-1","INV_YR":"2020","F_YR":"2020","GU_NAM":"마포구","F_SHIM":0.2},"geometry":{"type":"Polygon","coordinates":[[[126.95552675600635,37.545343188871726],[126.9555254432286,37.54534344063815],[126.95551457805666,37.545346833145025],[126.95549833737118,37.545351115538054],[126.95547787222645,37.54536140589714],[126.95540190273182,37.54539126215172],[126.95546470657958,37.54548066504506],[126.95548081865796,37.54550155631659],[126.9555046891461,37.54549245659328],[126.955576979737,37.545446362970225],[126.95558535826294,37.54543840146217],[126.95560743150129,37.54542606645846],[126.95561202734332,37.5454233652698],[126.95552675600635,37.545343188871726]]]}},{"type":"Feature","properties":{"F_DISA_NM":"2020년 8.14 호우","F_AVR_HGT":16.1,"F_AREA":50.05,"ADM_CD":"1144011300","F_SAT_YMD":"20200814","F_END_YMD":"20200814","F_SAT_TM":"8","F_END_TM":"9","F_RSN_DTL":"침수","F_ZONE_NM":"마포구 구수동77","INV_YR":"2020","F_YR":"2020","GU_NAM":"마포구","F_SHIM":0.25},"geometry":{"type":"Polygon","coordinates":[[[126.9327341828339,37.545035729760556],[126.93271057475225,37.545039644331325],[126.93264879310095,37.545049879623065],[126.93259265164608,37.5450669657117],[126.9325894482672,37.545068099091544],[126.93260428299422,37.545080523415535],[126.9326352670295,37.545115554031106],[126.9327579258768,37.54511895918387],[126.93274304679123,37.545056241495054],[126.93273588788992,37.54503965907766],[126.9327341828339,37.545035729760556]]]}},{"type":"Feature","properties":{"F_DISA_NM":"2020년 7.28~8.11 호우","F_AVR_HGT":20.55,"F_AREA":30.75,"ADM_CD":"1144012600","F_SAT_YMD":"20200728","F_END_YMD":"20200811","F_SAT_TM":"5","F_END_TM":"6","F_RSN_DTL":"침수","F_ZONE_NM":"마포구 중동109","INV_YR":"2020","F_YR":"2020","GU_NAM":"마포구","F_SHIM":0.2},"geometry":{"type":"Polygon","coordinates":[[[126.91005587930356,37.57027630848793],[126.91008287381085,37.57032462233885],[126.91023190500573,37.570269975630204],[126.91028828643792,37.5702521616341],[126.91029701753972,37.57024905997281],[126.91032851150415,37.570237173244585],[126.91049604490928,37.57017714357422],[126.91064897883696,37.570124049045106],[126.91063260821953,37.57008898802055],[126.91023196557019,37.570220349273015],[126.91023015373011,37.570220942523996],[126.91016652502383,37.57023179525982],[126.91011623050187,37.570252028557455],[126.91005587930356,37.57027630848793]]]}},{"type":"Feature","properties":{"F_DISA_NM":"2020년 8.14 호우","F_AVR_HGT":18.05,"F_AREA":62.94,"ADM_CD":"1144010800","F_SAT_YMD":"20200814","F_END_YMD":"20200814","F_SAT_TM":"6","F_END_TM":"14","F_RSN_DTL":"침수(저지대침수)","F_ZONE_NM":"마포구 대흥동36-31","INV_YR":"2020","F_YR":"2020","GU_NAM":"마포구","F_SHIM":0.2},"geometry":{"type":"Polygon","coordinates":[[[126.94360241358665,37.549518099939924],[126.94367882542025,37.549483809630566],[126.94363768898992,37.549412611176834],[126.94357180697808,37.54943969869872],[126.94360241358665,37.549518099939924]]]}},{"type":"Feature","properties":{"F_DISA_NM":"2020년 7.28~8.11 호우","F_AVR_HGT":54.43,"F_AREA":69.12,"ADM_CD":"1141010200","F_SAT_YMD":"20200728","F_END_YMD":"20200811","F_SAT_TM":"21","F_END_TM":"9","F_RSN_DTL":"침수","F_ZONE_NM":"서대문구 충정로3가31-67","INV_YR":"2020","F_YR":"2020","GU_NAM":"서대문","F_SHIM":0.1},"geometry":{"type":"Polygon","coordinates":[[[126.96149181058716,37.56157876057719],[126.96153121789197,37.561371780641366],[126.9615081164696,37.561373836081025],[126.96129729278746,37.56152249977138],[126.96133629546036,37.561564120737884],[126.96149181058716,37.56157876057719]]]}},{"type":"Feature","properties":{"F_DISA_NM":"2020년 7.28~8.11 호우","F_AVR_HGT":65.35,"F_AREA":46.28,"ADM_CD":"1141011000","F_SAT_YMD":"20200728","F_END_YMD":"20200811","F_SAT_TM":"21","F_END_TM":"9","F_RSN_DTL":"침수","F_ZONE_NM":"서대문구 북아현동1-276","INV_YR":"2020","F_YR":"2020","GU_NAM":"서대문","F_SHIM":0.1},"geometry":{"type":"Polygon","coordinates":[[[126.95385829217642,37.564813594114604],[126.95384792566605,37.564758134069265],[126.95384703334716,37.56475522351517],[126.95378437905806,37.56476392878268],[126.95371715100048,37.56477422691544],[126.95373016411202,37.564832616256844],[126.95385829217642,37.564813594114604]]]}},{"type":"Feature","properties":{"F_DISA_NM":"2020년 7.28~8.11 호우","F_AVR_HGT":65.35,"F_AREA":159.04,"ADM_CD":"1141011000","F_SAT_YMD":"20200728","F_END_YMD":"20200811","F_SAT_TM":"21","F_END_TM":"9","F_RSN_DTL":"침수","F_ZONE_NM":"서대문구 북아현동1-93","INV_YR":"2020","F_YR":"2020","GU_NAM":"서대문","F_SHIM":0.1},"geometry":{"type":"Polygon","coordinates":[[[126.95433936806936,37.56474357327126],[126.95438956152586,37.56496673219992],[126.95439836239174,37.56497478154229],[126.95465372261721,37.56493962748772],[126.95459717434305,37.56470525784404],[126.95448371709766,37.56472192604321],[126.95433936806936,37.56474357327126]]]}},{"type":"Feature","properties":{"F_DISA_NM":"2020년 7.28~8.11 호우","F_AVR_HGT":73.12,"F_AREA":51,"ADM_CD":"1141011000","F_SAT_YMD":"20200728","F_END_YMD":"20200811","F_SAT_TM":"21","F_END_TM":"9","F_RSN_DTL":"침수","F_ZONE_NM":"서대문구 북아현동3-372","INV_YR":"2020","F_YR":"2020","GU_NAM":"서대문","F_SHIM":0.1},"geometry":{"type":"Polygon","coordinates":[[[126.95868583356639,37.56414668515413],[126.9587320908346,37.56414963014005],[126.95877735144049,37.56411405747109],[126.95869442295196,37.56403048772912],[126.95860720656302,37.564062468199744],[126.95859980711845,37.564077169649416],[126.95861090442978,37.564107690177444],[126.95862384758331,37.56411688496734],[126.9586622438506,37.56413013443762],[126.95868583356639,37.56414668515413]]]}},{"type":"Feature","properties":{"F_DISA_NM":"2020년 7.28~8.11 호우","F_AVR_HGT":67.7,"F_AREA":41.94,"ADM_CD":"1141011000","F_SAT_YMD":"20200728","F_END_YMD":"20200811","F_SAT_TM":"21","F_END_TM":"9","F_RSN_DTL":"침수","F_ZONE_NM":"서대문구 북아현동3-442","INV_YR":"2020","F_YR":"2020","GU_NAM":"서대문","F_SHIM":0.1},"geometry":{"type":"Polygon","coordinates":[[[126.95846464848508,37.562903708395474],[126.95846887431291,37.56291629675403],[126.95850475578644,37.56291241755836],[126.95849981933779,37.56283652544768],[126.9584672876423,37.562841261803],[126.95846464848508,37.562903708395474]]]}},{"type":"Feature","properties":{"F_DISA_NM":"2020년 7.28~8.11 호우","F_AVR_HGT":36.08,"F_AREA":75.46,"ADM_CD":"1129010900","F_SAT_YMD":"20200803","F_END_YMD":"20200803","F_SAT_TM":"5","F_END_TM":"12","F_RSN_DTL":"침수","F_ZONE_NM":"성북구 동소문동6가87-1","INV_YR":"2020","F_YR":"2020","GU_NAM":"성북구","F_SHIM":0.1},"geometry":{"type":"Polygon","coordinates":[[[127.01488822775619,37.59352427733603],[127.01491494757718,37.59351045320524],[127.0148861409597,37.59344216184789],[127.01487848328775,37.59342354837548],[127.01485430992011,37.59336693324388],[127.01481744429009,37.59337820871863],[127.0147411431276,37.593403300697624],[127.01475512073853,37.59343177024072],[127.01477188499183,37.59346686170507],[127.01478521682976,37.59349315994423],[127.01479047270134,37.593504412649445],[127.01487140647106,37.5934872307587],[127.01488822775619,37.59352427733603]]]}},{"type":"Feature","properties":{"F_DISA_NM":"2020년 7.28~8.11 호우","F_AVR_HGT":57.35,"F_AREA":63.58,"ADM_CD":"1129013300","F_SAT_YMD":"20200805","F_END_YMD":"20200806","F_SAT_TM":"22","F_END_TM":"11","F_RSN_DTL":"침수","F_ZONE_NM":"성북구 정릉동685-4","INV_YR":"2020","F_YR":"2020","GU_NAM":"성북구","F_SHIM":0.1},"geometry":{"type":"Polygon","coordinates":[[[127.00625279237839,37.61015039478236],[127.00632244431888,37.61014951801644],[127.00633700781056,37.610131885207025],[127.0063332990916,37.61005006719045],[127.00621460768109,37.610049477322946],[127.00622036740104,37.61015054023516],[127.00625279237839,37.61015039478236]]]}},{"type":"Feature","properties":{"F_DISA_NM":"2020년 7.28~8.11 호우","F_AVR_HGT":24.39,"F_AREA":49.6,"ADM_CD":"1111016400","F_SAT_YMD":"20200728","F_END_YMD":"20200811","F_SAT_TM":"18","F_END_TM":"24","F_RSN_DTL":"침수","F_ZONE_NM":"종로구 종로6가170","INV_YR":"2020","F_YR":"2020","GU_NAM":"종로구","F_SHIM":0.3},"geometry":{"type":"Polygon","coordinates":[[[127.00699091138873,37.57248570394784],[127.00698247669442,37.572466170925],[127.00696374148853,37.57245373816009],[127.00696624227514,37.572441475602034],[127.0069499293135,37.57242622263156],[127.00691695409046,37.57241780891849],[127.00688955335879,37.57248094237674],[127.00698907926498,37.57250877832774],[127.00699091138873,37.57248570394784]]]}},{"type":"Feature","properties":{"F_DISA_NM":"2020년 8.14 호우","F_AVR_HGT":47.52,"F_AREA":193.7,"ADM_CD":"1111014800","F_SAT_YMD":"20200814","F_END_YMD":"20200814","F_SAT_TM":"17","F_END_TM":"23","F_RSN_DTL":"침수","F_ZONE_NM":"종로구 계동77-1","INV_YR":"2020","F_YR":"2020","GU_NAM":"종로구","F_SHIM":0.3},"geometry":{"type":"Polygon","coordinates":[[[126.98658796262333,37.580817358934006],[126.98662857270456,37.580810552606266],[126.98664148961807,37.58081277066145],[126.98667742418371,37.580805468185005],[126.98672121637794,37.58079409422428],[126.98674327004022,37.580793087881986],[126.98674031016637,37.580704196191256],[126.98665441416053,37.580719673363156],[126.98656021934187,37.58073731178855],[126.98653673856707,37.580741669585045],[126.98651417438595,37.58074807273257],[126.9865204781627,37.58081478256782],[126.98652292306839,37.5808170173247],[126.98653205921302,37.58081686531729],[126.98653991501573,37.580822001936895],[126.98658796262333,37.580817358934006]]]}},{"type":"Feature","properties":{"F_DISA_NM":"2020년 7.28~8.11 호우","F_AVR_HGT":43.5,"F_AREA":66.1,"ADM_CD":"1111011300","F_SAT_YMD":"20200728","F_END_YMD":"20200811","F_SAT_TM":"18","F_END_TM":"24","F_RSN_DTL":"침수","F_ZONE_NM":"종로구 필운동138","INV_YR":"2020","F_YR":"2020","GU_NAM":"종로구","F_SHIM":0.3},"geometry":{"type":"Polygon","coordinates":[[[126.96900076984373,37.57645176031221],[126.96899517273228,37.57646284992087],[126.96898516143023,37.576498174864305],[126.96898330749833,37.57651817626563],[126.96899663148841,37.57651854033171],[126.96899820145887,37.576526748756116],[126.96906813430003,37.57651171250643],[126.96906109541798,37.57648004087694],[126.9690515596304,37.57643707919245],[126.96903902332242,37.57639554925085],[126.9690315380681,37.576401214399816],[126.96902233119741,37.57640897837424],[126.96900076984373,37.57645176031221]]]}},{"type":"Feature","properties":{"F_DISA_NM":"2020년 8.22~8.31 호우","F_AVR_HGT":23.28,"F_AREA":180.4,"ADM_CD":"1174010500","F_SAT_YMD":"20200822","F_END_YMD":"20200831","F_SAT_TM":"13","F_END_TM":"19","F_RSN_DTL":"침수","F_ZONE_NM":"강동구 길동 340-3","INV_YR":"2020","F_YR":"2020","GU_NAM":"강동구","F_SHIM":0.3},"geometry":{"type":"Polygon","coordinates":[[[127.14496006061532,37.54253819549198],[127.14513173709842,37.54249741519013],[127.14509445714455,37.5423991262944],[127.14492299563142,37.542439789152645],[127.14496006061532,37.54253819549198]]]}},{"type":"Feature","properties":{"F_DISA_NM":"2020년 8.22~8.31 호우","F_AVR_HGT":17.72,"F_AREA":93,"ADM_CD":"1174010900","F_SAT_YMD":"20200822","F_END_YMD":"20200831","F_SAT_TM":"14","F_END_TM":"20","F_RSN_DTL":"침수","F_ZONE_NM":"강동구 천호동 459-44","INV_YR":"2020","F_YR":"2020","GU_NAM":"강동구","F_SHIM":0.5},"geometry":{"type":"Polygon","coordinates":[[[127.12193668302115,37.54011327207429],[127.12200724652207,37.54017180063453],[127.12209050178726,37.54010856512104],[127.1220253678728,37.540056094747165],[127.122018039467,37.54005133597615],[127.12193668302115,37.54011327207429]]]}},{"type":"Feature","properties":{"F_DISA_NM":"2020년 8.22~8.31 호우","F_AVR_HGT":25.87,"F_AREA":231,"ADM_CD":"1174010900","F_SAT_YMD":"20200822","F_END_YMD":"20200831","F_SAT_TM":"14","F_END_TM":"20","F_RSN_DTL":"침수","F_ZONE_NM":"강동구 천호동 397-63","INV_YR":"2020","F_YR":"2020","GU_NAM":"강동구","F_SHIM":0.3},"geometry":{"type":"Polygon","coordinates":[[[127.13121727430298,37.54237543972601],[127.13127161240003,37.54238324569397],[127.1312861183188,37.54236351605525],[127.13135276377716,37.54225828805329],[127.1313653331386,37.542237632511956],[127.13129733781047,37.54218422438178],[127.13114234452797,37.54227733191147],[127.13120332196127,37.54235548006106],[127.13121727430298,37.54237543972601]]]}},{"type":"Feature","properties":{"F_DISA_NM":"2020년 8.22~8.31 호우","F_AVR_HGT":18.85,"F_AREA":168,"ADM_CD":"1174010800","F_SAT_YMD":"20200822","F_END_YMD":"20200831","F_SAT_TM":"16","F_END_TM":"22","F_RSN_DTL":"침수","F_ZONE_NM":"강동구 성내동 379-63","INV_YR":"2020","F_YR":"2020","GU_NAM":"강동구","F_SHIM":0.5},"geometry":{"type":"Polygon","coordinates":[[[127.13725319643649,37.533423585886425],[127.13736143035403,37.5333889534101],[127.1373036361762,37.53326885442114],[127.13729545965359,37.53325201525033],[127.13718715800353,37.53328663873478],[127.13722766688286,37.533370663860495],[127.13725319643649,37.533423585886425]]]}},{"type":"Feature","properties":{"F_DISA_NM":"2020년 8.22~8.31 호우","F_AVR_HGT":26.99,"F_AREA":159.7,"ADM_CD":"1174010600","F_SAT_YMD":"20200822","F_END_YMD":"20200831","F_SAT_TM":"14","F_END_TM":"20","F_RSN_DTL":"침수","F_ZONE_NM":"강동구 둔촌동 430-1","INV_YR":"2020","F_YR":"2020","GU_NAM":"강동구","F_SHIM":0.5},"geometry":{"type":"Polygon","coordinates":[[[127.14052637195044,37.53240231420636],[127.14062555319279,37.532380573592526],[127.14056749461585,37.53230937339758],[127.14038900109853,37.532347794531944],[127.14041719333765,37.53242623788843],[127.14052637195044,37.53240231420636]]]}},{"type":"Feature","properties":{"F_DISA_NM":"2020년 8.22~8.31 호우","F_AVR_HGT":24.19,"F_AREA":137.6,"ADM_CD":"1174010600","F_SAT_YMD":"20200822","F_END_YMD":"20200831","F_SAT_TM":"12","F_END_TM":"18","F_RSN_DTL":"침수","F_ZONE_NM":"강동구 둔촌동 427-1","INV_YR":"2020","F_YR":"2020","GU_NAM":"강동구","F_SHIM":0.5},"geometry":{"type":"Polygon","coordinates":[[[127.13984891869165,37.532532582341396],[127.13994593420834,37.53250192500237],[127.13991579500328,37.532434935439255],[127.13975208337813,37.532477014340415],[127.13975822832117,37.53255755594013],[127.13984891869165,37.532532582341396]]]}},{"type":"Feature","properties":{"F_DISA_NM":"2020년 8.22~8.31 호우","F_AVR_HGT":16.65,"F_AREA":116,"ADM_CD":"1174010800","F_SAT_YMD":"20200822","F_END_YMD":"20200831","F_SAT_TM":"14","F_END_TM":"20","F_RSN_DTL":"침수","F_ZONE_NM":"강동구 성내동 87-7","INV_YR":"2020","F_YR":"2020","GU_NAM":"강동구","F_SHIM":0.5},"geometry":{"type":"Polygon","coordinates":[[[127.12276531301998,37.53551761457303],[127.12289665580506,37.53549416196317],[127.12287135242799,37.53540742234937],[127.12273690923102,37.53543058979588],[127.12275422119887,37.53548027079424],[127.12276531301998,37.53551761457303]]]}},{"type":"Feature","properties":{"F_DISA_NM":"2020년 8.22~8.31 호우","F_AVR_HGT":22.55,"F_AREA":1067.3,"ADM_CD":"1174010100","F_SAT_YMD":"20200822","F_END_YMD":"20200831","F_SAT_TM":"14","F_END_TM":"20","F_RSN_DTL":"침수","F_ZONE_NM":"강동구 명일동 344-15","INV_YR":"2020","F_YR":"2020","GU_NAM":"강동구","F_SHIM":0.3},"geometry":{"type":"Polygon","coordinates":[[[127.1440324800762,37.54683680370286],[127.14439395816851,37.54680221934968],[127.14439269742785,37.54679384165911],[127.14435349859735,37.54653263773339],[127.14398388406461,37.54651286598225],[127.14402331106902,37.54677572758065],[127.1440324800762,37.54683680370286]]]}},{"type":"Feature","properties":{"F_DISA_NM":"2020년 8.22~8.31 호우","F_AVR_HGT":21.34,"F_AREA":214.9,"ADM_CD":"1174010100","F_SAT_YMD":"20200822","F_END_YMD":"20200831","F_SAT_TM":"16","F_END_TM":"22","F_RSN_DTL":"침수","F_ZONE_NM":"강동구 명일동 352-2","INV_YR":"2020","F_YR":"2020","GU_NAM":"강동구","F_SHIM":0.5},"geometry":{"type":"Polygon","coordinates":[[[127.14365916027909,37.54543243738],[127.14382298330021,37.54539356052886],[127.14384731240456,37.54538777387515],[127.14380705145322,37.54528079364901],[127.14361911451881,37.545325429801636],[127.14365626004874,37.54542468333678],[127.14365916027909,37.54543243738]]]}},{"type":"Feature","properties":{"F_DISA_NM":"2020년 8.22~8.31 호우","F_AVR_HGT":21.34,"F_AREA":180.6,"ADM_CD":"1174010100","F_SAT_YMD":"20200822","F_END_YMD":"20200831","F_SAT_TM":"9","F_END_TM":"20","F_RSN_DTL":"침수","F_ZONE_NM":"강동구 명일동 352-12","INV_YR":"2020","F_YR":"2020","GU_NAM":"강동구","F_SHIM":0.5},"geometry":{"type":"Polygon","coordinates":[[[127.14372130194482,37.54553146258535],[127.14386224368828,37.545497983138596],[127.14382298330021,37.54539356052886],[127.14365916027909,37.54543243738],[127.14369142661505,37.545518605373346],[127.14372130194482,37.54553146258535]]]}},{"type":"Feature","properties":{"F_DISA_NM":"2020년 8.22~8.31 호우","F_AVR_HGT":21.52,"F_AREA":181,"ADM_CD":"1174010100","F_SAT_YMD":"20200822","F_END_YMD":"20200831","F_SAT_TM":"16","F_END_TM":"22","F_RSN_DTL":"침수","F_ZONE_NM":"강동구 명일동 352-10","INV_YR":"2020","F_YR":"2020","GU_NAM":"강동구","F_SHIM":0.5},"geometry":{"type":"Polygon","coordinates":[[[127.14375544782047,37.54568963550849],[127.14390368520175,37.54565441732231],[127.14386426459916,37.54555507651251],[127.14383402732106,37.54554231888198],[127.14373426740573,37.545565954933295],[127.14371806324988,37.545589778633015],[127.14375544782047,37.54568963550849]]]}},{"type":"Feature","properties":{"F_DISA_NM":"2020년 8.22~8.31 호우","F_AVR_HGT":21.52,"F_AREA":334.3,"ADM_CD":"1174010100","F_SAT_YMD":"20200822","F_END_YMD":"20200831","F_SAT_TM":"16","F_END_TM":"22","F_RSN_DTL":"침수","F_ZONE_NM":"강동구 명일동 352-15","INV_YR":"2020","F_YR":"2020","GU_NAM":"강동구","F_SHIM":0.5},"geometry":{"type":"Polygon","coordinates":[[[127.14416631330504,37.545809215004965],[127.14413075991484,37.54571458179927],[127.14411705496451,37.54567811721827],[127.1440755194194,37.54556762476302],[127.14393276798269,37.545601557141985],[127.14397457477683,37.545711977240465],[127.14400264315869,37.545786103957035],[127.14402756773478,37.54580179617628],[127.14416631330504,37.545809215004965]]]}},{"type":"Feature","properties":{"F_DISA_NM":"2020년 8.22~8.31 호우","F_AVR_HGT":20.74,"F_AREA":235.4,"ADM_CD":"1174010500","F_SAT_YMD":"20200822","F_END_YMD":"20200831","F_SAT_TM":"14","F_END_TM":"20","F_RSN_DTL":"침수","F_ZONE_NM":"강동구 길동 321-1","INV_YR":"2020","F_YR":"2020","GU_NAM":"강동구","F_SHIM":0.3},"geometry":{"type":"Polygon","coordinates":[[[127.14343129579488,37.54482363235077],[127.14348123844019,37.54484510601464],[127.14357490099853,37.544822865036316],[127.14351085792853,37.54465162757535],[127.14337862674255,37.54468305089277],[127.14343129579488,37.54482363235077]]]}},{"type":"Feature","properties":{"F_DISA_NM":"2020년 8.22~8.31 호우","F_AVR_HGT":20.94,"F_AREA":218.1,"ADM_CD":"1174010500","F_SAT_YMD":"20200822","F_END_YMD":"20200831","F_SAT_TM":"14","F_END_TM":"20","F_RSN_DTL":"침수","F_ZONE_NM":"강동구 길동 321-3","INV_YR":"2020","F_YR":"2020","GU_NAM":"강동구","F_SHIM":0.5},"geometry":{"type":"Polygon","coordinates":[[[127.14332156788088,37.54453075278196],[127.14346745058185,37.54449608757028],[127.14341502049855,37.544356127517275],[127.14326913806264,37.5443908016744],[127.14332156788088,37.54453075278196]]]}},{"type":"Feature","properties":{"F_DISA_NM":"2020년 8.22~8.31 호우","F_AVR_HGT":20.94,"F_AREA":188.4,"ADM_CD":"1174010500","F_SAT_YMD":"20200822","F_END_YMD":"20200831","F_SAT_TM":"14","F_END_TM":"20","F_RSN_DTL":"침수","F_ZONE_NM":"강동구 길동 321-19","INV_YR":"2020","F_YR":"2020","GU_NAM":"강동구","F_SHIM":0.5},"geometry":{"type":"Polygon","coordinates":[[[127.14351085792853,37.54465162757535],[127.1435181984407,37.54464987983577],[127.14347078417762,37.54452355478857],[127.14333128050168,37.54455668065881],[127.14336499039585,37.54464666722444],[127.14337862674255,37.54468305089277],[127.14351085792853,37.54465162757535]]]}},{"type":"Feature","properties":{"F_DISA_NM":"2020년 8.22~8.31 호우","F_AVR_HGT":20.94,"F_AREA":221.3,"ADM_CD":"1174010500","F_SAT_YMD":"20200822","F_END_YMD":"20200831","F_SAT_TM":"14","F_END_TM":"20","F_RSN_DTL":"침수","F_ZONE_NM":"강동구 길동 321-16","INV_YR":"2020","F_YR":"2020","GU_NAM":"강동구","F_SHIM":0.5},"geometry":{"type":"Polygon","coordinates":[[[127.1434062352703,37.54432994625461],[127.14335337334703,37.54418888747944],[127.14320655237839,37.54422375189541],[127.14325942550208,37.54436488280151],[127.1434062352703,37.54432994625461]]]}},{"type":"Feature","properties":{"F_DISA_NM":"2020년 8.22~8.31 호우","F_AVR_HGT":20.48,"F_AREA":146.4,"ADM_CD":"1174010900","F_SAT_YMD":"20200822","F_END_YMD":"20200831","F_SAT_TM":"15","F_END_TM":"21","F_RSN_DTL":"침수","F_ZONE_NM":"강동구 천호동 43-74","INV_YR":"2020","F_YR":"2020","GU_NAM":"강동구","F_SHIM":0.3},"geometry":{"type":"Polygon","coordinates":[[[127.14168366032365,37.544440545793925],[127.14165342657999,37.54436273602176],[127.14160359843972,37.54434153174401],[127.14151063710197,37.54436358112118],[127.14155179134002,37.54447223693473],[127.14168366032365,37.544440545793925]]]}},{"type":"Feature","properties":{"F_DISA_NM":"2020년 8.22~8.31 호우","F_AVR_HGT":20.68,"F_AREA":154.9,"ADM_CD":"1174010900","F_SAT_YMD":"20200822","F_END_YMD":"20200831","F_SAT_TM":"14","F_END_TM":"20","F_RSN_DTL":"침수","F_ZONE_NM":"강동구 천호동 43-73","INV_YR":"2020","F_YR":"2020","GU_NAM":"강동구","F_SHIM":0.5},"geometry":{"type":"Polygon","coordinates":[[[127.14172631061874,37.544550326008455],[127.14168366032365,37.544440545793925],[127.14155179134002,37.54447223693473],[127.1415929570979,37.54458093776766],[127.14172631061874,37.544550326008455]]]}},{"type":"Feature","properties":{"F_DISA_NM":"2020년 8.22~8.31 호우","F_AVR_HGT":20.68,"F_AREA":154.1,"ADM_CD":"1174010900","F_SAT_YMD":"20200822","F_END_YMD":"20200831","F_SAT_TM":"14","F_END_TM":"20","F_RSN_DTL":"침수","F_ZONE_NM":"강동구 천호동 43-70","INV_YR":"2020","F_YR":"2020","GU_NAM":"강동구","F_SHIM":0.5},"geometry":{"type":"Polygon","coordinates":[[[127.1416338958209,37.54468918835789],[127.14176809681898,37.544657845743394],[127.14172631061874,37.544550326008455],[127.1415929570979,37.54458093776766],[127.1416338958209,37.54468918835789]]]}},{"type":"Feature","properties":{"F_DISA_NM":"2020년 8.22~8.31 호우","F_AVR_HGT":20.46,"F_AREA":2688.6,"ADM_CD":"1174010900","F_SAT_YMD":"20200822","F_END_YMD":"20200831","F_SAT_TM":"15","F_END_TM":"21","F_RSN_DTL":"침수","F_ZONE_NM":"강동구 천호동 46-5","INV_YR":"2020","F_YR":"2020","GU_NAM":"강동구","F_SHIM":0.3},"geometry":{"type":"Polygon","coordinates":[[[127.1408475964541,37.54444582388947],[127.14110138293849,37.54438556321571],[127.14157699115658,37.54427263746363],[127.14160396091066,37.544232871754296],[127.14154522219302,37.54407570039948],[127.14154186730632,37.544066712483215],[127.1414879625493,37.543922707858215],[127.14143802108919,37.54390123334558],[127.14110062938018,37.54398136134681],[127.14089274233459,37.54403072893303],[127.14095813172389,37.54420534496534],[127.14085270623225,37.54423039983317],[127.14077479922969,37.544248917001966],[127.1408475964541,37.54444582388947]]]}},{"type":"Feature","properties":{"F_DISA_NM":"2020년 8.22~8.31 호우","F_AVR_HGT":25.15,"F_AREA":165,"ADM_CD":"1174010100","F_SAT_YMD":"20200822","F_END_YMD":"20200831","F_SAT_TM":"14","F_END_TM":"20","F_RSN_DTL":"기타","F_ZONE_NM":"강동구 명일동 335-10","INV_YR":"2020","F_YR":"2020","GU_NAM":"강동구","F_SHIM":0.1},"geometry":{"type":"Polygon","coordinates":[[[127.14407644792222,37.54843222520422],[127.1442018085311,37.54842036092063],[127.14418210624129,37.548289290574616],[127.14405439243674,37.54830133787592],[127.14407476540319,37.54842222623845],[127.14407644792222,37.54843222520422]]]}},{"type":"Feature","properties":{"F_DISA_NM":"2020년 8.22~8.31 호우","F_AVR_HGT":21.32,"F_AREA":605.8,"ADM_CD":"1174010100","F_SAT_YMD":"20200822","F_END_YMD":"20200831","F_SAT_TM":"14","F_END_TM":"20","F_RSN_DTL":"침수","F_ZONE_NM":"강동구 명일동 346-2","INV_YR":"2020","F_YR":"2020","GU_NAM":"강동구","F_SHIM":0.3},"geometry":{"type":"Polygon","coordinates":[[[127.14354723514671,37.5462906669722],[127.14379711462368,37.54630407024778],[127.14381780732027,37.546057876537],[127.14379494706046,37.5460566607138],[127.14356804202458,37.54604458128554],[127.14354723514671,37.5462906669722]]]}},{"type":"Feature","properties":{"F_DISA_NM":"2020년 8.22~8.31 호우","F_AVR_HGT":21.32,"F_AREA":134,"ADM_CD":"1174010100","F_SAT_YMD":"20200822","F_END_YMD":"20200831","F_SAT_TM":"9","F_END_TM":"21","F_RSN_DTL":"침수","F_ZONE_NM":"강동구 명일동 353-15","INV_YR":"2020","F_YR":"2020","GU_NAM":"강동구","F_SHIM":0.3},"geometry":{"type":"Polygon","coordinates":[[[127.14354914005867,37.54568429767508],[127.14367163454449,37.54565522846876],[127.14364093757436,37.545573185122834],[127.14348800627153,37.54560949882206],[127.14351870305502,37.545691524187795],[127.14354914005867,37.54568429767508]]]}},{"type":"Feature","properties":{"F_DISA_NM":"2020년 8.22~8.31 호우","F_AVR_HGT":20.87,"F_AREA":178.3,"ADM_CD":"1174010100","F_SAT_YMD":"20200822","F_END_YMD":"20200831","F_SAT_TM":"14","F_END_TM":"20","F_RSN_DTL":"기타","F_ZONE_NM":"강동구 명일동 353-11","INV_YR":"2020","F_YR":"2020","GU_NAM":"강동구","F_SHIM":0.3},"geometry":{"type":"Polygon","coordinates":[[[127.14333644966239,37.545111153490616],[127.14328912581675,37.54498476520242],[127.1431570296343,37.545016134048915],[127.14320422890725,37.54514257659846],[127.14333644966239,37.545111153490616]]]}},{"type":"Feature","properties":{"F_DISA_NM":"2020년 8.22~8.31 호우","F_AVR_HGT":20.94,"F_AREA":155.6,"ADM_CD":"1174010500","F_SAT_YMD":"20200822","F_END_YMD":"20200831","F_SAT_TM":"14","F_END_TM":"20","F_RSN_DTL":"침수","F_ZONE_NM":"강동구 길동 320-13","INV_YR":"2020","F_YR":"2020","GU_NAM":"강동구","F_SHIM":0.5},"geometry":{"type":"Polygon","coordinates":[[[127.14324512577979,37.54451598720085],[127.14321806930913,37.54444376016471],[127.143016403168,37.54449165540486],[127.14304347079428,37.54456389148333],[127.14324512577979,37.54451598720085]]]}},{"type":"Feature","properties":{"F_DISA_NM":"2020년 8.22~8.31 호우","F_AVR_HGT":20.79,"F_AREA":225,"ADM_CD":"1174010900","F_SAT_YMD":"20200822","F_END_YMD":"20200831","F_SAT_TM":"14","F_END_TM":"20","F_RSN_DTL":"침수","F_ZONE_NM":"강동구 천호동 45-4","INV_YR":"2020","F_YR":"2020","GU_NAM":"강동구","F_SHIM":0.5},"geometry":{"type":"Polygon","coordinates":[[[127.14156136784257,37.54392965757471],[127.14180247282053,37.54387232063115],[127.14176978848987,37.54378497229279],[127.14152867241862,37.543842291163564],[127.14156136784257,37.54392965757471]]]}},{"type":"Feature","properties":{"F_DISA_NM":"2020년 8.22~8.31 호우","F_AVR_HGT":20.48,"F_AREA":317.7,"ADM_CD":"1174010900","F_SAT_YMD":"20200822","F_END_YMD":"20200831","F_SAT_TM":"15","F_END_TM":"21","F_RSN_DTL":"침수","F_ZONE_NM":"강동구 천호동 45-1","INV_YR":"2020","F_YR":"2020","GU_NAM":"강동구","F_SHIM":0.3},"geometry":{"type":"Polygon","coordinates":[[[127.14171893819199,37.54423895214852],[127.14192162236203,37.54419077860418],[127.14187456281,37.54406495703726],[127.14163343460311,37.54412227613429],[127.14166899628601,37.54421738763636],[127.14171893819199,37.54423895214852]]]}},{"type":"Feature","properties":{"F_DISA_NM":"2020년 8.22~8.31 호우","F_AVR_HGT":20.87,"F_AREA":836.1,"ADM_CD":"1174010500","F_SAT_YMD":"20200822","F_END_YMD":"20200831","F_SAT_TM":"14","F_END_TM":"20","F_RSN_DTL":"기타","F_ZONE_NM":"강동구 길동 320-1","INV_YR":"2020","F_YR":"2020","GU_NAM":"강동구","F_SHIM":0.3},"geometry":{"type":"Polygon","coordinates":[[[127.14284072129949,37.544997240801706],[127.1433391780706,37.544878883680056],[127.14336535723149,37.544840289811305],[127.14336614710483,37.5448391175739],[127.14336533959991,37.54483695616479],[127.14332259933852,37.54472285189955],[127.14319941633016,37.5447521017716],[127.1430800901234,37.54478043689064],[127.14278572161496,37.544850345922875],[127.14284072129949,37.544997240801706]]]}},{"type":"Feature","properties":{"F_DISA_NM":"2020년 8.22~8.31 호우","F_AVR_HGT":21.58,"F_AREA":165.3,"ADM_CD":"1174010500","F_SAT_YMD":"20200822","F_END_YMD":"20200831","F_SAT_TM":"14","F_END_TM":"20","F_RSN_DTL":"침수","F_ZONE_NM":"강동구 길동 335-7","INV_YR":"2020","F_YR":"2020","GU_NAM":"강동구","F_SHIM":0.5},"geometry":{"type":"Polygon","coordinates":[[[127.14297328913909,37.543790032986855],[127.14293116396962,37.54367744148746],[127.14279370875313,37.54371005070824],[127.14283589041388,37.54382269624806],[127.14297328913909,37.543790032986855]]]}},{"type":"Feature","properties":{"F_DISA_NM":"2020년 8.22~8.31 호우","F_AVR_HGT":23.9,"F_AREA":172.8,"ADM_CD":"1174010100","F_SAT_YMD":"20200822","F_END_YMD":"20200831","F_SAT_TM":"14","F_END_TM":"20","F_RSN_DTL":"침수","F_ZONE_NM":"강동구 명일동 339-7","INV_YR":"2020","F_YR":"2020","GU_NAM":"강동구","F_SHIM":0.5},"geometry":{"type":"Polygon","coordinates":[[[127.1466630344398,37.548174326144085],[127.14664411566962,37.548046841187215],[127.14663303934844,37.54804795400779],[127.14650674165533,37.54806040766709],[127.1465215642279,37.54816476924384],[127.14654174896492,37.54818645833328],[127.1466630344398,37.548174326144085]]]}},{"type":"Feature","properties":{"F_DISA_NM":"2020년 8.22~8.31 호우","F_AVR_HGT":22.46,"F_AREA":482.6,"ADM_CD":"1174010100","F_SAT_YMD":"20200822","F_END_YMD":"20200831","F_SAT_TM":"14","F_END_TM":"20","F_RSN_DTL":"침수","F_ZONE_NM":"강동구 명일동 343-4","INV_YR":"2020","F_YR":"2020","GU_NAM":"강동구","F_SHIM":0.3},"geometry":{"type":"Polygon","coordinates":[[[127.14511601261482,37.54682119032973],[127.14525147823701,37.546828440680244],[127.14527482071303,37.5465502763548],[127.14509872739222,37.54654085899696],[127.14507538428194,37.546819032299254],[127.14511601261482,37.54682119032973]]]}},{"type":"Feature","properties":{"F_DISA_NM":"2020년 8.22~8.31 호우","F_AVR_HGT":35.95,"F_AREA":185.1,"ADM_CD":"1174010200","F_SAT_YMD":"20200822","F_END_YMD":"20200831","F_SAT_TM":"15","F_END_TM":"21","F_RSN_DTL":"기타","F_ZONE_NM":"강동구 고덕동 294-3","INV_YR":"2020","F_YR":"2020","GU_NAM":"강동구","F_SHIM":0.3},"geometry":{"type":"Polygon","coordinates":[[[127.1582224266487,37.56074917078614],[127.15836140858943,37.560747481601815],[127.15836367213362,37.56074745156539],[127.15835501722111,37.56061407168772],[127.15821365858152,37.56061568292945],[127.1582224266487,37.56074917078614]]]}},{"type":"Feature","properties":{"F_DISA_NM":"2020년 8.22~8.31 호우","F_AVR_HGT":28.65,"F_AREA":227,"ADM_CD":"1174010200","F_SAT_YMD":"20200822","F_END_YMD":"20200831","F_SAT_TM":"14","F_END_TM":"20","F_RSN_DTL":"침수","F_ZONE_NM":"강동구 고덕동 504","INV_YR":"2020","F_YR":"2020","GU_NAM":"강동구","F_SHIM":0.3},"geometry":{"type":"Polygon","coordinates":[[[127.15426000304448,37.56020494013067],[127.15435257637421,37.56025112215599],[127.1544620775595,37.56011818362993],[127.15445811223928,37.56011620659078],[127.1543334087028,37.56005403764378],[127.15425006468337,37.56015999364526],[127.15426000304448,37.56020494013067]]]}},{"type":"Feature","properties":{"F_DISA_NM":"2020년 8.22~8.31 호우","F_AVR_HGT":22.08,"F_AREA":178.5,"ADM_CD":"1174010100","F_SAT_YMD":"20200822","F_END_YMD":"20200831","F_SAT_TM":"16","F_END_TM":"22","F_RSN_DTL":"침수","F_ZONE_NM":"강동구 명일동 351-16","INV_YR":"2020","F_YR":"2020","GU_NAM":"강동구","F_SHIM":0.3},"geometry":{"type":"Polygon","coordinates":[[[127.1446528879909,37.544964035082906],[127.14461746671495,37.54487351037044],[127.14461438504752,37.54486559439152],[127.1445710657663,37.54487585510612],[127.14444516838576,37.54490570421928],[127.14448381819642,37.54500412676769],[127.1446528879909,37.544964035082906]]]}},{"type":"Feature","properties":{"F_DISA_NM":"2020년 8.22~8.31 호우","F_AVR_HGT":21.15,"F_AREA":109,"ADM_CD":"1174010600","F_SAT_YMD":"20200822","F_END_YMD":"20200831","F_SAT_TM":"14","F_END_TM":"20","F_RSN_DTL":"침수","F_ZONE_NM":"강동구 둔촌동 70-48","INV_YR":"2020","F_YR":"2020","GU_NAM":"강동구","F_SHIM":0.5},"geometry":{"type":"Polygon","coordinates":[[[127.14052213728506,37.52995300266721],[127.14061491139323,37.5299309812783],[127.14057661052861,37.52984292722571],[127.14044631449377,37.52987953476396],[127.14044702850465,37.52988021867921],[127.14052213728506,37.52995300266721]]]}},{"type":"Feature","properties":{"F_DISA_NM":"2020년 8.22~8.31 호우","F_AVR_HGT":22.46,"F_AREA":194.6,"ADM_CD":"1174010100","F_SAT_YMD":"20200822","F_END_YMD":"20200831","F_SAT_TM":"14","F_END_TM":"20","F_RSN_DTL":"기타","F_ZONE_NM":"강동구 명일동 343-1","INV_YR":"2020","F_YR":"2020","GU_NAM":"강동구","F_SHIM":0.3},"geometry":{"type":"Polygon","coordinates":[[[127.14509797440743,37.547033278498795],[127.14510727062388,37.54692421125402],[127.1449181281357,37.546914259889924],[127.14491480291187,37.54699192934605],[127.14495300216191,37.5470255800148],[127.14509797440743,37.547033278498795]]]}},{"type":"Feature","properties":{"F_DISA_NM":"2020년 8.22~8.31 호우","F_AVR_HGT":20.07,"F_AREA":251.6,"ADM_CD":"1174010600","F_SAT_YMD":"20200822","F_END_YMD":"20200831","F_SAT_TM":"14","F_END_TM":"20","F_RSN_DTL":"침수","F_ZONE_NM":"강동구 둔촌동 511-8","INV_YR":"2020","F_YR":"2020","GU_NAM":"강동구","F_SHIM":0.5},"geometry":{"type":"Polygon","coordinates":[[[127.13924775670577,37.52895846515864],[127.13924609576146,37.5289042272714],[127.13924595105796,37.528899362073844],[127.13922734440861,37.52887055196941],[127.13917245206362,37.528857911946496],[127.13912444257905,37.52883535294764],[127.13910336314265,37.5288152853439],[127.1389055141779,37.52886271871695],[127.13891521179356,37.52888858397703],[127.13905818251625,37.528854621294826],[127.13910934311131,37.52899134156855],[127.13924775670577,37.52895846515864]]]}},{"type":"Feature","properties":{"F_DISA_NM":"2020년 8.22~8.31 호우","F_AVR_HGT":27.51,"F_AREA":189.6,"ADM_CD":"1174010200","F_SAT_YMD":"20200822","F_END_YMD":"20200831","F_SAT_TM":"16","F_END_TM":"22","F_RSN_DTL":"침수","F_ZONE_NM":"강동구 고덕동 142-6","INV_YR":"2020","F_YR":"2020","GU_NAM":"강동구","F_SHIM":0.5},"geometry":{"type":"Polygon","coordinates":[[[127.16690154222418,37.56233356040177],[127.16703960080568,37.56232254607435],[127.16702117263692,37.56218347732635],[127.16688391798229,37.56219452654584],[127.16690154222418,37.56233356040177]]]}},{"type":"Feature","properties":{"F_DISA_NM":"2020년 8.22~8.31 호우","F_AVR_HGT":22.95,"F_AREA":251,"ADM_CD":"1174010100","F_SAT_YMD":"20200822","F_END_YMD":"20200831","F_SAT_TM":"14","F_END_TM":"20","F_RSN_DTL":"침수","F_ZONE_NM":"강동구 명일동 339-21","INV_YR":"2020","F_YR":"2020","GU_NAM":"강동구","F_SHIM":0.3},"geometry":{"type":"Polygon","coordinates":[[[127.14619974585207,37.5479136073565],[127.1464335449938,37.54788881372609],[127.14641900620299,37.54779650704176],[127.14622434950327,37.54778608701429],[127.1461854849703,37.547818570301004],[127.14619974585207,37.5479136073565]]]}},{"type":"Feature","properties":{"F_DISA_NM":"2020년 8.22~8.31 호우","F_AVR_HGT":21.13,"F_AREA":186.4,"ADM_CD":"1174010500","F_SAT_YMD":"20200822","F_END_YMD":"20200831","F_SAT_TM":"5","F_END_TM":"20","F_RSN_DTL":"침수","F_ZONE_NM":"강동구 길동 322-8","INV_YR":"2020","F_YR":"2020","GU_NAM":"강동구","F_SHIM":0.3},"geometry":{"type":"Polygon","coordinates":[[[127.14416970212521,37.54436023478999],[127.14432885131822,37.544322462086996],[127.14428736082806,37.544211627249354],[127.14414988266502,37.5442442741137],[127.14413469474883,37.54426674516118],[127.14416970212521,37.54436023478999]]]}},{"type":"Feature","properties":{"F_DISA_NM":"2020년 8.22~8.31 호우","F_AVR_HGT":30.38,"F_AREA":146.6,"ADM_CD":"1174010700","F_SAT_YMD":"20200822","F_END_YMD":"20200831","F_SAT_TM":"14","F_END_TM":"20","F_RSN_DTL":"침수","F_ZONE_NM":"강동구 암사동 486-45","INV_YR":"2020","F_YR":"2020","GU_NAM":"강동구","F_SHIM":0.5},"geometry":{"type":"Polygon","coordinates":[[[127.1358768183382,37.55011466157402],[127.13595206418486,37.5500343607476],[127.13584031598266,37.549965787383755],[127.13575276909621,37.55004606608418],[127.13584678573602,37.55009641464345],[127.1358768183382,37.55011466157402]]]}},{"type":"Feature","properties":{"F_DISA_NM":"2020년 8.22~8.31 호우","F_AVR_HGT":22.1,"F_AREA":175.1,"ADM_CD":"1174010500","F_SAT_YMD":"20200822","F_END_YMD":"20200831","F_SAT_TM":"14","F_END_TM":"20","F_RSN_DTL":"기타","F_ZONE_NM":"강동구 길동 236-5","INV_YR":"2020","F_YR":"2020","GU_NAM":"강동구","F_SHIM":0.5},"geometry":{"type":"Polygon","coordinates":[[[127.14149509178456,37.534410697891005],[127.14153905104499,37.534297931569895],[127.14142812894801,37.53427410562379],[127.14139100403298,37.53426613977081],[127.14135116369809,37.534379342647384],[127.14149509178456,37.534410697891005]]]}},{"type":"Feature","properties":{"F_DISA_NM":"2020년 8.22~8.31 호우","F_AVR_HGT":16.79,"F_AREA":256.7,"ADM_CD":"1174010700","F_SAT_YMD":"20200822","F_END_YMD":"20200831","F_SAT_TM":"15","F_END_TM":"21","F_RSN_DTL":"침수","F_ZONE_NM":"강동구 암사동 502-3","INV_YR":"2020","F_YR":"2020","GU_NAM":"강동구","F_SHIM":0.5},"geometry":{"type":"Polygon","coordinates":[[[127.12704391444117,37.550985575108484],[127.1270409127922,37.550977181067964],[127.1270027099226,37.550870274099935],[127.12679327479368,37.55091771738422],[127.12683496677425,37.55103370270057],[127.12704391444117,37.550985575108484]]]}},{"type":"Feature","properties":{"F_DISA_NM":"2020년 8.22~8.31 호우","F_AVR_HGT":21.33,"F_AREA":249.4,"ADM_CD":"1174010500","F_SAT_YMD":"20200822","F_END_YMD":"20200831","F_SAT_TM":"5","F_END_TM":"20","F_RSN_DTL":"침수","F_ZONE_NM":"강동구 길동 321-11","INV_YR":"2020","F_YR":"2020","GU_NAM":"강동구","F_SHIM":0.5},"geometry":{"type":"Polygon","coordinates":[[[127.14374253536597,37.5445247214329],[127.14388673266347,37.54449049020878],[127.14382603345123,37.54432846601986],[127.14368191566341,37.544362706084826],[127.14374253536597,37.5445247214329]]]}},{"type":"Feature","properties":{"F_DISA_NM":"2020년 8.22~8.31 호우","F_AVR_HGT":21.13,"F_AREA":241.2,"ADM_CD":"1174010500","F_SAT_YMD":"20200822","F_END_YMD":"20200831","F_SAT_TM":"15","F_END_TM":"21","F_RSN_DTL":"침수","F_ZONE_NM":"강동구 길동 321-18","INV_YR":"2020","F_YR":"2020","GU_NAM":"강동구","F_SHIM":0.3},"geometry":{"type":"Polygon","coordinates":[[[127.14357462324588,37.54482282730045],[127.14370661712196,37.54479148513884],[127.14364249456831,37.544620247844655],[127.14351792068805,37.544649842100064],[127.14351058017591,37.54465158983965],[127.14357462324588,37.54482282730045]]]}},{"type":"Feature","properties":{"F_DISA_NM":"2020년 8.22~8.31 호우","F_AVR_HGT":23.46,"F_AREA":158.5,"ADM_CD":"1174010100","F_SAT_YMD":"20200822","F_END_YMD":"20200831","F_SAT_TM":"8","F_END_TM":"20","F_RSN_DTL":"침수","F_ZONE_NM":"강동구 명일동 339-17","INV_YR":"2020","F_YR":"2020","GU_NAM":"강동구","F_SHIM":0.5},"geometry":{"type":"Polygon","coordinates":[[[127.14710376810991,37.548030976574594],[127.14708792394146,37.54792539999103],[127.14693563657504,37.547939462878006],[127.14695360704646,37.54804456834805],[127.14710376810991,37.548030976574594]]]}},{"type":"Feature","properties":{"F_DISA_NM":"2020년 8.22~8.31 호우","F_AVR_HGT":21.13,"F_AREA":224.1,"ADM_CD":"1174010500","F_SAT_YMD":"20200822","F_END_YMD":"20200831","F_SAT_TM":"14","F_END_TM":"20","F_RSN_DTL":"침수","F_ZONE_NM":"강동구 길동 322-4","INV_YR":"2020","F_YR":"2020","GU_NAM":"강동구","F_SHIM":0.3},"geometry":{"type":"Polygon","coordinates":[[[127.1439301808446,37.54441718722613],[127.14412640563714,37.544370459275065],[127.1440913755245,37.544276888571694],[127.14406321085426,37.54426485829743],[127.14392711237201,37.544297178880065],[127.14390014383059,37.54433694511703],[127.1439301808446,37.54441718722613]]]}},{"type":"Feature","properties":{"F_DISA_NM":"2020년 8.22~8.31 호우","F_AVR_HGT":24.14,"F_AREA":562.6,"ADM_CD":"1174010700","F_SAT_YMD":"20200822","F_END_YMD":"20200831","F_SAT_TM":"14","F_END_TM":"20","F_RSN_DTL":"침수","F_ZONE_NM":"강동구 암사동 450-13","INV_YR":"2020","F_YR":"2020","GU_NAM":"강동구","F_SHIM":0.3},"geometry":{"type":"Polygon","coordinates":[[[127.13767063025297,37.55580666602171],[127.13779738533658,37.55580744781788],[127.13778037165235,37.555606456660605],[127.13777772291893,37.55557510527653],[127.13753791291063,37.555576562059734],[127.13754014040795,37.55580585235222],[127.13767063025297,37.55580666602171]]]}},{"type":"Feature","properties":{"F_DISA_NM":"2020년 8.22~8.31 호우","F_AVR_HGT":21.8,"F_AREA":169.9,"ADM_CD":"1174010700","F_SAT_YMD":"20200822","F_END_YMD":"20200831","F_SAT_TM":"15","F_END_TM":"21","F_RSN_DTL":"기타","F_ZONE_NM":"강동구 암사동 451-15","INV_YR":"2020","F_YR":"2020","GU_NAM":"강동구","F_SHIM":0.3},"geometry":{"type":"Polygon","coordinates":[[[127.13704865590441,37.555507433081296],[127.13717812376835,37.55550664470688],[127.13717589901626,37.55537190425294],[127.13704829887052,37.555372771570134],[127.13704865590441,37.555507433081296]]]}},{"type":"Feature","properties":{"F_DISA_NM":"2020년 8.22~8.31 호우","F_AVR_HGT":21.33,"F_AREA":171,"ADM_CD":"1174010500","F_SAT_YMD":"20200822","F_END_YMD":"20200831","F_SAT_TM":"6","F_END_TM":"19","F_RSN_DTL":"침수","F_ZONE_NM":"강동구 길동 322-7","INV_YR":"2020","F_YR":"2020","GU_NAM":"강동구","F_SHIM":0.5},"geometry":{"type":"Polygon","coordinates":[[[127.14436650904769,37.544423057272816],[127.14432885131822,37.544322462086996],[127.14416970212521,37.54436023478999],[127.14420735964295,37.54446082101645],[127.14436650904769,37.544423057272816]]]}},{"type":"Feature","properties":{"F_DISA_NM":"2020년 8.22~8.31 호우","F_AVR_HGT":27.65,"F_AREA":182,"ADM_CD":"1174010600","F_SAT_YMD":"20200822","F_END_YMD":"20200831","F_SAT_TM":"16","F_END_TM":"22","F_RSN_DTL":"침수","F_ZONE_NM":"강동구 둔촌동 610-2","INV_YR":"2020","F_YR":"2020","GU_NAM":"강동구","F_SHIM":0.5},"geometry":{"type":"Polygon","coordinates":[[[127.14724127124647,37.53518228650173],[127.14720186271855,37.53502458931346],[127.14711279226351,37.53505669340409],[127.14706250871318,37.53505491735711],[127.14699668707345,37.53507450494753],[127.14697521961044,37.53507800922125],[127.14723050514075,37.535184849594664],[127.14724127124647,37.53518228650173]]]}},{"type":"Feature","properties":{"F_DISA_NM":"2020년 8.22~8.31 호우","F_AVR_HGT":21.15,"F_AREA":110,"ADM_CD":"1174010600","F_SAT_YMD":"20200822","F_END_YMD":"20200831","F_SAT_TM":"16","F_END_TM":"22","F_RSN_DTL":"침수","F_ZONE_NM":"강동구 둔촌동 70-71","INV_YR":"2020","F_YR":"2020","GU_NAM":"강동구","F_SHIM":0.5},"geometry":{"type":"Polygon","coordinates":[[[127.1405473072114,37.53012241389271],[127.14051528749991,37.530090439278865],[127.14044958165118,37.53002463593803],[127.14038818565295,37.53003780858968],[127.14040716900881,37.53008634081114],[127.14041764902834,37.530112799677575],[127.14043372912846,37.53015142437933],[127.1405473072114,37.53012241389271]]]}},{"type":"Feature","properties":{"F_DISA_NM":"2020년 8.22~8.31 호우","F_AVR_HGT":28.48,"F_AREA":154.8,"ADM_CD":"1174010600","F_SAT_YMD":"20200822","F_END_YMD":"20200831","F_SAT_TM":"14","F_END_TM":"20","F_RSN_DTL":"침수","F_ZONE_NM":"강동구 둔촌동 446-18","INV_YR":"2020","F_YR":"2020","GU_NAM":"강동구","F_SHIM":0.5},"geometry":{"type":"Polygon","coordinates":[[[127.14273539701709,37.53213133971993],[127.14287405952021,37.532114226158356],[127.14287473818821,37.53211414425669],[127.1428526121536,37.53202010704249],[127.14284839260544,37.532002362524906],[127.14270968100396,37.532023332366286],[127.14273010569786,37.53210919062301],[127.14273539701709,37.53213133971993]]]}},{"type":"Feature","properties":{"F_DISA_NM":"2020년 8.22~8.31 호우","F_AVR_HGT":30.18,"F_AREA":164.5,"ADM_CD":"1174010700","F_SAT_YMD":"20200822","F_END_YMD":"20200831","F_SAT_TM":"14","F_END_TM":"20","F_RSN_DTL":"기타","F_ZONE_NM":"강동구 암사동 478-52","INV_YR":"2020","F_YR":"2020","GU_NAM":"강동구","F_SHIM":0.3},"geometry":{"type":"Polygon","coordinates":[[[127.13610693299836,37.55033848487533],[127.13601502862507,37.55022954270705],[127.13591345632749,37.55033269562582],[127.13602559353116,37.550403286691314],[127.13610693299836,37.55033848487533]]]}},{"type":"Feature","properties":{"F_DISA_NM":"2020년 8.22~8.31 호우","F_AVR_HGT":17.57,"F_AREA":96,"ADM_CD":"1174010800","F_SAT_YMD":"20200822","F_END_YMD":"20200831","F_SAT_TM":"14","F_END_TM":"20","F_RSN_DTL":"기타","F_ZONE_NM":"강동구 성내동 46-10","INV_YR":"2020","F_YR":"2020","GU_NAM":"강동구","F_SHIM":0.5},"geometry":{"type":"Polygon","coordinates":[[[127.12381153959979,37.53659541869395],[127.12389950829235,37.536567306695794],[127.12385331540102,37.536479552812665],[127.12375988208709,37.5365146801566],[127.12381153959979,37.53659541869395]]]}},{"type":"Feature","properties":{"F_DISA_NM":"2020년 8.22~8.31 호우","F_AVR_HGT":20.13,"F_AREA":106,"ADM_CD":"1174010800","F_SAT_YMD":"20200822","F_END_YMD":"20200831","F_SAT_TM":"9","F_END_TM":"15","F_RSN_DTL":"침수","F_ZONE_NM":"강동구 성내동 219-13","INV_YR":"2020","F_YR":"2020","GU_NAM":"강동구","F_SHIM":0.5},"geometry":{"type":"Polygon","coordinates":[[[127.12999358910463,37.53281146041618],[127.13000258131595,37.53280353991328],[127.13007774996389,37.53273742431893],[127.12999410243863,37.53267540086623],[127.12991220730405,37.532751173358534],[127.12999358910463,37.53281146041618]]]}},{"type":"Feature","properties":{"F_DISA_NM":"2020년 8.22~8.31 호우","F_AVR_HGT":18.49,"F_AREA":228.1,"ADM_CD":"1174010700","F_SAT_YMD":"20200822","F_END_YMD":"20200831","F_SAT_TM":"16","F_END_TM":"22","F_RSN_DTL":"침수","F_ZONE_NM":"강동구 암사동 507-2","INV_YR":"2020","F_YR":"2020","GU_NAM":"강동구","F_SHIM":0.5},"geometry":{"type":"Polygon","coordinates":[[[127.12801128886012,37.55517112868852],[127.12811514823461,37.555118471657494],[127.1281510382213,37.55510028723837],[127.12806631999295,37.55499451175511],[127.12789126672295,37.555088762571074],[127.12801128886012,37.55517112868852]]]}},{"type":"Feature","properties":{"F_DISA_NM":"2020년 8.22~8.31 호우","F_AVR_HGT":19.79,"F_AREA":125,"ADM_CD":"1174010900","F_SAT_YMD":"20200822","F_END_YMD":"20200831","F_SAT_TM":"5","F_END_TM":"11","F_RSN_DTL":"기타","F_ZONE_NM":"강동구 천호동 115-26","INV_YR":"2020","F_YR":"2020","GU_NAM":"강동구","F_SHIM":0.5},"geometry":{"type":"Polygon","coordinates":[[[127.13726130688082,37.54161580340742],[127.13717919652306,37.54144919624971],[127.13709874858685,37.541456865977736],[127.13710198429615,37.54151287692604],[127.13717720195554,37.541572391155526],[127.13723385855334,37.54162951201034],[127.13726130688082,37.54161580340742]]]}},{"type":"Feature","properties":{"F_DISA_NM":"2020년 8.22~8.31 호우","F_AVR_HGT":24.71,"F_AREA":112,"ADM_CD":"1174010900","F_SAT_YMD":"20200822","F_END_YMD":"20200831","F_SAT_TM":"14","F_END_TM":"20","F_RSN_DTL":"기타","F_ZONE_NM":"강동구 천호동 136-5","INV_YR":"2020","F_YR":"2020","GU_NAM":"강동구","F_SHIM":0.5},"geometry":{"type":"Polygon","coordinates":[[[127.13501072976636,37.54225987502329],[127.13506238361107,37.542285116471284],[127.13510847768026,37.54218760406032],[127.134999031613,37.542152985574326],[127.13498764973781,37.54215368319232],[127.13498908823857,37.5422560702697],[127.13501072976636,37.54225987502329]]]}},{"type":"Feature","properties":{"F_DISA_NM":"2020년 8.22~8.31 호우","F_AVR_HGT":16.43,"F_AREA":208.1,"ADM_CD":"1174010800","F_SAT_YMD":"20200822","F_END_YMD":"20200831","F_SAT_TM":"16","F_END_TM":"22","F_RSN_DTL":"침수","F_ZONE_NM":"강동구 성내동 426-3","INV_YR":"2020","F_YR":"2020","GU_NAM":"강동구","F_SHIM":0.3},"geometry":{"type":"Polygon","coordinates":[[[127.1326979370286,37.52765326344141],[127.13281745496123,37.527618532467116],[127.1327597721008,37.527497142582426],[127.13274011984292,37.527502714541285],[127.13262996313429,37.52753395720956],[127.13260621750663,37.52754065092263],[127.1326646936406,37.52766294099473],[127.1326979370286,37.52765326344141]]]}},{"type":"Feature","properties":{"F_DISA_NM":"2020년 8.22~8.31 호우","F_AVR_HGT":16.56,"F_AREA":201.9,"ADM_CD":"1174010800","F_SAT_YMD":"20200822","F_END_YMD":"20200831","F_SAT_TM":"15","F_END_TM":"21","F_RSN_DTL":"침수","F_ZONE_NM":"강동구 성내동 538-5","INV_YR":"2020","F_YR":"2020","GU_NAM":"강동구","F_SHIM":0.3},"geometry":{"type":"Polygon","coordinates":[[[127.12337565319778,37.53050390291172],[127.12330241084368,37.5304071216382],[127.1232476353689,37.530395825586126],[127.12315502487968,37.530438510971706],[127.12324847161972,37.530562328353014],[127.12337565319778,37.53050390291172]]]}},{"type":"Feature","properties":{"F_DISA_NM":"2020년 8.22~8.31 호우","F_AVR_HGT":30.18,"F_AREA":255.9,"ADM_CD":"1174010700","F_SAT_YMD":"20200822","F_END_YMD":"20200831","F_SAT_TM":"9","F_END_TM":"15","F_RSN_DTL":"기타","F_ZONE_NM":"강동구 암사동 477-29","INV_YR":"2020","F_YR":"2020","GU_NAM":"강동구","F_SHIM":0.3},"geometry":{"type":"Polygon","coordinates":[[[127.13613472317876,37.55012283715871],[127.13616844090645,37.55011992455638],[127.1362961295835,37.55004749241706],[127.13621499268434,37.549954179305026],[127.13607200208949,37.54995613529393],[127.13610052674409,37.55011126236928],[127.13613472317876,37.55012283715871]]]}},{"type":"Feature","properties":{"F_DISA_NM":"2020년 8.22~8.31 호우","F_AVR_HGT":27.06,"F_AREA":174.1,"ADM_CD":"1174010700","F_SAT_YMD":"20200822","F_END_YMD":"20200831","F_SAT_TM":"15","F_END_TM":"21","F_RSN_DTL":"침수","F_ZONE_NM":"강동구 암사동 483-42","INV_YR":"2020","F_YR":"2020","GU_NAM":"강동구","F_SHIM":0.5},"geometry":{"type":"Polygon","coordinates":[[[127.13228729993668,37.54976307920264],[127.13239496973154,37.549734020101184],[127.13235110138696,37.549620471813995],[127.13231546815767,37.549628079609484],[127.13220946708218,37.549627647368474],[127.13225778856793,37.54975111969471],[127.13228729993668,37.54976307920264]]]}},{"type":"Feature","properties":{"F_DISA_NM":"2020년 8.22~8.31 호우","F_AVR_HGT":18.49,"F_AREA":157.8,"ADM_CD":"1174010700","F_SAT_YMD":"20200822","F_END_YMD":"20200831","F_SAT_TM":"14","F_END_TM":"20","F_RSN_DTL":"침수","F_ZONE_NM":"강동구 암사동 507-6","INV_YR":"2020","F_YR":"2020","GU_NAM":"강동구","F_SHIM":0.5},"geometry":{"type":"Polygon","coordinates":[[[127.1281510382213,37.55510028723837],[127.12829179372024,37.55502895800747],[127.12828203765251,37.555001839677026],[127.12822955975997,37.55502847520265],[127.12816139943715,37.55494331468491],[127.12806631999295,37.55499451175511],[127.1281510382213,37.55510028723837]]]}},{"type":"Feature","properties":{"F_DISA_NM":"2020년 8.22~8.31 호우","F_AVR_HGT":31.15,"F_AREA":119,"ADM_CD":"1174010900","F_SAT_YMD":"20200822","F_END_YMD":"20200831","F_SAT_TM":"14","F_END_TM":"20","F_RSN_DTL":"침수","F_ZONE_NM":"강동구 천호동 18-73","INV_YR":"2020","F_YR":"2020","GU_NAM":"강동구","F_SHIM":0.5},"geometry":{"type":"Polygon","coordinates":[[[127.13954971304723,37.54926781004221],[127.13967420603062,37.549256816529955],[127.1396666609197,37.54920318037489],[127.13966042303225,37.549158840913044],[127.13953581716338,37.54916989761211],[127.13954971304723,37.54926781004221]]]}},{"type":"Feature","properties":{"F_DISA_NM":"2020년 8.22~8.31 호우","F_AVR_HGT":20.66,"F_AREA":161.9,"ADM_CD":"1174010900","F_SAT_YMD":"20200822","F_END_YMD":"20200831","F_SAT_TM":"14","F_END_TM":"20","F_RSN_DTL":"기타","F_ZONE_NM":"강동구 천호동 43-36","INV_YR":"2020","F_YR":"2020","GU_NAM":"강동구","F_SHIM":0.5},"geometry":{"type":"Polygon","coordinates":[[[127.14102432955329,37.54484123850782],[127.141158518253,37.544809085708515],[127.14111580499026,37.544695512194465],[127.14098213952694,37.544729024824655],[127.14102432955329,37.54484123850782]]]}},{"type":"Feature","properties":{"F_DISA_NM":"2020년 8.22~8.31 호우","F_AVR_HGT":15.94,"F_AREA":178.3,"ADM_CD":"1174010800","F_SAT_YMD":"20200822","F_END_YMD":"20200831","F_SAT_TM":"15","F_END_TM":"21","F_RSN_DTL":"침수","F_ZONE_NM":"강동구 성내동 436-4","INV_YR":"2020","F_YR":"2020","GU_NAM":"강동구","F_SHIM":0.5},"geometry":{"type":"Polygon","coordinates":[[[127.13069472890774,37.52563401879753],[127.13070459960686,37.525630935611055],[127.13065407819373,37.525526646702914],[127.13050297508202,37.52557313193219],[127.13055390492445,37.52567820432314],[127.13069472890774,37.52563401879753]]]}},{"type":"Feature","properties":{"F_DISA_NM":"2020년 8.22~8.31 호우","F_AVR_HGT":19.72,"F_AREA":129.8,"ADM_CD":"1174010700","F_SAT_YMD":"20200822","F_END_YMD":"20200831","F_SAT_TM":"14","F_END_TM":"20","F_RSN_DTL":"침수","F_ZONE_NM":"강동구 암사동 490-3","INV_YR":"2020","F_YR":"2020","GU_NAM":"강동구","F_SHIM":0.5},"geometry":{"type":"Polygon","coordinates":[[[127.13184197379393,37.54868825712994],[127.13198827602803,37.54865285782761],[127.13198296638531,37.548638528930354],[127.13195790726232,37.548570693986235],[127.13180965802263,37.54860565391413],[127.13184197379393,37.54868825712994]]]}},{"type":"Feature","properties":{"F_DISA_NM":"2020년 8.22~8.31 호우","F_AVR_HGT":15.95,"F_AREA":205.8,"ADM_CD":"1174010800","F_SAT_YMD":"20200822","F_END_YMD":"20200831","F_SAT_TM":"15","F_END_TM":"21","F_RSN_DTL":"침수","F_ZONE_NM":"강동구 성내동 433-24","INV_YR":"2020","F_YR":"2020","GU_NAM":"강동구","F_SHIM":0.3},"geometry":{"type":"Polygon","coordinates":[[[127.13142605712164,37.52717679097768],[127.1315790292417,37.52713014034112],[127.13153121924984,37.527031534123594],[127.13125146248737,37.52711704875494],[127.13126369022486,37.52714227216819],[127.13139055439022,37.52710348009127],[127.13142605712164,37.52717679097768]]]}},{"type":"Feature","properties":{"F_DISA_NM":"2020년 8.22~8.31 호우","F_AVR_HGT":24.36,"F_AREA":141,"ADM_CD":"1174010900","F_SAT_YMD":"20200822","F_END_YMD":"20200831","F_SAT_TM":"15","F_END_TM":"21","F_RSN_DTL":"침수","F_ZONE_NM":"강동구 천호동 207-30","INV_YR":"2020","F_YR":"2020","GU_NAM":"강동구","F_SHIM":0.3},"geometry":{"type":"Polygon","coordinates":[[[127.13415722735654,37.54141394045686],[127.13420481542151,37.541335446644595],[127.13419530101918,37.5413108061958],[127.13409883622742,37.54127045098565],[127.13404819404037,37.5413495248184],[127.13403760970446,37.54136604286748],[127.13415722735654,37.54141394045686]]]}},{"type":"Feature","properties":{"F_DISA_NM":"2020년 8.22~8.31 호우","F_AVR_HGT":18.71,"F_AREA":205,"ADM_CD":"1174010900","F_SAT_YMD":"20200822","F_END_YMD":"20200831","F_SAT_TM":"14","F_END_TM":"20","F_RSN_DTL":"침수","F_ZONE_NM":"강동구 천호동 391-6","INV_YR":"2020","F_YR":"2020","GU_NAM":"강동구","F_SHIM":0.5},"geometry":{"type":"Polygon","coordinates":[[[127.12994328144454,37.54367421300363],[127.1300531799566,37.54363628783216],[127.13012862060826,37.543610248129276],[127.13006127140649,37.5435313585544],[127.13004207956938,37.543517675360754],[127.12989923935332,37.54355406861328],[127.12994328144454,37.54367421300363]]]}},{"type":"Feature","properties":{"F_DISA_NM":"2020년 8.22~8.31 호우","F_AVR_HGT":21.38,"F_AREA":155.9,"ADM_CD":"1174010900","F_SAT_YMD":"20200822","F_END_YMD":"20200831","F_SAT_TM":"14","F_END_TM":"20","F_RSN_DTL":"침수","F_ZONE_NM":"강동구 천호동 43-66","INV_YR":"2020","F_YR":"2020","GU_NAM":"강동구","F_SHIM":0.5},"geometry":{"type":"Polygon","coordinates":[[[127.14185208552567,37.54487468462427],[127.14181043549434,37.54476749812843],[127.14167501155818,37.54479848184581],[127.14171583652038,37.54490628204259],[127.14185208552567,37.54487468462427]]]}},{"type":"Feature","properties":{"F_DISA_NM":"2020년 8.22~8.31 호우","F_AVR_HGT":20.14,"F_AREA":166.1,"ADM_CD":"1174010900","F_SAT_YMD":"20200822","F_END_YMD":"20200831","F_SAT_TM":"14","F_END_TM":"20","F_RSN_DTL":"침수","F_ZONE_NM":"강동구 천호동 46-26","INV_YR":"2020","F_YR":"2020","GU_NAM":"강동구","F_SHIM":0.5},"geometry":{"type":"Polygon","coordinates":[[[127.14135417806006,37.543864642259955],[127.14131852670779,37.54376968393179],[127.14115480791614,37.54380863828388],[127.14119037975372,37.54390353368563],[127.14135417806006,37.543864642259955]]]}},{"type":"Feature","properties":{"F_DISA_NM":"2020년 8.22~8.31 호우","F_AVR_HGT":23.58,"F_AREA":120,"ADM_CD":"1174010900","F_SAT_YMD":"20200822","F_END_YMD":"20200831","F_SAT_TM":"16","F_END_TM":"22","F_RSN_DTL":"침수","F_ZONE_NM":"강동구 천호동 185-34","INV_YR":"2020","F_YR":"2020","GU_NAM":"강동구","F_SHIM":0.3},"geometry":{"type":"Polygon","coordinates":[[[127.13436844007325,37.5405110082163],[127.13453122758422,37.540453062380536],[127.13447713347223,37.540339913645155],[127.13444350942511,37.54034853795026],[127.13440213678228,37.54045401859902],[127.13436997468474,37.54050224884752],[127.13436844007325,37.5405110082163]]]}},{"type":"Feature","properties":{"F_DISA_NM":"2020년 8.22~8.31 호우","F_AVR_HGT":20.79,"F_AREA":102,"ADM_CD":"1174010900","F_SAT_YMD":"20200822","F_END_YMD":"20200831","F_SAT_TM":"10","F_END_TM":"16","F_RSN_DTL":"침수","F_ZONE_NM":"강동구 천호동 110-53","INV_YR":"2020","F_YR":"2020","GU_NAM":"강동구","F_SHIM":0.5},"geometry":{"type":"Polygon","coordinates":[[[127.13667300458323,37.542346344566745],[127.13679481364187,37.54232773476746],[127.13677568090974,37.542265849540954],[127.13677133203203,37.54225120439623],[127.13664528264805,37.542271350709385],[127.13667300458323,37.542346344566745]]]}},{"type":"Feature","properties":{"F_DISA_NM":"2020년 8.22~8.31 호우","F_AVR_HGT":31.11,"F_AREA":150,"ADM_CD":"1174010900","F_SAT_YMD":"20200822","F_END_YMD":"20200831","F_SAT_TM":"14","F_END_TM":"20","F_RSN_DTL":"침수","F_ZONE_NM":"강동구 천호동 397-94","INV_YR":"2020","F_YR":"2020","GU_NAM":"강동구","F_SHIM":0.5},"geometry":{"type":"Polygon","coordinates":[[[127.13218040887783,37.542354247864886],[127.13220484527484,37.542351634979035],[127.13219959491018,37.54226082081909],[127.13232493894154,37.542250771139365],[127.13232481122789,37.542235958976065],[127.1323171785064,37.54214817479085],[127.1323047913313,37.542149891384454],[127.13227659426217,37.54215664400734],[127.13227280225198,37.54215583731332],[127.13216709104397,37.542166315715335],[127.13218040887783,37.542354247864886]]]}},{"type":"Feature","properties":{"F_DISA_NM":"2020년 8.22~8.31 호우","F_AVR_HGT":22.16,"F_AREA":149,"ADM_CD":"1174010900","F_SAT_YMD":"20200822","F_END_YMD":"20200831","F_SAT_TM":"14","F_END_TM":"20","F_RSN_DTL":"기타","F_ZONE_NM":"강동구 천호동 167-11","INV_YR":"2020","F_YR":"2020","GU_NAM":"강동구","F_SHIM":0.5},"geometry":{"type":"Polygon","coordinates":[[[127.13393721396893,37.539864237841634],[127.13398259828097,37.539851627114444],[127.13400904653135,37.53984187574052],[127.13403938529517,37.53984389596216],[127.13404313937461,37.539797751942466],[127.13408399577004,37.53973932179697],[127.13409236145155,37.53970962471485],[127.13390033871664,37.53977460343619],[127.13393721396893,37.539864237841634]]]}},{"type":"Feature","properties":{"F_DISA_NM":"2020년 8.22~8.31 호우","F_AVR_HGT":20.48,"F_AREA":157.6,"ADM_CD":"1174010900","F_SAT_YMD":"20200822","F_END_YMD":"20200831","F_SAT_TM":"14","F_END_TM":"20","F_RSN_DTL":"침수","F_ZONE_NM":"강동구 천호동 43-69","INV_YR":"2020","F_YR":"2020","GU_NAM":"강동구","F_SHIM":0.3},"geometry":{"type":"Polygon","coordinates":[[[127.14181043549434,37.54476749812843],[127.1417678190663,37.544657808007706],[127.14163361806825,37.54468915062217],[127.14167501155818,37.54479848184581],[127.14181043549434,37.54476749812843]]]}},{"type":"Feature","properties":{"F_DISA_NM":"2020년 8.22~8.31 호우","F_AVR_HGT":17.27,"F_AREA":112.6,"ADM_CD":"1174010800","F_SAT_YMD":"20200822","F_END_YMD":"20200831","F_SAT_TM":"14","F_END_TM":"20","F_RSN_DTL":"기타","F_ZONE_NM":"강동구 성내동 430-33","INV_YR":"2020","F_YR":"2020","GU_NAM":"강동구","F_SHIM":0.5},"geometry":{"type":"Polygon","coordinates":[[[127.13360831692087,37.52613098330573],[127.1335678643601,37.52602302635851],[127.13347029833645,37.52604615580102],[127.13351075078513,37.5261541217914],[127.13360831692087,37.52613098330573]]]}},{"type":"Feature","properties":{"F_DISA_NM":"2020년 8.22~8.31 호우","F_AVR_HGT":21.96,"F_AREA":165,"ADM_CD":"1174010900","F_SAT_YMD":"20200822","F_END_YMD":"20200831","F_SAT_TM":"5","F_END_TM":"11","F_RSN_DTL":"침수","F_ZONE_NM":"강동구 천호동 167-29","INV_YR":"2020","F_YR":"2020","GU_NAM":"강동구","F_SHIM":0.3},"geometry":{"type":"Polygon","coordinates":[[[127.13361592921152,37.539518616665326],[127.13357413378722,37.53942967240971],[127.13340796096281,37.539479115349685],[127.13343271730395,37.53953664308024],[127.13344955296371,37.5395682941487],[127.13361592921152,37.539518616665326]]]}},{"type":"Feature","properties":{"F_DISA_NM":"2020년 8.22~8.31 호우","F_AVR_HGT":38.57,"F_AREA":323,"ADM_CD":"1174010600","F_SAT_YMD":"20200822","F_END_YMD":"20200831","F_SAT_TM":"16","F_END_TM":"22","F_RSN_DTL":"기타","F_ZONE_NM":"강동구 둔촌동 590-9","INV_YR":"2020","F_YR":"2020","GU_NAM":"강동구","F_SHIM":0.5},"geometry":{"type":"Polygon","coordinates":[[[127.14999093319868,37.534058567334355],[127.15008456079042,37.5340378799267],[127.15008083692672,37.53401427859799],[127.15005686659383,37.53386227520968],[127.1500312558584,37.53384722479657],[127.14988069859211,37.533880354324175],[127.14992843755692,37.534042905538655],[127.14993655926664,37.53407057383319],[127.14999093319868,37.534058567334355]]]}},{"type":"Feature","properties":{"F_DISA_NM":"2020년 8.22~8.31 호우","F_AVR_HGT":28.11,"F_AREA":132,"ADM_CD":"1174010900","F_SAT_YMD":"20200822","F_END_YMD":"20200831","F_SAT_TM":"15","F_END_TM":"21","F_RSN_DTL":"침수","F_ZONE_NM":"강동구 천호동 195-18","INV_YR":"2020","F_YR":"2020","GU_NAM":"강동구","F_SHIM":0.3},"geometry":{"type":"Polygon","coordinates":[[[127.13297258733998,37.5411667624665],[127.13303160823673,37.54121912547489],[127.1331805992087,37.54115131298763],[127.13316661364368,37.541086880625606],[127.13316657198412,37.54108249284126],[127.1330130970363,37.54114840921133],[127.13297258733998,37.5411667624665]]]}},{"type":"Feature","properties":{"F_DISA_NM":"2020년 8.22~8.31 호우","F_AVR_HGT":20.68,"F_AREA":152.1,"ADM_CD":"1174010900","F_SAT_YMD":"20200822","F_END_YMD":"20200831","F_SAT_TM":"14","F_END_TM":"20","F_RSN_DTL":"침수","F_ZONE_NM":"강동구 천호동 43-72","INV_YR":"2020","F_YR":"2020","GU_NAM":"강동구","F_SHIM":0.5},"geometry":{"type":"Polygon","coordinates":[[[127.1415926793452,37.544580900032045],[127.14155151358737,37.544472199199184],[127.14142056255022,37.54450469098741],[127.1414614209147,37.54461248222847],[127.1415926793452,37.544580900032045]]]}},{"type":"Feature","properties":{"F_DISA_NM":"2020년 8.22~8.31 호우","F_AVR_HGT":19.15,"F_AREA":265.4,"ADM_CD":"1174010700","F_SAT_YMD":"20200822","F_END_YMD":"20200831","F_SAT_TM":"14","F_END_TM":"20","F_RSN_DTL":"기타","F_ZONE_NM":"강동구 암사동 496-35","INV_YR":"2020","F_YR":"2020","GU_NAM":"강동구","F_SHIM":0.3},"geometry":{"type":"Polygon","coordinates":[[[127.1293902057904,37.54951163194769],[127.129508576242,37.54949267300385],[127.1295045650161,37.549476369419956],[127.12962787362713,37.549459936788104],[127.12960184369808,37.54938580448035],[127.12949767319908,37.549350508488835],[127.12947595075244,37.54935998342156],[127.12936626421865,37.54940784572318],[127.1293902057904,37.54951163194769]]]}},{"type":"Feature","properties":{"F_DISA_NM":"2020년 8.22~8.31 호우","F_AVR_HGT":20.59,"F_AREA":188,"ADM_CD":"1174010900","F_SAT_YMD":"20200822","F_END_YMD":"20200831","F_SAT_TM":"16","F_END_TM":"22","F_RSN_DTL":"침수","F_ZONE_NM":"강동구 천호동 111-20","INV_YR":"2020","F_YR":"2020","GU_NAM":"강동구","F_SHIM":0.3},"geometry":{"type":"Polygon","coordinates":[[[127.1372488833595,37.54202182260918],[127.13729529160705,37.54198690988988],[127.13733682981935,37.541955777908754],[127.13735734248445,37.541923606929196],[127.13738335313384,37.54196561728362],[127.13742182721246,37.541954472795204],[127.13736542451511,37.541850410070005],[127.13722148985396,37.541903535850864],[127.13717307183552,37.541934585595534],[127.1372488833595,37.54202182260918]]]}},{"type":"Feature","properties":{"F_DISA_NM":"2020년 8.22~8.31 호우","F_AVR_HGT":20.68,"F_AREA":152.1,"ADM_CD":"1174010900","F_SAT_YMD":"20200822","F_END_YMD":"20200831","F_SAT_TM":"14","F_END_TM":"20","F_RSN_DTL":"침수","F_ZONE_NM":"강동구 천호동 43-75","INV_YR":"2020","F_YR":"2020","GU_NAM":"강동구","F_SHIM":0.5},"geometry":{"type":"Polygon","coordinates":[[[127.14155151358737,37.544472199199184],[127.1415103593493,37.54436354338579],[127.14139486733426,37.54439093522784],[127.14138574264803,37.5444128401254],[127.14142056255022,37.54450469098741],[127.14155151358737,37.544472199199184]]]}},{"type":"Feature","properties":{"F_DISA_NM":"2020년 8.22~8.31 호우","F_AVR_HGT":34.21,"F_AREA":278,"ADM_CD":"1174010900","F_SAT_YMD":"20200822","F_END_YMD":"20200831","F_SAT_TM":"14","F_END_TM":"20","F_RSN_DTL":"기타","F_ZONE_NM":"강동구 천호동 1-2","INV_YR":"2020","F_YR":"2020","GU_NAM":"강동구","F_SHIM":0.3},"geometry":{"type":"Polygon","coordinates":[[[127.1396494053477,37.55048584168062],[127.13965534787332,37.55050498077599],[127.13978745294052,37.550527522114024],[127.13981742520723,37.550530874739],[127.13983393678829,37.550470074585085],[127.1398533673208,37.550408910612624],[127.1398596476743,37.55038426116628],[127.1398388623257,37.55038588927821],[127.13983529904617,37.55036827908866],[127.1396994709069,37.55032722680603],[127.13966954190799,37.55038406026297],[127.1396494053477,37.55048584168062]]]}},{"type":"Feature","properties":{"F_DISA_NM":"2020년 8.22~8.31 호우","F_AVR_HGT":21.14,"F_AREA":282.3,"ADM_CD":"1174010100","F_SAT_YMD":"20200822","F_END_YMD":"20200831","F_SAT_TM":"15","F_END_TM":"21","F_RSN_DTL":"침수","F_ZONE_NM":"강동구 명일동 352-9","INV_YR":"2020","F_YR":"2020","GU_NAM":"강동구","F_SHIM":0.3},"geometry":{"type":"Polygon","coordinates":[[[127.14385724964679,37.54498733234167],[127.14409362860779,37.54493119474343],[127.14402070966393,37.54484153501899],[127.14396296767163,37.544824575947885],[127.14380982321192,37.54486097141382],[127.14385724964679,37.54498733234167]]]}},{"type":"Feature","properties":{"F_DISA_NM":"2020년 8.22~8.31 호우","F_AVR_HGT":20.18,"F_AREA":211.8,"ADM_CD":"1174010700","F_SAT_YMD":"20200822","F_END_YMD":"20200831","F_SAT_TM":"14","F_END_TM":"20","F_RSN_DTL":"침수","F_ZONE_NM":"강동구 암사동 450-9","INV_YR":"2020","F_YR":"2020","GU_NAM":"강동구","F_SHIM":0.3},"geometry":{"type":"Polygon","coordinates":[[[127.13670145637651,37.556329452535536],[127.1368732521853,37.55632841780999],[127.13687200623758,37.55620269515257],[127.1367002108313,37.55620379294493],[127.13670022475259,37.55620523451232],[127.13670145637651,37.556329452535536]]]}},{"type":"Feature","properties":{"F_DISA_NM":"2020년 8.22~8.31 호우","F_AVR_HGT":22.62,"F_AREA":414.9,"ADM_CD":"1174010100","F_SAT_YMD":"20200822","F_END_YMD":"20200831","F_SAT_TM":"14","F_END_TM":"20","F_RSN_DTL":"침수","F_ZONE_NM":"강동구 명일동 343-7","INV_YR":"2020","F_YR":"2020","GU_NAM":"강동구","F_SHIM":0.3},"geometry":{"type":"Polygon","coordinates":[[[127.14594874919483,37.546720011615626],[127.14593624824946,37.546616052547044],[127.1458942034577,37.54658348808503],[127.14563153433461,37.546569366045425],[127.14562542312477,37.54656904013655],[127.14561425023926,37.546702130137156],[127.14594874919483,37.546720011615626]]]}},{"type":"Feature","properties":{"F_DISA_NM":"2020년 8.22~8.31 호우","F_AVR_HGT":26.76,"F_AREA":223.9,"ADM_CD":"1174010200","F_SAT_YMD":"20200822","F_END_YMD":"20200831","F_SAT_TM":"14","F_END_TM":"20","F_RSN_DTL":"기타","F_ZONE_NM":"강동구 고덕동 508-3","INV_YR":"2020","F_YR":"2020","GU_NAM":"강동구","F_SHIM":0.5},"geometry":{"type":"Polygon","coordinates":[[[127.15560869601174,37.5611064289503],[127.15564618235986,37.561117822579355],[127.15572327091616,37.560959057824924],[127.15571681647829,37.560957534573475],[127.1556450178076,37.560937085774945],[127.15561647650706,37.56092748244868],[127.15550042972207,37.56107467519313],[127.15560869601174,37.5611064289503]]]}},{"type":"Feature","properties":{"F_DISA_NM":"2020년 8.22~8.31 호우","F_AVR_HGT":21.14,"F_AREA":191.7,"ADM_CD":"1174010100","F_SAT_YMD":"20200822","F_END_YMD":"20200831","F_SAT_TM":"16","F_END_TM":"22","F_RSN_DTL":"침수","F_ZONE_NM":"강동구 명일동 352-13","INV_YR":"2020","F_YR":"2020","GU_NAM":"강동구","F_SHIM":0.3},"geometry":{"type":"Polygon","coordinates":[[[127.14389068361109,37.54549112631948],[127.14403376296043,37.54545716656513],[127.14400805915528,37.545388722253136],[127.14399452490011,37.545352698935595],[127.14384703465187,37.54538773613866],[127.14382270554754,37.545393522792374],[127.14386196593563,37.54549794540202],[127.14389068361109,37.54549112631948]]]}},{"type":"Feature","properties":{"F_DISA_NM":"2020년 8.22~8.31 호우","F_AVR_HGT":40,"F_AREA":162,"ADM_CD":"1174010100","F_SAT_YMD":"20200822","F_END_YMD":"20200831","F_SAT_TM":"14","F_END_TM":"20","F_RSN_DTL":"침수","F_ZONE_NM":"강동구 명일동 312-128","INV_YR":"2020","F_YR":"2020","GU_NAM":"강동구","F_SHIM":0.3},"geometry":{"type":"Polygon","coordinates":[[[127.14232491313749,37.552703658674055],[127.14245084464497,37.552696543788535],[127.14243608788594,37.552564503283364],[127.14231470463804,37.55257091896778],[127.14232491313749,37.552703658674055]]]}},{"type":"Feature","properties":{"F_DISA_NM":"2020년 8.22~8.31 호우","F_AVR_HGT":19.51,"F_AREA":726.7,"ADM_CD":"1174010600","F_SAT_YMD":"20200822","F_END_YMD":"20200831","F_SAT_TM":"14","F_END_TM":"20","F_RSN_DTL":"침수","F_ZONE_NM":"강동구 둔촌동 513-4","INV_YR":"2020","F_YR":"2020","GU_NAM":"강동구","F_SHIM":0.5},"geometry":{"type":"Polygon","coordinates":[[[127.13776636503967,37.52941715837046],[127.13808520543856,37.529328952253344],[127.13804046708343,37.52922655198008],[127.13799215024498,37.52911595677998],[127.13772236298387,37.529190618213725],[127.13770744895437,37.52921378194074],[127.13769652853827,37.52923074222445],[127.13776636503967,37.52941715837046]]]}},{"type":"Feature","properties":{"F_DISA_NM":"2020년 8.22~8.31 호우","F_AVR_HGT":24.62,"F_AREA":173.8,"ADM_CD":"1174010100","F_SAT_YMD":"20200822","F_END_YMD":"20200831","F_SAT_TM":"14","F_END_TM":"20","F_RSN_DTL":"침수","F_ZONE_NM":"강동구 명일동 339-3","INV_YR":"2020","F_YR":"2020","GU_NAM":"강동구","F_SHIM":0.5},"geometry":{"type":"Polygon","coordinates":[[[127.14650803288743,37.54818956310351],[127.1465215642279,37.54816476924384],[127.14650674165533,37.54806040766709],[127.14646128223316,37.54806492337751],[127.14636748906686,37.54807394926172],[127.14638527347776,37.54820025535652],[127.14650803288743,37.54818956310351]]]}},{"type":"Feature","properties":{"F_DISA_NM":"2020년 8.22~8.31 호우","F_AVR_HGT":21.14,"F_AREA":198.3,"ADM_CD":"1174010100","F_SAT_YMD":"20200822","F_END_YMD":"20200831","F_SAT_TM":"9","F_END_TM":"15","F_RSN_DTL":"침수","F_ZONE_NM":"강동구 명일동 352-21","INV_YR":"2020","F_YR":"2020","GU_NAM":"강동구","F_SHIM":0.3},"geometry":{"type":"Polygon","coordinates":[[[127.1437103143308,37.545022269597716],[127.14385724964679,37.54498733234167],[127.14380982321192,37.54486097141382],[127.14366301249056,37.544895854401936],[127.1437103143308,37.545022269597716]]]}},{"type":"Feature","properties":{"F_DISA_NM":"2020년 8.22~8.31 호우","F_AVR_HGT":27.9,"F_AREA":223.8,"ADM_CD":"1174010200","F_SAT_YMD":"20200822","F_END_YMD":"20200831","F_SAT_TM":"14","F_END_TM":"20","F_RSN_DTL":"기타","F_ZONE_NM":"강동구 고덕동 526-5","INV_YR":"2020","F_YR":"2020","GU_NAM":"강동구","F_SHIM":0.5},"geometry":{"type":"Polygon","coordinates":[[[127.15610223570944,37.56168313732715],[127.15609734212457,37.56156060928958],[127.15591148676565,37.56156067226235],[127.1559115706403,37.56156292462411],[127.15591605237766,37.56168347103334],[127.15610223570944,37.56168313732715]]]}},{"type":"Feature","properties":{"F_DISA_NM":"2020년 8.22~8.31 호우","F_AVR_HGT":22.62,"F_AREA":212.3,"ADM_CD":"1174010100","F_SAT_YMD":"20200822","F_END_YMD":"20200831","F_SAT_TM":"14","F_END_TM":"20","F_RSN_DTL":"기타","F_ZONE_NM":"강동구 명일동 341-4","INV_YR":"2020","F_YR":"2020","GU_NAM":"강동구","F_SHIM":0.3},"geometry":{"type":"Polygon","coordinates":[[[127.14624751737871,37.54683399959734],[127.1462556241045,37.5467192754945],[127.14606091265713,37.54670834169562],[127.14606871008512,37.54677320349977],[127.14607554133278,37.54682995756699],[127.14624751737871,37.54683399959734]]]}},{"type":"Feature","properties":{"F_DISA_NM":"2020년 8.22~8.31 호우","F_AVR_HGT":17.32,"F_AREA":4601,"ADM_CD":"1174010700","F_SAT_YMD":"20200822","F_END_YMD":"20200831","F_SAT_TM":"14","F_END_TM":"20","F_RSN_DTL":"기타","F_ZONE_NM":"강동구 암사동 133-3","INV_YR":"2020","F_YR":"2020","GU_NAM":"강동구","F_SHIM":0.3},"geometry":{"type":"Polygon","coordinates":[[[127.13283286544937,37.559468821635825],[127.13283350873691,37.559480677937266],[127.13280629068194,37.55951371143533],[127.13275533633303,37.559525832324255],[127.13271037358007,37.559546956425336],[127.13272401418625,37.559587161422606],[127.132747740745,37.55960898404117],[127.13277725112738,37.55970199638365],[127.13278689769484,37.55976218975026],[127.13278599294813,37.559833549090655],[127.13277965343025,37.55991012218874],[127.13274416596525,37.55995198554557],[127.1326867239656,37.55998869259538],[127.13264324600348,37.559998291370185],[127.13263362755495,37.5600703631545],[127.13264961234616,37.560201736632536],[127.13268243743622,37.560274482065324],[127.13265508766206,37.56039401061364],[127.13266380609377,37.56046708915628],[127.13267940290552,37.56048035240942],[127.13270107881824,37.56052019709101],[127.13269425043535,37.560614970695575],[127.13268801548053,37.56069317445248],[127.13271475579562,37.56074887991893],[127.13289234294824,37.56074004197967],[127.1329741092501,37.56071056071671],[127.13307671026907,37.560725168603106],[127.13312390778441,37.5607452170695],[127.13314196964026,37.560699192441845],[127.13314172928746,37.56063333041851],[127.13313664345691,37.56048304212051],[127.1331320348488,37.56038528094423],[127.1331218189464,37.56032977338983],[127.13310588558977,37.560241007692],[127.13310195848972,37.5601445972345],[127.13308850052677,37.56006682984894],[127.1330910480138,37.55995150942331],[127.13309796156085,37.55987330487941],[127.13310327459432,37.5597988772619],[127.13307561760077,37.55976893217343],[127.13305842267555,37.559741444133756],[127.13299913468889,37.55969356853823],[127.1329612929664,37.55963857825615],[127.13296012547119,37.55963757945789],[127.13294165307755,37.55958509938493],[127.13283286544937,37.559468821635825]]]}},{"type":"Feature","properties":{"F_DISA_NM":"2020년 8.22~8.31 호우","F_AVR_HGT":36.62,"F_AREA":78102,"ADM_CD":"1174010100","F_SAT_YMD":"20200822","F_END_YMD":"20200831","F_SAT_TM":"14","F_END_TM":"20","F_RSN_DTL":"침수","F_ZONE_NM":"강동구 명일동 15","INV_YR":"2020","F_YR":"2020","GU_NAM":"강동구","F_SHIM":0.3},"geometry":{"type":"Polygon","coordinates":[[[127.14656037583283,37.5545960459762],[127.14664357802623,37.55459543919354],[127.14670766542574,37.55459472971821],[127.14688107372972,37.554592813502694],[127.14692496089066,37.55459251620056],[127.14751242411982,37.55458853875838],[127.14770461137697,37.554588625340884],[127.1481040829247,37.554588805856774],[127.14858358132048,37.55458505617209],[127.15002477636752,37.55456577323152],[127.15008735419704,37.55450586879627],[127.14965676059629,37.55170941265673],[127.14872663396395,37.551767869813],[127.14865845038004,37.5516754591435],[127.14865607330096,37.551669407451534],[127.14845978833513,37.55168224770939],[127.14737385078865,37.55174532086695],[127.14739823889494,37.55204179758839],[127.14740115441255,37.5520860956708],[127.14740690402876,37.55217355668751],[127.1474252891782,37.55242665812625],[127.147478980056,37.553090315075906],[127.14750165107938,37.553370521951756],[127.14751828786352,37.55356243926224],[127.14720984387674,37.5535796236881],[127.1470732279106,37.553586621670746],[127.14643301450796,37.55362651205836],[127.1464852041223,37.554015810766195],[127.14656037583283,37.5545960459762]]]}},{"type":"Feature","properties":{"F_DISA_NM":"2020년 8.22~8.31 호우","F_AVR_HGT":19.79,"F_AREA":142,"ADM_CD":"1174010900","F_SAT_YMD":"20200822","F_END_YMD":"20200831","F_SAT_TM":"15","F_END_TM":"21","F_RSN_DTL":"침수","F_ZONE_NM":"강동구 천호동 122-27","INV_YR":"2020","F_YR":"2020","GU_NAM":"강동구","F_SHIM":0.5},"geometry":{"type":"Polygon","coordinates":[[[127.13664185212608,37.54084350982574],[127.13663838469648,37.54085953342992],[127.13671427702236,37.540842066438294],[127.13670134330644,37.540810375337266],[127.13666033610588,37.54070293392924],[127.13661734958504,37.54070248756698],[127.13655316114146,37.54082886203295],[127.13664185212608,37.54084350982574]]]}},{"type":"Feature","properties":{"F_DISA_NM":"2020년 8.22~8.31 호우","F_AVR_HGT":30.13,"F_AREA":27664,"ADM_CD":"1174010600","F_SAT_YMD":"20200822","F_END_YMD":"20200831","F_SAT_TM":"14","F_END_TM":"20","F_RSN_DTL":"침수","F_ZONE_NM":"강동구 둔촌동 30-4","INV_YR":"2020","F_YR":"2020","GU_NAM":"강동구","F_SHIM":0.3},"geometry":{"type":"Polygon","coordinates":[[[127.14612213662438,37.53280339399655],[127.14614974970317,37.53279549451493],[127.14615360561628,37.53279440860118],[127.14641944583701,37.532729859955985],[127.14643055924468,37.532708150406584],[127.14650853749589,37.53269244950236],[127.14662048942012,37.53255910919007],[127.14691334132469,37.532434033562964],[127.1471383071006,37.53239485151688],[127.14725784344748,37.532340076856855],[127.1474963934925,37.53229351625082],[127.14747676618745,37.53216682482938],[127.14746375990087,37.5320820304138],[127.14755041451504,37.53208354508864],[127.1476124167664,37.53207935988027],[127.14756032896429,37.5319461493862],[127.1474963979709,37.531779148238535],[127.1474209699306,37.53158753710878],[127.14733234227164,37.5313625784394],[127.14726323066321,37.53118394271009],[127.14721429164163,37.53105776491441],[127.14709680474137,37.5307572753282],[127.14704004961966,37.53073641519432],[127.14691645457592,37.530768111192664],[127.14683508335021,37.53078912339547],[127.1466501671603,37.5308374457964],[127.14663317862498,37.53084553957182],[127.14649238757616,37.530889392634094],[127.14648221544888,37.53088289093762],[127.14648039502215,37.53088343376803],[127.14624929941809,37.53094495770523],[127.14610251142147,37.53098276297556],[127.14598651464037,37.531012574631916],[127.14598175423912,37.5310139229349],[127.14566837543052,37.53109952178529],[127.14563600136756,37.531108174790276],[127.1454747302112,37.53115125875302],[127.14546928514785,37.53116134750535],[127.14543947359603,37.531202406063926],[127.14544229233896,37.531209160079136],[127.14548040228578,37.53131226835949],[127.14553058241174,37.5314322285033],[127.14561480592596,37.53164656217933],[127.14563521388344,37.5316985245904],[127.1457091716634,37.531886841020444],[127.14571886941945,37.53191135421631],[127.14573618895552,37.5319104681153],[127.14573976299422,37.53194516100039],[127.14573702742494,37.531958129633395],[127.14578156323653,37.53207241128167],[127.14581911211614,37.53216569929631],[127.14588822745696,37.532341713948206],[127.1459080999683,37.532391559626234],[127.14596569404955,37.532536035530974],[127.14599252231068,37.53260813622583],[127.1460430370982,37.532730618495336],[127.14605837230143,37.53276838737937],[127.14608189615322,37.532781377938065],[127.14610767356108,37.5327954559348],[127.14612213662438,37.53280339399655]]]}},{"type":"Feature","properties":{"F_DISA_NM":"2020년 8.22~8.31 호우","F_AVR_HGT":23.78,"F_AREA":641,"ADM_CD":"1174010600","F_SAT_YMD":"20200822","F_END_YMD":"20200831","F_SAT_TM":"16","F_END_TM":"22","F_RSN_DTL":"침수","F_ZONE_NM":"강동구 둔촌동 87-7","INV_YR":"2020","F_YR":"2020","GU_NAM":"강동구","F_SHIM":0.5},"geometry":{"type":"Polygon","coordinates":[[[127.14311897709054,37.530350582651614],[127.14297254781464,37.53000342511206],[127.14293235034381,37.52999091339846],[127.14274154277354,37.530311111538744],[127.14291189544443,37.53032041320311],[127.14295213529815,37.53032532048686],[127.14311897709054,37.530350582651614]]]}},{"type":"Feature","properties":{"F_DISA_NM":"2020년 7.28~8.11 호우","F_AVR_HGT":5.4,"F_AREA":1983,"ADM_CD":"1150011000","F_SAT_YMD":"20200728","F_END_YMD":"20200819","F_SAT_TM":"3","F_END_TM":"9","F_RSN_DTL":"침수","F_ZONE_NM":"강서구 개화동 1-26","INV_YR":"2020","F_YR":"2020","GU_NAM":"강서구","F_SHIM":0.3},"geometry":{"type":"Polygon","coordinates":[[[126.80065344533233,37.6021030808099],[126.80087443853989,37.601976688574595],[126.80093844177632,37.601939298502174],[126.8008758019503,37.60184429163182],[126.80055508566863,37.60133988997597],[126.80054382339058,37.60134634885868],[126.800340490089,37.601521657862236],[126.80038079533011,37.60159227342535],[126.80047538526038,37.601761062321785],[126.80054380354562,37.60187996426962],[126.8006201387314,37.602032179934184],[126.80062474455013,37.602045990812975],[126.80065344533233,37.6021030808099]]]}},{"type":"Feature","properties":{"F_DISA_NM":"2020년 8.22~8.31 호우","F_AVR_HGT":5.6,"F_AREA":2149,"ADM_CD":"1150011000","F_SAT_YMD":"20200822","F_END_YMD":"20200831","F_SAT_TM":"15","F_END_TM":"21","F_RSN_DTL":"침수","F_ZONE_NM":"강서구 개화동 1-27","INV_YR":"2020","F_YR":"2020","GU_NAM":"강서구","F_SHIM":0.5},"geometry":{"type":"Polygon","coordinates":[[[126.80093844177632,37.601939298502174],[126.80120203624625,37.601787408177096],[126.80109146399323,37.60161098843707],[126.80081884812982,37.601175549207],[126.80070890273585,37.601259531922615],[126.80055508566863,37.60133988997597],[126.8008758019503,37.60184429163182],[126.80093844177632,37.601939298502174]]]}},{"type":"Feature","properties":{"F_DISA_NM":"2020년 8.14~ 호우","F_AVR_HGT":3.77,"F_AREA":2021,"ADM_CD":"1150011000","F_SAT_YMD":"20200814","F_END_YMD":"20200817","F_SAT_TM":"19","F_END_TM":"1","F_RSN_DTL":"침수","F_ZONE_NM":"강서구 개화동 1-28","INV_YR":"2020","F_YR":"2020","GU_NAM":"강서구","F_SHIM":0.5},"geometry":{"type":"Polygon","coordinates":[[[126.80081884812982,37.601175549207],[126.80109146399323,37.60161098843707],[126.80120203624625,37.601787408177096],[126.80154662843374,37.60159022701697],[126.80151359915519,37.60153817539485],[126.8013971581544,37.60134998817594],[126.801136573591,37.6012585739299],[126.80093100572097,37.601182785546214],[126.80084606840799,37.601155575673815],[126.80081884812982,37.601175549207]]]}},{"type":"Feature","properties":{"F_DISA_NM":"2020년 7.28~8.11 호우","F_AVR_HGT":3.57,"F_AREA":279,"ADM_CD":"1150011000","F_SAT_YMD":"20200728","F_END_YMD":"20200805","F_SAT_TM":"9","F_END_TM":"15","F_RSN_DTL":"침수(기타)","F_ZONE_NM":"강서구 개화동 1-29","INV_YR":"2020","F_YR":"2020","GU_NAM":"강서구","F_SHIM":0.3},"geometry":{"type":"Polygon","coordinates":[[[126.80165421805557,37.601472335591886],[126.80163831148519,37.60145393763709],[126.80159958188817,37.601424635184145],[126.80155105642325,37.601403974557456],[126.8013971581544,37.60134998817594],[126.80151359915519,37.60153817539485],[126.80154662843374,37.60159022701697],[126.80167585798746,37.6015148985735],[126.80165421805557,37.601472335591886]]]}},{"type":"Feature","properties":{"F_DISA_NM":"2020년 7.28~8.11 호우","F_AVR_HGT":5.32,"F_AREA":1674,"ADM_CD":"1150011000","F_SAT_YMD":"20200728","F_END_YMD":"20200805","F_SAT_TM":"9","F_END_TM":"15","F_RSN_DTL":"침수(기타)","F_ZONE_NM":"강서구 개화동 1-16","INV_YR":"2020","F_YR":"2020","GU_NAM":"강서구","F_SHIM":0.3},"geometry":{"type":"Polygon","coordinates":[[[126.80008965761965,37.60132476197484],[126.80019607691119,37.60141077106541],[126.800340490089,37.601521657862236],[126.80054382339058,37.60134634885868],[126.80055508566863,37.60133988997597],[126.80070890273585,37.601259531922615],[126.80081884812982,37.601175549207],[126.80084606840799,37.601155575673815],[126.80051069841382,37.601048148562214],[126.80045049449598,37.60102890916397],[126.8004114098446,37.60106025080181],[126.80031977649554,37.60113538067557],[126.80011999819759,37.60129839696433],[126.80008965761965,37.60132476197484]]]}},{"type":"Feature","properties":{"F_DISA_NM":"2020년 7.28~8.11 호우","F_AVR_HGT":3.37,"F_AREA":5740,"ADM_CD":"1150011000","F_SAT_YMD":"20200728","F_END_YMD":"20200805","F_SAT_TM":"9","F_END_TM":"15","F_RSN_DTL":"침수(기타)","F_ZONE_NM":"강서구 개화동 656","INV_YR":"2020","F_YR":"2020","GU_NAM":"강서구","F_SHIM":0.3},"geometry":{"type":"Polygon","coordinates":[[[126.80209024409149,37.60198171336253],[126.80208647526342,37.60198514874455],[126.80207452537257,37.60198619171074],[126.80199494300133,37.60196326236916],[126.80177318453421,37.601821730480644],[126.8017712231811,37.60181833947007],[126.80169982689873,37.60182988633367],[126.80169662928238,37.601831448628374],[126.80169307090611,37.60183240665446],[126.80168933305353,37.60183272467955],[126.80168559696004,37.60183238499085],[126.80168204378879,37.60183139690489],[126.8016788659067,37.601829814806315],[126.80167618768711,37.601827710984274],[126.80165834424469,37.601830608961635],[126.80164651465272,37.601829021221626],[126.80163455856678,37.60182815405159],[126.80162256660417,37.60182799859512],[126.80161058403729,37.60182856393873],[126.80160501185895,37.60181187732919],[126.80160124109744,37.60179486941719],[126.80160846407595,37.60177864596053],[126.80161048033618,37.60176151270301],[126.80160724457865,37.601747704182365],[126.80161074663845,37.60173393410319],[126.80162028412337,37.601720309393116],[126.80163826716085,37.60169908568919],[126.80165304402126,37.601682622746765],[126.80166550252883,37.6016649936104],[126.80168033794934,37.601647800968365],[126.80169814222756,37.601608719493996],[126.80169669647971,37.60156920899623],[126.80168886940608,37.601527633456],[126.80168071219373,37.60151211374887],[126.80167585798746,37.6015148985735],[126.80154662843374,37.60159022701697],[126.80120203624625,37.601787408177096],[126.80093844177632,37.601939298502174],[126.80087443853989,37.601976688574595],[126.80065344533233,37.6021030808099],[126.80041948418081,37.602238208075065],[126.80208955187796,37.60224104175127],[126.80209024409149,37.60198171336253]]]}},{"type":"Feature","properties":{"F_DISA_NM":"2020년 7.28~8.11 호우","F_AVR_HGT":25.91,"F_AREA":89,"ADM_CD":"1159010200","F_SAT_YMD":"20200728","F_END_YMD":"20200818","F_SAT_TM":"8","F_END_TM":"14","F_RSN_DTL":"침수(개인하수도역류)","F_ZONE_NM":"동작구 상도동 348-149","INV_YR":"2020","F_YR":"2020","GU_NAM":"동작구","F_SHIM":0.5},"geometry":{"type":"Polygon","coordinates":[[[126.93219169002656,37.50098699697738],[126.93220147720126,37.50099395842863],[126.93232332786381,37.500900262943524],[126.932265911574,37.500864036190535],[126.93215930080684,37.50095052356699],[126.93219169002656,37.50098699697738]]]}},{"type":"Feature","properties":{"F_DISA_NM":"2020년 7.28~8.11 호우","F_AVR_HGT":32.92,"F_AREA":231,"ADM_CD":"1159010700","F_SAT_YMD":"20200728","F_END_YMD":"20200811","F_SAT_TM":"10","F_END_TM":"16","F_RSN_DTL":"침수(기타)","F_ZONE_NM":"동작구 사당동 229-14","INV_YR":"2020","F_YR":"2020","GU_NAM":"동작구","F_SHIM":0.5},"geometry":{"type":"Polygon","coordinates":[[[126.96744922001139,37.484313697652254],[126.96751219376033,37.48437129877878],[126.96767446121252,37.48422897816426],[126.96750487948094,37.48411957495332],[126.96749081998075,37.48415674621645],[126.96751305697664,37.48423789678822],[126.96748985142403,37.48427302915538],[126.96744922001139,37.484313697652254]]]}},{"type":"Feature","properties":{"F_DISA_NM":"2020년 7.28~8.11 호우","F_AVR_HGT":35.51,"F_AREA":1300,"ADM_CD":"1165010100","F_SAT_YMD":"20200728","F_END_YMD":"20200805","F_SAT_TM":"12","F_END_TM":"18","F_RSN_DTL":"침수(기타)","F_ZONE_NM":"서초구 방배동 984-3","INV_YR":"2020","F_YR":"2020","GU_NAM":"서초구","F_SHIM":0.3},"geometry":{"type":"Polygon","coordinates":[[[126.9990044913227,37.48150861231951],[126.99907131151016,37.4814708617502],[126.99908092177049,37.48146797874323],[126.99917166896763,37.481320279369015],[126.99914772410533,37.48127706684891],[126.99902271435596,37.48123981686541],[126.99876649960005,37.481163235043],[126.99864329051957,37.48135255960439],[126.99856719614068,37.481469372600564],[126.9987990943785,37.481489632679036],[126.9990044913227,37.48150861231951]]]}},{"type":"Feature","properties":{"F_DISA_NM":"2020년 8.22~8.31 호우","F_AVR_HGT":14.36,"F_AREA":456,"ADM_CD":"1165010100","F_SAT_YMD":"20200822","F_END_YMD":"20200831","F_SAT_TM":"19","F_END_TM":"1","F_RSN_DTL":"침수","F_ZONE_NM":"서초구 방배동 2239","INV_YR":"2020","F_YR":"2020","GU_NAM":"서초구","F_SHIM":0.5},"geometry":{"type":"Polygon","coordinates":[[[126.9829389304239,37.49137128258845],[126.98316575039402,37.49136548856457],[126.98316600906787,37.49132498864749],[126.98316648363323,37.49123397869389],[126.98316604163462,37.49114563555707],[126.98307455144936,37.491149333432546],[126.9830341422184,37.49117937547443],[126.98296613520921,37.491193348339245],[126.98293952877687,37.491192470188636],[126.98293783265883,37.49119241586194],[126.98294120280057,37.49128175055944],[126.98293458734447,37.491283911919595],[126.9829389304239,37.49137128258845]]]}},{"type":"Feature","properties":{"F_DISA_NM":"2020년 7.28~8.11 호우","F_AVR_HGT":17.46,"F_AREA":182.2,"ADM_CD":"1165010100","F_SAT_YMD":"20200728","F_END_YMD":"20200811","F_SAT_TM":"8","F_END_TM":"14","F_RSN_DTL":"침수(기타)","F_ZONE_NM":"서초구 방배동 467-4","INV_YR":"2020","F_YR":"2020","GU_NAM":"서초구","F_SHIM":0.5},"geometry":{"type":"Polygon","coordinates":[[[126.98412293687534,37.478924880251284],[126.98417011562934,37.47897340614779],[126.98428196301447,37.47892384938002],[126.98421731373729,37.47884013684007],[126.98420183140156,37.47881218548773],[126.98410381034657,37.47881575707245],[126.98410639225091,37.478895081676214],[126.98412085712256,37.47892274457021],[126.98412293687534,37.478924880251284]]]}}]}