{"type":"FeatureCollection","features":[{"type":"Feature","properties":{"PNU":1111014000100980000,"피해위치(":"서울특별시 종로구 삼청동 98-1 1층","피해일시":"20250822 - 1031","F_SHIM":0.3,"F_AREA":106.09166321,"F_AVR_HGT":"56.305146026611325","ADM_CD":"1111014000","F_YR":"2025","F_ZONE_NM":"서울특별시 종로구 삼청동 98-1 1층","TYPE":"소상공인","TYPE2":"재난지원금"},"geometry":{"type":"Polygon","coordinates":[[[126.98186736864405,37.58451735417118],[126.98186621542817,37.584511299354936],[126.98194837380012,37.58447867029052],[126.98193144225057,37.584414012744354],[126.98179372932803,37.58444424491524],[126.98181355666878,37.584518147078015],[126.98186736864405,37.58451735417118]]]}},{"type":"Feature","properties":{"PNU":1111018200101360000,"피해위치(":"서울특별시 종로구 구기동 136-4 1층","피해일시":"20250822 - 1023","F_SHIM":0.3,"F_AREA":665.42416057,"F_AVR_HGT":"108.81112365722656","ADM_CD":"1111018200","F_YR":"2025","F_ZONE_NM":"서울특별시 종로구 구기동 136-4 1층","TYPE":"소상공인","TYPE2":"재난지원금"},"geometry":{"type":"Polygon","coordinates":[[[126.95693356013062,37.61040026451564],[126.9568569396132,37.61055693428009],[126.95674126737173,37.61052585163021],[126.95680155640618,37.61061549513654],[126.95686648970585,37.61068515659488],[126.95693361864188,37.6107196445226],[126.95704732759152,37.6107389954622],[126.95710768071807,37.610474147597664],[126.95693356013062,37.61040026451564]]]}},{"type":"Feature","properties":{"PNU":1111010900100090000,"피해위치(":"서울특별시 종로구 누상동 9","피해일시":"20250814 - 1555","F_SHIM":0.3,"F_AREA":105.17877846,"F_AVR_HGT":"50.864987182617185","ADM_CD":"1111010900","F_YR":"2025","F_ZONE_NM":"서울특별시 종로구 누상동 9","TYPE":"주택","TYPE2":"재난지원금"},"geometry":{"type":"Polygon","coordinates":[[[126.965655018596,37.58151201544894],[126.96571911689333,37.58149309617516],[126.96574935161388,37.5814781309499],[126.96572348795968,37.581443525241056],[126.96570823658718,37.58142353674198],[126.96568905145315,37.58139103234882],[126.96568278380612,37.5813821016732],[126.96560216321902,37.58141098981906],[126.96559787249562,37.581410988513554],[126.96561568558273,37.58144797040545],[126.96562340537871,37.58145056759322],[126.965655018596,37.58151201544894]]]}},{"type":"Feature","properties":{"PNU":1138010400103290000,"피해위치(":"서울특별시 은평구 갈현동 329-9 지하 2호","피해일시":"20250813 - 1200","F_SHIM":0.1,"F_AREA":190.27451514,"F_AVR_HGT":"35.772359466552736","ADM_CD":"1138010400","F_YR":"2025","F_ZONE_NM":"서울특별시 은평구 갈현동 329-9 지하 2호","TYPE":"주택","TYPE2":"재난지원금"},"geometry":{"type":"Polygon","coordinates":[[[126.90814573921827,37.616356119039864],[126.90812447555727,37.6162414974888],[126.90810307197603,37.616238777606554],[126.9080968177518,37.61625850412979],[126.90793101846384,37.61624260560271],[126.90793241253688,37.61630513475813],[126.9079374753383,37.6163323483852],[126.907979024784,37.616347247504464],[126.90803928861003,37.61634161907829],[126.90814573921827,37.616356119039864]]]}},{"type":"Feature","properties":{"PNU":1111018300104740000,"피해위치(":"서울특별시 종로구 평창동 474-20 102호","피해일시":"20250814 - 1439","F_SHIM":0.3,"F_AREA":527.94198105,"F_AVR_HGT":"213.89161376953126","ADM_CD":"1111018300","F_YR":"2025","F_ZONE_NM":"서울특별시 종로구 평창동 474-20 102호","TYPE":"주택","TYPE2":"재난지원금"},"geometry":{"type":"Polygon","coordinates":[[[126.97166235969343,37.61489104931626],[126.97173047669808,37.61466147853357],[126.9714741300918,37.61466268393138],[126.97141595018131,37.61485233463057],[126.97166235969343,37.61489104931626]]]}},{"type":"Feature","properties":{"PNU":1111018300104170000,"피해위치(":"서울특별시 종로구 평창동 417-5","피해일시":"20250814 - 1339","F_SHIM":0.3,"F_AREA":758.00540393,"F_AVR_HGT":"218.47591857910157","ADM_CD":"1111018300","F_YR":"2025","F_ZONE_NM":"서울특별시 종로구 평창동 417-5","TYPE":"주택","TYPE2":"재난지원금"},"geometry":{"type":"Polygon","coordinates":[[[126.97948396191259,37.614727465977744],[126.97952281449106,37.6145228423962],[126.97943796159748,37.61451296981621],[126.97943971031899,37.61449778861137],[126.97918509877704,37.61445618744987],[126.9791639244828,37.61451294525195],[126.97916223363328,37.6145237927444],[126.97916957212132,37.61460243176652],[126.97918871557228,37.61470880521974],[126.97948396191259,37.614727465977744]]]}},{"type":"Feature","properties":{"PNU":1138010300103530000,"피해위치(":"서울특별시 은평구 불광동 353-12 지층 우측","피해일시":"20250823 - 1736","F_SHIM":0.1,"F_AREA":126.63360857,"F_AVR_HGT":"33.619119262695314","ADM_CD":"1138010300","F_YR":"2025","F_ZONE_NM":"서울특별시 은평구 불광동 353-12 지층 우측","TYPE":"주택","TYPE2":"재난지원금"},"geometry":{"type":"Polygon","coordinates":[[[126.92609640662887,37.6210439631258],[126.92612830894801,37.62099415031149],[126.9261684448132,37.62093435988793],[126.92605827769788,37.620888699906956],[126.92603967339865,37.620916167897235],[126.92600926752338,37.62096471126407],[126.92609640662887,37.6210439631258]]]}},{"type":"Feature","properties":{"PNU":1138010700105940100,"피해위치(":"서울특별시 은평구 응암동 594-42 지층안쪽","피해일시":"20250822 - 1349","F_SHIM":0.1,"F_AREA":128.54941309,"F_AVR_HGT":"18.463637924194337","ADM_CD":"1138010700","F_YR":"2025","F_ZONE_NM":"서울특별시 은평구 응암동 594-42 지층안쪽","TYPE":"주택","TYPE2":"재난지원금"},"geometry":{"type":"Polygon","coordinates":[[[126.91555089067579,37.58641712905504],[126.9156574933524,37.58636197624867],[126.91559792744337,37.58627444724485],[126.91556145415643,37.586289016652266],[126.91551512499763,37.58630862438533],[126.91548861837421,37.586320227779865],[126.91552534750151,37.5863785482841],[126.91555089067579,37.58641712905504]]]}},{"type":"Feature","properties":{"PNU":1111018600101340000,"피해위치(":"서울특별시 종로구 신영동 134-3","피해일시":"20250814 - 1358","F_SHIM":0.3,"F_AREA":84.23723761,"F_AVR_HGT":"82.71436004638672","ADM_CD":"1111018600","F_YR":"2025","F_ZONE_NM":"서울특별시 종로구 신영동 134-3","TYPE":"주택","TYPE2":"재난지원금"},"geometry":{"type":"Polygon","coordinates":[[[126.96159277211072,37.60120498344788],[126.96165112368696,37.601250935292285],[126.96175037420818,37.60117689895239],[126.96169954064902,37.60113323819026],[126.96159277211072,37.60120498344788]]]}},{"type":"Feature","properties":{"PNU":1111018300105330000,"피해위치(":"서울특별시 종로구 평창동 533-1","피해일시":"20250814 - 1350","F_SHIM":0.3,"F_AREA":632.56354221,"F_AVR_HGT":"170.4410369873047","ADM_CD":"1111018300","F_YR":"2025","F_ZONE_NM":"서울특별시 종로구 평창동 533-1","TYPE":"주택","TYPE2":"재난지원금"},"geometry":{"type":"Polygon","coordinates":[[[126.96759451405917,37.61359898823216],[126.96732857520617,37.61368023405124],[126.96712032614276,37.61374699030175],[126.9672327866949,37.61386165486757],[126.96735616694716,37.6138256063514],[126.96757716664168,37.61376443042726],[126.96759056930318,37.613730881740615],[126.96759724434513,37.613697168942075],[126.96759451405917,37.61359898823216]]]}},{"type":"Feature","properties":{"PNU":1111018600101160000,"피해위치(":"서울특별시 종로구 신영동 116 1층","피해일시":"20250822 - 1038","F_SHIM":0.3,"F_AREA":157.26379401,"F_AVR_HGT":"82.71436004638672","ADM_CD":"1111018600","F_YR":"2025","F_ZONE_NM":"서울특별시 종로구 신영동 116 1층","TYPE":"소상공인","TYPE2":"재난지원금"},"geometry":{"type":"Polygon","coordinates":[[[126.96187117781619,37.60156590301115],[126.96191440477057,37.601518669971234],[126.9619328297865,37.60145358012414],[126.96187289432201,37.60140417712326],[126.96178689780565,37.60149037228756],[126.96175249579633,37.601531139196155],[126.96180710142477,37.60155198831028],[126.96187117781619,37.60156590301115]]]}},{"type":"Feature","properties":{"PNU":1111018600101350000,"피해위치(":"서울특별시 종로구 신영동 135-1","피해일시":"20250814 - 1423","F_SHIM":0.3,"F_AREA":51.25908389,"F_AVR_HGT":"82.71436004638672","ADM_CD":"1111018600","F_YR":"2025","F_ZONE_NM":"서울특별시 종로구 신영동 135-1","TYPE":"주택","TYPE2":"재난지원금"},"geometry":{"type":"Polygon","coordinates":[[[126.96181866682574,37.60107678667655],[126.96188995955653,37.60106320578955],[126.96190671929328,37.60106321141556],[126.96192927467277,37.601046226441035],[126.96186630844603,37.60098970464981],[126.96185705297347,37.60099658505137],[126.96186514070774,37.60101358932117],[126.96181870270918,37.60103056625277],[126.96181866682574,37.60107678667655]]]}},{"type":"Feature","properties":{"PNU":1111018600101350000,"피해위치(":"서울특별시 종로구 신영동 135-2 없음연립 102호","피해일시":"20250814 - 1430","F_SHIM":0.3,"F_AREA":171.99315293,"F_AVR_HGT":"76.37186126708984","ADM_CD":"1111018600","F_YR":"2025","F_ZONE_NM":"서울특별시 종로구 신영동 135-2 없음연립 102호","TYPE":"주택","TYPE2":"재난지원금"},"geometry":{"type":"Polygon","coordinates":[[[126.96200332401972,37.600980560573426],[126.96207456533888,37.600913974717336],[126.96221307563788,37.60079700122891],[126.96225921825565,37.60075984201947],[126.96220958740128,37.60075473494534],[126.96217262314703,37.60078077005296],[126.9621325497611,37.600775792269815],[126.96207943617108,37.600825400688166],[126.96203204884206,37.60086053219829],[126.96203203813316,37.600880795306516],[126.96197040448105,37.60093829343675],[126.96199408629602,37.600953915407985],[126.96200332401972,37.600980560573426]]]}},{"type":"Feature","properties":{"PNU":1138010300103100000,"피해위치(":"서울특별시 은평구 불광동 310-86 연서시장, 1층 신흥상회","피해일시":"20250813 - 1200","F_SHIM":0.1,"F_AREA":29.55141991,"F_AVR_HGT":"27.666200256347658","ADM_CD":"1138010300","F_YR":"2025","F_ZONE_NM":"서울특별시 은평구 불광동 310-86 연서시장, 1층 신흥상회","TYPE":"소상공인","TYPE2":"재난지원금"},"geometry":{"type":"Polygon","coordinates":[[[126.92146508150269,37.61922122985006],[126.92143910188297,37.61925947685153],[126.9214990009877,37.619278347968766],[126.9215067234811,37.61928064169463],[126.92152782039062,37.61924313017257],[126.92152837646053,37.6192421484811],[126.92149905013567,37.619232488111244],[126.92146508150269,37.61922122985006]]]}},{"type":"Feature","properties":{"PNU":1138011400102900000,"피해위치(":"서울특별시 은평구 진관동 290-22","피해일시":"20250813 - 1200","F_SHIM":0.1,"F_AREA":5169.37983584,"F_AVR_HGT":"54.45908126831055","ADM_CD":"1138011400","F_YR":"2025","F_ZONE_NM":"서울특별시 은평구 진관동 290-22","TYPE":"주택","TYPE2":"재난지원금"},"geometry":{"type":"Polygon","coordinates":[[[126.9430771142331,37.6528234147662],[126.94318794173837,37.65282274883732],[126.94331951375915,37.65281317338652],[126.94339206023746,37.65278536902287],[126.9434444645599,37.652720524622616],[126.9435488189524,37.65259173650193],[126.94355019475601,37.65257119494437],[126.9436046523952,37.652488512170976],[126.94361285743042,37.652429232032006],[126.9437067732565,37.65231656609683],[126.9438138191671,37.652222826987405],[126.94381276880017,37.65211579061707],[126.94390347553973,37.65204902763801],[126.9439549501999,37.65201287861017],[126.94397705986964,37.651996671842014],[126.94412476269613,37.65194841548067],[126.94412370905559,37.651830333149434],[126.94398688250133,37.65189657828149],[126.94389840510942,37.65193826827399],[126.94388871282897,37.65194284049393],[126.94370332655447,37.65208501377664],[126.94365248832659,37.65217697842161],[126.94358678997808,37.6522884869087],[126.94352268084651,37.652396212042525],[126.94350142284135,37.65248269520719],[126.94344774506907,37.65258240674736],[126.94335167284055,37.65269840501578],[126.94326461368092,37.65273620301347],[126.94315523636882,37.652737419326726],[126.94308601997592,37.652738186930776],[126.94286991618559,37.65274168359329],[126.94273505319927,37.652757293436345],[126.94258283241673,37.652797941563215],[126.94249088950859,37.652848980883356],[126.94242105274702,37.65288885911632],[126.94240673893556,37.652890725973094],[126.94220662887213,37.6529167718304],[126.94208132547097,37.65288075985806],[126.94180743806305,37.65274426797215],[126.94170706541362,37.65269424904456],[126.9415856528618,37.65261174819993],[126.9414639461727,37.652613398158664],[126.940998446846,37.6527308276226],[126.94066170714825,37.652812102540736],[126.94017954881839,37.65292762812589],[126.94001088052934,37.65298565319839],[126.93973042335993,37.6529729830852],[126.93947357009233,37.65292041152561],[126.93928251545228,37.65291661688994],[126.93911503880321,37.652904004863565],[126.93894053545922,37.6528924700424],[126.93874803877574,37.65285182389493],[126.93854348032389,37.65287045515632],[126.93852152109828,37.652881255133],[126.93857925049922,37.6529569137955],[126.9386052918032,37.65294310672844],[126.93873131306847,37.65293218197217],[126.93874580302959,37.65295002898989],[126.93888301815957,37.652968662010046],[126.93899452160339,37.65297304583997],[126.93913921009482,37.652998710128344],[126.93927948175191,37.65302130859375],[126.93947200360172,37.65303258209918],[126.93952753653609,37.653025403493224],[126.93984717545884,37.65305732138637],[126.93994837354354,37.65306742912835],[126.94021699253291,37.65300702349398],[126.94028832143603,37.65298700483232],[126.9405258612631,37.65292032959127],[126.94068157574905,37.652891029198045],[126.94076364343594,37.652875583729816],[126.94086267000208,37.652852479627185],[126.94097096785207,37.65282719984034],[126.94105316309269,37.65280801518923],[126.94115580507065,37.65278406577661],[126.94115468408592,37.652782975023094],[126.94116340002809,37.65278095228862],[126.94115646398258,37.65276801974688],[126.94126471937906,37.65272488234126],[126.94130657200682,37.65272042586391],[126.94147456201019,37.65271467316776],[126.94167978209704,37.652759754119934],[126.9417443913521,37.65276694962673],[126.94174291689919,37.65286752473166],[126.94175248017228,37.652868700844664],[126.94189375050661,37.652918506156475],[126.94208078257023,37.652993201276736],[126.94219090031724,37.65298763462251],[126.94226855791817,37.652974357239614],[126.94234450886069,37.65295540280637],[126.94241784508245,37.65293264489939],[126.9424330903612,37.65292795845575],[126.94247703329134,37.65290266305616],[126.94248851731739,37.65289673137719],[126.94250068051339,37.65289174606071],[126.94280963343286,37.652780503655805],[126.94282060523312,37.65277741877088],[126.94283207443469,37.65277586579007],[126.942843712368,37.65277589860827],[126.94285517908112,37.65277750804667],[126.9430771142331,37.6528234147662]]]}},{"type":"Feature","properties":{"PNU":1138010700105840000,"피해위치(":"서울특별시 은평구 응암동 584-18 102호 다온헤어","피해일시":"20250813 - 1200","F_SHIM":0.1,"F_AREA":119.8779968,"F_AVR_HGT":"14.33714256286621","ADM_CD":"1138010700","F_YR":"2025","F_ZONE_NM":"서울특별시 은평구 응암동 584-18 102호 다온헤어","TYPE":"소상공인","TYPE2":"재난지원금"},"geometry":{"type":"Polygon","coordinates":[[[126.91612291031235,37.59144017414582],[126.91609048878291,37.591374919413795],[126.91606788691495,37.59133688151118],[126.91604341966008,37.591345873640876],[126.91596163331037,37.591377889435236],[126.91603625246039,37.59147452902645],[126.91612291031235,37.59144017414582]]]}},{"type":"Feature","properties":{"PNU":1150010800100210000,"피해위치(":"서울특별시 강서구 공항동 21-3 b01호","피해일시":"20250813 - 1153","F_SHIM":0.5,"F_AREA":193.54830608,"F_AVR_HGT":"11.462573051452637","ADM_CD":"1150010800","F_YR":"2025","F_ZONE_NM":"서울특별시 강서구 공항동 21-3 b01호","TYPE":"주택","TYPE2":"재난지원금"},"geometry":{"type":"Polygon","coordinates":[[[126.81329236922254,37.56296311003899],[126.8133474047685,37.5629203557933],[126.81338396655153,37.562891960862046],[126.8134018629934,37.562891115418545],[126.81341121568333,37.56288512974058],[126.81333160497299,37.5628211048273],[126.81334512831064,37.56280843146244],[126.81324570038143,37.56281146245736],[126.81321418852355,37.56281209695635],[126.81319070324746,37.56288393129484],[126.81321544386672,37.562920424719735],[126.81321899596078,37.562925665123615],[126.81323040676577,37.56292041254236],[126.8132596985847,37.56290695344331],[126.81326751969199,37.56292039964113],[126.81329236922254,37.56296311003899]]]}},{"type":"Feature","properties":{"PNU":1138010300103910000,"피해위치(":"서울특별시 은평구 불광동 391-68 103호","피해일시":"20250813 - 1200","F_SHIM":0.1,"F_AREA":680.64951822,"F_AVR_HGT":"56.32611618041992","ADM_CD":"1138010300","F_YR":"2025","F_ZONE_NM":"서울특별시 은평구 불광동 391-68 103호","TYPE":"주택","TYPE2":"재난지원금"},"geometry":{"type":"Polygon","coordinates":[[[126.9203888575322,37.624213004071436],[126.92034573948581,37.624290512706025],[126.92034421336454,37.62431890151679],[126.92033378567776,37.6245017030581],[126.92042367525144,37.62444563385251],[126.92046596734446,37.624419408370315],[126.92063972673505,37.624311175811705],[126.92061078988598,37.62428533390557],[126.92072354211369,37.624215188824685],[126.92070191858203,37.6242247604383],[126.92064468008405,37.62413050580653],[126.9203888575322,37.624213004071436]]]}},{"type":"Feature","properties":{"PNU":1138010300103080100,"피해위치(":"서울특별시 은평구 불광동 308-19 1층","피해일시":"20250823 - 2000","F_SHIM":0.1,"F_AREA":774.89283391,"F_AVR_HGT":"27.925691223144533","ADM_CD":"1138010300","F_YR":"2025","F_ZONE_NM":"서울특별시 은평구 불광동 308-19 1층","TYPE":"소상공인","TYPE2":"재난지원금"},"geometry":{"type":"Polygon","coordinates":[[[126.92187188620338,37.618744228861445],[126.92225562929545,37.61886017309658],[126.92227230604179,37.61883540734003],[126.92233729282616,37.618863020957804],[126.92232968807882,37.61887788202889],[126.92242240602704,37.61892407439787],[126.9226325871008,37.61864536169718],[126.9226068029314,37.61860660230644],[126.92243269399654,37.61883551493566],[126.9219935718041,37.61860456888724],[126.92187188620338,37.618744228861445]]]}},{"type":"Feature","properties":{"PNU":1138010500103390000,"피해위치(":"서울특별시 은평구 구산동 339-1 비동 지층 나호","피해일시":"20250813 - 1200","F_SHIM":0.1,"F_AREA":397.86888763,"F_AVR_HGT":"33.775628662109376","ADM_CD":"1138010500","F_YR":"2025","F_ZONE_NM":"서울특별시 은평구 구산동 339-1 비동 지층 나호","TYPE":"주택","TYPE2":"재난지원금"},"geometry":{"type":"Polygon","coordinates":[[[126.90870433442493,37.615101223366274],[126.90882590405135,37.61497878553358],[126.90896016713836,37.61484951007514],[126.90894602298376,37.61483850701558],[126.90887315487522,37.614779795985314],[126.90878832482123,37.61486829577028],[126.90869862506656,37.61495616097632],[126.90859634443875,37.615050863661054],[126.90860078711452,37.61505773263228],[126.9086671186001,37.615090256185205],[126.90870433442493,37.615101223366274]]]}},{"type":"Feature","properties":{"PNU":1135010200104730000,"피해위치(":"서울특별시 노원구 월계동 473-6 정호빌라 b01호","피해일시":"20250813 - 1201","F_SHIM":0.15,"F_AREA":158.71470954,"F_AVR_HGT":"22.11582221984863","ADM_CD":"1135010200","F_YR":"2025","F_ZONE_NM":"서울특별시 노원구 월계동 473-6 정호빌라 b01호","TYPE":"주택","TYPE2":"재난지원금"},"geometry":{"type":"Polygon","coordinates":[[[127.05863231438379,37.61798258829671],[127.0586774530266,37.61808837759421],[127.05872854433,37.618098497878535],[127.05881132911954,37.61805122832069],[127.0587119302999,37.61793880713583],[127.05863231438379,37.61798258829671]]]}},{"type":"Feature","properties":{"PNU":1135010200104750000,"피해위치(":"서울특별시 노원구 월계동 475-15 지하3호","피해일시":"20250822 - 1821","F_SHIM":0.15,"F_AREA":171.29754225,"F_AVR_HGT":"20.20537986755371","ADM_CD":"1135010200","F_YR":"2025","F_ZONE_NM":"서울특별시 노원구 월계동 475-15 지하3호","TYPE":"주택","TYPE2":"재난지원금"},"geometry":{"type":"Polygon","coordinates":[[[127.05854905724382,37.617722875870726],[127.05860767728207,37.61778802446169],[127.05877348622045,37.61768150229474],[127.05870755577907,37.61761028471863],[127.05868558325122,37.61762663014185],[127.05859652674833,37.6176924718576],[127.05858268456437,37.61770599325985],[127.05856356204134,37.617716760212375],[127.05854905724382,37.617722875870726]]]}},{"type":"Feature","properties":{"PNU":1135010200104750100,"피해위치(":"서울특별시 노원구 월계동 475-23 B01호","피해일시":"20250822 - 1829","F_SHIM":0.15,"F_AREA":190.29268609,"F_AVR_HGT":"20.20537986755371","ADM_CD":"1135010200","F_YR":"2025","F_ZONE_NM":"서울특별시 노원구 월계동 475-23 B01호","TYPE":"주택","TYPE2":"재난지원금"},"geometry":{"type":"Polygon","coordinates":[[[127.05863231438379,37.61798258829671],[127.0587119302999,37.61793880713583],[127.05877449390772,37.61790258441193],[127.05868816630239,37.6178049149232],[127.05855646605978,37.61788752648458],[127.05856443722925,37.61791347988086],[127.05860827077255,37.6179272526967],[127.05863231438379,37.61798258829671]]]}},{"type":"Feature","properties":{"PNU":1150010800100180000,"피해위치(":"서울특별시 강서구 공항동 18-4","피해일시":"20250813 - 1151","F_SHIM":0.5,"F_AREA":202.21311608,"F_AVR_HGT":"12.051779747009277","ADM_CD":"1150010800","F_YR":"2025","F_ZONE_NM":"서울특별시 강서구 공항동 18-4","TYPE":"주택","TYPE2":"재난지원금"},"geometry":{"type":"Polygon","coordinates":[[[126.81190997334555,37.56384041532521],[126.81195961545309,37.5638139339194],[126.81188160920526,37.56372877344493],[126.81186619571821,37.563736803517344],[126.81182645521876,37.56375964278274],[126.81172398880972,37.5638266377337],[126.81172823897452,37.563833302864076],[126.81173211905949,37.56383861591802],[126.81179152276654,37.563908357730526],[126.8118010754827,37.56389947132277],[126.81190997334555,37.56384041532521]]]}},{"type":"Feature","properties":{"PNU":1150010900106150100,"피해위치(":"서울특별시 강서구 방화동 615-90 101호","피해일시":"20250813 - 1100","F_SHIM":0.5,"F_AREA":171.43658881,"F_AVR_HGT":"8.979183197021484","ADM_CD":"1150010900","F_YR":"2025","F_ZONE_NM":"서울특별시 강서구 방화동 615-90 101호","TYPE":"주택","TYPE2":"재난지원금"},"geometry":{"type":"Polygon","coordinates":[[[126.80816725367367,37.56526765448137],[126.80828145395527,37.565265408775694],[126.80830289168993,37.565265371780654],[126.80833523178507,37.56522055552934],[126.8083106090733,37.56515218435808],[126.8082662818566,37.56515342725457],[126.80816235358131,37.56515781609839],[126.80816554973127,37.565226233302546],[126.80816725367367,37.56526765448137]]]}},{"type":"Feature","properties":{"PNU":1150010900106000000,"피해위치(":"서울특별시 강서구 방화동 600-39 지층01","피해일시":"20250813 - 1100","F_SHIM":0.5,"F_AREA":135.84643282,"F_AVR_HGT":"9.703636169433594","ADM_CD":"1150010900","F_YR":"2025","F_ZONE_NM":"서울특별시 강서구 방화동 600-39 지층01","TYPE":"주택","TYPE2":"재난지원금"},"geometry":{"type":"Polygon","coordinates":[[[126.81062061634728,37.56722462655851],[126.8107641460093,37.56722724615429],[126.81076448977636,37.567145698368456],[126.81076346112953,37.56713183952502],[126.81062042340044,37.56712724756222],[126.81062061634728,37.56722462655851]]]}},{"type":"Feature","properties":{"PNU":1138010300103560100,"피해위치(":"서울특별시 은평구 불광동 356-25","피해일시":"20250813 - 1200","F_SHIM":0.1,"F_AREA":165.08114752,"F_AVR_HGT":"30.62853012084961","ADM_CD":"1138010300","F_YR":"2025","F_ZONE_NM":"서울특별시 은평구 불광동 356-25","TYPE":"소상공인","TYPE2":"재난지원금"},"geometry":{"type":"Polygon","coordinates":[[[126.92533341019826,37.62126385268612],[126.92544685708023,37.62131465104057],[126.92551299395637,37.6212172076327],[126.92552467802487,37.621200456931525],[126.92541678277765,37.62114849095743],[126.9253880840257,37.621188656149904],[126.92536755442528,37.62121549210463],[126.92533341019826,37.62126385268612]]]}},{"type":"Feature","properties":{"PNU":1150010900106140200,"피해위치(":"서울특별시 강서구 방화동 614-189 지층 좌측","피해일시":"20250823 - 1253","F_SHIM":0.5,"F_AREA":155.57704639,"F_AVR_HGT":"9.716184616088867","ADM_CD":"1150010900","F_YR":"2025","F_ZONE_NM":"서울특별시 강서구 방화동 614-189 지층 좌측","TYPE":"주택","TYPE2":"재난지원금"},"geometry":{"type":"Polygon","coordinates":[[[126.80913020946456,37.56478151401179],[126.80929884265613,37.56475632676497],[126.80928248340354,37.56466971523709],[126.80911197383615,37.56468519576861],[126.8091161155416,37.56470755601641],[126.80913020946456,37.56478151401179]]]}},{"type":"Feature","properties":{"PNU":1150010900106150000,"피해위치(":"서울특별시 강서구 방화동 615-36 지층 2호","피해일시":"20250813 - 1100","F_SHIM":0.5,"F_AREA":139.86723506,"F_AVR_HGT":"8.761453628540039","ADM_CD":"1150010900","F_YR":"2025","F_ZONE_NM":"서울특별시 강서구 방화동 615-36 지층 2호","TYPE":"주택","TYPE2":"재난지원금"},"geometry":{"type":"Polygon","coordinates":[[[126.80832198098378,37.56467573379854],[126.80841005718212,37.56467340917822],[126.80844609868375,37.56467224277724],[126.80844941941896,37.56456089516848],[126.80832535479786,37.56455705224247],[126.80832436500863,37.564602847815195],[126.80832198098378,37.56467573379854]]]}},{"type":"Feature","properties":{"PNU":1150010900106000000,"피해위치(":"서울특별시 강서구 방화동 600-40 B01호","피해일시":"20250814 - 1100","F_SHIM":0.5,"F_AREA":121.79068973,"F_AVR_HGT":"9.703636169433594","ADM_CD":"1150010900","F_YR":"2025","F_ZONE_NM":"서울특별시 강서구 방화동 600-40 B01호","TYPE":"주택","TYPE2":"재난지원금"},"geometry":{"type":"Polygon","coordinates":[[[126.81076346112953,37.56713183952502],[126.81076337848404,37.56705771518269],[126.81063623622794,37.56702957909682],[126.81062260415722,37.56702671894735],[126.81062042340044,37.56712724756222],[126.81076346112953,37.56713183952502]]]}},{"type":"Feature","properties":{"PNU":1150010900105890000,"피해위치(":"서울 강서구 방화동  589-13번지 신성주택 나동 101호 외54가구","피해일시":"20250813","F_SHIM":0.3,"F_AREA":3132.46736292,"F_AVR_HGT":"8.354537773132325","ADM_CD":"1150010900","F_YR":"2025","F_ZONE_NM":"서울 강서구 방화동  589-13번지 신성주택 나동 101호 외54가구","TYPE":"주택","TYPE2":"풍수해보험금"},"geometry":{"type":"Polygon","coordinates":[[[126.80929755795951,37.56752942821031],[126.80944570347874,37.56752875030187],[126.80958851846059,37.56752778423632],[126.8097316845828,37.56752671945984],[126.80969636812128,37.56727108810306],[126.80969077296662,37.567223921349694],[126.80966053522764,37.56700948234122],[126.80964853744314,37.566934329529715],[126.80961188169124,37.56691419596237],[126.80908973258916,37.56699551613099],[126.80913170795053,37.5669981253195],[126.80913448756739,37.56707923670633],[126.80913741273747,37.567160970010264],[126.80914091762563,37.567246155038],[126.80914543030566,37.56733999118203],[126.80914904170645,37.56743658287624],[126.80915062011996,37.567531450371206],[126.80929755795951,37.56752942821031]]]}},{"type":"Feature","properties":{"PNU":1150010800100180100,"피해위치(":"서울특별시 강서구 공항동 18-82","피해일시":"20250813 - 1136","F_SHIM":0.5,"F_AREA":106.70383061,"F_AVR_HGT":"12.051779747009277","ADM_CD":"1150010800","F_YR":"2025","F_ZONE_NM":"서울특별시 강서구 공항동 18-82","TYPE":"주택","TYPE2":"재난지원금"},"geometry":{"type":"Polygon","coordinates":[[[126.81184464085733,37.56397072834646],[126.8118442527163,37.56396310536785],[126.81193723210666,37.56391037573524],[126.81195341083104,37.56392197039251],[126.81197495046501,37.56391283291906],[126.81190997334555,37.56384041532521],[126.8118010754827,37.56389947132277],[126.81179152276654,37.563908357730526],[126.81184464085733,37.56397072834646]]]}},{"type":"Feature","properties":{"PNU":1150010900106150000,"피해위치(":"서울특별시 강서구 방화동 615-28 지층 2호","피해일시":"20250813 - 1100","F_SHIM":0.5,"F_AREA":152.74667488,"F_AVR_HGT":"8.761453628540039","ADM_CD":"1150010900","F_YR":"2025","F_ZONE_NM":"서울특별시 강서구 방화동 615-28 지층 2호","TYPE":"주택","TYPE2":"재난지원금"},"geometry":{"type":"Polygon","coordinates":[[[126.80828988466226,37.564779637205014],[126.80843292549685,37.564776843895906],[126.80843105970825,37.56476738047673],[126.80841005718212,37.56467340917822],[126.80832198098378,37.56467573379854],[126.80825231134263,37.56467709739767],[126.80828988466226,37.564779637205014]]]}},{"type":"Feature","properties":{"PNU":1150010900106000000,"피해위치(":"서울특별시 강서구 방화동 600-23 지층 오른쪽","피해일시":"20250813 - 1012","F_SHIM":0.5,"F_AREA":166.43594403,"F_AVR_HGT":"8.592567443847656","ADM_CD":"1150010900","F_YR":"2025","F_ZONE_NM":"서울특별시 강서구 방화동 600-23 지층 오른쪽","TYPE":"주택","TYPE2":"재난지원금"},"geometry":{"type":"Polygon","coordinates":[[[126.81044132376323,37.56699842302755],[126.8104649822996,37.5669976864646],[126.81045290452037,37.56696240228441],[126.81043993909375,37.566924557862755],[126.8104300586973,37.56684438104722],[126.81038996978295,37.566798978485004],[126.81034096710621,37.56678685295091],[126.81029464800888,37.56680977113279],[126.81029554474864,37.56688848282104],[126.81029410384689,37.56691195120193],[126.81041074765375,37.56690677017969],[126.81041188073907,37.5669284587738],[126.81044132376323,37.56699842302755]]]}},{"type":"Feature","properties":{"PNU":1150010900106060000,"피해위치(":"서울특별시 강서구 방화동 606-28","피해일시":"20250814 - 1100","F_SHIM":0.5,"F_AREA":159.34754275,"F_AVR_HGT":"12.144464492797852","ADM_CD":"1150010900","F_YR":"2025","F_ZONE_NM":"서울특별시 강서구 방화동 606-28","TYPE":"주택","TYPE2":"재난지원금"},"geometry":{"type":"Polygon","coordinates":[[[126.8107495481721,37.56571663644441],[126.8107428426982,37.565696308345935],[126.81072229717788,37.56566600197283],[126.81069045926697,37.56561648631523],[126.8106485787043,37.56563023976418],[126.81060362636107,37.56564570911706],[126.81055629767242,37.565669806067845],[126.81059025269498,37.56571909993786],[126.81061875830603,37.565761528473594],[126.81067651334662,37.565741196458625],[126.8107495481721,37.56571663644441]]]}},{"type":"Feature","properties":{"PNU":1123010100100840100,"피해위치(":"서울 동대문구 신설동 84-5번지 지상 1층","피해일시":"20250716","F_SHIM":0.3,"F_AREA":178.60606124,"F_AVR_HGT":"18.847122955322266","ADM_CD":"1123010100","F_YR":"2025","F_ZONE_NM":"서울 동대문구 신설동 84-5번지 지상 1층","TYPE":"주택","TYPE2":"풍수해보험금"},"geometry":{"type":"Polygon","coordinates":[[[127.02366420074893,37.576259651873464],[127.02372143521224,37.57629293259404],[127.02373030441962,37.57627278485593],[127.02382857252657,37.57618269465373],[127.02379111557575,37.57615203212733],[127.02373426263995,37.57610716467451],[127.02362353731048,37.57621935834439],[127.02368377202893,37.576253990002165],[127.02366420074893,37.576259651873464]]]}},{"type":"Feature","properties":{"PNU":1150010900106140200,"피해위치(":"서울특별시 강서구 방화동 614-175 지층 2호","피해일시":"20250813 - 1100","F_SHIM":0.5,"F_AREA":109.52358381,"F_AVR_HGT":"9.716184616088867","ADM_CD":"1150010900","F_YR":"2025","F_ZONE_NM":"서울특별시 강서구 방화동 614-175 지층 2호","TYPE":"주택","TYPE2":"재난지원금"},"geometry":{"type":"Polygon","coordinates":[[[126.80862203629593,37.56499233583037],[126.8086713616129,37.564988506120145],[126.80871519572177,37.56498531613342],[126.80870552115354,37.56487439779508],[126.80859866145012,37.564883296183396],[126.80861820168339,37.56497822911276],[126.80862203629593,37.56499233583037]]]}},{"type":"Feature","properties":{"PNU":1150010900106000000,"피해위치(":"서울특별시 강서구 방화동 600-22 지하좌층","피해일시":"20250813 - 1116","F_SHIM":0.5,"F_AREA":114.453512,"F_AVR_HGT":"8.592567443847656","ADM_CD":"1150010900","F_YR":"2025","F_ZONE_NM":"서울특별시 강서구 방화동 600-22 지하좌층","TYPE":"주택","TYPE2":"재난지원금"},"geometry":{"type":"Polygon","coordinates":[[[126.8102942843841,37.56700073476473],[126.81044132376323,37.56699842302755],[126.81041188073907,37.5669284587738],[126.81041074765375,37.56690677017969],[126.81029410384689,37.56691195120193],[126.8102942843841,37.56700073476473]]]}},{"type":"Feature","properties":{"PNU":1150010900106000000,"피해위치(":"서울특별시 강서구 방화동 600-16 101호","피해일시":"20250813 - 1100","F_SHIM":0.5,"F_AREA":127.25411604,"F_AVR_HGT":"8.592567443847656","ADM_CD":"1150010900","F_YR":"2025","F_ZONE_NM":"서울특별시 강서구 방화동 600-16 101호","TYPE":"주택","TYPE2":"재난지원금"},"geometry":{"type":"Polygon","coordinates":[[[126.81014295506311,37.56713137596738],[126.81013818583405,37.56703999913566],[126.81013549472974,37.56700792864249],[126.8100222989205,37.56701029489531],[126.81003082763958,37.56706562032597],[126.81003393790299,37.5670886906399],[126.81005542269494,37.56713238731688],[126.81014295506311,37.56713137596738]]]}},{"type":"Feature","properties":{"PNU":1150010900106030000,"피해위치(":"서울특별시 강서구 방화동 603-11 지층 01호","피해일시":"20250813 - 1100","F_SHIM":0.5,"F_AREA":127.5361314,"F_AVR_HGT":"10.697047233581543","ADM_CD":"1150010900","F_YR":"2025","F_ZONE_NM":"서울특별시 강서구 방화동 603-11 지층 01호","TYPE":"주택","TYPE2":"재난지원금"},"geometry":{"type":"Polygon","coordinates":[[[126.81079540506273,37.56663834839868],[126.81079204498968,37.5665444691167],[126.81061054839235,37.56659689254803],[126.81061153562202,37.56664470953351],[126.81079540506273,37.56663834839868]]]}},{"type":"Feature","properties":{"PNU":1138010700103760000,"피해위치(":"서울특별시 은평구 응암동 376-31 지층 좌측","피해일시":"20250813 - 1200","F_SHIM":0.1,"F_AREA":174.47332367,"F_AVR_HGT":"15.874965286254882","ADM_CD":"1138010700","F_YR":"2025","F_ZONE_NM":"서울특별시 은평구 응암동 376-31 지층 좌측","TYPE":"주택","TYPE2":"재난지원금"},"geometry":{"type":"Polygon","coordinates":[[[126.91793535798287,37.59141777554834],[126.9179137611528,37.59129018085655],[126.91782237813717,37.59129831505554],[126.91781017043576,37.59129998223014],[126.91781082357782,37.59130317217827],[126.91781296317814,37.59131362511517],[126.91777445927094,37.59131972449896],[126.9177770504608,37.59133134903666],[126.91780280538973,37.59143614278558],[126.91781441294101,37.591434538255136],[126.91793535798287,37.59141777554834]]]}},{"type":"Feature","properties":{"PNU":1138010700103760000,"피해위치(":"서울특별시 은평구 응암동 376-18 B02호","피해일시":"20250813 - 1200","F_SHIM":0.1,"F_AREA":186.80210468,"F_AVR_HGT":"15.874965286254882","ADM_CD":"1138010700","F_YR":"2025","F_ZONE_NM":"서울특별시 은평구 응암동 376-18 B02호","TYPE":"주택","TYPE2":"재난지원금"},"geometry":{"type":"Polygon","coordinates":[[[126.91783365952524,37.591557662413024],[126.91784280931311,37.591556731875656],[126.91792366263674,37.59154850010636],[126.9179221998566,37.59154030011226],[126.91798097309734,37.591532773451945],[126.91796015716024,37.59141554064472],[126.91793535798287,37.59141777554834],[126.91781441294101,37.591434538255136],[126.91780280538973,37.59143614278558],[126.91780590498848,37.5914487677757],[126.91783365952524,37.591557662413024]]]}},{"type":"Feature","properties":{"PNU":1138010300103100200,"피해위치(":"서울특별시 은평구 불광동 310-99 연서상가 스파니엘","피해일시":"20250813 - 1200","F_SHIM":0.1,"F_AREA":12.54910298,"F_AVR_HGT":"27.666200256347658","ADM_CD":"1138010300","F_YR":"2025","F_ZONE_NM":"서울특별시 은평구 불광동 310-99 연서상가 스파니엘","TYPE":"소상공인","TYPE2":"재난지원금"},"geometry":{"type":"Polygon","coordinates":[[[126.92154720508412,37.61916502832884],[126.92157074488483,37.6191732522083],[126.92159180230195,37.61914083118539],[126.92155926126908,37.61912921352598],[126.92153922261394,37.619162238890304],[126.92154720508412,37.61916502832884]]]}},{"type":"Feature","properties":{"PNU":1129010300100010000,"피해위치(":"서울특별시 성북구 돈암동 1 105동 지하상가","피해일시":"20250813 - 2301","F_SHIM":0.1,"F_AREA":242.86298869,"F_AVR_HGT":"39.32227478027344","ADM_CD":"1129010300","F_YR":"2025","F_ZONE_NM":"서울특별시 성북구 돈암동 1 105동 지하상가","TYPE":"소상공인","TYPE2":"재난지원금"},"geometry":{"type":"Polygon","coordinates":[[[127.02636217710443,37.60327061650598],[127.02629194771458,37.60321756337575],[127.02619181858904,37.60315469574363],[127.02614549769486,37.603143082737915],[127.02603486708715,37.60317175702378],[127.0261265234288,37.603297425061335],[127.02621257469997,37.603252538143344],[127.02622480859455,37.603262986984525],[127.02633239269704,37.60326755942937],[127.02636217710443,37.60327061650598]]]}},{"type":"Feature","properties":{"PNU":1130510100107540000,"피해위치(":"서울특별시 강북구 미아동 754-20","피해일시":"20250821 - 1741","F_SHIM":0.3,"F_AREA":82.13999796,"F_AVR_HGT":"42.09421234130859","ADM_CD":"1130510100","F_YR":"2025","F_ZONE_NM":"서울특별시 강북구 미아동 754-20","TYPE":"주택","TYPE2":"재난지원금"},"geometry":{"type":"Polygon","coordinates":[[[127.02035542331294,37.62330585871893],[127.02044982701595,37.623306384201506],[127.02045075611844,37.62321800694422],[127.02035730360824,37.62321577845873],[127.0203566991721,37.62324451080107],[127.02035542331294,37.62330585871893]]]}},{"type":"Feature","properties":{"PNU":1129013400104880000,"피해위치(":"서울특별시 성북구 길음동 488-11","피해일시":"20250814 - 0800","F_SHIM":0.1,"F_AREA":138.00565124,"F_AVR_HGT":"31.35327491760254","ADM_CD":"1129013400","F_YR":"2025","F_ZONE_NM":"서울특별시 성북구 길음동 488-11","TYPE":"주택","TYPE2":"재난지원금"},"geometry":{"type":"Polygon","coordinates":[[[127.02853434999601,37.61135299515515],[127.02869374634892,37.6113483905857],[127.02868952373427,37.6112601404077],[127.02852871218015,37.61126563726718],[127.02853434999601,37.61135299515515]]]}},{"type":"Feature","properties":{"PNU":1129013800101430000,"피해위치(":"서울특별시 성북구 장위동 143-27 장월로38길14-1","피해일시":"20250822 - 1543","F_SHIM":0.1,"F_AREA":87.41224696,"F_AVR_HGT":"21.870050048828126","ADM_CD":"1129013800","F_YR":"2025","F_ZONE_NM":"서울특별시 성북구 장위동 143-27 장월로38길14-1","TYPE":"주택","TYPE2":"재난지원금"},"geometry":{"type":"Polygon","coordinates":[[[127.05182346756813,37.61756694726202],[127.05190801613264,37.617626853432235],[127.05197590939062,37.61756166550767],[127.05189718890674,37.61751090185095],[127.05189067878177,37.61751489597386],[127.05186281808092,37.61753590972006],[127.05182346756813,37.61756694726202]]]}},{"type":"Feature","properties":{"PNU":1129013800102380000,"피해위치(":"서울특별시 성북구 장위동 238-73 덕신빌라 B동 02호","피해일시":"20250822 - 1535","F_SHIM":0.1,"F_AREA":263.01041192,"F_AVR_HGT":"21.835271453857423","ADM_CD":"1129013800","F_YR":"2025","F_ZONE_NM":"서울특별시 성북구 장위동 238-73 덕신빌라 B동 02호","TYPE":"주택","TYPE2":"재난지원금"},"geometry":{"type":"Polygon","coordinates":[[[127.05126526250234,37.61490688486668],[127.05136764411873,37.614980253600066],[127.05138321626977,37.6149780756575],[127.05138873941495,37.61497198269219],[127.05153195712612,37.61484939767972],[127.0514283493815,37.61477166885757],[127.05138826517181,37.614804553590105],[127.05126526250234,37.61490688486668]]]}},{"type":"Feature","properties":{"PNU":1138010700100710000,"피해위치(":"서울특별시 은평구 응암동 71-9 지층 101호","피해일시":"20250813 - 1200","F_SHIM":0.1,"F_AREA":221.71322127,"F_AVR_HGT":"38.023492431640626","ADM_CD":"1138010700","F_YR":"2025","F_ZONE_NM":"서울특별시 은평구 응암동 71-9 지층 101호","TYPE":"주택","TYPE2":"재난지원금"},"geometry":{"type":"Polygon","coordinates":[[[126.9296069714049,37.59991637991671],[126.92979292662484,37.599876552480794],[126.92975799328636,37.59978108108588],[126.92952030602859,37.59982548995653],[126.92954326731363,37.599841090970095],[126.92955364135655,37.59987501931336],[126.9296069714049,37.59991637991671]]]}},{"type":"Feature","properties":{"PNU":1129013800100650200,"피해위치(":"서울특별시 성북구 장위동 65-201 지하","피해일시":"20250717 - 1002","F_SHIM":0.1,"F_AREA":181.16046562,"F_AVR_HGT":"23.35776290893555","ADM_CD":"1129013800","F_YR":"2025","F_ZONE_NM":"서울특별시 성북구 장위동 65-201 지하","TYPE":"소상공인","TYPE2":"재난지원금"},"geometry":{"type":"Polygon","coordinates":[[[127.05350958490402,37.609787289014115],[127.05363460450289,37.60984896013827],[127.05372169456342,37.60974760624744],[127.05361495743357,37.60969035997648],[127.05358280819772,37.609695716984916],[127.05350958490402,37.609787289014115]]]}},{"type":"Feature","properties":{"PNU":1129013800102300300,"피해위치(":"서울특별시 성북구 장위동 230-248 상민아트빌라 B동 01호","피해일시":"20250813 - 1800","F_SHIM":0.1,"F_AREA":200.74345898,"F_AVR_HGT":"63.87607345581055","ADM_CD":"1129013800","F_YR":"2025","F_ZONE_NM":"서울특별시 성북구 장위동 230-248 상민아트빌라 B동 01호","TYPE":"주택","TYPE2":"재난지원금"},"geometry":{"type":"Polygon","coordinates":[[[127.04066016228697,37.614743620400546],[127.04074534478707,37.61486915283986],[127.04083780579982,37.61483543439081],[127.04085904677041,37.61480055033558],[127.04079122321312,37.61468889632027],[127.04066016228697,37.614743620400546]]]}},{"type":"Feature","properties":{"PNU":1129013600100901500,"피해위치(":"서울특별시 성북구 하월곡동 90-1558 지하","피해일시":"20250813 - 1200","F_SHIM":0.1,"F_AREA":371.41716515,"F_AVR_HGT":"27.013576126098634","ADM_CD":"1129013600","F_YR":"2025","F_ZONE_NM":"서울특별시 성북구 하월곡동 90-1558 지하","TYPE":"소상공인","TYPE2":"재난지원금"},"geometry":{"type":"Polygon","coordinates":[[[127.03511934412901,37.605336492045865],[127.03510278714434,37.60538658237673],[127.035238038163,37.605434286879124],[127.03537421875185,37.605258763528994],[127.03538308970805,37.60524183152214],[127.0352445107974,37.60517200000383],[127.03519364728821,37.60523858812711],[127.03515300243392,37.605313579483315],[127.03513792734812,37.60530961044522],[127.03511934412901,37.605336492045865]]]}},{"type":"Feature","properties":{"PNU":1141011800100090500,"피해위치(":"서울특별시 서대문구 홍은동 9-491 ㅇㅇ빌라 ㅇㅇ호","피해일시":"20250813 - 1100","F_SHIM":0.5,"F_AREA":114.54831136,"F_AVR_HGT":"44.138099670410156","ADM_CD":"1141011800","F_YR":"2025","F_ZONE_NM":"서울특별시 서대문구 홍은동 9-491 ㅇㅇ빌라 ㅇㅇ호","TYPE":"주택","TYPE2":"재난지원금"},"geometry":{"type":"Polygon","coordinates":[[[126.94783652251093,37.59880834584866],[126.94795384585568,37.5987961908248],[126.94793956660331,37.59870134682468],[126.9478158800709,37.598712615975806],[126.94783652251093,37.59880834584866]]]}},{"type":"Feature","properties":{"PNU":1141011800100090500,"피해위치(":"서울특별시 서대문구 홍은동 9-489 ㅇㅇ연립 지하호","피해일시":"20250813 - 1100","F_SHIM":0.5,"F_AREA":97.72113411,"F_AVR_HGT":"44.514827728271484","ADM_CD":"1141011800","F_YR":"2025","F_ZONE_NM":"서울특별시 서대문구 홍은동 9-489 ㅇㅇ연립 지하호","TYPE":"주택","TYPE2":"재난지원금"},"geometry":{"type":"Polygon","coordinates":[[[126.94805050337465,37.5986888734609],[126.94805793849392,37.59877445223815],[126.94817331318208,37.59876352145089],[126.94816321817453,37.59867607644255],[126.94805050337465,37.5986888734609]]]}},{"type":"Feature","properties":{"PNU":1130510100100540300,"피해위치(":"서울특별시 강북구 미아동 54-253 B01호","피해일시":"20250822 - 2237","F_SHIM":0.3,"F_AREA":92.49648022,"F_AVR_HGT":"30.503350067138673","ADM_CD":"1130510100","F_YR":"2025","F_ZONE_NM":"서울특별시 강북구 미아동 54-253 B01호","TYPE":"주택","TYPE2":"재난지원금"},"geometry":{"type":"Polygon","coordinates":[[[127.03202891720308,37.613009363822655],[127.03209840803277,37.61302417599133],[127.03213724723923,37.613030229526345],[127.03214500692195,37.613006018144],[127.03216161087995,37.61295105397121],[127.03206832880505,37.612919597864405],[127.03202891720308,37.613009363822655]]]}},{"type":"Feature","properties":{"PNU":1130510200104110100,"피해위치(":"서울특별시 강북구 번동 411-59","피해일시":"20250821 - 0936","F_SHIM":0.3,"F_AREA":110.38756301,"F_AVR_HGT":"29.721415328979493","ADM_CD":"1130510200","F_YR":"2025","F_ZONE_NM":"서울특별시 강북구 번동 411-59","TYPE":"주택","TYPE2":"재난지원금"},"geometry":{"type":"Polygon","coordinates":[[[127.02876746207305,37.63576556422806],[127.02876949541246,37.635749256059206],[127.02877683596657,37.63568474434843],[127.02877841777135,37.63567294117284],[127.02865786989585,37.635664499766676],[127.02865323958463,37.63570504483579],[127.02864725412803,37.63575766331936],[127.02876746207305,37.63576556422806]]]}},{"type":"Feature","properties":{"PNU":1130510200104660000,"피해위치(":"서울특별시 강북구 번동 466-24 B02호","피해일시":"20250822 - 1724","F_SHIM":0.3,"F_AREA":116.50117514,"F_AVR_HGT":"30.783970642089844","ADM_CD":"1130510200","F_YR":"2025","F_ZONE_NM":"서울특별시 강북구 번동 466-24 B02호","TYPE":"주택","TYPE2":"재난지원금"},"geometry":{"type":"Polygon","coordinates":[[[127.03116822087011,37.6418949652697],[127.03123673603332,37.641811067082585],[127.03113802807965,37.641758745141594],[127.03106905953298,37.64184237309261],[127.03116822087011,37.6418949652697]]]}},{"type":"Feature","properties":{"PNU":1130510200104660000,"피해위치(":"서울특별시 강북구 번동 466-25 B02호","피해일시":"20250823 - 1242","F_SHIM":0.3,"F_AREA":117.25367815,"F_AVR_HGT":"30.783970642089844","ADM_CD":"1130510200","F_YR":"2025","F_ZONE_NM":"서울특별시 강북구 번동 466-25 B02호","TYPE":"주택","TYPE2":"재난지원금"},"geometry":{"type":"Polygon","coordinates":[[[127.03106905953298,37.64184237309261],[127.03113802807965,37.641758745141594],[127.03103875360614,37.64170606286848],[127.0309693318193,37.64178978097308],[127.03102406873398,37.6418186886581],[127.03106905953298,37.64184237309261]]]}},{"type":"Feature","properties":{"PNU":1130510200104660000,"피해위치(":"서울특별시 강북구 번동 466-27 B01호","피해일시":"20250821 - 1637","F_SHIM":0.3,"F_AREA":117.42681482,"F_AVR_HGT":"30.783970642089844","ADM_CD":"1130510200","F_YR":"2025","F_ZONE_NM":"서울특별시 강북구 번동 466-27 B01호","TYPE":"주택","TYPE2":"재난지원금"},"geometry":{"type":"Polygon","coordinates":[[[127.03086847085991,37.641736288073666],[127.03093925291533,37.6416540112516],[127.03083771259105,37.641601149177916],[127.03076851668186,37.64168333544889],[127.03086847085991,37.641736288073666]]]}},{"type":"Feature","properties":{"PNU":1130510300102760100,"피해위치(":"서울특별시 강북구 수유동 276-16 길안그린빌라 101동 지층01호","피해일시":"20250909 - 1531","F_SHIM":0.3,"F_AREA":305.69084349,"F_AVR_HGT":"38.87558822631836","ADM_CD":"1130510300","F_YR":"2025","F_ZONE_NM":"서울특별시 강북구 수유동 276-16 길안그린빌라 101동 지층01호","TYPE":"주택","TYPE2":"재난지원금"},"geometry":{"type":"Polygon","coordinates":[[[127.01536037759229,37.64704312114395],[127.01556292152034,37.64710358874993],[127.01562394868424,37.646971399261226],[127.01550196255802,37.646935798192004],[127.01540185072433,37.64692784538331],[127.01537737943018,37.64694884100423],[127.0153687200432,37.64699685504007],[127.01536037759229,37.64704312114395]]]}},{"type":"Feature","properties":{"PNU":1130510300107010000,"피해위치(":"서울특별시 강북구 수유동 701-6 동원빌라 지하2호","피해일시":"20250822 - 1422","F_SHIM":0.3,"F_AREA":171.74639486,"F_AVR_HGT":"35.47472076416015","ADM_CD":"1130510300","F_YR":"2025","F_ZONE_NM":"서울특별시 강북구 수유동 701-6 동원빌라 지하2호","TYPE":"주택","TYPE2":"재난지원금"},"geometry":{"type":"Polygon","coordinates":[[[127.01882592026301,37.64854482502909],[127.01896439618926,37.64857381606127],[127.0190089025075,37.64846325972846],[127.01887722248955,37.64842102340234],[127.01882592026301,37.64854482502909]]]}},{"type":"Feature","properties":{"PNU":1130510300107230000,"피해위치(":"서울특별시 강북구 수유동 723-3 좌측 B01호","피해일시":"20250819 - 1648","F_SHIM":0.3,"F_AREA":123.29270483,"F_AVR_HGT":"33.212555694580075","ADM_CD":"1130510300","F_YR":"2025","F_ZONE_NM":"서울특별시 강북구 수유동 723-3 좌측 B01호","TYPE":"주택","TYPE2":"재난지원금"},"geometry":{"type":"Polygon","coordinates":[[[127.02453075053268,37.64690299281815],[127.02467184274104,37.64696729491432],[127.0247151064158,37.64689917262033],[127.0247168050727,37.64689592877225],[127.02458149351706,37.64683712155397],[127.02457832133993,37.646838834028664],[127.02456631427707,37.64685145004084],[127.02453075053268,37.64690299281815]]]}},{"type":"Feature","properties":{"PNU":1130510300102790100,"피해위치(":"서울특별시 강북구 수유동 279-127 지층","피해일시":"20250813 - 1200","F_SHIM":0.3,"F_AREA":179.32329066,"F_AVR_HGT":"40.28290634155273","ADM_CD":"1130510300","F_YR":"2025","F_ZONE_NM":"서울특별시 강북구 수유동 279-127 지층","TYPE":"소상공인","TYPE2":"재난지원금"},"geometry":{"type":"Polygon","coordinates":[[[127.01350388333792,37.64829672613659],[127.01362549511893,37.64832195005893],[127.01363521351237,37.6482980641891],[127.01366939893488,37.648221369600805],[127.01350635789959,37.64818266232892],[127.0134632704523,37.648287684455845],[127.01350388333792,37.64829672613659]]]}},{"type":"Feature","properties":{"PNU":1130510300105690000,"피해위치(":"서울특별시 강북구 수유동 569 202호","피해일시":"20250822 - 2127","F_SHIM":0.3,"F_AREA":193.56505813,"F_AVR_HGT":"44.307892608642575","ADM_CD":"1130510300","F_YR":"2025","F_ZONE_NM":"서울특별시 강북구 수유동 569 202호","TYPE":"주택","TYPE2":"재난지원금"},"geometry":{"type":"Polygon","coordinates":[[[127.01208765654717,37.64730246324218],[127.0121117495722,37.64724355526406],[127.01211216330628,37.6472046871173],[127.01205132501804,37.64719518726482],[127.01205872917964,37.647149813446205],[127.0119638219203,37.64716686835282],[127.01195616225937,37.647168247523986],[127.01194187468208,37.64725649038769],[127.01192729577883,37.64728729604757],[127.01208765654717,37.64730246324218]]]}},{"type":"Feature","properties":{"PNU":1130510300106810000,"피해위치(":"서울특별시 강북구 수유동 681-16 B01호","피해일시":"20250822 - 1307","F_SHIM":0.3,"F_AREA":123.4970453,"F_AVR_HGT":"34.15158920288086","ADM_CD":"1130510300","F_YR":"2025","F_ZONE_NM":"서울특별시 강북구 수유동 681-16 B01호","TYPE":"주택","TYPE2":"재난지원금"},"geometry":{"type":"Polygon","coordinates":[[[127.02334159654872,37.64543141994737],[127.02340387421309,37.64540350517448],[127.02344019604097,37.64538661413472],[127.02343552588681,37.64538037123588],[127.02336885158081,37.64529122297698],[127.02327064844206,37.64533496550548],[127.02334159654872,37.64543141994737]]]}},{"type":"Feature","properties":{"PNU":1130510300102520000,"피해위치(":"서울특별시 강북구 수유동 252-55 B01호","피해일시":"20250824 - 1534","F_SHIM":0.3,"F_AREA":186.92429343,"F_AVR_HGT":"34.24949340820312","ADM_CD":"1130510300","F_YR":"2025","F_ZONE_NM":"서울특별시 강북구 수유동 252-55 B01호","TYPE":"주택","TYPE2":"재난지원금"},"geometry":{"type":"Polygon","coordinates":[[[127.0222842591546,37.64528212976375],[127.02239317467384,37.64521296060682],[127.0223050546735,37.64513163601132],[127.02229933181887,37.64512882597285],[127.02226509989706,37.6451235432648],[127.02224715398167,37.645131195708565],[127.02216558436254,37.64517598853779],[127.0222842591546,37.64528212976375]]]}},{"type":"Feature","properties":{"PNU":1130510300102520000,"피해위치(":"서울특별시 강북구 수유동 252-89 지층 좌측","피해일시":"20250822 - 1416","F_SHIM":0.3,"F_AREA":235.60004466,"F_AVR_HGT":"34.408932495117185","ADM_CD":"1130510300","F_YR":"2025","F_ZONE_NM":"서울특별시 강북구 수유동 252-89 지층 좌측","TYPE":"주택","TYPE2":"재난지원금"},"geometry":{"type":"Polygon","coordinates":[[[127.02090370736798,37.64493325428974],[127.02101754551407,37.64505392132919],[127.0210955669216,37.64500066070278],[127.02111663797771,37.64498443962894],[127.02112297942118,37.64496993285465],[127.02112592251952,37.64495885035525],[127.02108227571253,37.644913619571625],[127.02105612876218,37.64488769380102],[127.02101512330718,37.64484703050533],[127.02090370736798,37.64493325428974]]]}},{"type":"Feature","properties":{"PNU":1130510300104720300,"피해위치(":"서울특별시 강북구 수유동 472-274 나동 B02호","피해일시":"20250822 - 2100","F_SHIM":0.3,"F_AREA":236.73248992,"F_AVR_HGT":"40.323361206054685","ADM_CD":"1130510300","F_YR":"2025","F_ZONE_NM":"서울특별시 강북구 수유동 472-274 나동 B02호","TYPE":"주택","TYPE2":"재난지원금"},"geometry":{"type":"Polygon","coordinates":[[[127.01836966049605,37.63363132420465],[127.01837662900495,37.63363627858955],[127.01841752689882,37.633685781492176],[127.01854170635615,37.63359178260861],[127.01841530615674,37.63348454832699],[127.01829284835202,37.63357682596619],[127.01836966049605,37.63363132420465]]]}},{"type":"Feature","properties":{"PNU":1130510300101210000,"피해위치(":"서울특별시 강북구 수유동 121-4 동진아트빌라 101호","피해일시":"20250822 - 1743","F_SHIM":0.3,"F_AREA":86.53569412,"F_AVR_HGT":"38.92221908569336","ADM_CD":"1130510300","F_YR":"2025","F_ZONE_NM":"서울특별시 강북구 수유동 121-4 동진아트빌라 101호","TYPE":"주택","TYPE2":"재난지원금"},"geometry":{"type":"Polygon","coordinates":[[[127.01845683998216,37.63568751480753],[127.01848003827918,37.63566851886168],[127.01849857654027,37.635583716156226],[127.01851681386304,37.63547110931141],[127.0184577634313,37.63546334236278],[127.01845683998216,37.63568751480753]]]}},{"type":"Feature","properties":{"PNU":1130510300101280000,"피해위치(":"서울특별시 강북구 수유동 128 아이파크아파트 나동 B01호","피해일시":"20250822 - 2103","F_SHIM":0.3,"F_AREA":229.59016952,"F_AVR_HGT":"40.409123229980466","ADM_CD":"1130510300","F_YR":"2025","F_ZONE_NM":"서울특별시 강북구 수유동 128 아이파크아파트 나동 B01호","TYPE":"주택","TYPE2":"재난지원금"},"geometry":{"type":"Polygon","coordinates":[[[127.01812544802716,37.63631812025715],[127.01816387047434,37.63628580578035],[127.01812552960725,37.63627742307877],[127.01805250161894,37.636234907180864],[127.0179946944435,37.63621612987859],[127.01794052942441,37.63622173250061],[127.01789415031803,37.6362390287095],[127.01789232079443,37.636265706916],[127.01797329424969,37.63632433128811],[127.01804966781496,37.63638188408496],[127.01812544802716,37.63631812025715]]]}},{"type":"Feature","properties":{"PNU":1130510300105160100,"피해위치(":"서울특별시 강북구 수유동 516-38","피해일시":"20250822 - 2056","F_SHIM":0.3,"F_AREA":430.20157722,"F_AVR_HGT":"70.35339813232422","ADM_CD":"1130510300","F_YR":"2025","F_ZONE_NM":"서울특별시 강북구 수유동 516-38","TYPE":"주택","TYPE2":"재난지원금"},"geometry":{"type":"Polygon","coordinates":[[[127.00717899765817,37.6382148189054],[127.00720614595441,37.638094086613734],[127.00686524098928,37.638043692854254],[127.00682878919147,37.63814726186579],[127.00684408593668,37.638168974734725],[127.00717899765817,37.6382148189054]]]}},{"type":"Feature","properties":{"PNU":1130510400101010000,"피해위치(":"서울특별시 강북구 우이동 101-4 우성빌라 A동 지층1호","피해일시":"20250823 - 1206","F_SHIM":0.3,"F_AREA":183.45629949,"F_AVR_HGT":"47.81724624633789","ADM_CD":"1130510400","F_YR":"2025","F_ZONE_NM":"서울특별시 강북구 우이동 101-4 우성빌라 A동 지층1호","TYPE":"주택","TYPE2":"재난지원금"},"geometry":{"type":"Polygon","coordinates":[[[127.01184301943344,37.654609657818746],[127.01194489491495,37.654597665894535],[127.0119780583059,37.65455363231235],[127.0119570009304,37.654458193895685],[127.01181637009049,37.65447568516642],[127.01184301943344,37.654609657818746]]]}},{"type":"Feature","properties":{"PNU":1130510400200280000,"피해위치(":"서울특별시 강북구 우이동 산28-4","피해일시":"20250813 - 1200","F_SHIM":0.3,"F_AREA":1232.27665627,"F_AVR_HGT":"134.6497009277344","ADM_CD":"1130510400","F_YR":"2025","F_ZONE_NM":"서울특별시 강북구 우이동 산28-4","TYPE":"소상공인","TYPE2":"재난지원금"},"geometry":{"type":"Polygon","coordinates":[[[127.00302060064288,37.658344576833834],[127.00305246860661,37.65834499087286],[127.00336689664377,37.65827627806536],[127.00337382006622,37.65823850009949],[127.00326638421991,37.65821093191991],[127.00300799478475,37.65815714728479],[127.0027798617479,37.65795118717918],[127.00261021354046,37.658195082649264],[127.00285704407881,37.65829040320729],[127.00302060064288,37.658344576833834]]]}},{"type":"Feature","properties":{"PNU":1130510400101000100,"피해위치(":"서울특별시 강북구 우이동 100-43 해피하우스연립 106호","피해일시":"20250823 - 1353","F_SHIM":0.3,"F_AREA":140.11067356,"F_AVR_HGT":"45.61240463256836","ADM_CD":"1130510400","F_YR":"2025","F_ZONE_NM":"서울특별시 강북구 우이동 100-43 해피하우스연립 106호","TYPE":"주택","TYPE2":"재난지원금"},"geometry":{"type":"Polygon","coordinates":[[[127.01235573600609,37.654135428697174],[127.01250044585571,37.65411919776803],[127.01249500268705,37.654093970972944],[127.01248150687192,37.65402252490493],[127.01233521083,37.654039656931545],[127.01235573600609,37.654135428697174]]]}},{"type":"Feature","properties":{"PNU":1130510400100390000,"피해위치(":"서울특별시 강북구 우이동 39-2 C동 B01호","피해일시":"20250822 - 2247","F_SHIM":0.3,"F_AREA":223.85576831,"F_AVR_HGT":"56.82407455444336","ADM_CD":"1130510400","F_YR":"2025","F_ZONE_NM":"서울특별시 강북구 우이동 39-2 C동 B01호","TYPE":"주택","TYPE2":"재난지원금"},"geometry":{"type":"Polygon","coordinates":[[[127.01414534044592,37.66029494366177],[127.01417784512897,37.66016871370591],[127.01417976394289,37.66012267372223],[127.01406767628393,37.660103855336686],[127.01404037979582,37.660200983247115],[127.01401512188836,37.660290272459044],[127.01414534044592,37.66029494366177]]]}},{"type":"Feature","properties":{"PNU":1130510400100390000,"피해위치(":"서울특별시 강북구 우이동 39-7 B동 B02호","피해일시":"20250822 - 2136","F_SHIM":0.3,"F_AREA":197.46614052,"F_AVR_HGT":"56.82407455444336","ADM_CD":"1130510400","F_YR":"2025","F_ZONE_NM":"서울특별시 강북구 우이동 39-7 B동 B02호","TYPE":"주택","TYPE2":"재난지원금"},"geometry":{"type":"Polygon","coordinates":[[[127.01401512188836,37.660290272459044],[127.01404037979582,37.660200983247115],[127.01384306448773,37.66016712739404],[127.01381994047702,37.66027758923333],[127.01401512188836,37.660290272459044]]]}},{"type":"Feature","properties":{"PNU":1130510400100390000,"피해위치(":"서울특별시 강북구 우이동 39-11 한전빌라 A동 B02호","피해일시":"20250822 - 2122","F_SHIM":0.3,"F_AREA":198.87701254,"F_AVR_HGT":"54.3419921875","ADM_CD":"1130510400","F_YR":"2025","F_ZONE_NM":"서울특별시 강북구 우이동 39-11 한전빌라 A동 B02호","TYPE":"주택","TYPE2":"재난지원금"},"geometry":{"type":"Polygon","coordinates":[[[127.01384306448773,37.66016712739404],[127.01404037979582,37.660200983247115],[127.01406767628393,37.660103855336686],[127.01387081420147,37.66006792724073],[127.01384306448773,37.66016712739404]]]}},{"type":"Feature","properties":{"PNU":1130510400100720100,"피해위치(":"서울특별시 강북구 우이동 72-159 B03호","피해일시":"20250822 - 2200","F_SHIM":0.3,"F_AREA":233.0427499,"F_AVR_HGT":"41.03830795288086","ADM_CD":"1130510400","F_YR":"2025","F_ZONE_NM":"서울특별시 강북구 우이동 72-159 B03호","TYPE":"주택","TYPE2":"재난지원금"},"geometry":{"type":"Polygon","coordinates":[[[127.01274895988195,37.6499716513768],[127.0129039259878,37.6500166943218],[127.01294689299053,37.649927448526235],[127.01296579816395,37.64988047883052],[127.01293315060734,37.64987171549931],[127.01281102539566,37.64983844520615],[127.01277824228036,37.64990730090221],[127.01275820309493,37.649949423426435],[127.01274895988195,37.6499716513768]]]}},{"type":"Feature","properties":{"PNU":1130510100100490000,"피해위치(":"서울특별시 강북구 미아동 49-18 B03호","피해일시":"20250822 - 1307","F_SHIM":0.3,"F_AREA":310.87109595,"F_AVR_HGT":"30.98240547180176","ADM_CD":"1130510100","F_YR":"2025","F_ZONE_NM":"서울특별시 강북구 미아동 49-18 B03호","TYPE":"주택","TYPE2":"재난지원금"},"geometry":{"type":"Polygon","coordinates":[[[127.03413513632758,37.611890223087244],[127.03413963083604,37.61188603228101],[127.03422239565671,37.61182504896628],[127.0343039479589,37.61176286762426],[127.03431464721508,37.611754674729475],[127.03421960078124,37.611675757098475],[127.03421224784134,37.61166999285353],[127.03424838720863,37.61164158389841],[127.03423261418621,37.61162428942538],[127.03417503272827,37.611673021444695],[127.03411919480433,37.611720473560126],[127.03411609273662,37.61172320439102],[127.03410169196613,37.61173604735456],[127.03403675274213,37.61179433174085],[127.03409404348685,37.61183169766623],[127.03413513632758,37.611890223087244]]]}},{"type":"Feature","properties":{"PNU":1130510200102720000,"피해위치(":"서울특별시 강북구 번동 272-3 1층 대한민국농산물","피해일시":"20250813 - 1200","F_SHIM":0.3,"F_AREA":238.75912532,"F_AVR_HGT":"26.106270599365235","ADM_CD":"1130510200","F_YR":"2025","F_ZONE_NM":"서울특별시 강북구 번동 272-3 1층 대한민국농산물","TYPE":"소상공인","TYPE2":"재난지원금"},"geometry":{"type":"Polygon","coordinates":[[[127.0426061621139,37.6281574614889],[127.04252463486837,37.62812027040381],[127.0424022965101,37.628091256278026],[127.04238939808091,37.62812006504491],[127.0424205811215,37.628134100503615],[127.04238345311731,37.628207164743806],[127.04249584911905,37.628242885625],[127.04257377958889,37.628269473457905],[127.04259436453695,37.62821038910226],[127.0426061621139,37.6281574614889]]]}},{"type":"Feature","properties":{"PNU":1130510300103590000,"피해위치(":"서울특별시 강북구 수유동 359-16 지층 우측","피해일시":"20250822 - 2109","F_SHIM":0.3,"F_AREA":153.39292835,"F_AVR_HGT":"43.35385589599609","ADM_CD":"1130510300","F_YR":"2025","F_ZONE_NM":"서울특별시 강북구 수유동 359-16 지층 우측","TYPE":"주택","TYPE2":"재난지원금"},"geometry":{"type":"Polygon","coordinates":[[[127.01328718312999,37.64139947566676],[127.01333834188002,37.64141580526719],[127.01337416438318,37.641320478305644],[127.01350371894199,37.64134789096008],[127.01351091031721,37.64132710468963],[127.01336746470086,37.64129843207068],[127.01324884455045,37.6412747211957],[127.01323128828473,37.64131053677627],[127.01322437904093,37.64132463775222],[127.01328749715623,37.64137905048657],[127.01328718312999,37.64139947566676]]]}},{"type":"Feature","properties":{"PNU":1130510300105690100,"피해위치(":"서울특별시 강북구 수유동 569-109 102호","피해일시":"20250822 - 2145","F_SHIM":0.3,"F_AREA":32.31317726,"F_AVR_HGT":"46.11509017944336","ADM_CD":"1130510300","F_YR":"2025","F_ZONE_NM":"서울특별시 강북구 수유동 569-109 102호","TYPE":"주택","TYPE2":"재난지원금"},"geometry":{"type":"Polygon","coordinates":[[[127.01205872917964,37.647149813446205],[127.01205132501804,37.64719518726482],[127.01211216330628,37.6472046871173],[127.01211272241177,37.64715220520798],[127.01211824004325,37.64714773587096],[127.0121335353221,37.64713534607441],[127.01208620649979,37.6471448736397],[127.01205872917964,37.647149813446205]]]}},{"type":"Feature","properties":{"PNU":1130510400100720100,"피해위치(":"서울특별시 강북구 우이동 72-160 지층 앞쪽","피해일시":"20250822 - 2157","F_SHIM":0.3,"F_AREA":196.61133696,"F_AVR_HGT":"41.03830795288086","ADM_CD":"1130510400","F_YR":"2025","F_ZONE_NM":"서울특별시 강북구 우이동 72-160 지층 앞쪽","TYPE":"주택","TYPE2":"재난지원금"},"geometry":{"type":"Polygon","coordinates":[[[127.01281102539566,37.64983844520615],[127.01293315060734,37.64987171549931],[127.01296579816395,37.64988047883052],[127.0130162167374,37.64976247313957],[127.01286579572022,37.64972192577205],[127.01284378566154,37.649768760604694],[127.01281102539566,37.64983844520615]]]}},{"type":"Feature","properties":{"PNU":1130510300102820000,"피해위치(":"서울특별시 강북구 수유동 282-20 102호","피해일시":"20250822 - 2213","F_SHIM":0.3,"F_AREA":536.53840473,"F_AVR_HGT":"41.89063720703125","ADM_CD":"1130510300","F_YR":"2025","F_ZONE_NM":"서울특별시 강북구 수유동 282-20 102호","TYPE":"주택","TYPE2":"재난지원금"},"geometry":{"type":"Polygon","coordinates":[[[127.01382734248814,37.64662042684795],[127.01412502402884,37.646706528747856],[127.01423524907908,37.64655217969734],[127.01394617991632,37.64646787911906],[127.01382734248814,37.64662042684795]]]}},{"type":"Feature","properties":{"PNU":1130510300102400000,"피해위치(":"서울특별시 강북구 수유동 240-23 반지하 우측","피해일시":"20250822 - 2203","F_SHIM":0.3,"F_AREA":108.17170353,"F_AVR_HGT":"34.54907302856445","ADM_CD":"1130510300","F_YR":"2025","F_ZONE_NM":"서울특별시 강북구 수유동 240-23 반지하 우측","TYPE":"주택","TYPE2":"재난지원금"},"geometry":{"type":"Polygon","coordinates":[[[127.02101380831049,37.643457004053445],[127.02115426047534,37.64349352437988],[127.02117083822071,37.643454671505474],[127.02117124587002,37.64345371640232],[127.02117311423858,37.643449247246785],[127.02118460755509,37.64342184663067],[127.02103965793651,37.643387858828525],[127.02101380831049,37.643457004053445]]]}},{"type":"Feature","properties":{"PNU":1130510300103340000,"피해위치(":"서울특별시 강북구 수유동 334-30 B1호","피해일시":"20250822 - 1037","F_SHIM":0.3,"F_AREA":125.97490289,"F_AVR_HGT":"39.16798858642578","ADM_CD":"1130510300","F_YR":"2025","F_ZONE_NM":"서울특별시 강북구 수유동 334-30 B1호","TYPE":"주택","TYPE2":"재난지원금"},"geometry":{"type":"Polygon","coordinates":[[[127.01663193993899,37.64304553085565],[127.01673079372827,37.64307664690066],[127.01676913157796,37.64299850023818],[127.01673581728205,37.64298579175673],[127.0166363390478,37.64294783738174],[127.0165955326675,37.64303407508845],[127.01663193993899,37.64304553085565]]]}},{"type":"Feature","properties":{"PNU":1132010800102820400,"피해위치(":"서울특별시 도봉구 도봉동 282-334 지하1층","피해일시":"20250813 - 1200","F_SHIM":0.3,"F_AREA":220.78067004,"F_AVR_HGT":"40.43187789916992","ADM_CD":"1132010800","F_YR":"2025","F_ZONE_NM":"서울특별시 도봉구 도봉동 282-334 지하1층","TYPE":"주택","TYPE2":"재난지원금"},"geometry":{"type":"Polygon","coordinates":[[[127.0431598987502,37.68873447527222],[127.04318506383555,37.68872716853077],[127.04320987860564,37.68870166232021],[127.04321219370995,37.68858417505428],[127.04305891096828,37.688583238071516],[127.04305366501474,37.688731449432694],[127.0431598987502,37.68873447527222]]]}},{"type":"Feature","properties":{"PNU":1132010500104230000,"피해위치(":"서울특별시 도봉구 쌍문동 423-43 백상빌라 B02호","피해일시":"20250813 - 1200","F_SHIM":0.3,"F_AREA":342.07037313,"F_AVR_HGT":"40.17836456298828","ADM_CD":"1132010500","F_YR":"2025","F_ZONE_NM":"서울특별시 도봉구 쌍문동 423-43 백상빌라 B02호","TYPE":"주택","TYPE2":"재난지원금"},"geometry":{"type":"Polygon","coordinates":[[[127.01400481791396,37.65086787879567],[127.0140299568804,37.65076399365076],[127.01407392475147,37.65076939483437],[127.01409498556733,37.65067370898551],[127.0140606496913,37.650668396883916],[127.01398053284188,37.6506570530795],[127.01389667643016,37.65064489873494],[127.01388660165269,37.65070769778939],[127.01386520767711,37.65084608987693],[127.01391801483824,37.6508546436078],[127.01394985773952,37.6508595055256],[127.01400481791396,37.65086787879567]]]}},{"type":"Feature","properties":{"PNU":1132010500104140000,"피해위치(":"서울특별시 도봉구 쌍문동 414-95 B02","피해일시":"20250813 - 1200","F_SHIM":0.3,"F_AREA":147.06810595,"F_AVR_HGT":"36.76328353881836","ADM_CD":"1132010500","F_YR":"2025","F_ZONE_NM":"서울특별시 도봉구 쌍문동 414-95 B02","TYPE":"주택","TYPE2":"재난지원금"},"geometry":{"type":"Polygon","coordinates":[[[127.01898582759648,37.64912241709214],[127.01910990375657,37.6491091543155],[127.0191874088813,37.64910103395312],[127.01912869537819,37.64903049632291],[127.01896812934652,37.64903178154264],[127.01898582759648,37.64912241709214]]]}},{"type":"Feature","properties":{"PNU":1132010800106240000,"피해위치(":"서울특별시 도봉구 도봉동 624-42 지하1층 101호","피해일시":"20250813 - 1200","F_SHIM":0.3,"F_AREA":134.23917088,"F_AVR_HGT":"26.77897720336914","ADM_CD":"1132010800","F_YR":"2025","F_ZONE_NM":"서울특별시 도봉구 도봉동 624-42 지하1층 101호","TYPE":"주택","TYPE2":"재난지원금"},"geometry":{"type":"Polygon","coordinates":[[[127.04567828480852,37.67380708563466],[127.04577780366623,37.67380011085342],[127.04575789440135,37.673677676229815],[127.04555998944294,37.67368982330803],[127.04556192536762,37.67370495891457],[127.04566359821001,37.673698704203],[127.04567828480852,37.67380708563466]]]}},{"type":"Feature","properties":{"PNU":1132010800106170000,"피해위치(":"서울특별시 도봉구 도봉동 617-13 반지하","피해일시":"20250813 - 1200","F_SHIM":0.3,"F_AREA":211.43052612,"F_AVR_HGT":"27.066122817993165","ADM_CD":"1132010800","F_YR":"2025","F_ZONE_NM":"서울특별시 도봉구 도봉동 617-13 반지하","TYPE":"주택","TYPE2":"재난지원금"},"geometry":{"type":"Polygon","coordinates":[[[127.04366255151962,37.672812248889606],[127.04363310003778,37.67264639043696],[127.04350547685601,37.67266256333209],[127.04353333993535,37.67282626004884],[127.04366255151962,37.672812248889606]]]}},{"type":"Feature","properties":{"PNU":1132010600107140000,"피해위치(":"서울특별시 도봉구 방학동 714-13 대림빌라 B02호","피해일시":"20250813 - 1200","F_SHIM":0.3,"F_AREA":318.20801284,"F_AVR_HGT":"25.22753791809082","ADM_CD":"1132010600","F_YR":"2025","F_ZONE_NM":"서울특별시 도봉구 방학동 714-13 대림빌라 B02호","TYPE":"주택","TYPE2":"재난지원금"},"geometry":{"type":"Polygon","coordinates":[[[127.04492299191153,37.66472574165738],[127.04493065294415,37.66462735254593],[127.04493475903192,37.664574553994385],[127.04474253206166,37.66456438051369],[127.04474884396164,37.66450398595409],[127.044742532046,37.66456435348452],[127.04471997713382,37.66456319048084],[127.04470476185753,37.66471050519961],[127.04492299191153,37.66472574165738]]]}},{"type":"Feature","properties":{"PNU":1132010600106420100,"피해위치(":"서울특별시 도봉구 방학동 642-37 B01","피해일시":"20250813 - 1652","F_SHIM":0.3,"F_AREA":145.39167025,"F_AVR_HGT":"27.67984275817871","ADM_CD":"1132010600","F_YR":"2025","F_ZONE_NM":"서울특별시 도봉구 방학동 642-37 B01","TYPE":"소상공인","TYPE2":"재난지원금"},"geometry":{"type":"Polygon","coordinates":[[[127.03863450701029,37.66771137020744],[127.03873462212616,37.66777855124653],[127.03882162026034,37.66768040781817],[127.03873329623647,37.66762007052714],[127.03863450701029,37.66771137020744]]]}},{"type":"Feature","properties":{"PNU":1132010600106580100,"피해위치(":"서울특별시 도봉구 방학동 658-43 지하 왼쪽집","피해일시":"20250813 - 1200","F_SHIM":0.3,"F_AREA":117.10892663,"F_AVR_HGT":"26.68451385498047","ADM_CD":"1132010600","F_YR":"2025","F_ZONE_NM":"서울특별시 도봉구 방학동 658-43 지하 왼쪽집","TYPE":"주택","TYPE2":"재난지원금"},"geometry":{"type":"Polygon","coordinates":[[[127.04050131977368,37.66760751660217],[127.04050085617952,37.66758796564261],[127.04049877408418,37.66750777973851],[127.04038021950167,37.66751070196558],[127.04038185899728,37.667611790589696],[127.04050131977368,37.66760751660217]]]}},{"type":"Feature","properties":{"PNU":1132010600106600100,"피해위치(":"서울특별시 도봉구 방학동 660-14 b01","피해일시":"20250813 - 1200","F_SHIM":0.3,"F_AREA":114.19893728,"F_AVR_HGT":"28.414856719970704","ADM_CD":"1132010600","F_YR":"2025","F_ZONE_NM":"서울특별시 도봉구 방학동 660-14 b01","TYPE":"주택","TYPE2":"재난지원금"},"geometry":{"type":"Polygon","coordinates":[[[127.03725673789718,37.66610725272835],[127.03732958453502,37.66604245066645],[127.03733932758547,37.666033708268635],[127.03725157172866,37.66596985588259],[127.03717000238709,37.666044030654575],[127.03725673789718,37.66610725272835]]]}},{"type":"Feature","properties":{"PNU":1132010600106590000,"피해위치(":"서울특별시 도봉구 방학동 659-7 지층 B2호","피해일시":"20250813 - 1200","F_SHIM":0.3,"F_AREA":134.98017567,"F_AVR_HGT":"28.35545997619629","ADM_CD":"1132010600","F_YR":"2025","F_ZONE_NM":"서울특별시 도봉구 방학동 659-7 지층 B2호","TYPE":"주택","TYPE2":"재난지원금"},"geometry":{"type":"Polygon","coordinates":[[[127.03840484593972,37.66719500453656],[127.03827434538428,37.66710566874543],[127.03820818370222,37.66716641492163],[127.03833811726359,37.6672551202809],[127.03840484593972,37.66719500453656]]]}},{"type":"Feature","properties":{"PNU":1132010600103970000,"피해위치(":"서울특별시 도봉구 방학동 397-3 B01","피해일시":"20250813 - 1200","F_SHIM":0.3,"F_AREA":169.65319186,"F_AVR_HGT":"37.801213073730466","ADM_CD":"1132010600","F_YR":"2025","F_ZONE_NM":"서울특별시 도봉구 방학동 397-3 B01","TYPE":"주택","TYPE2":"재난지원금"},"geometry":{"type":"Polygon","coordinates":[[[127.0330692725936,37.66959521211545],[127.03311660832163,37.66949447070355],[127.03299690781323,37.66947603276451],[127.03294748601598,37.669468387673746],[127.03292089484206,37.669575160014894],[127.03296181492057,37.66958073514584],[127.0330692725936,37.66959521211545]]]}},{"type":"Feature","properties":{"PNU":1132010600106490000,"피해위치(":"서울특별시 도봉구 방학동 649-13 지층 B03호","피해일시":"20250813 - 1200","F_SHIM":0.3,"F_AREA":196.46343255,"F_AVR_HGT":"25.83006935119629","ADM_CD":"1132010600","F_YR":"2025","F_ZONE_NM":"서울특별시 도봉구 방학동 649-13 지층 B03호","TYPE":"주택","TYPE2":"재난지원금"},"geometry":{"type":"Polygon","coordinates":[[[127.04157622222175,37.668591559452146],[127.0417003243168,37.66857376808289],[127.04170984448055,37.668572413380666],[127.04170927630341,37.668569710655866],[127.04169109310327,37.66848034034838],[127.04187673700396,37.6684557705241],[127.04187434463897,37.66843333711973],[127.04175681554217,37.66844887399861],[127.04164245982842,37.66846404929195],[127.041552471246,37.668475972705636],[127.0415686082789,37.66855453205586],[127.04157622222175,37.668591559452146]]]}},{"type":"Feature","properties":{"PNU":1132010800106110000,"피해위치(":"서울특별시 도봉구 도봉동 611-6 B01호","피해일시":"20250813 - 1200","F_SHIM":0.3,"F_AREA":163.12964491,"F_AVR_HGT":"25.78250961303711","ADM_CD":"1132010800","F_YR":"2025","F_ZONE_NM":"서울특별시 도봉구 도봉동 611-6 B01호","TYPE":"주택","TYPE2":"재난지원금"},"geometry":{"type":"Polygon","coordinates":[[[127.04173755501327,37.670564184131166],[127.04186926391611,37.67056359857015],[127.04189294304035,37.67054439975454],[127.04189142106956,37.670454933707475],[127.04173602292244,37.67045561746897],[127.04173755501327,37.670564184131166]]]}},{"type":"Feature","properties":{"PNU":1132010800106110000,"피해위치(":"서울특별시 도봉구 도봉동 611-7 B01","피해일시":"20250813 - 1200","F_SHIM":0.3,"F_AREA":164.47052422,"F_AVR_HGT":"25.78250961303711","ADM_CD":"1132010800","F_YR":"2025","F_ZONE_NM":"서울특별시 도봉구 도봉동 611-7 B01","TYPE":"주택","TYPE2":"재난지원금"},"geometry":{"type":"Polygon","coordinates":[[[127.04189142106956,37.670454933707475],[127.04188943585838,37.67034726817288],[127.04173449069033,37.670346780513036],[127.04173496118855,37.670378494584924],[127.04173602292244,37.67045561746897],[127.04189142106956,37.670454933707475]]]}},{"type":"Feature","properties":{"PNU":1132010800106110000,"피해위치(":"서울특별시 도봉구 도봉동 611-8 지하","피해일시":"20250813 - 1200","F_SHIM":0.3,"F_AREA":180.53685338,"F_AVR_HGT":"25.78250961303711","ADM_CD":"1132010800","F_YR":"2025","F_ZONE_NM":"서울특별시 도봉구 도봉동 611-8 지하","TYPE":"주택","TYPE2":"재난지원금"},"geometry":{"type":"Polygon","coordinates":[[[127.04188943585838,37.67034726817288],[127.04193477422687,37.67034671206495],[127.04193053550853,37.670263914142815],[127.0419300766514,37.6702538234077],[127.04191137433045,37.67025355952123],[127.04173319429455,37.67025488175813],[127.04173449069033,37.670346780513036],[127.04188943585838,37.67034726817288]]]}},{"type":"Feature","properties":{"PNU":1132010600106490000,"피해위치(":"서울특별시 도봉구 방학동 649-21 우측문 b02호","피해일시":"20250813 - 1200","F_SHIM":0.3,"F_AREA":130.05335195,"F_AVR_HGT":"26.021832275390626","ADM_CD":"1132010600","F_YR":"2025","F_ZONE_NM":"서울특별시 도봉구 방학동 649-21 우측문 b02호","TYPE":"주택","TYPE2":"재난지원금"},"geometry":{"type":"Polygon","coordinates":[[[127.04171894330464,37.66821012911273],[127.04184905353814,37.668195308748835],[127.04183914227222,37.66810215154424],[127.04169656453755,37.668117156338795],[127.04171157642058,37.66821094249847],[127.04171894330464,37.66821012911273]]]}},{"type":"Feature","properties":{"PNU":1132010800106120100,"피해위치(":"서울특별시 도봉구 도봉동 612-44 삼원빌라 나동 지02호","피해일시":"20250813 - 1200","F_SHIM":0.3,"F_AREA":480.23354345,"F_AVR_HGT":"25.78250961303711","ADM_CD":"1132010800","F_YR":"2025","F_ZONE_NM":"서울특별시 도봉구 도봉동 612-44 삼원빌라 나동 지02호","TYPE":"주택","TYPE2":"재난지원금"},"geometry":{"type":"Polygon","coordinates":[[[127.04199610204887,37.67077753607628],[127.04231846036264,37.67077481220621],[127.04229628690466,37.67064553032595],[127.04225342559673,37.67061608333444],[127.04214155229154,37.67061657239825],[127.04199250119662,37.67061716421456],[127.04199482660594,37.67072482962571],[127.04199517325287,37.670736992634886],[127.04199610204887,37.67077753607628]]]}},{"type":"Feature","properties":{"PNU":1132010500100250000,"피해위치(":"서울특별시 도봉구 쌍문동 25-44 지하","피해일시":"20250813 - 1200","F_SHIM":0.3,"F_AREA":159.58567892,"F_AVR_HGT":"37.98511581420898","ADM_CD":"1132010500","F_YR":"2025","F_ZONE_NM":"서울특별시 도봉구 쌍문동 25-44 지하","TYPE":"주택","TYPE2":"재난지원금"},"geometry":{"type":"Polygon","coordinates":[[[127.03672400003593,37.65906459145883],[127.03673258103947,37.65899674553581],[127.03673641692014,37.65896007473792],[127.03657786450286,37.65895021124343],[127.03656748533847,37.65905049276348],[127.03672400003593,37.65906459145883]]]}},{"type":"Feature","properties":{"PNU":1132010500105120000,"피해위치(":"서울특별시 도봉구 쌍문동 512-19","피해일시":"20250820 - 0956","F_SHIM":0.3,"F_AREA":162.10875918,"F_AVR_HGT":"52.717900085449216","ADM_CD":"1132010500","F_YR":"2025","F_ZONE_NM":"서울특별시 도봉구 쌍문동 512-19","TYPE":"소상공인","TYPE2":"재난지원금"},"geometry":{"type":"Polygon","coordinates":[[[127.01442112722836,37.659282489141745],[127.01440308469712,37.65914887662925],[127.01428363706307,37.65915952110808],[127.01430190707735,37.65929917014143],[127.01442112722836,37.659282489141745]]]}},{"type":"Feature","properties":{"PNU":1132010600105010000,"피해위치(":"서울특별시 도봉구 방학동 501 지하1층","피해일시":"20250813 - 1507","F_SHIM":0.3,"F_AREA":381.65488215,"F_AVR_HGT":"41.43430023193359","ADM_CD":"1132010600","F_YR":"2025","F_ZONE_NM":"서울특별시 도봉구 방학동 501 지하1층","TYPE":"소상공인","TYPE2":"재난지원금"},"geometry":{"type":"Polygon","coordinates":[[[127.02366662409709,37.6598226914877],[127.02357028545947,37.659797121866546],[127.02347746722032,37.65979560752187],[127.0230731016033,37.65978901487858],[127.02343159426188,37.65988391151862],[127.0234531288563,37.65988985394654],[127.02360987711397,37.65992964775899],[127.02361248230834,37.659924872108206],[127.02365189942674,37.659850714547346],[127.02366662409709,37.6598226914877]]]}},{"type":"Feature","properties":{"PNU":1132010500102170000,"피해위치(":"서울특별시 도봉구 쌍문동 217 지하1층","피해일시":"20250813 - 1515","F_SHIM":0.3,"F_AREA":291.96018515,"F_AVR_HGT":"35.66360931396484","ADM_CD":"1132010500","F_YR":"2025","F_ZONE_NM":"서울특별시 도봉구 쌍문동 217 지하1층","TYPE":"소상공인","TYPE2":"재난지원금"},"geometry":{"type":"Polygon","coordinates":[[[127.03273595797664,37.659121574495146],[127.03260370166008,37.65911998766193],[127.03254457611325,37.65919811769304],[127.03251727586245,37.65922749662955],[127.03249393835314,37.65924777467945],[127.0324617621894,37.65927066786844],[127.03267845400921,37.65928304428152],[127.03273193030766,37.659246270396906],[127.03273595797664,37.659121574495146]]]}},{"type":"Feature","properties":{"PNU":1132010500102200000,"피해위치(":"서울특별시 도봉구 쌍문동 220 유송맨션연립 B동 B02호","피해일시":"20250813 - 1200","F_SHIM":0.3,"F_AREA":479.27303678,"F_AVR_HGT":"34.06418685913086","ADM_CD":"1132010500","F_YR":"2025","F_ZONE_NM":"서울특별시 도봉구 쌍문동 220 유송맨션연립 B동 B02호","TYPE":"주택","TYPE2":"재난지원금"},"geometry":{"type":"Polygon","coordinates":[[[127.03268204921746,37.659750378648575],[127.03269818145685,37.65957333296071],[127.03268367043574,37.65956198451996],[127.03262642696122,37.65953397932977],[127.03253131262514,37.65946120565465],[127.03247814348175,37.65941950451291],[127.03238845098285,37.65957629752628],[127.03246598367095,37.65961186569461],[127.0325551986143,37.659669414509075],[127.03268204921746,37.659750378648575]]]}},{"type":"Feature","properties":{"PNU":1132010500102200000,"피해위치(":"서울특별시 도봉구 쌍문동 220-5 은행맨션연립 B01호","피해일시":"20250813 - 1200","F_SHIM":0.3,"F_AREA":251.28458222,"F_AVR_HGT":"34.06418685913086","ADM_CD":"1132010500","F_YR":"2025","F_ZONE_NM":"서울특별시 도봉구 쌍문동 220-5 은행맨션연립 B01호","TYPE":"주택","TYPE2":"재난지원금"},"geometry":{"type":"Polygon","coordinates":[[[127.03207062722376,37.65946501984639],[127.0320830406895,37.65933608722067],[127.03194159766547,37.65931828448875],[127.03186987315256,37.65935100832654],[127.03183318922986,37.65943706079589],[127.03184792107727,37.65943444418447],[127.0318561935862,37.65943300049885],[127.03188248961153,37.65944146289173],[127.03190084680922,37.659435872125734],[127.03191399291441,37.65943541825253],[127.0319748536673,37.65944152918195],[127.03205702657615,37.65946250063981],[127.0320656403294,37.65946412016347],[127.03207062722376,37.65946501984639]]]}},{"type":"Feature","properties":{"PNU":1132010600106770000,"피해위치(":"서울특별시 도봉구 방학동 677-6 천보빌라 가동 B01호","피해일시":"20250813 - 1200","F_SHIM":0.3,"F_AREA":620.52114652,"F_AVR_HGT":"26.31925277709961","ADM_CD":"1132010600","F_YR":"2025","F_ZONE_NM":"서울특별시 도봉구 방학동 677-6 천보빌라 가동 B01호","TYPE":"주택","TYPE2":"재난지원금"},"geometry":{"type":"Polygon","coordinates":[[[127.04121246231247,37.66234532487416],[127.04135055214172,37.66243591628961],[127.0414880723213,37.66230892257868],[127.0413559870636,37.66221418481547],[127.04135817339835,37.662063811554084],[127.04131737328112,37.66206409561711],[127.04127203984918,37.66206447129108],[127.0411993930518,37.66206512642968],[127.0412063857069,37.66221405504258],[127.0412065014392,37.6622185598725],[127.04121246231247,37.66234532487416]]]}},{"type":"Feature","properties":{"PNU":1132010500100980100,"피해위치(":"서울특별시 도봉구 쌍문동 98-76 (쌍문동)","피해일시":"20250813 - 1200","F_SHIM":0.3,"F_AREA":101.8027037,"F_AVR_HGT":"41.59898452758789","ADM_CD":"1132010500","F_YR":"2025","F_ZONE_NM":"서울특별시 도봉구 쌍문동 98-76 (쌍문동)","TYPE":"주택","TYPE2":"재난지원금"},"geometry":{"type":"Polygon","coordinates":[[[127.03270260481317,37.64765649444599],[127.03273387565596,37.64764855758829],[127.03282122980688,37.64762582985011],[127.03278992234691,37.64754637206545],[127.03267231674837,37.64757577499465],[127.03270260481317,37.64765649444599]]]}},{"type":"Feature","properties":{"PNU":1132010500104230100,"피해위치(":"서울특별시 도봉구 쌍문동 423-93 지하3호","피해일시":"20250813 - 1200","F_SHIM":0.3,"F_AREA":139.25809198,"F_AVR_HGT":"40.17836456298828","ADM_CD":"1132010500","F_YR":"2025","F_ZONE_NM":"서울특별시 도봉구 쌍문동 423-93 지하3호","TYPE":"주택","TYPE2":"재난지원금"},"geometry":{"type":"Polygon","coordinates":[[[127.01381657531559,37.65072869783895],[127.01382393263324,37.650678512732235],[127.013830156313,37.65062553471856],[127.013697686384,37.65060897051392],[127.01367696586415,37.65070979181867],[127.01381657531559,37.65072869783895]]]}},{"type":"Feature","properties":{"PNU":1132010500100960000,"피해위치(":"서울특별시 도봉구 쌍문동 96-14 지층","피해일시":"20250813 - 1200","F_SHIM":0.3,"F_AREA":120.70054505,"F_AVR_HGT":"41.59898452758789","ADM_CD":"1132010500","F_YR":"2025","F_ZONE_NM":"서울특별시 도봉구 쌍문동 96-14 지층","TYPE":"주택","TYPE2":"재난지원금"},"geometry":{"type":"Polygon","coordinates":[[[127.03350748642366,37.64771511271241],[127.03347335461575,37.64765718920309],[127.03346836536845,37.6476489916724],[127.03332765444328,37.64770245756817],[127.03332187982087,37.64771255005618],[127.03335906989315,37.64776795005071],[127.03336269858046,37.64777425590348],[127.03337878624109,37.64776794472855],[127.03350748642366,37.64771511271241]]]}},{"type":"Feature","properties":{"PNU":1132010700106670100,"피해위치(":"서울특별시 도봉구 창동 667-27 한신빌라 B02호","피해일시":"20250814 - 0000","F_SHIM":0.3,"F_AREA":114.71412833,"F_AVR_HGT":"37.970166015625","ADM_CD":"1132010700","F_YR":"2025","F_ZONE_NM":"서울특별시 도봉구 창동 667-27 한신빌라 B02호","TYPE":"주택","TYPE2":"재난지원금"},"geometry":{"type":"Polygon","coordinates":[[[127.03730462805598,37.64781358000496],[127.03742610420638,37.647824444908565],[127.03743141132557,37.647785881520925],[127.03743412162603,37.64776678000488],[127.03743920289334,37.64772983844208],[127.03743738981005,37.64772965879881],[127.03731591376919,37.64771870380898],[127.03731049786504,37.647766817570435],[127.03730587034298,37.64780493025865],[127.03730462805598,37.64781358000496]]]}},{"type":"Feature","properties":{"PNU":1132010700107000000,"피해위치(":"서울특별시 도봉구 창동 700-52 석정빌라연립 B01호","피해일시":"20250813 - 1400","F_SHIM":0.3,"F_AREA":409.88917223,"F_AVR_HGT":"31.55107765197754","ADM_CD":"1132010700","F_YR":"2025","F_ZONE_NM":"서울특별시 도봉구 창동 700-52 석정빌라연립 B01호","TYPE":"주택","TYPE2":"재난지원금"},"geometry":{"type":"Polygon","coordinates":[[[127.03783461883945,37.65206160841298],[127.03786682774141,37.65211565701454],[127.03791933754914,37.65220402650486],[127.0379720214532,37.652184639269926],[127.03803807445962,37.652160112314775],[127.03804532564095,37.652157587339225],[127.03809834934795,37.65213801974748],[127.0381360776673,37.652123952829285],[127.03815839756265,37.6521159272197],[127.03810668063294,37.65202728729601],[127.03807628593155,37.651975760928025],[127.03807367748115,37.65197143705451],[127.03783461883945,37.65206160841298]]]}},{"type":"Feature","properties":{"PNU":1132010500107240100,"피해위치(":"서울특별시 도봉구 쌍문동 724-10 다온빌라 B02호","피해일시":"20250813 - 1200","F_SHIM":0.3,"F_AREA":144.86715658,"F_AVR_HGT":"36.399235534667966","ADM_CD":"1132010500","F_YR":"2025","F_ZONE_NM":"서울특별시 도봉구 쌍문동 724-10 다온빌라 B02호","TYPE":"주택","TYPE2":"재난지원금"},"geometry":{"type":"Polygon","coordinates":[[[127.02706759311911,37.645681467792414],[127.0270114787821,37.64560453654948],[127.02699821983686,37.64559931375045],[127.02687110468067,37.645651147270705],[127.02693538002886,37.64573645590207],[127.02706759311911,37.645681467792414]]]}},{"type":"Feature","properties":{"PNU":1132010800105670000,"피해위치(":"서울특별시 도봉구 도봉동 567-4 지하1층","피해일시":"20250813 - 1520","F_SHIM":0.3,"F_AREA":173.90605683,"F_AVR_HGT":"35.60718612670898","ADM_CD":"1132010800","F_YR":"2025","F_ZONE_NM":"서울특별시 도봉구 도봉동 567-4 지하1층","TYPE":"소상공인","TYPE2":"재난지원금"},"geometry":{"type":"Polygon","coordinates":[[[127.0436154240912,37.68389484305792],[127.0437409162377,37.683885247917495],[127.04377957278243,37.683882260871385],[127.04376590801598,37.6837752304794],[127.0436020993542,37.68378727194351],[127.0436154240912,37.68389484305792]]]}},{"type":"Feature","properties":{"PNU":1132010500104180000,"피해위치(":"서울특별시 도봉구 쌍문동 418-9 B1호","피해일시":"20250813 - 1200","F_SHIM":0.3,"F_AREA":165.19398713,"F_AVR_HGT":"36.76328353881836","ADM_CD":"1132010500","F_YR":"2025","F_ZONE_NM":"서울특별시 도봉구 쌍문동 418-9 B1호","TYPE":"주택","TYPE2":"재난지원금"},"geometry":{"type":"Polygon","coordinates":[[[127.01841592950989,37.648946359301945],[127.01855372138465,37.64895453837009],[127.01857362792077,37.64884332804506],[127.01842400405879,37.648825393127105],[127.01841592950989,37.648946359301945]]]}},{"type":"Feature","properties":{"PNU":1132010500104780000,"피해위치(":"서울특별시 도봉구 쌍문동 478-30 101호(지하)","피해일시":"20250813 - 1200","F_SHIM":0.3,"F_AREA":257.25414828,"F_AVR_HGT":"55.39342575073242","ADM_CD":"1132010500","F_YR":"2025","F_ZONE_NM":"서울특별시 도봉구 쌍문동 478-30 101호(지하)","TYPE":"주택","TYPE2":"재난지원금"},"geometry":{"type":"Polygon","coordinates":[[[127.01786922572902,37.654284805874696],[127.01793393944082,37.65431524984532],[127.01802540294321,37.65437127773159],[127.01807162810051,37.65432451065267],[127.01814345828421,37.65425197206468],[127.01810991234518,37.65424044430591],[127.01806839924797,37.65422612463275],[127.018032394042,37.65421369622182],[127.01794694265135,37.65418424626631],[127.01790661280965,37.65424263505677],[127.01786922572902,37.654284805874696]]]}},{"type":"Feature","properties":{"PNU":1132010700105780100,"피해위치(":"서울특별시 도봉구 창동 578-43 지하","피해일시":"20250813 - 1200","F_SHIM":0.3,"F_AREA":99.4437695,"F_AVR_HGT":"29.87267189025879","ADM_CD":"1132010700","F_YR":"2025","F_ZONE_NM":"서울특별시 도봉구 창동 578-43 지하","TYPE":"주택","TYPE2":"재난지원금"},"geometry":{"type":"Polygon","coordinates":[[[127.0376858611673,37.63926887153927],[127.03771066644484,37.63925381761269],[127.03774555251441,37.639232904233836],[127.03777420880775,37.63921550657045],[127.03780399777428,37.63919747786758],[127.0377720305561,37.63916289016442],[127.03775321303326,37.63914262395462],[127.03771051171809,37.6391684050109],[127.03763417054935,37.63921500892843],[127.03765740878487,37.6392395083965],[127.03767384540313,37.639256441734766],[127.0376858611673,37.63926887153927]]]}},{"type":"Feature","properties":{"PNU":1132010700106450000,"피해위치(":"서울특별시 도봉구 창동 645-8 한신빌라 8동 B01호","피해일시":"20250813 - 1200","F_SHIM":0.3,"F_AREA":433.97080766,"F_AVR_HGT":"34.537419128417966","ADM_CD":"1132010700","F_YR":"2025","F_ZONE_NM":"서울특별시 도봉구 창동 645-8 한신빌라 8동 B01호","TYPE":"주택","TYPE2":"재난지원금"},"geometry":{"type":"Polygon","coordinates":[[[127.03509586356047,37.64260370254932],[127.03520562588248,37.642537809859746],[127.03522306254958,37.642510775576156],[127.03523128157663,37.64239526799992],[127.03508556927757,37.64238837201989],[127.03506017711348,37.64236162022873],[127.03505054168676,37.64235144192905],[127.03503343733863,37.642361627826745],[127.03492707299979,37.64242472636791],[127.03501639912322,37.64251912341339],[127.03505834170758,37.64256352965542],[127.03509586356047,37.64260370254932]]]}},{"type":"Feature","properties":{"PNU":1132010500101380000,"피해위치(":"서울특별시 도봉구 쌍문동 138-15 지층","피해일시":"20250813 - 1200","F_SHIM":0.3,"F_AREA":153.73868717,"F_AVR_HGT":"44.96221237182617","ADM_CD":"1132010500","F_YR":"2025","F_ZONE_NM":"서울특별시 도봉구 쌍문동 138-15 지층","TYPE":"주택","TYPE2":"재난지원금"},"geometry":{"type":"Polygon","coordinates":[[[127.03284613410129,37.650535704795445],[127.03284998697752,37.650535974065086],[127.03285935348588,37.65044371167735],[127.03269311288959,37.65043078166919],[127.03268216057393,37.650525026609124],[127.03284613410129,37.650535704795445]]]}},{"type":"Feature","properties":{"PNU":1132010600106500000,"피해위치(":"서울특별시 도봉구 방학동 650-21 B01호","피해일시":"20250813 - 1200","F_SHIM":0.3,"F_AREA":132.73376069,"F_AVR_HGT":"25.83006935119629","ADM_CD":"1132010600","F_YR":"2025","F_ZONE_NM":"서울특별시 도봉구 방학동 650-21 B01호","TYPE":"주택","TYPE2":"재난지원금"},"geometry":{"type":"Polygon","coordinates":[[[127.04161162761412,37.66888048938838],[127.04158958445265,37.66877940773601],[127.04146140043522,37.66879503803574],[127.0414783338953,37.66887927325262],[127.0414823114322,37.6688988230136],[127.04161162761412,37.66888048938838]]]}},{"type":"Feature","properties":{"PNU":1132010600106500000,"피해위치(":"서울특별시 도봉구 방학동 650-20 지층 1호","피해일시":"20250813 - 1200","F_SHIM":0.3,"F_AREA":111.91451205,"F_AVR_HGT":"25.83006935119629","ADM_CD":"1132010600","F_YR":"2025","F_ZONE_NM":"서울특별시 도봉구 방학동 650-20 지층 1호","TYPE":"주택","TYPE2":"재난지원금"},"geometry":{"type":"Polygon","coordinates":[[[127.0413433494492,37.66889571660265],[127.0414783338953,37.66887927325262],[127.04146140043522,37.66879503803574],[127.0413499902157,37.66880859029648],[127.04133005326145,37.66883040056684],[127.0413433494492,37.66889571660265]]]}},{"type":"Feature","properties":{"PNU":1132010600106490000,"피해위치(":"서울특별시 도봉구 방학동 649-1 B01호","피해일시":"20250813 - 1200","F_SHIM":0.3,"F_AREA":112.59219825,"F_AVR_HGT":"25.83006935119629","ADM_CD":"1132010600","F_YR":"2025","F_ZONE_NM":"서울특별시 도봉구 방학동 649-1 B01호","TYPE":"주택","TYPE2":"재난지원금"},"geometry":{"type":"Polygon","coordinates":[[[127.04128977914681,37.66876130954145],[127.04140130260271,37.66874766720194],[127.04142135285818,37.66872585688092],[127.04140873597379,37.668659189163165],[127.04127318639158,37.66867788505645],[127.04128977914681,37.66876130954145]]]}},{"type":"Feature","properties":{"PNU":1132010600106470000,"피해위치(":"서울특별시 도봉구 방학동 647-3 지하2호","피해일시":"20250813 - 1200","F_SHIM":0.3,"F_AREA":174.56530987,"F_AVR_HGT":"27.729492950439454","ADM_CD":"1132010600","F_YR":"2025","F_ZONE_NM":"서울특별시 도봉구 방학동 647-3 지하2호","TYPE":"주택","TYPE2":"재난지원금"},"geometry":{"type":"Polygon","coordinates":[[[127.03955468523918,37.668500149144165],[127.03955418276439,37.668403925410296],[127.03936093083762,37.66840218561424],[127.03937593608761,37.66848858409235],[127.03937764132439,37.66849858434318],[127.0395219287752,37.668499979506485],[127.03955468523918,37.668500149144165]]]}},{"type":"Feature","properties":{"PNU":1132010500104570000,"피해위치(":"서울특별시 도봉구 쌍문동 457 대광빌라 가동 B01호","피해일시":"20250813 - 1200","F_SHIM":0.3,"F_AREA":284.98767545,"F_AVR_HGT":"52.004948425292966","ADM_CD":"1132010500","F_YR":"2025","F_ZONE_NM":"서울특별시 도봉구 쌍문동 457 대광빌라 가동 B01호","TYPE":"주택","TYPE2":"재난지원금"},"geometry":{"type":"Polygon","coordinates":[[[127.02199854909448,37.651711967257846],[127.02207947202858,37.65176141673458],[127.02211380300754,37.65174510309233],[127.02222089821983,37.6517786907335],[127.0222657699193,37.65177003348819],[127.02232025947767,37.65171046941981],[127.02213167048919,37.65161184570748],[127.0221217019473,37.651624371007024],[127.02203514341146,37.65168466134535],[127.02199854909448,37.651711967257846]]]}},{"type":"Feature","properties":{"PNU":1132010500105180000,"피해위치(":"서울특별시 도봉구 쌍문동 518-12 지하 101, 102호","피해일시":"20250813 - 1200","F_SHIM":0.3,"F_AREA":119.53406348,"F_AVR_HGT":"52.717900085449216","ADM_CD":"1132010500","F_YR":"2025","F_ZONE_NM":"서울특별시 도봉구 쌍문동 518-12 지하 101, 102호","TYPE":"주택","TYPE2":"재난지원금"},"geometry":{"type":"Polygon","coordinates":[[[127.0149873669535,37.65889725935917],[127.014974546343,37.65881743449686],[127.01495606572094,37.658773198763136],[127.01487152303294,37.65877771323222],[127.01488854483166,37.65890285663862],[127.01498759436058,37.65890140381507],[127.0149873669535,37.65889725935917]]]}},{"type":"Feature","properties":{"PNU":1132010600106700000,"피해위치(":"서울특별시 도봉구 방학동 670-22 곽산아트빌라 101호","피해일시":"20250813 - 1200","F_SHIM":0.3,"F_AREA":258.58877099,"F_AVR_HGT":"30.827502059936524","ADM_CD":"1132010600","F_YR":"2025","F_ZONE_NM":"서울특별시 도봉구 방학동 670-22 곽산아트빌라 101호","TYPE":"주택","TYPE2":"재난지원금"},"geometry":{"type":"Polygon","coordinates":[[[127.03336525717592,37.66199326104835],[127.03348868423498,37.66200809373412],[127.0335256588554,37.661808698200616],[127.03339611179342,37.6617931464276],[127.03335913683416,37.66199254192127],[127.03336525717592,37.66199326104835]]]}},{"type":"Feature","properties":{"PNU":1132010500102200000,"피해위치(":"서울특별시 도봉구 쌍문동 220-7 유송맨션연립 A동 B02호","피해일시":"20250813 - 1200","F_SHIM":0.3,"F_AREA":519.310949,"F_AVR_HGT":"34.06418685913086","ADM_CD":"1132010500","F_YR":"2025","F_ZONE_NM":"서울특별시 도봉구 쌍문동 220-7 유송맨션연립 A동 B02호","TYPE":"주택","TYPE2":"재난지원금"},"geometry":{"type":"Polygon","coordinates":[[[127.03238845098285,37.65957629752628],[127.03247814348175,37.65941950451291],[127.03239131203435,37.65936970339235],[127.03238859121974,37.659367541766144],[127.03233089193057,37.65933286934156],[127.03229802922921,37.659340085713325],[127.03219558241945,37.65934849145599],[127.03215500856,37.659344267419996],[127.03214010546941,37.65948175995424],[127.03214633925654,37.659483289992274],[127.03223452169108,37.659511377462316],[127.03227861360224,37.65952704292594],[127.03235795969468,37.65956315127727],[127.03238845098285,37.65957629752628]]]}},{"type":"Feature","properties":{"PNU":1132010500105030000,"피해위치(":"서울특별시 도봉구 쌍문동 503-1","피해일시":"20250813 - 1501","F_SHIM":0.3,"F_AREA":378.37157085,"F_AVR_HGT":"47.91106491088867","ADM_CD":"1132010500","F_YR":"2025","F_ZONE_NM":"서울특별시 도봉구 쌍문동 503-1","TYPE":"소상공인","TYPE2":"재난지원금"},"geometry":{"type":"Polygon","coordinates":[[[127.01330343145074,37.65546400561605],[127.01354990808203,37.6554442493941],[127.01354796759507,37.65535757581082],[127.01342002656138,37.655367859897325],[127.01340187700892,37.655256591330044],[127.01325761569284,37.65525534440457],[127.01330343145074,37.65546400561605]]]}},{"type":"Feature","properties":{"PNU":1132010500104600200,"피해위치(":"서울특별시 도봉구 쌍문동 460-175 B02호","피해일시":"20250813 - 1200","F_SHIM":0.3,"F_AREA":172.37562764,"F_AVR_HGT":"74.90640716552734","ADM_CD":"1132010500","F_YR":"2025","F_ZONE_NM":"서울특별시 도봉구 쌍문동 460-175 B02호","TYPE":"주택","TYPE2":"재난지원금"},"geometry":{"type":"Polygon","coordinates":[[[127.0217065706602,37.653126729002956],[127.02169442094679,37.65303645336546],[127.02149305510792,37.65305306556949],[127.02149135588117,37.65305522819761],[127.02152140869002,37.65314063555601],[127.0217065706602,37.653126729002956]]]}},{"type":"Feature","properties":{"PNU":1132010800106220000,"피해위치(":"서울특별시 도봉구 도봉동 622-84 b01호","피해일시":"20250813 - 1200","F_SHIM":0.3,"F_AREA":165.3208534,"F_AVR_HGT":"26.2939022064209","ADM_CD":"1132010800","F_YR":"2025","F_ZONE_NM":"서울특별시 도봉구 도봉동 622-84 b01호","TYPE":"주택","TYPE2":"재난지원금"},"geometry":{"type":"Polygon","coordinates":[[[127.0442810272508,37.67010883902222],[127.04435651256469,37.67010304541076],[127.04443267789246,37.67009716140638],[127.04441912517643,37.66998508535049],[127.04435338588827,37.66998763196245],[127.04427937253652,37.66999054192625],[127.04427975046237,37.67005658307746],[127.0442810272508,37.67010883902222]]]}},{"type":"Feature","properties":{"PNU":1132010500106300000,"피해위치(":"서울특별시 도봉구 쌍문동 630 지층","피해일시":"20250813 - 1448","F_SHIM":0.3,"F_AREA":449.13513788,"F_AVR_HGT":"30.934225845336915","ADM_CD":"1132010500","F_YR":"2025","F_ZONE_NM":"서울특별시 도봉구 쌍문동 630 지층","TYPE":"소상공인","TYPE2":"재난지원금"},"geometry":{"type":"Polygon","coordinates":[[[127.03922906287441,37.65732538726365],[127.03956582217168,37.65723094711057],[127.03953791968345,37.657183654942195],[127.0394956121378,37.65711159060438],[127.03925165475599,37.65718014294572],[127.0391723372999,37.65720233226043],[127.03922906287441,37.65732538726365]]]}},{"type":"Feature","properties":{"PNU":1132010600106320000,"피해위치(":"서울특별시 도봉구 방학동 632-8 B02","피해일시":"20250813 - 1200","F_SHIM":0.3,"F_AREA":175.66105369,"F_AVR_HGT":"33.65702133178711","ADM_CD":"1132010600","F_YR":"2025","F_ZONE_NM":"서울특별시 도봉구 방학동 632-8 B02","TYPE":"주택","TYPE2":"재난지원금"},"geometry":{"type":"Polygon","coordinates":[[[127.033505609351,37.66526745110554],[127.03360991293923,37.665341212492905],[127.03371595646159,37.665244328968896],[127.03361153952653,37.66517047760757],[127.033505609351,37.66526745110554]]]}},{"type":"Feature","properties":{"PNU":1132010600103140000,"피해위치(":"서울특별시 도봉구 방학동 314-23 이화빌라 B동 지층 101호","피해일시":"20250813 - 1200","F_SHIM":0.3,"F_AREA":177.34391525,"F_AVR_HGT":"36.25749282836914","ADM_CD":"1132010600","F_YR":"2025","F_ZONE_NM":"서울특별시 도봉구 방학동 314-23 이화빌라 B동 지층 101호","TYPE":"주택","TYPE2":"재난지원금"},"geometry":{"type":"Polygon","coordinates":[[[127.03128551458975,37.664671317500414],[127.03135138161835,37.664715358462374],[127.0313892462191,37.66473949496852],[127.03148034462819,37.66467613343782],[127.03147613276533,37.6646304551555],[127.0313911061446,37.664572724319456],[127.03128551458975,37.664671317500414]]]}},{"type":"Feature","properties":{"PNU":1135010200104750100,"피해위치(":"서울특별시 노원구 월계동 475-28 지층 2호","피해일시":"20250822 - 1825","F_SHIM":0.15,"F_AREA":196.51847415,"F_AVR_HGT":"20.20537986755371","ADM_CD":"1135010200","F_YR":"2025","F_ZONE_NM":"서울특별시 노원구 월계동 475-28 지층 2호","TYPE":"주택","TYPE2":"재난지원금"},"geometry":{"type":"Polygon","coordinates":[[[127.05877449390772,37.61790258441193],[127.05883337897012,37.617869868255475],[127.05890829567316,37.61782817050846],[127.0588913812019,37.61780858240572],[127.05883143665443,37.61774470498181],[127.05881295905883,37.61772500950901],[127.05868816630239,37.6178049149232],[127.05877449390772,37.61790258441193]]]}},{"type":"Feature","properties":{"PNU":1135010200104750000,"피해위치(":"서울특별시 노원구 월계동 475-14 이화빌라 b02호","피해일시":"20250813 - 1200","F_SHIM":0.15,"F_AREA":200.41894478,"F_AVR_HGT":"20.20537986755371","ADM_CD":"1135010200","F_YR":"2025","F_ZONE_NM":"서울특별시 노원구 월계동 475-14 이화빌라 b02호","TYPE":"주택","TYPE2":"재난지원금"},"geometry":{"type":"Polygon","coordinates":[[[127.0588913812019,37.61780858240572],[127.05892469222997,37.617792862116325],[127.05899691406191,37.61775247204515],[127.05905256067497,37.61772130704231],[127.05897937066041,37.6176515437362],[127.05893973350547,37.617644832703505],[127.05883685842137,37.61771035696995],[127.05883143665443,37.61774470498181],[127.0588913812019,37.61780858240572]]]}},{"type":"Feature","properties":{"PNU":1135010200104790000,"피해위치(":"서울특별시 노원구 월계동 479-17 b02호","피해일시":"20250813 - 1259","F_SHIM":0.15,"F_AREA":199.17939856,"F_AVR_HGT":"23.04467430114746","ADM_CD":"1135010200","F_YR":"2025","F_ZONE_NM":"서울특별시 노원구 월계동 479-17 b02호","TYPE":"주택","TYPE2":"재난지원금"},"geometry":{"type":"Polygon","coordinates":[[[127.05908592890125,37.61742725575906],[127.05923179753907,37.617300930103276],[127.05915185898957,37.617233593836964],[127.05912398838966,37.6172536722827],[127.05903830432707,37.61732938743716],[127.05900751009759,37.61734778244626],[127.05900042173938,37.617350515870214],[127.05908592890125,37.61742725575906]]]}},{"type":"Feature","properties":{"PNU":1129013800102340100,"피해위치(":"서울특별시 성북구 장위동 234-91","피해일시":"20250813 - 1800","F_SHIM":0.1,"F_AREA":122.44886328,"F_AVR_HGT":"30.757012939453126","ADM_CD":"1129013800","F_YR":"2025","F_ZONE_NM":"서울특별시 성북구 장위동 234-91","TYPE":"주택","TYPE2":"재난지원금"},"geometry":{"type":"Polygon","coordinates":[[[127.0461898861383,37.61550336428563],[127.04629651784931,37.615455977328196],[127.04622002164433,37.61540227182289],[127.04620429624802,37.6153758880458],[127.04609734366932,37.61539795747693],[127.04616767099662,37.61547740642137],[127.0461898861383,37.61550336428563]]]}},{"type":"Feature","properties":{"PNU":1135010200104750100,"피해위치(":"서울특별시 노원구 월계동 475-17 B01호","피해일시":"20250822 - 1835","F_SHIM":0.15,"F_AREA":158.76951777,"F_AVR_HGT":"23.04467430114746","ADM_CD":"1135010200","F_YR":"2025","F_ZONE_NM":"서울특별시 노원구 월계동 475-17 B01호","TYPE":"주택","TYPE2":"재난지원금"},"geometry":{"type":"Polygon","coordinates":[[[127.05923910732339,37.61755537245932],[127.05928815324798,37.617513434844746],[127.0593328281049,37.6174728778512],[127.05922719871114,37.61738857974602],[127.05913866071185,37.61746484596525],[127.05923910732339,37.61755537245932]]]}},{"type":"Feature","properties":{"PNU":1135010200104740000,"피해위치(":"서울특별시 노원구 월계동 474-7 그린빌라 B102호","피해일시":"20250813 - 1211","F_SHIM":0.15,"F_AREA":176.66754371,"F_AVR_HGT":"23.04467430114746","ADM_CD":"1135010200","F_YR":"2025","F_ZONE_NM":"서울특별시 노원구 월계동 474-7 그린빌라 B102호","TYPE":"주택","TYPE2":"재난지원금"},"geometry":{"type":"Polygon","coordinates":[[[127.05964237293337,37.61739907965141],[127.05975664662273,37.61732565646515],[127.05967629779674,37.617241184105474],[127.05966283665391,37.61724912837754],[127.05957523517768,37.617276291020914],[127.05953304253447,37.61728953816482],[127.05964237293337,37.61739907965141]]]}},{"type":"Feature","properties":{"PNU":1135010200104750000,"피해위치(":"서울특별시 노원구 월계동 475-4 한전빌라 b02호","피해일시":"20250813 - 0700","F_SHIM":0.15,"F_AREA":234.42640569,"F_AVR_HGT":"21.175125503540038","ADM_CD":"1135010200","F_YR":"2025","F_ZONE_NM":"서울특별시 노원구 월계동 475-4 한전빌라 b02호","TYPE":"주택","TYPE2":"재난지원금"},"geometry":{"type":"Polygon","coordinates":[[[127.05987253111732,37.616878766880745],[127.06001407527236,37.61675837984793],[127.05990136611612,37.616672887540346],[127.05985866145834,37.61672614760844],[127.05976808837673,37.61680531647188],[127.05987253111732,37.616878766880745]]]}},{"type":"Feature","properties":{"PNU":1130510300105580000,"피해위치(":"서울특별시 강북구 수유동 558-22 201호","피해일시":"20250822 - 2217","F_SHIM":0.3,"F_AREA":141.87557795,"F_AVR_HGT":"47.684017944335935","ADM_CD":"1130510300","F_YR":"2025","F_ZONE_NM":"서울특별시 강북구 수유동 558-22 201호","TYPE":"주택","TYPE2":"재난지원금"},"geometry":{"type":"Polygon","coordinates":[[[127.01129217308564,37.645213699421966],[127.01130785254426,37.64510877040701],[127.01117703671926,37.64509820372201],[127.01116243425918,37.645208934919935],[127.01129148254707,37.64521860980065],[127.01129217308564,37.645213699421966]]]}},{"type":"Feature","properties":{"PNU":1130510300105600000,"피해위치(":"서울특별시 강북구 수유동 560-42 B동 B01호","피해일시":"20250822 - 2210","F_SHIM":0.3,"F_AREA":196.91446511,"F_AVR_HGT":"56.081879425048825","ADM_CD":"1130510300","F_YR":"2025","F_ZONE_NM":"서울특별시 강북구 수유동 560-42 B동 B01호","TYPE":"주택","TYPE2":"재난지원금"},"geometry":{"type":"Polygon","coordinates":[[[127.00931865187668,37.64592721241566],[127.00933664196411,37.645785929127534],[127.00920997240316,37.64577585552505],[127.00918776958075,37.64594260966837],[127.00922550172459,37.64594310274748],[127.00931865187668,37.64592721241566]]]}},{"type":"Feature","properties":{"PNU":1141011800100110800,"피해위치(":"서울특별시 서대문구 홍은동 11-804 ㅇㅇ빌라 ㅇㅇ호","피해일시":"20250813 - 1100","F_SHIM":0.5,"F_AREA":112.54521035,"F_AVR_HGT":"44.138099670410156","ADM_CD":"1141011800","F_YR":"2025","F_ZONE_NM":"서울특별시 서대문구 홍은동 11-804 ㅇㅇ빌라 ㅇㅇ호","TYPE":"주택","TYPE2":"재난지원금"},"geometry":{"type":"Polygon","coordinates":[[[126.94703723305902,37.59913256790293],[126.94708413260227,37.59910678537722],[126.94714488053134,37.59908189217689],[126.94705801181561,37.599024522552405],[126.94695688050574,37.59908395877079],[126.94700388225056,37.59915090553571],[126.94703723305902,37.59913256790293]]]}},{"type":"Feature","properties":{"PNU":1138010300104330000,"피해위치(":"서울특별시 은평구 불광동 433-2 B01호","피해일시":"20250813 - 1200","F_SHIM":0.1,"F_AREA":250.83389428,"F_AVR_HGT":"33.90158233642578","ADM_CD":"1138010300","F_YR":"2025","F_ZONE_NM":"서울특별시 은평구 불광동 433-2 B01호","TYPE":"주택","TYPE2":"재난지원금"},"geometry":{"type":"Polygon","coordinates":[[[126.92638686796452,37.62281259154566],[126.92639718173476,37.62280683184205],[126.92650766108537,37.622770232248975],[126.9265166141911,37.62276582313946],[126.92655401506701,37.622745574862485],[126.9265829204449,37.622725231081105],[126.92647262176405,37.62269488807048],[126.92632506831927,37.62265226789993],[126.92631496731795,37.6226717226241],[126.92626991165852,37.622756836480605],[126.92639844162342,37.622793047655335],[126.92638686796452,37.62281259154566]]]}},{"type":"Feature","properties":{"PNU":1138010300103600000,"피해위치(":"서울특별시 은평구 불광동 360-1 지하","피해일시":"20250813 - 1200","F_SHIM":0.1,"F_AREA":208.89244734,"F_AVR_HGT":"31.865071868896486","ADM_CD":"1138010300","F_YR":"2025","F_ZONE_NM":"서울특별시 은평구 불광동 360-1 지하","TYPE":"주택","TYPE2":"재난지원금"},"geometry":{"type":"Polygon","coordinates":[[[126.92548990551337,37.621865898248245],[126.9255924611563,37.62193443874228],[126.92569896855994,37.621792693002156],[126.92568221406584,37.62178295165416],[126.92557850336848,37.621736484498655],[126.92548990551337,37.621865898248245]]]}},{"type":"Feature","properties":{"PNU":1138010300103600000,"피해위치(":"서울특별시 은평구 불광동 360-2 지하 B02호","피해일시":"20250813 - 1200","F_SHIM":0.1,"F_AREA":219.09398967,"F_AVR_HGT":"31.865071868896486","ADM_CD":"1138010300","F_YR":"2025","F_ZONE_NM":"서울특별시 은평구 불광동 360-2 지하 B02호","TYPE":"주택","TYPE2":"재난지원금"},"geometry":{"type":"Polygon","coordinates":[[[126.9255924611563,37.62193443874228],[126.92561953093976,37.62193688880157],[126.92568746850178,37.62196279059797],[126.9257277897864,37.62196669071483],[126.92580283642116,37.62190772471474],[126.92582847192543,37.6218724227525],[126.92575715833499,37.621824715158276],[126.92569896855994,37.621792693002156],[126.9255924611563,37.62193443874228]]]}},{"type":"Feature","properties":{"PNU":1138010300104220000,"피해위치(":"서울특별시 은평구 불광동 422-17 지층","피해일시":"20250813 - 1200","F_SHIM":0.1,"F_AREA":156.25001875,"F_AVR_HGT":"33.90158233642578","ADM_CD":"1138010300","F_YR":"2025","F_ZONE_NM":"서울특별시 은평구 불광동 422-17 지층","TYPE":"주택","TYPE2":"재난지원금"},"geometry":{"type":"Polygon","coordinates":[[[126.92601084895482,37.622201036814964],[126.92616189847755,37.62214563301716],[126.9261327216218,37.622098403042216],[126.92599297428292,37.6220667793924],[126.92596301780938,37.62211847645434],[126.92601084895482,37.622201036814964]]]}},{"type":"Feature","properties":{"PNU":1138010300104210000,"피해위치(":"서울특별시 은평구 불광동 421-15 지하 101호","피해일시":"20250813 - 1200","F_SHIM":0.1,"F_AREA":206.37929234,"F_AVR_HGT":"33.90158233642578","ADM_CD":"1138010300","F_YR":"2025","F_ZONE_NM":"서울특별시 은평구 불광동 421-15 지하 101호","TYPE":"주택","TYPE2":"재난지원금"},"geometry":{"type":"Polygon","coordinates":[[[126.9258455149041,37.62237986548217],[126.92587133099534,37.62239006310519],[126.92589526844071,37.62235385906314],[126.92590752234628,37.62233377506754],[126.92594088517824,37.62227415158168],[126.92587781563275,37.62225059560014],[126.9258478079212,37.62224093587836],[126.92579187210292,37.62221990716835],[126.92575238838076,37.62228349099363],[126.92572175539608,37.62233185393293],[126.9258455149041,37.62237986548217]]]}},{"type":"Feature","properties":{"PNU":1138010300104120000,"피해위치(":"서울특별시 은평구 불광동 412-1 지층","피해일시":"20250813 - 1200","F_SHIM":0.1,"F_AREA":75.48331921,"F_AVR_HGT":"31.55444679260254","ADM_CD":"1138010300","F_YR":"2025","F_ZONE_NM":"서울특별시 은평구 불광동 412-1 지층","TYPE":"주택","TYPE2":"재난지원금"},"geometry":{"type":"Polygon","coordinates":[[[126.92494397354312,37.62204393924894],[126.92495701428278,37.62202998252408],[126.92503939092946,37.62200363723374],[126.92501959628667,37.6219761445201],[126.9249600440156,37.621947454742475],[126.92495088183418,37.62193483508102],[126.92492846199869,37.621926801811775],[126.92490657164349,37.62195471797529],[126.92494397354312,37.62204393924894]]]}},{"type":"Feature","properties":{"PNU":1138010300103610000,"피해위치(":"서울특별시 은평구 불광동 361-5 반지하","피해일시":"20250813 - 1200","F_SHIM":0.1,"F_AREA":110.91221349,"F_AVR_HGT":"31.55444679260254","ADM_CD":"1138010300","F_YR":"2025","F_ZONE_NM":"서울특별시 은평구 불광동 361-5 반지하","TYPE":"주택","TYPE2":"재난지원금"},"geometry":{"type":"Polygon","coordinates":[[[126.92534733055405,37.621830848287885],[126.92529118262107,37.62179612430938],[126.92523326976558,37.62175936294865],[126.92521825965152,37.62177187686371],[126.92522697939164,37.62177409891173],[126.92516973516827,37.621814605980276],[126.92525563057795,37.62189169529522],[126.92534733055405,37.621830848287885]]]}},{"type":"Feature","properties":{"PNU":1138010300104220000,"피해위치(":"서울특별시 은평구 불광동 422-2 1층","피해일시":"20250813 - 1200","F_SHIM":0.1,"F_AREA":157.84144158,"F_AVR_HGT":"31.865071868896486","ADM_CD":"1138010300","F_YR":"2025","F_ZONE_NM":"서울특별시 은평구 불광동 422-2 1층","TYPE":"소상공인","TYPE2":"재난지원금"},"geometry":{"type":"Polygon","coordinates":[[[126.92595765588143,37.62182033881124],[126.92607247004696,37.621864470185],[126.92608895797802,37.62180177253092],[126.92611424766847,37.62177223655565],[126.92614488307952,37.62172099037572],[126.92605225504876,37.62169218991888],[126.92603127473465,37.62171677324902],[126.92601980959091,37.62174109236945],[126.92599735224039,37.6217700895494],[126.92595765588143,37.62182033881124]]]}},{"type":"Feature","properties":{"PNU":1138010300103590000,"피해위치(":"서울특별시 은평구 불광동 359-27 지층 우측","피해일시":"20250813 - 1200","F_SHIM":0.1,"F_AREA":126.73839258,"F_AVR_HGT":"31.55444679260254","ADM_CD":"1138010300","F_YR":"2025","F_ZONE_NM":"서울특별시 은평구 불광동 359-27 지층 우측","TYPE":"주택","TYPE2":"재난지원금"},"geometry":{"type":"Polygon","coordinates":[[[126.92504595277825,37.62156909892625],[126.92512214287679,37.621499772827825],[126.92509633014699,37.621486691906206],[126.92498424306443,37.62143535351024],[126.92492585044057,37.62149126647355],[126.92504595277825,37.62156909892625]]]}},{"type":"Feature","properties":{"PNU":1138010300103610000,"피해위치(":"서울특별시 은평구 불광동 361-6 지하층","피해일시":"20250813 - 1200","F_SHIM":0.1,"F_AREA":177.41385827,"F_AVR_HGT":"31.55444679260254","ADM_CD":"1138010300","F_YR":"2025","F_ZONE_NM":"서울특별시 은평구 불광동 361-6 지하층","TYPE":"주택","TYPE2":"재난지원금"},"geometry":{"type":"Polygon","coordinates":[[[126.92503560035408,37.62183380008756],[126.92505483718209,37.62185291332562],[126.9250815426548,37.62187923923683],[126.92514831000896,37.62183080975281],[126.92516973516827,37.621814605980276],[126.92522697939164,37.62177409891173],[126.92521825965152,37.62177187686371],[126.92523326976558,37.62175936294865],[126.92515919210976,37.621712337950164],[126.9251291371398,37.62174916857277],[126.92509268046672,37.62173238674291],[126.92504812404741,37.621771640597515],[126.92503837105042,37.621782896524515],[126.92501240304827,37.62181071996759],[126.92503560035408,37.62183380008756]]]}},{"type":"Feature","properties":{"PNU":1138010300103590000,"피해위치(":"서울특별시 은평구 불광동 359-26 지층우측","피해일시":"20250813 - 1200","F_SHIM":0.1,"F_AREA":146.3559651,"F_AVR_HGT":"31.55444679260254","ADM_CD":"1138010300","F_YR":"2025","F_ZONE_NM":"서울특별시 은평구 불광동 359-26 지층우측","TYPE":"주택","TYPE2":"재난지원금"},"geometry":{"type":"Polygon","coordinates":[[[126.9251695623024,37.62165134832613],[126.92523611969675,37.62158643072361],[126.92519898565445,37.621567486136684],[126.92521690554231,37.62154515342481],[126.92512214287679,37.621499772827825],[126.92504595277825,37.62156909892625],[126.9251695623024,37.62165134832613]]]}},{"type":"Feature","properties":{"PNU":1138010300103590000,"피해위치(":"서울특별시 은평구 불광동 359-20 지하 BO2호 (좌측)","피해일시":"20250813 - 1200","F_SHIM":0.1,"F_AREA":129.77863381,"F_AVR_HGT":"31.55444679260254","ADM_CD":"1138010300","F_YR":"2025","F_ZONE_NM":"서울특별시 은평구 불광동 359-20 지하 BO2호 (좌측)","TYPE":"주택","TYPE2":"재난지원금"},"geometry":{"type":"Polygon","coordinates":[[[126.92512214287679,37.621499772827825],[126.92521690554231,37.62154515342481],[126.92527623361198,37.62146040956699],[126.9251579186832,37.62140690496016],[126.92509633014699,37.621486691906206],[126.92512214287679,37.621499772827825]]]}},{"type":"Feature","properties":{"PNU":1138010300103590000,"피해위치(":"서울특별시 은평구 불광동 359-25 지하층","피해일시":"20250813 - 1200","F_SHIM":0.1,"F_AREA":128.33970386,"F_AVR_HGT":"31.55444679260254","ADM_CD":"1138010300","F_YR":"2025","F_ZONE_NM":"서울특별시 은평구 불광동 359-25 지하층","TYPE":"주택","TYPE2":"재난지원금"},"geometry":{"type":"Polygon","coordinates":[[[126.9251695623024,37.62165134832613],[126.92528332187905,37.62172917643149],[126.92534967466763,37.621642725215715],[126.92532159796015,37.621628111216545],[126.92523611969675,37.62158643072361],[126.9251695623024,37.62165134832613]]]}},{"type":"Feature","properties":{"PNU":1138010300103600000,"피해위치(":"서울특별시 은평구 불광동 360-4 지하 101호","피해일시":"20250813 - 1200","F_SHIM":0.1,"F_AREA":143.56741455,"F_AVR_HGT":"31.55444679260254","ADM_CD":"1138010300","F_YR":"2025","F_ZONE_NM":"서울특별시 은평구 불광동 360-4 지하 101호","TYPE":"주택","TYPE2":"재난지원금"},"geometry":{"type":"Polygon","coordinates":[[[126.92528332187905,37.62172917643149],[126.92538248162401,37.62179510207405],[126.92546652316125,37.62169073270635],[126.92544546435953,37.62168098855048],[126.92534967466763,37.621642725215715],[126.92528332187905,37.62172917643149]]]}},{"type":"Feature","properties":{"PNU":1138010300103590000,"피해위치(":"서울특별시 은평구 불광동 359-16 지층 뒤쪽","피해일시":"20250813 - 1200","F_SHIM":0.1,"F_AREA":157.92585267,"F_AVR_HGT":"31.55444679260254","ADM_CD":"1138010300","F_YR":"2025","F_ZONE_NM":"서울특별시 은평구 불광동 359-16 지층 뒤쪽","TYPE":"주택","TYPE2":"재난지원금"},"geometry":{"type":"Polygon","coordinates":[[[126.92534967466763,37.621642725215715],[126.92544546435953,37.62168098855048],[126.92551737359973,37.62158832406059],[126.92539815946455,37.621527611277756],[126.92532159796015,37.621628111216545],[126.92534967466763,37.621642725215715]]]}},{"type":"Feature","properties":{"PNU":1138010300103560100,"피해위치(":"서울특별시 은평구 불광동 356-21 지층 우호","피해일시":"20250813 - 1200","F_SHIM":0.1,"F_AREA":193.77127694,"F_AVR_HGT":"31.55444679260254","ADM_CD":"1138010300","F_YR":"2025","F_ZONE_NM":"서울특별시 은평구 불광동 356-21 지층 우호","TYPE":"주택","TYPE2":"재난지원금"},"geometry":{"type":"Polygon","coordinates":[[[126.92541177089142,37.621509240068164],[126.92546792646604,37.62153630566718],[126.92552044378182,37.62146543238664],[126.9255650222265,37.62140410435896],[126.92544953439332,37.62135510676293],[126.92535448088762,37.62148388557186],[126.92541177089142,37.621509240068164]]]}},{"type":"Feature","properties":{"PNU":1138010300103600000,"피해위치(":"서울특별시 은평구 불광동 360-3 지층 102","피해일시":"20250813 - 1200","F_SHIM":0.1,"F_AREA":175.88020521,"F_AVR_HGT":"31.55444679260254","ADM_CD":"1138010300","F_YR":"2025","F_ZONE_NM":"서울특별시 은평구 불광동 360-3 지층 102","TYPE":"주택","TYPE2":"재난지원금"},"geometry":{"type":"Polygon","coordinates":[[[126.92538248162401,37.62179510207405],[126.92548990551337,37.621865898248245],[126.92557850336848,37.621736484498655],[126.92557080577147,37.6217316142538],[126.92546652316125,37.62169073270635],[126.92538248162401,37.62179510207405]]]}},{"type":"Feature","properties":{"PNU":1138010300103560100,"피해위치(":"서울특별시 은평구 불광동 356-17 지하 우측","피해일시":"20250813 - 1200","F_SHIM":0.1,"F_AREA":110.51443943,"F_AVR_HGT":"31.865071868896486","ADM_CD":"1138010300","F_YR":"2025","F_ZONE_NM":"서울특별시 은평구 불광동 356-17 지하 우측","TYPE":"주택","TYPE2":"재난지원금"},"geometry":{"type":"Polygon","coordinates":[[[126.92552044378182,37.62146543238664],[126.9256338932952,37.62151406820977],[126.9256886799102,37.62143923200195],[126.92557591175752,37.62138897490559],[126.9255650222265,37.62140410435896],[126.92552044378182,37.62146543238664]]]}},{"type":"Feature","properties":{"PNU":1138010700105920000,"피해위치(":"서울특별시 은평구 응암동 592-47 203호","피해일시":"20250813 - 1200","F_SHIM":0.1,"F_AREA":391.45900924,"F_AVR_HGT":"14.327618217468261","ADM_CD":"1138010700","F_YR":"2025","F_ZONE_NM":"서울특별시 은평구 응암동 592-47 203호","TYPE":"주택","TYPE2":"재난지원금"},"geometry":{"type":"Polygon","coordinates":[[[126.91430764678674,37.5882465682163],[126.91434136422843,37.588266054395774],[126.91435041116426,37.58827534122115],[126.91437879606218,37.588304373891816],[126.914402795643,37.58829767025856],[126.91447900869346,37.5882754361126],[126.91448244049451,37.58827442953991],[126.9145368047118,37.58825928801573],[126.91451094728718,37.58818905520602],[126.91448171304673,37.58811154895173],[126.91445146469954,37.588029897410564],[126.91443290853105,37.58801943229716],[126.9143085527468,37.58805231653809],[126.91434524176907,37.58814496488799],[126.91437447787665,37.5882207593056],[126.91430764678674,37.5882465682163]]]}},{"type":"Feature","properties":{"PNU":1138010300104520100,"피해위치(":"서울특별시 은평구 불광동 452-2 가동 지층 나호","피해일시":"20250813 - 1200","F_SHIM":0.1,"F_AREA":185.75828221,"F_AVR_HGT":"49.14905319213867","ADM_CD":"1138010300","F_YR":"2025","F_ZONE_NM":"서울특별시 은평구 불광동 452-2 가동 지층 나호","TYPE":"주택","TYPE2":"재난지원금"},"geometry":{"type":"Polygon","coordinates":[[[126.92691815302487,37.626548028688134],[126.92685633965395,37.6264651625856],[126.92681778366824,37.626517241804706],[126.9267655002354,37.62657847527241],[126.92673490684857,37.62658620430764],[126.92671404031984,37.626586524443745],[126.92670137539683,37.62658672363951],[126.9266707266205,37.62664968263996],[126.92670157974212,37.62660888785429],[126.92684098116905,37.62665537658015],[126.92688147039951,37.62660719981695],[126.92691815302487,37.626548028688134]]]}},{"type":"Feature","properties":{"PNU":1138010300103590000,"피해위치(":"서울특별시 은평구 불광동 359-29 지층","피해일시":"20250813 - 1200","F_SHIM":0.1,"F_AREA":118.76504572,"F_AVR_HGT":"31.55444679260254","ADM_CD":"1138010300","F_YR":"2025","F_ZONE_NM":"서울특별시 은평구 불광동 359-29 지층","TYPE":"주택","TYPE2":"재난지원금"},"geometry":{"type":"Polygon","coordinates":[[[126.92479171379836,37.62140252291717],[126.92490400329729,37.62147719700581],[126.92496999329703,37.62141336035898],[126.92485487248709,37.62133823400304],[126.92479171379836,37.62140252291717]]]}},{"type":"Feature","properties":{"PNU":1138010400104310000,"피해위치(":"서울특별시 은평구 갈현동 431-17","피해일시":"20250813 - 1200","F_SHIM":0.1,"F_AREA":263.28698043,"F_AVR_HGT":"27.03975830078125","ADM_CD":"1138010400","F_YR":"2025","F_ZONE_NM":"서울특별시 은평구 갈현동 431-17","TYPE":"소상공인","TYPE2":"재난지원금"},"geometry":{"type":"Polygon","coordinates":[[[126.91786784541434,37.61976190865541],[126.91756610439859,37.61975322516658],[126.9176118957065,37.619827048001724],[126.9176379246884,37.61986777278516],[126.9176768438355,37.619868142815015],[126.91767792311065,37.61985519649837],[126.9178488586201,37.61986546285359],[126.91786784541434,37.61976190865541]]]}},{"type":"Feature","properties":{"PNU":1138010100103770000,"피해위치(":"서울특별시 은평구 수색동 377-10 지층 가호","피해일시":"20250813 - 1200","F_SHIM":0.1,"F_AREA":206.85903165,"F_AVR_HGT":"19.93943557739258","ADM_CD":"1138010100","F_YR":"2025","F_ZONE_NM":"서울특별시 은평구 수색동 377-10 지층 가호","TYPE":"주택","TYPE2":"재난지원금"},"geometry":{"type":"Polygon","coordinates":[[[126.89251824459758,37.5832331273134],[126.89255721394292,37.58321694554985],[126.89263334023731,37.5831852110021],[126.89256914919099,37.58310649574036],[126.89251829559099,37.58304283921707],[126.89244169642555,37.583088358333235],[126.89244994869634,37.58309683522199],[126.89241448061264,37.5831187864939],[126.89250841045721,37.58322248660367],[126.89251824459758,37.5832331273134]]]}},{"type":"Feature","properties":{"PNU":1138010100103770000,"피해위치(":"서울특별시 은평구 수색동 377-9 단독주택","피해일시":"20250823 - 1406","F_SHIM":0.1,"F_AREA":95.67033575,"F_AVR_HGT":"14.5852876663208","ADM_CD":"1138010100","F_YR":"2025","F_ZONE_NM":"서울특별시 은평구 수색동 377-9 단독주택","TYPE":"주택","TYPE2":"재난지원금"},"geometry":{"type":"Polygon","coordinates":[[[126.89270924161235,37.583152395015134],[126.89264901313642,37.58307359335008],[126.892594669548,37.582996418857476],[126.89251829559099,37.58304283921707],[126.89256914919099,37.58310649574036],[126.89262590723845,37.58308059972596],[126.89268771767742,37.58316147512779],[126.89270924161235,37.583152395015134]]]}},{"type":"Feature","properties":{"PNU":1138010100103770000,"피해위치(":"서울특별시 은평구 수색동 377-6 지층 101호","피해일시":"20250813 - 1200","F_SHIM":0.1,"F_AREA":173.00638176,"F_AVR_HGT":"14.5852876663208","ADM_CD":"1138010100","F_YR":"2025","F_ZONE_NM":"서울특별시 은평구 수색동 377-6 지층 101호","TYPE":"주택","TYPE2":"재난지원금"},"geometry":{"type":"Polygon","coordinates":[[[126.89270924161235,37.583152395015134],[126.89286931245476,37.58308424774451],[126.89280083208715,37.582996608902505],[126.89264901313642,37.58307359335008],[126.89270924161235,37.583152395015134]]]}},{"type":"Feature","properties":{"PNU":1138010100103770000,"피해위치(":"서울특별시 은평구 수색동 377-3 1층 우측","피해일시":"20250813 - 1200","F_SHIM":0.1,"F_AREA":67.72127126,"F_AVR_HGT":"15.295406913757324","ADM_CD":"1138010100","F_YR":"2025","F_ZONE_NM":"서울특별시 은평구 수색동 377-3 1층 우측","TYPE":"주택","TYPE2":"재난지원금"},"geometry":{"type":"Polygon","coordinates":[[[126.8929138778053,37.582800748596675],[126.89296406838649,37.582853322220025],[126.89304306735602,37.582792037720196],[126.89300894745827,37.582743353140906],[126.8929138778053,37.582800748596675]]]}},{"type":"Feature","properties":{"PNU":1138010100103770000,"피해위치(":"서울특별시 은평구 수색동 377-1 B01호","피해일시":"20250813 - 1200","F_SHIM":0.1,"F_AREA":134.09547406,"F_AVR_HGT":"15.295406913757324","ADM_CD":"1138010100","F_YR":"2025","F_ZONE_NM":"서울특별시 은평구 수색동 377-1 B01호","TYPE":"주택","TYPE2":"재난지원금"},"geometry":{"type":"Polygon","coordinates":[[[126.89300883628398,37.58289796216429],[126.89300043741079,37.58291246031151],[126.89305555137346,37.58300513227802],[126.8931629477765,37.58295720837376],[126.89308295008864,37.58284838596029],[126.89300883628398,37.58289796216429]]]}},{"type":"Feature","properties":{"PNU":1138010400100120300,"피해위치(":"서울특별시 은평구 갈현동 12-302 지층","피해일시":"20250813 - 1200","F_SHIM":0.1,"F_AREA":139.58102806,"F_AVR_HGT":"82.80118713378906","ADM_CD":"1138010400","F_YR":"2025","F_ZONE_NM":"서울특별시 은평구 갈현동 12-302 지층","TYPE":"주택","TYPE2":"재난지원금"},"geometry":{"type":"Polygon","coordinates":[[[126.91547480594478,37.62908820739852],[126.91537544752607,37.628997316258875],[126.91528690173634,37.6290588785223],[126.915383540794,37.62915021823983],[126.91547480594478,37.62908820739852]]]}},{"type":"Feature","properties":{"PNU":1138010400100120200,"피해위치(":"서울특별시 은평구 갈현동 12-222 b02호","피해일시":"20250813 - 1200","F_SHIM":0.1,"F_AREA":227.63864879,"F_AVR_HGT":"78.80429229736328","ADM_CD":"1138010400","F_YR":"2025","F_ZONE_NM":"서울특별시 은평구 갈현동 12-222 b02호","TYPE":"주택","TYPE2":"재난지원금"},"geometry":{"type":"Polygon","coordinates":[[[126.91640030523959,37.62891643132783],[126.91662880211922,37.62881361407187],[126.91653634473394,37.6287299366989],[126.91643963775222,37.628796809727056],[126.91634338434824,37.62886314241527],[126.91640030523959,37.62891643132783]]]}},{"type":"Feature","properties":{"PNU":1138010400100120300,"피해위치(":"서울특별시 은평구 갈현동 12-341 102","피해일시":"20250813 - 1200","F_SHIM":0.1,"F_AREA":162.00587436,"F_AVR_HGT":"83.04129180908203","ADM_CD":"1138010400","F_YR":"2025","F_ZONE_NM":"서울특별시 은평구 갈현동 12-341 102","TYPE":"주택","TYPE2":"재난지원금"},"geometry":{"type":"Polygon","coordinates":[[[126.91472854614875,37.628846108495665],[126.91461538444173,37.62874142158585],[126.91452468542,37.62880343218336],[126.91463977218045,37.628908751281415],[126.91472854614875,37.628846108495665]]]}},{"type":"Feature","properties":{"PNU":1138010300102390000,"피해위치(":"서울특별시 은평구 불광동 239-4 201호","피해일시":"20250813 - 1200","F_SHIM":0.1,"F_AREA":283.60939524,"F_AVR_HGT":"35.211446380615236","ADM_CD":"1138010300","F_YR":"2025","F_ZONE_NM":"서울특별시 은평구 불광동 239-4 201호","TYPE":"주택","TYPE2":"재난지원금"},"geometry":{"type":"Polygon","coordinates":[[[126.93272100649699,37.61695981320284],[126.93267689973025,37.616887348641676],[126.93266594513678,37.61685247430148],[126.93246134842305,37.61689506123431],[126.93246237003123,37.616904909550065],[126.93246482873957,37.61692848965093],[126.93249595792038,37.61694887002333],[126.93252419171252,37.61703826380723],[126.93253620061597,37.617035297591656],[126.93257879714204,37.61702595228542],[126.93264293323494,37.6169958969837],[126.93272100649699,37.61695981320284]]]}},{"type":"Feature","properties":{"PNU":1138010300103590000,"피해위치(":"서울특별시 은평구 불광동 359-22 지층","피해일시":"20250813 - 1200","F_SHIM":0.1,"F_AREA":142.13844314,"F_AVR_HGT":"31.55444679260254","ADM_CD":"1138010300","F_YR":"2025","F_ZONE_NM":"서울특별시 은평구 불광동 359-22 지층","TYPE":"소상공인","TYPE2":"재난지원금"},"geometry":{"type":"Polygon","coordinates":[[[126.92527623361198,37.62146040956699],[126.92528031831571,37.621453654857035],[126.92522280526141,37.62142496652704],[126.92517718371576,37.6213983581161],[126.92512146438327,37.62138796078818],[126.92510867467443,37.62137813182689],[126.92510244755321,37.62137534376681],[126.92504493168379,37.62134952947377],[126.92498424306443,37.62143535351024],[126.92509633014699,37.621486691906206],[126.9251579186832,37.62140690496016],[126.92527623361198,37.62146040956699]]]}},{"type":"Feature","properties":{"PNU":1138010300103560100,"피해위치(":"서울특별시 은평구 불광동 356-23 지상","피해일시":"20250813 - 1200","F_SHIM":0.1,"F_AREA":117.34757888,"F_AVR_HGT":"31.55444679260254","ADM_CD":"1138010300","F_YR":"2025","F_ZONE_NM":"서울특별시 은평구 불광동 356-23 지상","TYPE":"주택","TYPE2":"재난지원금"},"geometry":{"type":"Polygon","coordinates":[[[126.92533557212687,37.621476305135396],[126.92539013853181,37.621395522456496],[126.9252787299123,37.62134526595298],[126.92522280526141,37.62142496652704],[126.92528031831571,37.621453654857035],[126.92528518571312,37.621456901529044],[126.92533557212687,37.621476305135396]]]}},{"type":"Feature","properties":{"PNU":1138010300101020000,"피해위치(":"서울특별시 은평구 불광동 102-21 지층 오른쪽","피해일시":"20250813 - 1200","F_SHIM":0.1,"F_AREA":163.14983385,"F_AVR_HGT":"39.53509674072266","ADM_CD":"1138010300","F_YR":"2025","F_ZONE_NM":"서울특별시 은평구 불광동 102-21 지층 오른쪽","TYPE":"주택","TYPE2":"재난지원금"},"geometry":{"type":"Polygon","coordinates":[[[126.92748889125937,37.62431017545795],[126.92757557413337,37.62428374101166],[126.9276237346184,37.624265661493475],[126.92758068144946,37.62415940904853],[126.9274424400516,37.62420383073367],[126.92748889125937,37.62431017545795]]]}},{"type":"Feature","properties":{"PNU":1138010300104480000,"피해위치(":"서울특별시 은평구 불광동 448-44 지층 좌측","피해일시":"20250813 - 1200","F_SHIM":0.1,"F_AREA":227.84112393,"F_AVR_HGT":"60.75253448486328","ADM_CD":"1138010300","F_YR":"2025","F_ZONE_NM":"서울특별시 은평구 불광동 448-44 지층 좌측","TYPE":"주택","TYPE2":"재난지원금"},"geometry":{"type":"Polygon","coordinates":[[[126.92530681266351,37.626224989059935],[126.92544254595876,37.626312291424846],[126.92555457786882,37.626202714440616],[126.92549367037715,37.626166455854154],[126.92539752818001,37.62613494970126],[126.92530681266351,37.626224989059935]]]}},{"type":"Feature","properties":{"PNU":1138010200100750100,"피해위치(":"서울특별시 은평구 녹번동 75-23 B01호","피해일시":"20250813 - 1200","F_SHIM":0.1,"F_AREA":318.56224532,"F_AVR_HGT":"30.30220756530762","ADM_CD":"1138010200","F_YR":"2025","F_ZONE_NM":"서울특별시 은평구 녹번동 75-23 B01호","TYPE":"주택","TYPE2":"재난지원금"},"geometry":{"type":"Polygon","coordinates":[[[126.93122689726583,37.6018208176169],[126.93141060238955,37.60179353699894],[126.93138829437363,37.601672071247805],[126.93138353870329,37.60167152783222],[126.93137882388615,37.601627466964835],[126.93122594522383,37.601629087883474],[126.93122905879243,37.601689906085845],[126.93119145664843,37.60169592027227],[126.93122689726583,37.6018208176169]]]}},{"type":"Feature","properties":{"PNU":1138010200100750100,"피해위치(":"서울특별시 은평구 녹번동 75-24 101호","피해일시":"20250813 - 1200","F_SHIM":0.1,"F_AREA":201.43309135,"F_AVR_HGT":"30.30220756530762","ADM_CD":"1138010200","F_YR":"2025","F_ZONE_NM":"서울특별시 은평구 녹번동 75-24 101호","TYPE":"주택","TYPE2":"재난지원금"},"geometry":{"type":"Polygon","coordinates":[[[126.93141060238955,37.60179353699894],[126.93158388586743,37.60176967365538],[126.93160796830482,37.60168950044194],[126.93153572744629,37.601681168587106],[126.93146405501207,37.6016704944698],[126.93138829437363,37.601672071247805],[126.93141060238955,37.60179353699894]]]}},{"type":"Feature","properties":{"PNU":1138010200100440000,"피해위치(":"서울특별시 은평구 녹번동 44-26 지층1호","피해일시":"20250813 - 1200","F_SHIM":0.1,"F_AREA":191.48280646,"F_AVR_HGT":"32.57060012817383","ADM_CD":"1138010200","F_YR":"2025","F_ZONE_NM":"서울특별시 은평구 녹번동 44-26 지층1호","TYPE":"주택","TYPE2":"재난지원금"},"geometry":{"type":"Polygon","coordinates":[[[126.93268774336863,37.601557240091104],[126.93263540005083,37.60146197565491],[126.93262112776047,37.60142924362286],[126.93261536461794,37.60141601382845],[126.9325616443251,37.60143869623602],[126.93251405278903,37.601458787371406],[126.93250280442872,37.60146249284442],[126.93251126059175,37.601490284103576],[126.93256211765235,37.601600684239585],[126.93268774336863,37.601557240091104]]]}},{"type":"Feature","properties":{"PNU":1138010300100760000,"피해위치(":"서울특별시 은평구 불광동 76-25 지층 B01호","피해일시":"20250813 - 1200","F_SHIM":0.1,"F_AREA":140.20018025,"F_AVR_HGT":"49.14905319213867","ADM_CD":"1138010300","F_YR":"2025","F_ZONE_NM":"서울특별시 은평구 불광동 76-25 지층 B01호","TYPE":"주택","TYPE2":"재난지원금"},"geometry":{"type":"Polygon","coordinates":[[[126.92692315778532,37.62683364221441],[126.92692843776231,37.62687788362276],[126.92693519858562,37.626913927057394],[126.92711584464448,37.626837007391345],[126.9270702610834,37.62676832403746],[126.92692315778532,37.62683364221441]]]}},{"type":"Feature","properties":{"PNU":1138010300104450300,"피해위치(":"서울특별시 은평구 불광동 445-297 우진베스트빌라 B01호","피해일시":"20250813 - 1200","F_SHIM":0.1,"F_AREA":158.36000685,"F_AVR_HGT":"64.0486961364746","ADM_CD":"1138010300","F_YR":"2025","F_ZONE_NM":"서울특별시 은평구 불광동 445-297 우진베스트빌라 B01호","TYPE":"주택","TYPE2":"재난지원금"},"geometry":{"type":"Polygon","coordinates":[[[126.92401974765096,37.62577113846287],[126.92405314387668,37.62579143242317],[126.92413627331459,37.62569886630575],[126.92402442396796,37.625631309562614],[126.92393846352724,37.62572288266394],[126.92401974765096,37.62577113846287]]]}},{"type":"Feature","properties":{"PNU":1138010300100760000,"피해위치(":"서울특별시 은평구 불광동 76-26 B02","피해일시":"20250813 - 1200","F_SHIM":0.1,"F_AREA":159.73825318,"F_AVR_HGT":"49.14905319213867","ADM_CD":"1138010300","F_YR":"2025","F_ZONE_NM":"서울특별시 은평구 불광동 76-26 B02","TYPE":"주택","TYPE2":"재난지원금"},"geometry":{"type":"Polygon","coordinates":[[[126.92692646237178,37.62679150551362],[126.92692315778532,37.62683364221441],[126.9270702610834,37.62676832403746],[126.92697253143092,37.62662347500269],[126.92694144315931,37.6266730092075],[126.92693063535263,37.62671922260215],[126.92692646237178,37.62679150551362]]]}},{"type":"Feature","properties":{"PNU":1138010300104540000,"피해위치(":"서울특별시 은평구 불광동 454-6 지층","피해일시":"20250813 - 1200","F_SHIM":0.1,"F_AREA":162.05109359,"F_AVR_HGT":"49.14905319213867","ADM_CD":"1138010300","F_YR":"2025","F_ZONE_NM":"서울특별시 은평구 불광동 454-6 지층","TYPE":"주택","TYPE2":"재난지원금"},"geometry":{"type":"Polygon","coordinates":[[[126.92680908048536,37.62673556154311],[126.92692646237178,37.62679150551362],[126.92693063535263,37.62671922260215],[126.92694144315931,37.6266730092075],[126.92697253143092,37.62662347500269],[126.92693884423734,37.626575773903525],[126.92693496013794,37.62658570023802],[126.9268849674001,37.62662188798768],[126.92684307638957,37.626678488019124],[126.92680908048536,37.62673556154311]]]}},{"type":"Feature","properties":{"PNU":1138010300100980000,"피해위치(":"서울특별시 은평구 불광동 98-6 지층","피해일시":"20250813 - 1200","F_SHIM":0.1,"F_AREA":199.07993886,"F_AVR_HGT":"46.55935440063477","ADM_CD":"1138010300","F_YR":"2025","F_ZONE_NM":"서울특별시 은평구 불광동 98-6 지층","TYPE":"소상공인","TYPE2":"재난지원금"},"geometry":{"type":"Polygon","coordinates":[[[126.9276788929093,37.62564743792493],[126.92780036493399,37.625609762844135],[126.92784965545007,37.6255952878611],[126.92780818629328,37.625489847393034],[126.92774643120124,37.62550836897371],[126.92763391019065,37.62554415754818],[126.9276788929093,37.62564743792493]]]}},{"type":"Feature","properties":{"PNU":1138010300100950000,"피해위치(":"서울특별시 은평구 불광동 95 전원빌라 102호","피해일시":"20250813 - 1200","F_SHIM":0.1,"F_AREA":934.89077586,"F_AVR_HGT":"46.82637939453125","ADM_CD":"1138010300","F_YR":"2025","F_ZONE_NM":"서울특별시 은평구 불광동 95 전원빌라 102호","TYPE":"주택","TYPE2":"재난지원금"},"geometry":{"type":"Polygon","coordinates":[[[126.92755300352594,37.6255701451621],[126.92762158655644,37.625520183783415],[126.92766592586524,37.625472279446],[126.92769318058154,37.625403641881036],[126.92770095326733,37.62533310006687],[126.92760513302237,37.625319795690984],[126.92746476513179,37.62530180522624],[126.92734196085974,37.62534675002899],[126.92733804885637,37.62529367989053],[126.92732083165353,37.625292587890776],[126.9273085160432,37.62526068547971],[126.92724596314011,37.62528416168354],[126.92723594524752,37.625288281862765],[126.92723467028337,37.625294560885735],[126.92744157756457,37.62564377536666],[126.92745460747248,37.62564090041213],[126.9275060542114,37.625622552715356],[126.92755300352594,37.6255701451621]]]}},{"type":"Feature","properties":{"PNU":1138010400104900000,"피해위치(":"서울특별시 은평구 갈현동 490-2 1층 101호","피해일시":"20250813 - 1200","F_SHIM":0.1,"F_AREA":487.96862148,"F_AVR_HGT":"24.374112701416017","ADM_CD":"1138010400","F_YR":"2025","F_ZONE_NM":"서울특별시 은평구 갈현동 490-2 1층 101호","TYPE":"소상공인","TYPE2":"재난지원금"},"geometry":{"type":"Polygon","coordinates":[[[126.91336427906509,37.61435409905001],[126.91341909493462,37.614452436996494],[126.91342485905662,37.61446280257923],[126.91348645518212,37.61457438997218],[126.91367670193293,37.61450641758005],[126.91361499030222,37.614396542062636],[126.91360581252226,37.61438034459983],[126.91355372988211,37.61428837871096],[126.913468658343,37.61431789447279],[126.91336427906509,37.61435409905001]]]}},{"type":"Feature","properties":{"PNU":1138010300104430000,"피해위치(":"서울특별시 은평구 불광동 443-1 1층(반지하)","피해일시":"20250813 - 1200","F_SHIM":0.1,"F_AREA":189.97890641,"F_AVR_HGT":"52.745164489746095","ADM_CD":"1138010300","F_YR":"2025","F_ZONE_NM":"서울특별시 은평구 불광동 443-1 1층(반지하)","TYPE":"주택","TYPE2":"재난지원금"},"geometry":{"type":"Polygon","coordinates":[[[126.92599772008948,37.62553834654221],[126.92601561818506,37.62553826789769],[126.92604892315975,37.625537208027986],[126.92609786894212,37.625527869137784],[126.9261221476843,37.62537895278354],[126.92593470015845,37.62535117280306],[126.92592843965784,37.625380991206356],[126.9260161011828,37.62539672436748],[126.92599772008948,37.62553834654221]]]}},{"type":"Feature","properties":{"PNU":1138010200101560000,"피해위치(":"서울특별시 은평구 녹번동 156-35 지층층 1호","피해일시":"20250822 - 1524","F_SHIM":0.1,"F_AREA":168.33077876,"F_AVR_HGT":"20.48727951049805","ADM_CD":"1138010200","F_YR":"2025","F_ZONE_NM":"서울특별시 은평구 녹번동 156-35 지층층 1호","TYPE":"소상공인","TYPE2":"재난지원금"},"geometry":{"type":"Polygon","coordinates":[[[126.9236186615402,37.602176074062],[126.92365717770008,37.602054466795714],[126.92352437285575,37.60202653874203],[126.92348687511691,37.60214868722846],[126.9236186615402,37.602176074062]]]}},{"type":"Feature","properties":{"PNU":1138010200101560000,"피해위치(":"서울특별시 은평구 녹번동 156-34 지하 102호","피해일시":"20250813 - 1200","F_SHIM":0.1,"F_AREA":192.9265904,"F_AVR_HGT":"20.1728759765625","ADM_CD":"1138010200","F_YR":"2025","F_ZONE_NM":"서울특별시 은평구 녹번동 156-34 지하 102호","TYPE":"주택","TYPE2":"재난지원금"},"geometry":{"type":"Polygon","coordinates":[[[126.92348687511691,37.60214868722846],[126.92352437285575,37.60202653874203],[126.92334797934151,37.60198930155468],[126.92336018444222,37.60212157391707],[126.92348687511691,37.60214868722846]]]}},{"type":"Feature","properties":{"PNU":1138010200100750000,"피해위치(":"서울특별시 은평구 녹번동 75-7 지층","피해일시":"20250813 - 1200","F_SHIM":0.1,"F_AREA":106.81753697,"F_AVR_HGT":"39.046712493896486","ADM_CD":"1138010200","F_YR":"2025","F_ZONE_NM":"서울특별시 은평구 녹번동 75-7 지층","TYPE":"주택","TYPE2":"재난지원금"},"geometry":{"type":"Polygon","coordinates":[[[126.93189054812143,37.60201113818353],[126.93187296639293,37.60192084932458],[126.93182290891426,37.60192532469067],[126.9317601500744,37.60194925375982],[126.93178489507135,37.60200837285986],[126.93177772544958,37.602046209904685],[126.93189054812143,37.60201113818353]]]}},{"type":"Feature","properties":{"PNU":1138010200100750100,"피해위치(":"서울특별시 은평구 녹번동 75-26 102호","피해일시":"20250822 - 1905","F_SHIM":0.1,"F_AREA":206.85929864,"F_AVR_HGT":"33.255811309814455","ADM_CD":"1138010200","F_YR":"2025","F_ZONE_NM":"서울특별시 은평구 녹번동 75-26 102호","TYPE":"주택","TYPE2":"재난지원금"},"geometry":{"type":"Polygon","coordinates":[[[126.93132552338896,37.601950077260476],[126.93134632517211,37.60186665861349],[126.93132199273742,37.60185096704185],[126.93111472142465,37.60189048683409],[126.93118290301419,37.60200071769231],[126.93132552338896,37.601950077260476]]]}},{"type":"Feature","properties":{"PNU":1138010200100860000,"피해위치(":"서울특별시 은평구 녹번동 86-56 그린빌라 b02호","피해일시":"20250813 - 1200","F_SHIM":0.1,"F_AREA":145.35982354,"F_AVR_HGT":"46.49502334594727","ADM_CD":"1138010200","F_YR":"2025","F_ZONE_NM":"서울특별시 은평구 녹번동 86-56 그린빌라 b02호","TYPE":"주택","TYPE2":"재난지원금"},"geometry":{"type":"Polygon","coordinates":[[[126.9298516155734,37.604684719054525],[126.92986673251245,37.60468631396196],[126.92992240701605,37.604636649555474],[126.92994329780998,37.60461640814032],[126.92986511589731,37.60455349915425],[126.92985662931817,37.60454627713203],[126.92974570439873,37.60465208417966],[126.92980348852488,37.60468168954944],[126.9298516155734,37.604684719054525]]]}},{"type":"Feature","properties":{"PNU":1138010200100750100,"피해위치(":"서울특별시 은평구 녹번동 75-21 101호","피해일시":"20250813 - 1200","F_SHIM":0.1,"F_AREA":228.92271118,"F_AVR_HGT":"33.255811309814455","ADM_CD":"1138010200","F_YR":"2025","F_ZONE_NM":"서울특별시 은평구 녹번동 75-21 101호","TYPE":"주택","TYPE2":"재난지원금"},"geometry":{"type":"Polygon","coordinates":[[[126.93084186465698,37.601876854065075],[126.93098299283463,37.601931402906104],[126.93098536360517,37.60192716970328],[126.93102163026333,37.60189646785385],[126.93105936156857,37.60187369551695],[126.93100364400613,37.6017559938741],[126.93095901337537,37.60176984233838],[126.93092219365097,37.60178666870162],[126.9308867592248,37.60177556541201],[126.93084465507073,37.60187194537917],[126.93084186465698,37.601876854065075]]]}},{"type":"Feature","properties":{"PNU":1138010200100750100,"피해위치(":"서울특별시 은평구 녹번동 75-22 B-2호","피해일시":"20250813 - 1200","F_SHIM":0.1,"F_AREA":231.77869846,"F_AVR_HGT":"33.255811309814455","ADM_CD":"1138010200","F_YR":"2025","F_ZONE_NM":"서울특별시 은평구 녹번동 75-22 B-2호","TYPE":"주택","TYPE2":"재난지원금"},"geometry":{"type":"Polygon","coordinates":[[[126.93105936156857,37.60187369551695],[126.93122689726583,37.6018208176169],[126.93119145664843,37.60169592027227],[126.93118306509338,37.601708258737965],[126.9311002686074,37.60172550824098],[126.93106345386444,37.601737108950424],[126.93100364400613,37.6017559938741],[126.93105936156857,37.60187369551695]]]}},{"type":"Feature","properties":{"PNU":1138010200101050000,"피해위치(":"서울특별시 은평구 녹번동 105-5 지층","피해일시":"20250813 - 1200","F_SHIM":0.1,"F_AREA":111.81055696,"F_AVR_HGT":"26.02521858215332","ADM_CD":"1138010200","F_YR":"2025","F_ZONE_NM":"서울특별시 은평구 녹번동 105-5 지층","TYPE":"주택","TYPE2":"재난지원금"},"geometry":{"type":"Polygon","coordinates":[[[126.92825498455228,37.60636671967447],[126.92825687232792,37.60633563696051],[126.92825803539453,37.60630446369825],[126.92825909113088,37.60626725378838],[126.92821592635481,37.6062843456492],[126.92812464962257,37.60628203646764],[126.92812406142262,37.60630438046055],[126.92812320803897,37.60636609721051],[126.92825498455228,37.60636671967447]]]}},{"type":"Feature","properties":{"PNU":1138010200101570000,"피해위치(":"서울특별시 은평구 녹번동 157-12 지하 2호","피해일시":"20250813 - 1200","F_SHIM":0.1,"F_AREA":173.99091742,"F_AVR_HGT":"20.616212463378908","ADM_CD":"1138010200","F_YR":"2025","F_ZONE_NM":"서울특별시 은평구 녹번동 157-12 지하 2호","TYPE":"주택","TYPE2":"재난지원금"},"geometry":{"type":"Polygon","coordinates":[[[126.92436045301093,37.60278670685505],[126.9244854455884,37.60281471896482],[126.92449442149893,37.602785983473986],[126.92452237005523,37.60269815589342],[126.92452805137495,37.60267959935509],[126.92446555359977,37.60266712500874],[126.92440384790112,37.602655281834714],[126.92440146215537,37.602662668334425],[126.92438964824457,37.60269806923655],[126.92436045301093,37.60278670685505]]]}},{"type":"Feature","properties":{"PNU":1138010200101600000,"피해위치(":"서울특별시 은평구 녹번동 160-8 지층 1호","피해일시":"20250813 - 1200","F_SHIM":0.1,"F_AREA":156.75162231,"F_AVR_HGT":"20.277227020263673","ADM_CD":"1138010200","F_YR":"2025","F_ZONE_NM":"서울특별시 은평구 녹번동 160-8 지층 1호","TYPE":"주택","TYPE2":"재난지원금"},"geometry":{"type":"Polygon","coordinates":[[[126.92317360257307,37.60272880270192],[126.9231993092237,37.60272854946804],[126.92319617116948,37.602697283285],[126.92318843347964,37.60262465894145],[126.92318697255205,37.60261393627728],[126.92304620055899,37.602623393183904],[126.92305223822243,37.60269718768403],[126.9230552588091,37.60273241811679],[126.92317360257307,37.60272880270192]]]}},{"type":"Feature","properties":{"PNU":1138010200101540000,"피해위치(":"서울특별시 은평구 녹번동 154-16 지하 1층","피해일시":"20250813 - 1200","F_SHIM":0.1,"F_AREA":146.74705953,"F_AVR_HGT":"21.00264129638672","ADM_CD":"1138010200","F_YR":"2025","F_ZONE_NM":"서울특별시 은평구 녹번동 154-16 지하 1층","TYPE":"주택","TYPE2":"재난지원금"},"geometry":{"type":"Polygon","coordinates":[[[126.92419375585702,37.60410149180074],[126.924238199267,37.60405223716544],[126.9241356562336,37.603996399159506],[126.92411537850846,37.60400287293706],[126.92404610410588,37.60408112286732],[126.92415317087212,37.604142910400235],[126.92419375585702,37.60410149180074]]]}},{"type":"Feature","properties":{"PNU":1138010200101560000,"피해위치(":"서울특별시 은평구 녹번동 156-27 가동 101호","피해일시":"20250813 - 1200","F_SHIM":0.1,"F_AREA":395.28192778,"F_AVR_HGT":"20.48727951049805","ADM_CD":"1138010200","F_YR":"2025","F_ZONE_NM":"서울특별시 은평구 녹번동 156-27 가동 101호","TYPE":"소상공인","TYPE2":"재난지원금"},"geometry":{"type":"Polygon","coordinates":[[[126.92416324234362,37.60229076695407],[126.92420425191459,37.60216636809866],[126.92425162279633,37.602022782456416],[126.92410953420908,37.60199259652583],[126.92407976803652,37.60208573862527],[126.92405079439763,37.602178971334126],[126.92402364323146,37.60226193402701],[126.92410742565185,37.60227892748401],[126.92416324234362,37.60229076695407]]]}},{"type":"Feature","properties":{"PNU":1138010200101600000,"피해위치(":"서울특별시 은평구 녹번동 160-23 지하 1층","피해일시":"20250813 - 1200","F_SHIM":0.1,"F_AREA":119.9407267,"F_AVR_HGT":"20.1728759765625","ADM_CD":"1138010200","F_YR":"2025","F_ZONE_NM":"서울특별시 은평구 녹번동 160-23 지하 1층","TYPE":"주택","TYPE2":"재난지원금"},"geometry":{"type":"Polygon","coordinates":[[[126.92330220257787,37.60223109501707],[126.92329335192908,37.60213981959276],[126.923159944191,37.60214684886322],[126.92316958690738,37.6022385753145],[126.92330220257787,37.60223109501707]]]}},{"type":"Feature","properties":{"PNU":1138010200100350100,"피해위치(":"서울특별시 은평구 녹번동 35-69 지상 1호","피해일시":"20250813 - 1200","F_SHIM":0.1,"F_AREA":392.19820703,"F_AVR_HGT":"50.01070938110352","ADM_CD":"1138010200","F_YR":"2025","F_ZONE_NM":"서울특별시 은평구 녹번동 35-69 지상 1호","TYPE":"주택","TYPE2":"재난지원금"},"geometry":{"type":"Polygon","coordinates":[[[126.93351285403907,37.60364160151152],[126.93364780815634,37.603430128465604],[126.93347594286774,37.603385430867164],[126.93335697137965,37.60357997447544],[126.93351285403907,37.60364160151152]]]}},{"type":"Feature","properties":{"PNU":1138010300102380200,"피해위치(":"서울특별시 은평구 불광동 238-98 지층 1호","피해일시":"20250813 - 1200","F_SHIM":0.1,"F_AREA":208.96735101,"F_AVR_HGT":"34.192849731445314","ADM_CD":"1138010300","F_YR":"2025","F_ZONE_NM":"서울특별시 은평구 불광동 238-98 지층 1호","TYPE":"주택","TYPE2":"재난지원금"},"geometry":{"type":"Polygon","coordinates":[[[126.9319213501016,37.61598916833895],[126.93187345547109,37.61585047914695],[126.93185759592986,37.61585326282668],[126.93173241363195,37.61588075887797],[126.93177736205969,37.61602061766028],[126.9319213501016,37.61598916833895]]]}},{"type":"Feature","properties":{"PNU":1138010300102380200,"피해위치(":"서울특별시 은평구 불광동 238-102 B02호","피해일시":"20250813 - 1200","F_SHIM":0.1,"F_AREA":215.99777687,"F_AVR_HGT":"34.192849731445314","ADM_CD":"1138010300","F_YR":"2025","F_ZONE_NM":"서울특별시 은평구 불광동 238-102 B02호","TYPE":"주택","TYPE2":"재난지원금"},"geometry":{"type":"Polygon","coordinates":[[[126.93211721954493,37.615950631616016],[126.93226188480398,37.61592143472885],[126.93221840954492,37.615779865129994],[126.93210693710733,37.61580232413673],[126.93207023269629,37.615809780682824],[126.9320922567256,37.61587691670801],[126.93211721954493,37.615950631616016]]]}},{"type":"Feature","properties":{"PNU":1138010300102420000,"피해위치(":"서울특별시 은평구 불광동 242-18 지층","피해일시":"20250813 - 1200","F_SHIM":0.1,"F_AREA":164.96065406,"F_AVR_HGT":"35.376397705078126","ADM_CD":"1138010300","F_YR":"2025","F_ZONE_NM":"서울특별시 은평구 불광동 242-18 지층","TYPE":"주택","TYPE2":"재난지원금"},"geometry":{"type":"Polygon","coordinates":[[[126.9318011953817,37.61354293421421],[126.93187495440495,37.61351450676119],[126.93195653101421,37.61348320073054],[126.93194041765011,37.613394264394465],[126.93188773557401,37.613411532160654],[126.93176718623802,37.613454888263306],[126.93175313717656,37.613460015551325],[126.93178502573961,37.61351445365774],[126.9318011953817,37.61354293421421]]]}},{"type":"Feature","properties":{"PNU":1138010300102210000,"피해위치(":"서울특별시 은평구 불광동 221-26 지층 2호","피해일시":"20250813 - 1200","F_SHIM":0.1,"F_AREA":166.66998388,"F_AVR_HGT":"37.14323959350586","ADM_CD":"1138010300","F_YR":"2025","F_ZONE_NM":"서울특별시 은평구 불광동 221-26 지층 2호","TYPE":"주택","TYPE2":"재난지원금"},"geometry":{"type":"Polygon","coordinates":[[[126.93183340478333,37.617744496941384],[126.93196255702053,37.6177143001916],[126.93197014748078,37.61771259280234],[126.93192223578801,37.61759093219161],[126.93180282685518,37.61761879210507],[126.93183340478333,37.617744496941384]]]}},{"type":"Feature","properties":{"PNU":1138010300102210000,"피해위치(":"서울특별시 은평구 불광동 221-52 지층 2호","피해일시":"20250813 - 1200","F_SHIM":0.1,"F_AREA":257.57351694,"F_AVR_HGT":"37.14323959350586","ADM_CD":"1138010300","F_YR":"2025","F_ZONE_NM":"서울특별시 은평구 불광동 221-52 지층 2호","TYPE":"주택","TYPE2":"재난지원금"},"geometry":{"type":"Polygon","coordinates":[[[126.93251440107208,37.61770498367101],[126.93269507789086,37.61768715966854],[126.93272853290259,37.617642283317394],[126.93272937305453,37.617590954948746],[126.9327245280797,37.617563292023284],[126.9327149064108,37.61755679935439],[126.93250012430425,37.617588028055515],[126.93251365724707,37.61765191548596],[126.93251440107208,37.61770498367101]]]}},{"type":"Feature","properties":{"PNU":1138010300102390000,"피해위치(":"서울특별시 은평구 불광동 239-50 지하 1호","피해일시":"20250813 - 1200","F_SHIM":0.1,"F_AREA":103.6017355,"F_AVR_HGT":"34.192849731445314","ADM_CD":"1138010300","F_YR":"2025","F_ZONE_NM":"서울특별시 은평구 불광동 239-50 지하 1호","TYPE":"주택","TYPE2":"재난지원금"},"geometry":{"type":"Polygon","coordinates":[[[126.93258672527287,37.61592216550625],[126.93271202000989,37.61589529930094],[126.93268773977532,37.61581771069865],[126.93256029472809,37.615842863758665],[126.93258672527287,37.61592216550625]]]}},{"type":"Feature","properties":{"PNU":1138010300102390000,"피해위치(":"서울특별시 은평구 불광동 239-53 1층","피해일시":"20250813 - 1200","F_SHIM":0.1,"F_AREA":106.99607919,"F_AVR_HGT":"40.99959716796875","ADM_CD":"1138010300","F_YR":"2025","F_ZONE_NM":"서울특별시 은평구 불광동 239-53 1층","TYPE":"소상공인","TYPE2":"재난지원금"},"geometry":{"type":"Polygon","coordinates":[[[126.93273286579544,37.615889635274414],[126.93282904647832,37.61586833805208],[126.93285829923327,37.6158596245716],[126.93285899264808,37.61578298755115],[126.93282911916062,37.61578932208143],[126.93270858305037,37.61581474961715],[126.93273286579544,37.615889635274414]]]}},{"type":"Feature","properties":{"PNU":1138010300102390000,"피해위치(":"서울특별시 은평구 불광동 239-39 지하1층","피해일시":"20250813 - 1200","F_SHIM":0.1,"F_AREA":114.92588678,"F_AVR_HGT":"34.192849731445314","ADM_CD":"1138010300","F_YR":"2025","F_ZONE_NM":"서울특별시 은평구 불광동 239-39 지하1층","TYPE":"주택","TYPE2":"재난지원금"},"geometry":{"type":"Polygon","coordinates":[[[126.93239746806209,37.61579231357887],[126.93253454315565,37.61576428318561],[126.93250811480348,37.61568272897353],[126.93237171684525,37.61571355277373],[126.93239746806209,37.61579231357887]]]}},{"type":"Feature","properties":{"PNU":1138010300102360000,"피해위치(":"서울특별시 은평구 불광동 236-4 지하 101호","피해일시":"20250813 - 1200","F_SHIM":0.1,"F_AREA":186.49619954,"F_AVR_HGT":"34.278466796875","ADM_CD":"1138010300","F_YR":"2025","F_ZONE_NM":"서울특별시 은평구 불광동 236-4 지하 101호","TYPE":"주택","TYPE2":"재난지원금"},"geometry":{"type":"Polygon","coordinates":[[[126.9313044850967,37.61576674721766],[126.93139849745867,37.615775146196846],[126.93140247979234,37.615755867574606],[126.93141742212798,37.61564424493336],[126.93135637986678,37.61563700081131],[126.93131674255385,37.61563175155043],[126.93122217508528,37.61562367652845],[126.93120622632637,37.61566109376896],[126.93129369387664,37.6156673986567],[126.93128287618804,37.61576481526995],[126.9313044850967,37.61576674721766]]]}},{"type":"Feature","properties":{"PNU":1138010300102300000,"피해위치(":"서울특별시 은평구 불광동 230-13 102호","피해일시":"20250813 - 1200","F_SHIM":0.1,"F_AREA":361.82406423,"F_AVR_HGT":"39.7982421875","ADM_CD":"1138010300","F_YR":"2025","F_ZONE_NM":"서울특별시 은평구 불광동 230-13 102호","TYPE":"주택","TYPE2":"재난지원금"},"geometry":{"type":"Polygon","coordinates":[[[126.93139934526258,37.61752593226043],[126.9313986718407,37.61751935470266],[126.93134025590038,37.61736741466483],[126.93132768539299,37.61736524483551],[126.93110720027738,37.61743854340018],[126.93118487372847,37.61758770199081],[126.93134646079173,37.61751427817738],[126.93139934526258,37.61752593226043]]]}},{"type":"Feature","properties":{"PNU":1138010300102390000,"피해위치(":"서울특별시 은평구 불광동 239-48 지층","피해일시":"20250813 - 1200","F_SHIM":0.1,"F_AREA":109.81036908,"F_AVR_HGT":"34.192849731445314","ADM_CD":"1138010300","F_YR":"2025","F_ZONE_NM":"서울특별시 은평구 불광동 239-48 지층","TYPE":"주택","TYPE2":"재난지원금"},"geometry":{"type":"Polygon","coordinates":[[[126.93253454315565,37.61576428318561],[126.93266198874197,37.615738409368674],[126.93263420309192,37.61565469203863],[126.93250811480348,37.61568272897353],[126.93253454315565,37.61576428318561]]]}},{"type":"Feature","properties":{"PNU":1138010300102400000,"피해위치(":"서울특별시 은평구 불광동 240-1 1층 우 대광부동산","피해일시":"20250813 - 1200","F_SHIM":0.1,"F_AREA":66.33164284,"F_AVR_HGT":"40.99959716796875","ADM_CD":"1138010300","F_YR":"2025","F_ZONE_NM":"서울특별시 은평구 불광동 240-1 1층 우 대광부동산","TYPE":"소상공인","TYPE2":"재난지원금"},"geometry":{"type":"Polygon","coordinates":[[[126.93283481658786,37.61570284025279],[126.93285930781657,37.61574817383745],[126.93285373965028,37.61565715351905],[126.93284289387742,37.6156025838111],[126.93283701728035,37.61557601947717],[126.93282931408373,37.61557741151403],[126.93277516388683,37.615588552145375],[126.93278803992862,37.61562766221171],[126.93280306301695,37.61567217941127],[126.93281201340787,37.61566939158205],[126.93282920825199,37.615692466699734],[126.93283481658786,37.61570284025279]]]}},{"type":"Feature","properties":{"PNU":1138010300102390000,"피해위치(":"서울특별시 은평구 불광동 239-55 지하 2호","피해일시":"20250813 - 1200","F_SHIM":0.1,"F_AREA":117.58746698,"F_AVR_HGT":"40.99959716796875","ADM_CD":"1138010300","F_YR":"2025","F_ZONE_NM":"서울특별시 은평구 불광동 239-55 지하 2호","TYPE":"주택","TYPE2":"재난지원금"},"geometry":{"type":"Polygon","coordinates":[[[126.93268419157498,37.61573499859432],[126.9328291977268,37.61570390914958],[126.93283481658786,37.61570284025279],[126.93282920825199,37.615692466699734],[126.93281201340787,37.61566939158205],[126.93280306301695,37.61567217941127],[126.93278803992862,37.61562766221171],[126.93265640639984,37.615650740681204],[126.93268419157498,37.61573499859432]]]}},{"type":"Feature","properties":{"PNU":1138010300102390000,"피해위치(":"서울특별시 은평구 불광동 239-40 지하","피해일시":"20250813 - 1200","F_SHIM":0.1,"F_AREA":109.88338938,"F_AVR_HGT":"34.192849731445314","ADM_CD":"1138010300","F_YR":"2025","F_ZONE_NM":"서울특별시 은평구 불광동 239-40 지하","TYPE":"주택","TYPE2":"재난지원금"},"geometry":{"type":"Polygon","coordinates":[[[126.93237171684525,37.61571355277373],[126.93250811480348,37.61568272897353],[126.93248247460531,37.61560631080606],[126.93234607677618,37.61563713457714],[126.93237171684525,37.61571355277373]]]}},{"type":"Feature","properties":{"PNU":1138010300102420000,"피해위치(":"서울특별시 은평구 불광동 242-27 좌측, b02호","피해일시":"20250813 - 1233","F_SHIM":0.1,"F_AREA":156.83796088,"F_AVR_HGT":"35.376397705078126","ADM_CD":"1138010300","F_YR":"2025","F_ZONE_NM":"서울특별시 은평구 불광동 242-27 좌측, b02호","TYPE":"주택","TYPE2":"재난지원금"},"geometry":{"type":"Polygon","coordinates":[[[126.93169854747711,37.613336999343126],[126.93182521312005,37.613293196431215],[126.9317644919963,37.613186664584305],[126.93163941129355,37.613231369351524],[126.93169854747711,37.613336999343126]]]}},{"type":"Feature","properties":{"PNU":1138010300102210000,"피해위치(":"서울특별시 은평구 불광동 221-60 지층 우호","피해일시":"20250813 - 1200","F_SHIM":0.1,"F_AREA":176.08934914,"F_AVR_HGT":"37.14323959350586","ADM_CD":"1138010300","F_YR":"2025","F_ZONE_NM":"서울특별시 은평구 불광동 221-60 지층 우호","TYPE":"주택","TYPE2":"재난지원금"},"geometry":{"type":"Polygon","coordinates":[[[126.93158718820715,37.61735458713222],[126.93172625582922,37.617379446424096],[126.93173620277149,37.6172801642523],[126.93171482489296,37.617248707388384],[126.93170271647197,37.617236897380536],[126.93164021610684,37.61721289430594],[126.93161788906266,37.61722747696798],[126.9316061104198,37.617226388813975],[126.9316066659519,37.617237921694006],[126.93160684372727,37.61724160680975],[126.93161425088934,37.61724207069771],[126.93159787672941,37.61731026522372],[126.93158718820715,37.61735458713222]]]}},{"type":"Feature","properties":{"PNU":1138010300102390000,"피해위치(":"서울특별시 은평구 불광동 239-57 B02호(지층 안쪽)","피해일시":"20250813 - 1200","F_SHIM":0.1,"F_AREA":104.21107455,"F_AVR_HGT":"40.99959716796875","ADM_CD":"1138010300","F_YR":"2025","F_ZONE_NM":"서울특별시 은평구 불광동 239-57 B02호(지층 안쪽)","TYPE":"주택","TYPE2":"재난지원금"},"geometry":{"type":"Polygon","coordinates":[[[126.93278803992862,37.61562766221171],[126.93277516388683,37.615588552145375],[126.93276296644326,37.61555052364974],[126.93263201162584,37.61557468366479],[126.93265640639984,37.615650740681204],[126.93278803992862,37.61562766221171]]]}},{"type":"Feature","properties":{"PNU":1138010300102380200,"피해위치(":"서울특별시 은평구 불광동 238-127 1층 4호","피해일시":"20250813 - 1200","F_SHIM":0.1,"F_AREA":107.17923127,"F_AVR_HGT":"32.9534049987793","ADM_CD":"1138010300","F_YR":"2025","F_ZONE_NM":"서울특별시 은평구 불광동 238-127 1층 4호","TYPE":"주택","TYPE2":"재난지원금"},"geometry":{"type":"Polygon","coordinates":[[[126.93158087715666,37.615627493574074],[126.93157726242941,37.61561713015276],[126.93159742771428,37.61561245700207],[126.93165203191573,37.61560050629731],[126.9316254989958,37.6155107528985],[126.9316197422168,37.6154897566361],[126.93152922079065,37.61551538093859],[126.93155878959486,37.61562874185535],[126.93158087715666,37.615627493574074]]]}},{"type":"Feature","properties":{"PNU":1138010300102390000,"피해위치(":"서울특별시 은평구 불광동 239-46 지하1층","피해일시":"20250813 - 1200","F_SHIM":0.1,"F_AREA":105.36176708,"F_AVR_HGT":"34.63275299072266","ADM_CD":"1138010300","F_YR":"2025","F_ZONE_NM":"서울특별시 은평구 불광동 239-46 지하1층","TYPE":"주택","TYPE2":"재난지원금"},"geometry":{"type":"Polygon","coordinates":[[[126.93248247460531,37.61560631080606],[126.93260980867183,37.615578274625534],[126.93258632257034,37.61549951518689],[126.9324567223627,37.61552863119336],[126.93248247460531,37.61560631080606]]]}},{"type":"Feature","properties":{"PNU":1138010300102390000,"피해위치(":"서울특별시 은평구 불광동 239-42","피해일시":"20250824 - 1024","F_SHIM":0.1,"F_AREA":114.01987107,"F_AVR_HGT":"34.63275299072266","ADM_CD":"1138010300","F_YR":"2025","F_ZONE_NM":"서울특별시 은평구 불광동 239-42","TYPE":"소상공인","TYPE2":"재난지원금"},"geometry":{"type":"Polygon","coordinates":[[[126.9324567223627,37.61552863119336],[126.93243380267099,37.6154499621533],[126.93229389344509,37.615481324397884],[126.93230033216416,37.61549997847737],[126.93232032416397,37.615559995523384],[126.9324567223627,37.61552863119336]]]}},{"type":"Feature","properties":{"PNU":1138010300102390000,"피해위치(":"서울특별시 은평구 불광동 239-45 지층 좌측","피해일시":"20250813 - 1200","F_SHIM":0.1,"F_AREA":106.46379728,"F_AVR_HGT":"34.63275299072266","ADM_CD":"1138010300","F_YR":"2025","F_ZONE_NM":"서울특별시 은평구 불광동 239-45 지층 좌측","TYPE":"주택","TYPE2":"재난지원금"},"geometry":{"type":"Polygon","coordinates":[[[126.9324567223627,37.61552863119336],[126.93258632257034,37.61549951518689],[126.93256125141615,37.615420124129805],[126.93243380267099,37.6154499621533],[126.9324567223627,37.61552863119336]]]}},{"type":"Feature","properties":{"PNU":1138010300102340000,"피해위치(":"서울특별시 은평구 불광동 234-2 지하101호","피해일시":"20250813 - 1200","F_SHIM":0.1,"F_AREA":211.14503377,"F_AVR_HGT":"36.64625701904297","ADM_CD":"1138010300","F_YR":"2025","F_ZONE_NM":"서울특별시 은평구 불광동 234-2 지하101호","TYPE":"주택","TYPE2":"재난지원금"},"geometry":{"type":"Polygon","coordinates":[[[126.93164261393382,37.61705918844283],[126.93163557679476,37.616965932786265],[126.93162792887854,37.616908085303464],[126.93159371453477,37.61691680454721],[126.9315998958788,37.61696834429916],[126.93160510196365,37.617033245014476],[126.93150205340729,37.617044725481364],[126.93151489166517,37.61708744858634],[126.93151945008299,37.61711821977642],[126.93151483967539,37.61719123250563],[126.93163114000271,37.617168227325536],[126.93162212548432,37.61711828063452],[126.93165110934022,37.617082889261695],[126.93164261393382,37.61705918844283]]]}},{"type":"Feature","properties":{"PNU":1138010300102400000,"피해위치(":"서울특별시 은평구 불광동 240-9 B02호","피해일시":"20250813 - 1200","F_SHIM":0.1,"F_AREA":269.11176602,"F_AVR_HGT":"34.63275299072266","ADM_CD":"1138010300","F_YR":"2025","F_ZONE_NM":"서울특별시 은평구 불광동 240-9 B02호","TYPE":"주택","TYPE2":"재난지원금"},"geometry":{"type":"Polygon","coordinates":[[[126.93228401223253,37.615388607674745],[126.93242585034565,37.61535337235306],[126.93236246679038,37.615183770631496],[126.93222062779923,37.615220267250834],[126.93223486322762,37.61525874749145],[126.93223809920472,37.61531118647635],[126.93225652221741,37.615353092899205],[126.93228175816368,37.61537653320921],[126.93228401223253,37.615388607674745]]]}},{"type":"Feature","properties":{"PNU":1138010300103310100,"피해위치(":"서울특별시 은평구 불광동 331-40 102호","피해일시":"20250813 - 1200","F_SHIM":0.1,"F_AREA":372.03012024,"F_AVR_HGT":"41.78171310424805","ADM_CD":"1138010300","F_YR":"2025","F_ZONE_NM":"서울특별시 은평구 불광동 331-40 102호","TYPE":"주택","TYPE2":"재난지원금"},"geometry":{"type":"Polygon","coordinates":[[[126.92654079265334,37.61909434522759],[126.92654510681673,37.61908443718604],[126.92656396124941,37.61903282299578],[126.92651963930996,37.618953778868594],[126.92649114453073,37.618905107822044],[126.92647122114711,37.61889329231215],[126.92637196653911,37.618924493164734],[126.92635902953658,37.61894872129464],[126.9263454146379,37.61897123712876],[126.92633898142672,37.61906079046629],[126.92636455439398,37.61908639459376],[126.92639317965231,37.619117947128174],[126.92640053931237,37.61912074485185],[126.92644923854404,37.619127082702676],[126.92654079265334,37.61909434522759]]]}},{"type":"Feature","properties":{"PNU":1138010300102400000,"피해위치(":"서울특별시 은평구 불광동 240-8 B102호","피해일시":"20250813 - 1200","F_SHIM":0.1,"F_AREA":156.294331,"F_AVR_HGT":"34.63275299072266","ADM_CD":"1138010300","F_YR":"2025","F_ZONE_NM":"서울특별시 은평구 불광동 240-8 B102호","TYPE":"주택","TYPE2":"재난지원금"},"geometry":{"type":"Polygon","coordinates":[[[126.93242585034565,37.61535337235306],[126.93244704692529,37.615347915807384],[126.93241833623958,37.61526059395626],[126.93254317067495,37.61522817761515],[126.93251336957805,37.61514412570856],[126.93238353892924,37.61517810679853],[126.93236246679038,37.615183770631496],[126.93242585034565,37.61535337235306]]]}},{"type":"Feature","properties":{"PNU":1138010300102380200,"피해위치(":"서울특별시 은평구 불광동 238-184 장미빌라 A동 102호","피해일시":"20250813 - 1200","F_SHIM":0.1,"F_AREA":187.96259782,"F_AVR_HGT":"35.211446380615236","ADM_CD":"1138010300","F_YR":"2025","F_ZONE_NM":"서울특별시 은평구 불광동 238-184 장미빌라 A동 102호","TYPE":"주택","TYPE2":"재난지원금"},"geometry":{"type":"Polygon","coordinates":[[[126.93178992797493,37.61687655671542],[126.93179003577167,37.616882413152986],[126.9318732216065,37.616878461921345],[126.93188895216454,37.61684417988218],[126.93190449336977,37.61681860120173],[126.93193408340224,37.616788796194825],[126.93196570312134,37.61676872296726],[126.93197127048727,37.616750075949625],[126.93178667447634,37.61672185642242],[126.93178992797493,37.61687655671542]]]}},{"type":"Feature","properties":{"PNU":1138010300103230000,"피해위치(":"서울특별시 은평구 불광동 323-8 지층 1호","피해일시":"20250813 - 1200","F_SHIM":0.1,"F_AREA":184.85145781,"F_AVR_HGT":"31.721667861938478","ADM_CD":"1138010300","F_YR":"2025","F_ZONE_NM":"서울특별시 은평구 불광동 323-8 지층 1호","TYPE":"주택","TYPE2":"재난지원금"},"geometry":{"type":"Polygon","coordinates":[[[126.92347638296715,37.618803143790814],[126.92350437953122,37.61878469220699],[126.92355536708578,37.618768598356446],[126.92359002340335,37.6187722251682],[126.92363422404823,37.61874729719495],[126.92357440495972,37.61865166369329],[126.92356897665239,37.618643461187254],[126.92341451993215,37.61871255434688],[126.92342266430744,37.618723011108024],[126.92347638296715,37.618803143790814]]]}},{"type":"Feature","properties":{"PNU":1138010300102380000,"피해위치(":"서울특별시 은평구 불광동 238-23 지하 2호","피해일시":"20250813 - 1200","F_SHIM":0.1,"F_AREA":308.77915167,"F_AVR_HGT":"35.211446380615236","ADM_CD":"1138010300","F_YR":"2025","F_ZONE_NM":"서울특별시 은평구 불광동 238-23 지하 2호","TYPE":"주택","TYPE2":"재난지원금"},"geometry":{"type":"Polygon","coordinates":[[[126.93198251394531,37.61671764727286],[126.9320125250987,37.616722079757636],[126.9320399184051,37.616618483116035],[126.93203333226862,37.616514776365925],[126.93201951387495,37.61651485832693],[126.931894331619,37.616541183271586],[126.93186385857736,37.61654630087891],[126.93184922197244,37.61669495404401],[126.93198251394531,37.61671764727286]]]}},{"type":"Feature","properties":{"PNU":1138010300100080000,"피해위치(":"서울특별시 은평구 불광동 8-59 B03호","피해일시":"20250813 - 1200","F_SHIM":0.1,"F_AREA":177.31526848,"F_AVR_HGT":"64.62264404296874","ADM_CD":"1138010300","F_YR":"2025","F_ZONE_NM":"서울특별시 은평구 불광동 8-59 B03호","TYPE":"주택","TYPE2":"재난지원금"},"geometry":{"type":"Polygon","coordinates":[[[126.93427319965707,37.61419073248452],[126.93427623750176,37.61408739169123],[126.93427068770501,37.61408738852891],[126.93411053244238,37.61409171196624],[126.93411155876393,37.61420947077286],[126.93427319965707,37.61419073248452]]]}},{"type":"Feature","properties":{"PNU":1138010300100080000,"피해위치(":"서울특별시 은평구 불광동 8-7 B02호","피해일시":"20250813 - 1200","F_SHIM":0.1,"F_AREA":271.73399751,"F_AVR_HGT":"40.99959716796875","ADM_CD":"1138010300","F_YR":"2025","F_ZONE_NM":"서울특별시 은평구 불광동 8-7 B02호","TYPE":"주택","TYPE2":"재난지원금"},"geometry":{"type":"Polygon","coordinates":[[[126.93327867168499,37.616399727035684],[126.93330155550929,37.61639496506838],[126.93330427065113,37.61639848046249],[126.93342444296852,37.61631323600345],[126.93339131389482,37.61621301881932],[126.93320179711704,37.616240749564426],[126.93317980905988,37.61625686438808],[126.93318074645036,37.61625982014761],[126.93324802729077,37.61634465939196],[126.93327867168499,37.616399727035684]]]}},{"type":"Feature","properties":{"PNU":1138010300100080000,"피해위치(":"서울특별시 은평구 불광동 8-61 지하1층","피해일시":"20250813 - 1200","F_SHIM":0.1,"F_AREA":221.98932789,"F_AVR_HGT":"64.62264404296874","ADM_CD":"1138010300","F_YR":"2025","F_ZONE_NM":"서울특별시 은평구 불광동 8-61 지하1층","TYPE":"주택","TYPE2":"재난지원금"},"geometry":{"type":"Polygon","coordinates":[[[126.9339374684048,37.614092694164846],[126.93410238560931,37.61408287769843],[126.93409412052539,37.61395412278484],[126.93394382413392,37.61395304574198],[126.93392137881085,37.61397474653116],[126.9339374684048,37.614092694164846]]]}},{"type":"Feature","properties":{"PNU":1138010300102420000,"피해위치(":"서울특별시 은평구 불광동 242-9 지층","피해일시":"20250813 - 1200","F_SHIM":0.1,"F_AREA":167.866672,"F_AVR_HGT":"35.376397705078126","ADM_CD":"1138010300","F_YR":"2025","F_ZONE_NM":"서울특별시 은평구 불광동 242-9 지층","TYPE":"주택","TYPE2":"재난지원금"},"geometry":{"type":"Polygon","coordinates":[[[126.93196921873462,37.613723680064474],[126.93198111587964,37.61371855148301],[126.93195981016157,37.61361060139233],[126.93183404333298,37.61366170292368],[126.93179948508403,37.61367645860281],[126.93184968265622,37.61377307341918],[126.93196921873462,37.613723680064474]]]}},{"type":"Feature","properties":{"PNU":1138010300103200000,"피해위치(":"서울특별시 은평구 불광동 320-31 지층","피해일시":"20250813 - 1200","F_SHIM":0.1,"F_AREA":87.91698865,"F_AVR_HGT":"30.643134689331056","ADM_CD":"1138010300","F_YR":"2025","F_ZONE_NM":"서울특별시 은평구 불광동 320-31 지층","TYPE":"주택","TYPE2":"재난지원금"},"geometry":{"type":"Polygon","coordinates":[[[126.92373716476975,37.61931029753198],[126.92392369546859,37.619398365004606],[126.92390803223836,37.61929845402279],[126.92381227181043,37.6193010669165],[126.92373716476975,37.61931029753198]]]}},{"type":"Feature","properties":{"PNU":1138010300103770000,"피해위치(":"서울특별시 은평구 불광동 377-2 B02호","피해일시":"20250813 - 1200","F_SHIM":0.1,"F_AREA":167.50488384,"F_AVR_HGT":"38.49398193359375","ADM_CD":"1138010300","F_YR":"2025","F_ZONE_NM":"서울특별시 은평구 불광동 377-2 B02호","TYPE":"주택","TYPE2":"재난지원금"},"geometry":{"type":"Polygon","coordinates":[[[126.922856981653,37.62240917518182],[126.92293459389967,37.62239048651442],[126.92293290351893,37.62238219637547],[126.92291588484608,37.62230082657308],[126.92289610836569,37.622256755490255],[126.92287888595038,37.62226133901095],[126.92275355942185,37.6223048628441],[126.92282109039884,37.622393474204735],[126.922856981653,37.62240917518182]]]}},{"type":"Feature","properties":{"PNU":1138010300101940000,"피해위치(":"서울특별시 은평구 불광동 194-8 B01호","피해일시":"20250813 - 1200","F_SHIM":0.1,"F_AREA":194.00694914,"F_AVR_HGT":"44.079820251464845","ADM_CD":"1138010300","F_YR":"2025","F_ZONE_NM":"서울특별시 은평구 불광동 194-8 B01호","TYPE":"주택","TYPE2":"재난지원금"},"geometry":{"type":"Polygon","coordinates":[[[126.93055672757683,37.62232332793124],[126.93059476406852,37.62234803764337],[126.93062475156361,37.622379680051885],[126.9307530075237,37.62239580348373],[126.9307805067231,37.622256231178135],[126.93074176689868,37.62225649626273],[126.93067311432631,37.62226573515805],[126.93063967878271,37.62228661781041],[126.930615990399,37.62230155984374],[126.93055672757683,37.62232332793124]]]}},{"type":"Feature","properties":{"PNU":1138010300101380000,"피해위치(":"서울특별시 은평구 불광동 138-5 지층 좌측","피해일시":"20250813 - 1200","F_SHIM":0.1,"F_AREA":209.58591561,"F_AVR_HGT":"36.496018981933595","ADM_CD":"1138010300","F_YR":"2025","F_ZONE_NM":"서울특별시 은평구 불광동 138-5 지층 좌측","TYPE":"주택","TYPE2":"재난지원금"},"geometry":{"type":"Polygon","coordinates":[[[126.92809404533259,37.62140047935656],[126.92811341878266,37.621396527097836],[126.92817391358855,37.62138899648179],[126.92821900291975,37.62138190675654],[126.9282448311939,37.62137967034725],[126.92831426051839,37.62138638068881],[126.92833634754064,37.62138747556415],[126.92833766701128,37.62131251485554],[126.9283387129536,37.621285486107226],[126.92821976702758,37.62129586365156],[126.92816142066486,37.62130726984036],[126.92809889074726,37.621311015068386],[126.92809808526111,37.62132380848175],[126.92809404533259,37.62140047935656]]]}},{"type":"Feature","properties":{"PNU":1138010300103670000,"피해위치(":"서울특별시 은평구 불광동 367-1 1층 102호","피해일시":"20250813 - 1200","F_SHIM":0.1,"F_AREA":60.96126479,"F_AVR_HGT":"32.18163070678711","ADM_CD":"1138010300","F_YR":"2025","F_ZONE_NM":"서울특별시 은평구 불광동 367-1 1층 102호","TYPE":"소상공인","TYPE2":"재난지원금"},"geometry":{"type":"Polygon","coordinates":[[[126.92444748768676,37.62128463063075],[126.92440050733254,37.62125793093365],[126.92432776360965,37.621356910070716],[126.92434601204602,37.621367598617454],[126.92438622455298,37.621366768977474],[126.92444748768676,37.62128463063075]]]}},{"type":"Feature","properties":{"PNU":1138010300103530100,"피해위치(":"서울특별시 은평구 불광동 353-54 지층 2호","피해일시":"20250813 - 1200","F_SHIM":0.1,"F_AREA":179.79073042,"F_AVR_HGT":"32.44438705444336","ADM_CD":"1138010300","F_YR":"2025","F_ZONE_NM":"서울특별시 은평구 불광동 353-54 지층 2호","TYPE":"주택","TYPE2":"재난지원금"},"geometry":{"type":"Polygon","coordinates":[[[126.92536483370799,37.620318114304965],[126.92550613266008,37.620379832438736],[126.92557374444488,37.62027914640275],[126.92543527683713,37.62021797076242],[126.92539909286428,37.62026768152636],[126.92536483370799,37.620318114304965]]]}},{"type":"Feature","properties":{"PNU":1138010300103530100,"피해위치(":"서울특별시 은평구 불광동 353-57 지층(왼쪽)","피해일시":"20250813 - 1200","F_SHIM":0.1,"F_AREA":163.88511773,"F_AVR_HGT":"32.44438705444336","ADM_CD":"1138010300","F_YR":"2025","F_ZONE_NM":"서울특별시 은평구 불광동 353-57 지층(왼쪽)","TYPE":"주택","TYPE2":"재난지원금"},"geometry":{"type":"Polygon","coordinates":[[[126.92534067296845,37.62035152506996],[126.92536483370799,37.620318114304965],[126.92539909286428,37.62026768152636],[126.92524194003646,37.620202349096765],[126.92518533584442,37.62028277001379],[126.92534067296845,37.62035152506996]]]}},{"type":"Feature","properties":{"PNU":1138010300101890000,"피해위치(":"서울특별시 은평구 불광동 189-8 1층","피해일시":"20250813 - 1200","F_SHIM":0.1,"F_AREA":238.45355343,"F_AVR_HGT":"45.784951782226564","ADM_CD":"1138010300","F_YR":"2025","F_ZONE_NM":"서울특별시 은평구 불광동 189-8 1층","TYPE":"소상공인","TYPE2":"재난지원금"},"geometry":{"type":"Polygon","coordinates":[[[126.93170701065262,37.62233554658401],[126.93178256990933,37.62232946459819],[126.93186006279196,37.622314824397726],[126.93185638105624,37.622290910221416],[126.93183619359128,37.62215966158844],[126.93169051068799,37.62217381095293],[126.93170701065262,37.62233554658401]]]}},{"type":"Feature","properties":{"PNU":1138010300101880000,"피해위치(":"서울특별시 은평구 불광동 188-2","피해일시":"20250813 - 1200","F_SHIM":0.1,"F_AREA":55.46658335,"F_AVR_HGT":"46.59887466430664","ADM_CD":"1138010300","F_YR":"2025","F_ZONE_NM":"서울특별시 은평구 불광동 188-2","TYPE":"소상공인","TYPE2":"재난지원금"},"geometry":{"type":"Polygon","coordinates":[[[126.93276670479544,37.622315536302935],[126.9327743147036,37.62229319643813],[126.93273400598625,37.62227506325587],[126.93264127540927,37.62223113145219],[126.93263335075284,37.62222626153566],[126.93261473065863,37.622273101613054],[126.93276670479544,37.622315536302935]]]}},{"type":"Feature","properties":{"PNU":1138010300100230100,"피해위치(":"서울특별시 은평구 불광동 23-85 B02","피해일시":"20250822 - 1758","F_SHIM":0.1,"F_AREA":108.22225718,"F_AVR_HGT":"53.91496810913086","ADM_CD":"1138010300","F_YR":"2025","F_ZONE_NM":"서울특별시 은평구 불광동 23-85 B02","TYPE":"주택","TYPE2":"재난지원금"},"geometry":{"type":"Polygon","coordinates":[[[126.93463658935131,37.621523027878595],[126.93463997288454,37.62148879256007],[126.93466908687272,37.62148547543091],[126.93467889080969,37.62141565504149],[126.93452550767675,37.62146733836967],[126.93453662700124,37.62153495421337],[126.93463658935131,37.621523027878595]]]}},{"type":"Feature","properties":{"PNU":1138010300103680000,"피해위치(":"서울특별시 은평구 불광동 368-5 지층 102호","피해일시":"20250813 - 1200","F_SHIM":0.1,"F_AREA":145.315344,"F_AVR_HGT":"29.823581314086915","ADM_CD":"1138010300","F_YR":"2025","F_ZONE_NM":"서울특별시 은평구 불광동 368-5 지층 102호","TYPE":"주택","TYPE2":"재난지원금"},"geometry":{"type":"Polygon","coordinates":[[[126.92355308650586,37.621288908391165],[126.92360950764748,37.62127777350401],[126.92364564875768,37.62127076971615],[126.92366166868844,37.62122419962689],[126.92364956522167,37.62120824429684],[126.9235991205058,37.62113676329371],[126.9235227397181,37.62117076987496],[126.92350676066404,37.62117814734771],[126.92355308650586,37.621288908391165]]]}},{"type":"Feature","properties":{"PNU":1138010300103530100,"피해위치(":"서울특별시 은평구 불광동 353-65 지하 좌측","피해일시":"20250813 - 1200","F_SHIM":0.1,"F_AREA":140.3062287,"F_AVR_HGT":"32.44438705444336","ADM_CD":"1138010300","F_YR":"2025","F_ZONE_NM":"서울특별시 은평구 불광동 353-65 지하 좌측","TYPE":"주택","TYPE2":"재난지원금"},"geometry":{"type":"Polygon","coordinates":[[[126.92513322826537,37.62028579962859],[126.92519267099975,37.62019880341825],[126.92506688505483,37.62014259093702],[126.92503341927072,37.62019239344836],[126.92500732784048,37.62023066818666],[126.92513322826537,37.62028579962859]]]}},{"type":"Feature","properties":{"PNU":1138010300103530100,"피해위치(":"서울특별시 은평구 불광동 353-80 지하 101호","피해일시":"20250813 - 1200","F_SHIM":0.1,"F_AREA":149.91173602,"F_AVR_HGT":"32.44438705444336","ADM_CD":"1138010300","F_YR":"2025","F_ZONE_NM":"서울특별시 은평구 불광동 353-80 지하 101호","TYPE":"주택","TYPE2":"재난지원금"},"geometry":{"type":"Polygon","coordinates":[[[126.92543527683713,37.62021797076242],[126.92557374444488,37.62027914640275],[126.92563284474369,37.620194222004066],[126.92556333191452,37.62015957964866],[126.92548734549447,37.62014187150665],[126.92545183947155,37.62019329458634],[126.92543527683713,37.62021797076242]]]}},{"type":"Feature","properties":{"PNU":1138010300103770000,"피해위치(":"서울특별시 은평구 불광동 377-4 B2호","피해일시":"20250813 - 1200","F_SHIM":0.1,"F_AREA":178.0933471,"F_AVR_HGT":"38.49398193359375","ADM_CD":"1138010300","F_YR":"2025","F_ZONE_NM":"서울특별시 은평구 불광동 377-4 B2호","TYPE":"주택","TYPE2":"재난지원금"},"geometry":{"type":"Polygon","coordinates":[[[126.92275355942185,37.6223048628441],[126.92287888595038,37.62226133901095],[126.92292494082719,37.622198841700396],[126.92288485911295,37.62218259736332],[126.92284886237843,37.62215959838798],[126.92269610195252,37.62222382640232],[126.92275355942185,37.6223048628441]]]}},{"type":"Feature","properties":{"PNU":1138010300103770000,"피해위치(":"서울특별시 은평구 불광동 377-19 지하 101호","피해일시":"20250813 - 1200","F_SHIM":0.1,"F_AREA":181.40372189,"F_AVR_HGT":"38.49398193359375","ADM_CD":"1138010300","F_YR":"2025","F_ZONE_NM":"서울특별시 은평구 불광동 377-19 지하 101호","TYPE":"주택","TYPE2":"재난지원금"},"geometry":{"type":"Polygon","coordinates":[[[126.92247528989134,37.6222634119086],[126.92248285460953,37.62228666225208],[126.9224925928936,37.62228973210504],[126.92264592523156,37.62222054934879],[126.92257477396869,37.622128061250756],[126.92243050487023,37.62219607871665],[126.92247528989134,37.6222634119086]]]}},{"type":"Feature","properties":{"PNU":1138010300101770000,"피해위치(":"서울특별시 은평구 불광동 177-39 1층","피해일시":"20250813 - 1200","F_SHIM":0.1,"F_AREA":187.74142397,"F_AVR_HGT":"45.784951782226564","ADM_CD":"1138010300","F_YR":"2025","F_ZONE_NM":"서울특별시 은평구 불광동 177-39 1층","TYPE":"소상공인","TYPE2":"재난지원금"},"geometry":{"type":"Polygon","coordinates":[[[126.93200950133195,37.6222820267555],[126.93214590298696,37.62226030331162],[126.9321493145043,37.622245979738736],[126.93213095935961,37.62212929206551],[126.93199139232618,37.622144526573265],[126.93200676814521,37.622261230532466],[126.93200950133195,37.6222820267555]]]}},{"type":"Feature","properties":{"PNU":1138010300102050000,"피해위치(":"서울특별시 은평구 불광동 205-8 지층 좌","피해일시":"20250813 - 1200","F_SHIM":0.1,"F_AREA":131.99997353,"F_AVR_HGT":"41.34108123779297","ADM_CD":"1138010300","F_YR":"2025","F_ZONE_NM":"서울특별시 은평구 불광동 205-8 지층 좌","TYPE":"주택","TYPE2":"재난지원금"},"geometry":{"type":"Polygon","coordinates":[[[126.92934513855771,37.62151702708086],[126.92943378317813,37.621449147380716],[126.92944636545036,37.62143978487523],[126.9293134403222,37.62138123002174],[126.92924926537087,37.621446151386905],[126.92934513855771,37.62151702708086]]]}},{"type":"Feature","properties":{"PNU":1138010300103530100,"피해위치(":"서울특별시 은평구 불광동 353-79 B02호","피해일시":"20250813 - 1200","F_SHIM":0.1,"F_AREA":143.3896177,"F_AVR_HGT":"32.44438705444336","ADM_CD":"1138010300","F_YR":"2025","F_ZONE_NM":"서울특별시 은평구 불광동 353-79 B02호","TYPE":"주택","TYPE2":"재난지원금"},"geometry":{"type":"Polygon","coordinates":[[[126.92548734549447,37.62014187150665],[126.92549029666966,37.6201358368416],[126.92549642271541,37.6201265606936],[126.92549948624224,37.62012142708079],[126.92537335845583,37.62006710676338],[126.92535514796248,37.620041597275474],[126.92529525531293,37.62012580024137],[126.92545183947155,37.62019329458634],[126.92548734549447,37.62014187150665]]]}},{"type":"Feature","properties":{"PNU":1138010300100160100,"피해위치(":"서울특별시 은평구 불광동 16-66 지하 101호","피해일시":"20250813 - 1200","F_SHIM":0.1,"F_AREA":170.71200332,"F_AVR_HGT":"48.71271667480469","ADM_CD":"1138010300","F_YR":"2025","F_ZONE_NM":"서울특별시 은평구 불광동 16-66 지하 101호","TYPE":"주택","TYPE2":"재난지원금"},"geometry":{"type":"Polygon","coordinates":[[[126.93202034840611,37.62121608388541],[126.93217664790448,37.62123320435312],[126.93220234566196,37.621127354308065],[126.93204061134479,37.621108068322584],[126.93202034840611,37.62121608388541]]]}},{"type":"Feature","properties":{"PNU":1138010300104390000,"피해위치(":"서울특별시 은평구 불광동 439-21 B01호","피해일시":"20250813 - 1200","F_SHIM":0.1,"F_AREA":103.49339427,"F_AVR_HGT":"49.30301055908203","ADM_CD":"1138010300","F_YR":"2025","F_ZONE_NM":"서울특별시 은평구 불광동 439-21 B01호","TYPE":"주택","TYPE2":"재난지원금"},"geometry":{"type":"Polygon","coordinates":[[[126.92544368843176,37.623868475910704],[126.92548677674726,37.62393706821977],[126.92561256257174,37.62388858640482],[126.92557230386626,37.623822158313054],[126.92544368843176,37.623868475910704]]]}},{"type":"Feature","properties":{"PNU":1138010300101460000,"피해위치(":"서울특별시 은평구 불광동 146-5 지하","피해일시":"20250813 - 1200","F_SHIM":0.1,"F_AREA":176.41460731,"F_AVR_HGT":"38.270249938964845","ADM_CD":"1138010300","F_YR":"2025","F_ZONE_NM":"서울특별시 은평구 불광동 146-5 지하","TYPE":"소상공인","TYPE2":"재난지원금"},"geometry":{"type":"Polygon","coordinates":[[[126.92950260066934,37.62209032664687],[126.92963972717051,37.622139693846336],[126.92968137218388,37.62206313592413],[126.92967574094752,37.622029435851765],[126.92959149772084,37.62199613837914],[126.92955152558918,37.62198232901749],[126.92949173069302,37.62208590521173],[126.92950260066934,37.62209032664687]]]}},{"type":"Feature","properties":{"PNU":1138010300103530000,"피해위치(":"서울특별시 은평구 불광동 353-2 지층 1호","피해일시":"20250813 - 1200","F_SHIM":0.1,"F_AREA":138.52298427,"F_AVR_HGT":"33.619119262695314","ADM_CD":"1138010300","F_YR":"2025","F_ZONE_NM":"서울특별시 은평구 불광동 353-2 지층 1호","TYPE":"주택","TYPE2":"재난지원금"},"geometry":{"type":"Polygon","coordinates":[[[126.92633803067652,37.62100619506354],[126.92640111518192,37.62103649915288],[126.92646282460746,37.621060053994135],[126.92646339178121,37.62105924347294],[126.92647938681813,37.62103564797103],[126.92652079306667,37.620973867070084],[126.92645999276482,37.620947429701275],[126.92639534227212,37.620919998772116],[126.9263761713685,37.62094782684662],[126.92633803067652,37.62100619506354]]]}},{"type":"Feature","properties":{"PNU":1138010300103910100,"피해위치(":"서울특별시 은평구 불광동 391-89 지상 101호","피해일시":"20250813 - 1200","F_SHIM":0.1,"F_AREA":151.22022551,"F_AVR_HGT":"43.64210662841797","ADM_CD":"1138010300","F_YR":"2025","F_ZONE_NM":"서울특별시 은평구 불광동 391-89 지상 101호","TYPE":"주택","TYPE2":"재난지원금"},"geometry":{"type":"Polygon","coordinates":[[[126.92136896448744,37.622763700471054],[126.9214952422356,37.6227853195853],[126.92150905919209,37.62278767150131],[126.9215304722446,37.62267803679569],[126.92149536334018,37.6226723368206],[126.92139683184949,37.62265641272008],[126.92138193326846,37.62271199304762],[126.92136896448744,37.622763700471054]]]}},{"type":"Feature","properties":{"PNU":1138010300101430000,"피해위치(":"서울특별시 은평구 불광동 143-6 지층","피해일시":"20250813 - 1200","F_SHIM":0.1,"F_AREA":142.44659696,"F_AVR_HGT":"36.496018981933595","ADM_CD":"1138010300","F_YR":"2025","F_ZONE_NM":"서울특별시 은평구 불광동 143-6 지층","TYPE":"주택","TYPE2":"재난지원금"},"geometry":{"type":"Polygon","coordinates":[[[126.92860959043023,37.62205256781924],[126.92861865176052,37.62205311400525],[126.92862329142083,37.62194175576905],[126.92848804841256,37.62193653656335],[126.92849210412216,37.62195915366622],[126.92848573597507,37.62198455735541],[126.9284777546741,37.62203789041913],[126.92860959043023,37.62205256781924]]]}},{"type":"Feature","properties":{"PNU":1138010300101410000,"피해위치(":"서울특별시 은평구 불광동 141-1 101호","피해일시":"20250813 - 1200","F_SHIM":0.1,"F_AREA":523.94652996,"F_AVR_HGT":"41.34108123779297","ADM_CD":"1138010300","F_YR":"2025","F_ZONE_NM":"서울특별시 은평구 불광동 141-1 101호","TYPE":"소상공인","TYPE2":"재난지원금"},"geometry":{"type":"Polygon","coordinates":[[[126.92910627341546,37.62195682920075],[126.92930543789204,37.62204263442555],[126.92935905652831,37.62200086176278],[126.9293843473442,37.621968892442375],[126.92940545469374,37.62192899193762],[126.92935440730612,37.621888867130025],[126.92929757643064,37.62185558620725],[126.92925434689768,37.62181348398466],[126.9291647079591,37.62173792694789],[126.92912533350977,37.62169204292554],[126.92912223452169,37.621733936586864],[126.92911523549886,37.621826102529205],[126.92910846256767,37.62191871909837],[126.92910627341546,37.62195682920075]]]}},{"type":"Feature","properties":{"PNU":1138010300103520000,"피해위치(":"서울특별시 은평구 불광동 352-3 102호","피해일시":"20250813 - 1200","F_SHIM":0.1,"F_AREA":139.93851705,"F_AVR_HGT":"38.7873893737793","ADM_CD":"1138010300","F_YR":"2025","F_ZONE_NM":"서울특별시 은평구 불광동 352-3 102호","TYPE":"주택","TYPE2":"재난지원금"},"geometry":{"type":"Polygon","coordinates":[[[126.92674951230778,37.62095013623982],[126.92676380554212,37.620929152462445],[126.92677072493674,37.620919336164114],[126.92680589292802,37.620865569931816],[126.92667376036454,37.62081043632625],[126.92661805872297,37.62089554359083],[126.92674951230778,37.62095013623982]]]}},{"type":"Feature","properties":{"PNU":1138010300103530000,"피해위치(":"서울특별시 은평구 불광동 353-9 지층","피해일시":"20250823 - 1731","F_SHIM":0.1,"F_AREA":133.90158351,"F_AVR_HGT":"33.619119262695314","ADM_CD":"1138010300","F_YR":"2025","F_ZONE_NM":"서울특별시 은평구 불광동 353-9 지층","TYPE":"주택","TYPE2":"재난지원금"},"geometry":{"type":"Polygon","coordinates":[[[126.9263761713685,37.62094782684662],[126.92639534227212,37.620919998772116],[126.92643187115006,37.620864882047826],[126.92630438108336,37.62081164304062],[126.92630258082247,37.62081089407984],[126.92624766339196,37.62089296536678],[126.9263761713685,37.62094782684662]]]}},{"type":"Feature","properties":{"PNU":1138010300103530000,"피해위치(":"서울특별시 은평구 불광동 353-13 지층 좌측","피해일시":"20250813 - 1200","F_SHIM":0.1,"F_AREA":136.66863191,"F_AVR_HGT":"33.619119262695314","ADM_CD":"1138010300","F_YR":"2025","F_ZONE_NM":"서울특별시 은평구 불광동 353-13 지층 좌측","TYPE":"주택","TYPE2":"재난지원금"},"geometry":{"type":"Polygon","coordinates":[[[126.92605827769789,37.620888699906956],[126.9261684448132,37.62093435988794],[126.92623321933706,37.620838717159536],[126.9261203387249,37.62078819021279],[126.92610286536684,37.62081746089603],[126.9260945824508,37.62083142079168],[126.92607643044545,37.620859699959055],[126.92605827769789,37.620888699906956]]]}},{"type":"Feature","properties":{"PNU":1138010300103670000,"피해위치(":"서울특별시 은평구 불광동 367-32 지층","피해일시":"20250813 - 1200","F_SHIM":0.1,"F_AREA":99.38949804,"F_AVR_HGT":"29.823581314086915","ADM_CD":"1138010300","F_YR":"2025","F_ZONE_NM":"서울특별시 은평구 불광동 367-32 지층","TYPE":"주택","TYPE2":"재난지원금"},"geometry":{"type":"Polygon","coordinates":[[[126.92381779372627,37.62086291948701],[126.92392445119752,37.62090551591967],[126.92395362889154,37.62084111503588],[126.92393461062882,37.62083020067646],[126.92394232281725,37.620820835555165],[126.92387145665155,37.620780695339604],[126.9238153260413,37.62083958248167],[126.92381779372627,37.62086291948701]]]}},{"type":"Feature","properties":{"PNU":1138010300103760000,"피해위치(":"서울특별시 은평구 불광동 376-9 지층 우","피해일시":"20250813 - 1200","F_SHIM":0.1,"F_AREA":187.42040883,"F_AVR_HGT":"37.93909225463867","ADM_CD":"1138010300","F_YR":"2025","F_ZONE_NM":"서울특별시 은평구 불광동 376-9 지층 우","TYPE":"주택","TYPE2":"재난지원금"},"geometry":{"type":"Polygon","coordinates":[[[126.92226004543407,37.62196648480979],[126.9223285207651,37.621911480917646],[126.92239246039975,37.62186088874488],[126.92230860077827,37.62178956498409],[126.92228785865898,37.62180198458046],[126.92217406475395,37.62186587768738],[126.92226004543407,37.62196648480979]]]}},{"type":"Feature","properties":{"PNU":1138010300103530000,"피해위치(":"서울특별시 은평구 불광동 353-8 지하 우측","피해일시":"20250813 - 1200","F_SHIM":0.1,"F_AREA":129.21947559,"F_AVR_HGT":"33.619119262695314","ADM_CD":"1138010300","F_YR":"2025","F_ZONE_NM":"서울특별시 은평구 불광동 353-8 지하 우측","TYPE":"주택","TYPE2":"재난지원금"},"geometry":{"type":"Polygon","coordinates":[[[126.92645104364215,37.620835432200955],[126.92648417031467,37.6207842776072],[126.92635486809941,37.62073094740361],[126.92630258082247,37.62081089407984],[126.92630438108336,37.62081164304062],[126.92643187115006,37.620864882047826],[126.92645104364215,37.620835432200955]]]}},{"type":"Feature","properties":{"PNU":1138010300103530000,"피해위치(":"서울특별시 은평구 불광동 353-14 지층","피해일시":"20250813 - 1200","F_SHIM":0.1,"F_AREA":132.92272987,"F_AVR_HGT":"33.619119262695314","ADM_CD":"1138010300","F_YR":"2025","F_ZONE_NM":"서울특별시 은평구 불광동 353-14 지층","TYPE":"주택","TYPE2":"재난지원금"},"geometry":{"type":"Polygon","coordinates":[[[126.92623321933706,37.620838717159536],[126.92629359708246,37.62074474741397],[126.92623515250716,37.62071888805725],[126.92618011483408,37.620695607649296],[126.92616513958019,37.62071884337122],[126.92614835984816,37.62074550166254],[126.9261203387249,37.62078819021279],[126.92623321933706,37.620838717159536]]]}},{"type":"Feature","properties":{"PNU":1138010300103870000,"피해위치(":"서울특별시 은평구 불광동 387-9 b02","피해일시":"20250813 - 1200","F_SHIM":0.1,"F_AREA":126.07940206,"F_AVR_HGT":"38.49398193359375","ADM_CD":"1138010300","F_YR":"2025","F_ZONE_NM":"서울특별시 은평구 불광동 387-9 b02","TYPE":"주택","TYPE2":"재난지원금"},"geometry":{"type":"Polygon","coordinates":[[[126.92293922996271,37.62261348207319],[126.92295655418745,37.62251222349277],[126.92289584734237,37.62250461483219],[126.9227550711462,37.622589843729166],[126.922804894619,37.62260609460777],[126.92285349678185,37.62259891917983],[126.9229182787194,37.62260923351551],[126.92293922996271,37.62261348207319]]]}},{"type":"Feature","properties":{"PNU":1138010300101040000,"피해위치(":"서울특별시 은평구 불광동 104-16 지하 우측","피해일시":"20250813 - 1200","F_SHIM":0.1,"F_AREA":142.32139103,"F_AVR_HGT":"35.978509521484376","ADM_CD":"1138010300","F_YR":"2025","F_ZONE_NM":"서울특별시 은평구 불광동 104-16 지하 우측","TYPE":"주택","TYPE2":"재난지원금"},"geometry":{"type":"Polygon","coordinates":[[[126.92667090382584,37.623320834451164],[126.92667440984546,37.62332633265033],[126.92679814148336,37.623291272858694],[126.92675326267214,37.62319997520029],[126.9266202680133,37.62320971153998],[126.92663948183456,37.62325252026422],[126.92667090382584,37.623320834451164]]]}},{"type":"Feature","properties":{"PNU":1138010300103140000,"피해위치(":"서울특별시 은평구 불광동 314-16 지층 2호","피해일시":"20250813 - 1200","F_SHIM":0.1,"F_AREA":124.45293707,"F_AVR_HGT":"29.823581314086915","ADM_CD":"1138010300","F_YR":"2025","F_ZONE_NM":"서울특별시 은평구 불광동 314-16 지층 2호","TYPE":"주택","TYPE2":"재난지원금"},"geometry":{"type":"Polygon","coordinates":[[[126.92369398631801,37.620744989724756],[126.923696585546,37.6207507577106],[126.9237229880714,37.62074086433975],[126.92376979666415,37.6207252902159],[126.92377567748464,37.620723329954025],[126.92377364488888,37.620717292049186],[126.92374654652188,37.62063402364416],[126.92373785252686,37.620607258808754],[126.92366061432537,37.62062767813947],[126.92356302727075,37.62065318352548],[126.92354843445418,37.62065652553003],[126.92355213380804,37.62067179057491],[126.92365387801449,37.62064621586269],[126.92368268812486,37.620717232090406],[126.92369398631801,37.620744989724756]]]}},{"type":"Feature","properties":{"PNU":1138010300103530000,"피해위치(":"서울특별시 은평구 불광동 353-15 지하 2호","피해일시":"20250813 - 1200","F_SHIM":0.1,"F_AREA":132.84615722,"F_AVR_HGT":"33.619119262695314","ADM_CD":"1138010300","F_YR":"2025","F_ZONE_NM":"서울특별시 은평구 불광동 353-15 지하 2호","TYPE":"주택","TYPE2":"재난지원금"},"geometry":{"type":"Polygon","coordinates":[[[126.92629359708246,37.62074474741397],[126.92630967362796,37.620718935575],[126.92635346696947,37.62064877713692],[126.92624386806112,37.620601586023014],[126.92620246306302,37.62066210545949],[126.92618011483408,37.620695607649296],[126.92623515250716,37.62071888805725],[126.92629359708246,37.62074474741397]]]}},{"type":"Feature","properties":{"PNU":1138010300101400000,"피해위치(":"서울특별시 은평구 불광동 140-15 지하 좌측","피해일시":"20250813 - 1200","F_SHIM":0.1,"F_AREA":122.81700835,"F_AVR_HGT":"41.34108123779297","ADM_CD":"1138010300","F_YR":"2025","F_ZONE_NM":"서울특별시 은평구 불광동 140-15 지하 좌측","TYPE":"주택","TYPE2":"재난지원금"},"geometry":{"type":"Polygon","coordinates":[[[126.92866997535343,37.621809881153375],[126.92880657408531,37.62181852470929],[126.92881357313749,37.62172671917725],[126.92867810703618,37.62171834662246],[126.9286713840908,37.62179401576836],[126.92866997535343,37.621809881153375]]]}},{"type":"Feature","properties":{"PNU":1138010300103530000,"피해위치(":"서울특별시 은평구 불광동 353-33 지층 우측","피해일시":"20250813 - 1200","F_SHIM":0.1,"F_AREA":137.30526225,"F_AVR_HGT":"33.619119262695314","ADM_CD":"1138010300","F_YR":"2025","F_ZONE_NM":"서울특별시 은평구 불광동 353-33 지층 우측","TYPE":"주택","TYPE2":"재난지원금"},"geometry":{"type":"Polygon","coordinates":[[[126.92585269593559,37.6206480066162],[126.92588797654386,37.62059541200141],[126.9259199667718,37.620548221147715],[126.92581591992835,37.62049968172243],[126.92574434168097,37.62060243760058],[126.92585269593559,37.6206480066162]]]}},{"type":"Feature","properties":{"PNU":1138010300103530100,"피해위치(":"서울특별시 은평구 불광동 353-52 B04호","피해일시":"20250813 - 1200","F_SHIM":0.1,"F_AREA":205.79949131,"F_AVR_HGT":"30.62853012084961","ADM_CD":"1138010300","F_YR":"2025","F_ZONE_NM":"서울특별시 은평구 불광동 353-52 B04호","TYPE":"주택","TYPE2":"재난지원금"},"geometry":{"type":"Polygon","coordinates":[[[126.92520987827076,37.620540916661554],[126.9253340792919,37.62059703786566],[126.92535593866677,37.62059894403386],[126.92543058044076,37.620491595368776],[126.92528803710945,37.62042816447977],[126.9252787344635,37.62044230385628],[126.92521577747448,37.620532000774105],[126.92520987827076,37.620540916661554]]]}},{"type":"Feature","properties":{"PNU":1138010300103530000,"피해위치(":"서울특별시 은평구 불광동 353-41 지층 우측","피해일시":"20250813 - 1200","F_SHIM":0.1,"F_AREA":133.82987498,"F_AVR_HGT":"33.619119262695314","ADM_CD":"1138010300","F_YR":"2025","F_ZONE_NM":"서울특별시 은평구 불광동 353-41 지층 우측","TYPE":"주택","TYPE2":"재난지원금"},"geometry":{"type":"Polygon","coordinates":[[[126.92560384819873,37.62052774616024],[126.92571004919573,37.6205742149021],[126.92577799713017,37.62047704279033],[126.9256697591858,37.620428770839624],[126.92566749010939,37.62043237330125],[126.92560645672737,37.620524504310296],[126.92560384819873,37.62052774616024]]]}},{"type":"Feature","properties":{"PNU":1138010300103450000,"피해위치(":"서울특별시 은평구 불광동 345-14 지하","피해일시":"20250813 - 1200","F_SHIM":0.1,"F_AREA":133.04531196,"F_AVR_HGT":"33.619119262695314","ADM_CD":"1138010300","F_YR":"2025","F_ZONE_NM":"서울특별시 은평구 불광동 345-14 지하","TYPE":"주택","TYPE2":"재난지원금"},"geometry":{"type":"Polygon","coordinates":[[[126.92633332889861,37.62051226583846],[126.92641813154347,37.62054935011605],[126.92648301678214,37.620455599372384],[126.9263719476413,37.62040633518711],[126.92631001234032,37.620495132360446],[126.92633332889861,37.62051226583846]]]}},{"type":"Feature","properties":{"PNU":1138010300103770000,"피해위치(":"서울특별시 은평구 불광동 377-21 지하 101호( B01호)","피해일시":"20250813 - 1200","F_SHIM":0.1,"F_AREA":179.11904071,"F_AVR_HGT":"38.49398193359375","ADM_CD":"1138010300","F_YR":"2025","F_ZONE_NM":"서울특별시 은평구 불광동 377-21 지하 101호( B01호)","TYPE":"주택","TYPE2":"재난지원금"},"geometry":{"type":"Polygon","coordinates":[[[126.92263081012902,37.622482003555355],[126.92275376293439,37.62243406346922],[126.92279670472121,37.62242364075928],[126.92271775117695,37.622317903143575],[126.9226060045401,37.622373509014984],[126.92261743309075,37.62238495909914],[126.922598742642,37.622385216894706],[126.92259848971251,37.622410173863145],[126.92263081012902,37.622482003555355]]]}},{"type":"Feature","properties":{"PNU":1138010300103530000,"피해위치(":"서울특별시 은평구 불광동 353-46 지층 좌","피해일시":"20250813 - 1200","F_SHIM":0.1,"F_AREA":132.25166083,"F_AVR_HGT":"33.619119262695314","ADM_CD":"1138010300","F_YR":"2025","F_ZONE_NM":"서울특별시 은평구 불광동 353-46 지층 좌","TYPE":"주택","TYPE2":"재난지원금"},"geometry":{"type":"Polygon","coordinates":[[[126.92549255418317,37.62047730972942],[126.92560645672737,37.620524504310296],[126.92566749010939,37.62043237330125],[126.92555653490486,37.620383018323786],[126.92549255418317,37.62047730972942]]]}},{"type":"Feature","properties":{"PNU":1138010300103530100,"피해위치(":"서울특별시 은평구 불광동 353-15 B02호","피해일시":"20250813 - 1200","F_SHIM":0.1,"F_AREA":201.38941922,"F_AVR_HGT":"32.44438705444336","ADM_CD":"1138010300","F_YR":"2025","F_ZONE_NM":"서울특별시 은평구 불광동 353-15 B02호","TYPE":"주택","TYPE2":"재난지원금"},"geometry":{"type":"Polygon","coordinates":[[[126.92543058044076,37.620491595368776],[126.92550613266008,37.620379832438736],[126.92536483370799,37.620318114304965],[126.92534067296845,37.62035152506996],[126.92528803710945,37.62042816447977],[126.92543058044076,37.620491595368776]]]}},{"type":"Feature","properties":{"PNU":1138010400103990000,"피해위치(":"서울특별시 은평구 갈현동 399-25 1층 이모네 포차","피해일시":"20250813 - 1200","F_SHIM":0.1,"F_AREA":195.65538466,"F_AVR_HGT":"25.794210052490236","ADM_CD":"1138010400","F_YR":"2025","F_ZONE_NM":"서울특별시 은평구 갈현동 399-25 1층 이모네 포차","TYPE":"소상공인","TYPE2":"재난지원금"},"geometry":{"type":"Polygon","coordinates":[[[126.91921769665323,37.61944012670872],[126.91934980530893,37.619509774435],[126.91942466362379,37.61941837705155],[126.91943759334912,37.61940288918718],[126.91931069359055,37.61933468675494],[126.91921769665323,37.61944012670872]]]}},{"type":"Feature","properties":{"PNU":1138010400104000000,"피해위치(":"서울특별시 은평구 갈현동 400-6 지층","피해일시":"20250813 - 1200","F_SHIM":0.1,"F_AREA":500.34798413,"F_AVR_HGT":"26.2982479095459","ADM_CD":"1138010400","F_YR":"2025","F_ZONE_NM":"서울특별시 은평구 갈현동 400-6 지층","TYPE":"소상공인","TYPE2":"재난지원금"},"geometry":{"type":"Polygon","coordinates":[[[126.91854801354947,37.61936956150806],[126.91835794727331,37.61926833774937],[126.91817878414814,37.619344254081824],[126.91817635430839,37.619390112254784],[126.9184190610964,37.61951813249354],[126.91854801354947,37.61936956150806]]]}},{"type":"Feature","properties":{"PNU":1138010400104000000,"피해위치(":"서울특별시 은평구 갈현동 400-8 지층 우","피해일시":"20250813 - 1200","F_SHIM":0.1,"F_AREA":186.71205591,"F_AVR_HGT":"25.794210052490236","ADM_CD":"1138010400","F_YR":"2025","F_ZONE_NM":"서울특별시 은평구 갈현동 400-8 지층 우","TYPE":"주택","TYPE2":"재난지원금"},"geometry":{"type":"Polygon","coordinates":[[[126.91872721588099,37.61946230812461],[126.91878914415952,37.61938720981243],[126.91866722546035,37.61932207351274],[126.91865409404902,37.6193150366476],[126.91866725135394,37.619298738145055],[126.9187163639838,37.61923822674929],[126.91869462794243,37.6192277601261],[126.9186672916438,37.619262428673196],[126.91863144774108,37.619308263392334],[126.91857393776733,37.619382553846194],[126.91866710389029,37.619431632612205],[126.91867876372297,37.61943785756064],[126.91872721588099,37.61946230812461]]]}},{"type":"Feature","properties":{"PNU":1138010400103990000,"피해위치(":"서울특별시 은평구 갈현동 399-5 1층","피해일시":"20250823 - 2007","F_SHIM":0.1,"F_AREA":226.49354606,"F_AVR_HGT":"25.794210052490236","ADM_CD":"1138010400","F_YR":"2025","F_ZONE_NM":"서울특별시 은평구 갈현동 399-5 1층","TYPE":"소상공인","TYPE2":"재난지원금"},"geometry":{"type":"Polygon","coordinates":[[[126.91911796511933,37.61938689928445],[126.91921769665323,37.61944012670872],[126.91931069359055,37.61933468675494],[126.91933632581191,37.61930435058694],[126.91927232144377,37.619208162403524],[126.91919644740811,37.61929622535848],[126.91911796511933,37.61938689928445]]]}},{"type":"Feature","properties":{"PNU":1138010400104360100,"피해위치(":"서울특별시 은평구 갈현동 436-13 지층 좌 우","피해일시":"20250813 - 1200","F_SHIM":0.1,"F_AREA":96.22483168,"F_AVR_HGT":"42.770242309570314","ADM_CD":"1138010400","F_YR":"2025","F_ZONE_NM":"서울특별시 은평구 갈현동 436-13 지층 좌 우","TYPE":"주택","TYPE2":"재난지원금"},"geometry":{"type":"Polygon","coordinates":[[[126.91577570778716,37.62433738401262],[126.91581903782537,37.62438525749257],[126.91582969204315,37.62437985935356],[126.91595096908411,37.62431805007563],[126.91594904596325,37.62431579623271],[126.91590526763193,37.62426368787164],[126.91582977610118,37.62430662781252],[126.91577570778716,37.62433738401262]]]}},{"type":"Feature","properties":{"PNU":1138010400104260000,"피해위치(":"서울특별시 은평구 갈현동 426-1 1층","피해일시":"20250824 - 0951","F_SHIM":0.1,"F_AREA":150.20471408,"F_AVR_HGT":"32.592122650146486","ADM_CD":"1138010400","F_YR":"2025","F_ZONE_NM":"서울특별시 은평구 갈현동 426-1 1층","TYPE":"소상공인","TYPE2":"재난지원금"},"geometry":{"type":"Polygon","coordinates":[[[126.91755553714736,37.622804385872584],[126.91765873472413,37.622800314748574],[126.9176952381931,37.622774392471285],[126.9176879746113,37.62268600121112],[126.91755034022697,37.62269148942928],[126.91755553714736,37.622804385872584]]]}},{"type":"Feature","properties":{"PNU":1138010400102520000,"피해위치(":"서울특별시 은평구 갈현동 252-4 1층","피해일시":"20250813 - 1200","F_SHIM":0.1,"F_AREA":231.42560381,"F_AVR_HGT":"39.18014297485352","ADM_CD":"1138010400","F_YR":"2025","F_ZONE_NM":"서울특별시 은평구 갈현동 252-4 1층","TYPE":"소상공인","TYPE2":"재난지원금"},"geometry":{"type":"Polygon","coordinates":[[[126.91427290208057,37.621107081513244],[126.914377736709,37.621057244690036],[126.91441242107275,37.6210373586424],[126.9143377261719,37.620982163515755],[126.91427593117011,37.620938240127366],[126.9141300037489,37.62106372874551],[126.91425331996807,37.621095174100056],[126.91427290208057,37.621107081513244]]]}},{"type":"Feature","properties":{"PNU":1138010400103990000,"피해위치(":"서울특별시 은평구 갈현동 399-13 2층","피해일시":"20250813 - 1200","F_SHIM":0.1,"F_AREA":176.57193246,"F_AVR_HGT":"25.794210052490236","ADM_CD":"1138010400","F_YR":"2025","F_ZONE_NM":"서울특별시 은평구 갈현동 399-13 2층","TYPE":"소상공인","TYPE2":"재난지원금"},"geometry":{"type":"Polygon","coordinates":[[[126.91885329804107,37.61924562069035],[126.91896842402255,37.619307688714684],[126.91909232007659,37.619223533673264],[126.91902444145198,37.61914861479012],[126.91898918806804,37.619172826507686],[126.9189101926427,37.619215297499856],[126.91885329804107,37.61924562069035]]]}},{"type":"Feature","properties":{"PNU":1138010400104070000,"피해위치(":"서울특별시 은평구 갈현동 407-31 1층","피해일시":"20250813 - 1200","F_SHIM":0.1,"F_AREA":145.84618955,"F_AVR_HGT":"32.592122650146486","ADM_CD":"1138010400","F_YR":"2025","F_ZONE_NM":"서울특별시 은평구 갈현동 407-31 1층","TYPE":"소상공인","TYPE2":"재난지원금"},"geometry":{"type":"Polygon","coordinates":[[[126.91777623630254,37.622667233404854],[126.91789461543821,37.622660469908084],[126.9178842206351,37.622535766959494],[126.91776652336134,37.62254072897075],[126.91777623630254,37.622667233404854]]]}},{"type":"Feature","properties":{"PNU":1138010400104520100,"피해위치(":"서울특별시 은평구 갈현동 452-27 B01호","피해일시":"20250813 - 1200","F_SHIM":0.1,"F_AREA":161.07931309,"F_AVR_HGT":"26.2982479095459","ADM_CD":"1138010400","F_YR":"2025","F_ZONE_NM":"서울특별시 은평구 갈현동 452-27 B01호","TYPE":"주택","TYPE2":"재난지원금"},"geometry":{"type":"Polygon","coordinates":[[[126.91753660742525,37.61919063219353],[126.91747339378178,37.61909850701716],[126.91747033420808,37.61909967611233],[126.91746784584603,37.61909652090943],[126.91733876990736,37.61915219957836],[126.91740333819114,37.61924829010421],[126.91753660742525,37.61919063219353]]]}},{"type":"Feature","properties":{"PNU":1138010400104520100,"피해위치(":"서울특별시 은평구 갈현동 452-23","피해일시":"20250813 - 1200","F_SHIM":0.1,"F_AREA":138.58847654,"F_AVR_HGT":"26.2982479095459","ADM_CD":"1138010400","F_YR":"2025","F_ZONE_NM":"서울특별시 은평구 갈현동 452-23","TYPE":"소상공인","TYPE2":"재난지원금"},"geometry":{"type":"Polygon","coordinates":[[[126.91772945969753,37.61923050250565],[126.91786578690714,37.61917284639412],[126.91781162143845,37.61909226035829],[126.91767495483153,37.61914964587293],[126.91772945969753,37.61923050250565]]]}},{"type":"Feature","properties":{"PNU":1138010400103990000,"피해위치(":"서울특별시 은평구 갈현동 399-10 지하","피해일시":"20250813 - 1200","F_SHIM":0.1,"F_AREA":336.357562,"F_AVR_HGT":"25.794210052490236","ADM_CD":"1138010400","F_YR":"2025","F_ZONE_NM":"서울특별시 은평구 갈현동 399-10 지하","TYPE":"소상공인","TYPE2":"재난지원금"},"geometry":{"type":"Polygon","coordinates":[[[126.91923466645024,37.619150473422906],[126.91918672055378,37.61907782097935],[126.9191423934804,37.61901048682482],[126.91902295025676,37.61906302063039],[126.91898246889384,37.61900073459313],[126.91894529966483,37.61901620545037],[126.91892864140812,37.61902322143859],[126.91896018387537,37.61907703202708],[126.91902444145198,37.61914861479012],[126.91909232007659,37.619223533673264],[126.91923466645024,37.619150473422906]]]}},{"type":"Feature","properties":{"PNU":1138010400103990000,"피해위치(":"서울특별시 은평구 갈현동 399-23 1층","피해일시":"20250813 - 1255","F_SHIM":0.1,"F_AREA":80.09731569,"F_AVR_HGT":"25.794210052490236","ADM_CD":"1138010400","F_YR":"2025","F_ZONE_NM":"서울특별시 은평구 갈현동 399-23 1층","TYPE":"소상공인","TYPE2":"재난지원금"},"geometry":{"type":"Polygon","coordinates":[[[126.91883246012378,37.61914010131392],[126.91883517987158,37.61913893194532],[126.91879752724718,37.61907944086596],[126.91870120389113,37.619119917414885],[126.9187035318701,37.61916559874346],[126.91873477568413,37.6191821987004],[126.91883246012378,37.61914010131392]]]}},{"type":"Feature","properties":{"PNU":1138010400104030000,"피해위치(":"서울특별시 은평구 갈현동 403-4 B02호","피해일시":"20250813 - 1200","F_SHIM":0.1,"F_AREA":181.57281407,"F_AVR_HGT":"28.657939529418947","ADM_CD":"1138010400","F_YR":"2025","F_ZONE_NM":"서울특별시 은평구 갈현동 403-4 B02호","TYPE":"주택","TYPE2":"재난지원금"},"geometry":{"type":"Polygon","coordinates":[[[126.91880810484349,37.620880597490746],[126.91882757434323,37.62079024284975],[126.9188440831822,37.620713941416916],[126.9188462459094,37.620704392544766],[126.91866287740893,37.62067828868834],[126.91864358232665,37.62076442684024],[126.91880527280426,37.62078880367202],[126.9187847066318,37.62087727449248],[126.91880810484349,37.620880597490746]]]}},{"type":"Feature","properties":{"PNU":1138010400104030000,"피해위치(":"서울특별시 은평구 갈현동 403-5 지층","피해일시":"20250813 - 1200","F_SHIM":0.1,"F_AREA":145.84460085,"F_AVR_HGT":"28.657939529418947","ADM_CD":"1138010400","F_YR":"2025","F_ZONE_NM":"서울특별시 은평구 갈현동 403-5 지층","TYPE":"소상공인","TYPE2":"재난지원금"},"geometry":{"type":"Polygon","coordinates":[[[126.9187847066318,37.62087727449248],[126.91880527280426,37.62078880367202],[126.91864358232665,37.62076442684024],[126.91862343346295,37.62085434850361],[126.91866551850958,37.62086032452654],[126.91873918999175,37.620870800565996],[126.9187847066318,37.62087727449248]]]}},{"type":"Feature","properties":{"PNU":1138010400104030000,"피해위치(":"서울특별시 은평구 갈현동 403-6 지하","피해일시":"20250813 - 1200","F_SHIM":0.1,"F_AREA":138.47456813,"F_AVR_HGT":"28.657939529418947","ADM_CD":"1138010400","F_YR":"2025","F_ZONE_NM":"서울특별시 은평구 갈현동 403-6 지하","TYPE":"주택","TYPE2":"재난지원금"},"geometry":{"type":"Polygon","coordinates":[[[126.91847083486415,37.62083332946698],[126.91862343346295,37.62085434850361],[126.91864358232665,37.62076442684024],[126.91849041712898,37.620743785842365],[126.91847083486415,37.62083332946698]]]}},{"type":"Feature","properties":{"PNU":1138010400103990000,"피해위치(":"서울특별시 은평구 갈현동 399-6 지층","피해일시":"20250813 - 1200","F_SHIM":0.1,"F_AREA":171.70027345,"F_AVR_HGT":"26.256545639038087","ADM_CD":"1138010400","F_YR":"2025","F_ZONE_NM":"서울특별시 은평구 갈현동 399-6 지층","TYPE":"소상공인","TYPE2":"재난지원금"},"geometry":{"type":"Polygon","coordinates":[[[126.91952969260379,37.61908310525264],[126.91946014533382,37.61898025507256],[126.91932800945287,37.619038997124065],[126.91939665232772,37.6191401348892],[126.91952969260379,37.61908310525264]]]}},{"type":"Feature","properties":{"PNU":1138010400104070000,"피해위치(":"서울특별시 은평구 갈현동 407-30 지층 우측","피해일시":"20250813 - 1200","F_SHIM":0.1,"F_AREA":145.89943642,"F_AVR_HGT":"32.592122650146486","ADM_CD":"1138010400","F_YR":"2025","F_ZONE_NM":"서울특별시 은평구 갈현동 407-30 지층 우측","TYPE":"주택","TYPE2":"재난지원금"},"geometry":{"type":"Polygon","coordinates":[[[126.9178842206351,37.622535766959494],[126.91788243126514,37.622515223355315],[126.91787314753611,37.622409892253],[126.91775511053778,37.622414944110226],[126.91776417331441,37.62251513948081],[126.91776652336134,37.62254072897075],[126.9178842206351,37.622535766959494]]]}},{"type":"Feature","properties":{"PNU":1138010400102440100,"피해위치(":"서울특별시 은평구 갈현동 244-22 지층 나호","피해일시":"20250822 - 1138","F_SHIM":0.1,"F_AREA":174.33414468,"F_AVR_HGT":"39.18014297485352","ADM_CD":"1138010400","F_YR":"2025","F_ZONE_NM":"서울특별시 은평구 갈현동 244-22 지층 나호","TYPE":"주택","TYPE2":"재난지원금"},"geometry":{"type":"Polygon","coordinates":[[[126.9142987563992,37.620791937867],[126.91435163569265,37.620710708551556],[126.91437206099151,37.62067945963423],[126.91436447677067,37.62067521942761],[126.91427550885605,37.62062109489212],[126.91420892710455,37.620670374299756],[126.91419645623087,37.62067981635158],[126.91420675597806,37.620686599341575],[126.91418558914366,37.62070292745419],[126.91419328262387,37.620710591476794],[126.91424985237992,37.62076694456858],[126.91428379427454,37.620800756410404],[126.9142987563992,37.620791937867]]]}},{"type":"Feature","properties":{"PNU":1138010400104330000,"피해위치(":"서울특별시 은평구 갈현동 433-32 지층","피해일시":"20250813 - 1200","F_SHIM":0.1,"F_AREA":192.96981638,"F_AVR_HGT":"34.504258728027345","ADM_CD":"1138010400","F_YR":"2025","F_ZONE_NM":"서울특별시 은평구 갈현동 433-32 지층","TYPE":"주택","TYPE2":"재난지원금"},"geometry":{"type":"Polygon","coordinates":[[[126.91566179971777,37.6207494200982],[126.91564111450745,37.620711653988494],[126.91560313512697,37.62064234098784],[126.91545219151318,37.6206999838095],[126.91545852140385,37.62071152096881],[126.91551311917898,37.62080895670088],[126.91566179971777,37.6207494200982]]]}},{"type":"Feature","properties":{"PNU":1138010400104520100,"피해위치(":"서울특별시 은평구 갈현동 452-19 B02호","피해일시":"20250813 - 1200","F_SHIM":0.1,"F_AREA":178.57344613,"F_AVR_HGT":"27.34971389770508","ADM_CD":"1138010400","F_YR":"2025","F_ZONE_NM":"서울특별시 은평구 갈현동 452-19 B02호","TYPE":"주택","TYPE2":"재난지원금"},"geometry":{"type":"Polygon","coordinates":[[[126.91717604866027,37.618910800898895],[126.91719255847936,37.61893504906483],[126.91724922006556,37.618910853172586],[126.91732446677494,37.618878561692256],[126.91725288960103,37.6187706632719],[126.91712131961769,37.61882859237591],[126.91717604866027,37.618910800898895]]]}},{"type":"Feature","properties":{"PNU":1138010400103980000,"피해위치(":"서울특별시 은평구 갈현동 398-11 지층","피해일시":"20250813 - 1200","F_SHIM":0.1,"F_AREA":356.57291394,"F_AVR_HGT":"26.256545639038087","ADM_CD":"1138010400","F_YR":"2025","F_ZONE_NM":"서울특별시 은평구 갈현동 398-11 지층","TYPE":"소상공인","TYPE2":"재난지원금"},"geometry":{"type":"Polygon","coordinates":[[[126.91951458874398,37.618912449107775],[126.91952499242285,37.61892795319646],[126.9195603491931,37.6189124808976],[126.9197610437859,37.618824774538915],[126.91975177088051,37.61881098311671],[126.91967973471958,37.61870533829793],[126.9194751689742,37.61879086145681],[126.91946399390194,37.61883829029613],[126.91951458874398,37.618912449107775]]]}},{"type":"Feature","properties":{"PNU":1138010400104240000,"피해위치(":"서울특별시 은평구 갈현동 424-2 지층","피해일시":"20250813 - 1200","F_SHIM":0.1,"F_AREA":90.30848272,"F_AVR_HGT":"35.84512100219727","ADM_CD":"1138010400","F_YR":"2025","F_ZONE_NM":"서울특별시 은평구 갈현동 424-2 지층","TYPE":"주택","TYPE2":"재난지원금"},"geometry":{"type":"Polygon","coordinates":[[[126.917617071261,37.62399065926652],[126.91761095368213,37.62389046600415],[126.91751908249904,37.62389427485411],[126.91752497390948,37.623994017470466],[126.917617071261,37.62399065926652]]]}},{"type":"Feature","properties":{"PNU":1138010400104110000,"피해위치(":"서울특별시 은평구 갈현동 411-5 지층 나호","피해일시":"20250813 - 1200","F_SHIM":0.1,"F_AREA":152.2969244,"F_AVR_HGT":"35.84512100219727","ADM_CD":"1138010400","F_YR":"2025","F_ZONE_NM":"서울특별시 은평구 갈현동 411-5 지층 나호","TYPE":"주택","TYPE2":"재난지원금"},"geometry":{"type":"Polygon","coordinates":[[[126.91814043408884,37.62396679387437],[126.91813524093615,37.623849662877994],[126.91800179494217,37.62385578526569],[126.91800732932684,37.62397147494212],[126.91814043408884,37.62396679387437]]]}},{"type":"Feature","properties":{"PNU":1138010400104070000,"피해위치(":"서울특별시 은평구 갈현동 407-29 102호","피해일시":"20250813 - 1200","F_SHIM":0.1,"F_AREA":144.68551227,"F_AVR_HGT":"32.592122650146486","ADM_CD":"1138010400","F_YR":"2025","F_ZONE_NM":"서울특별시 은평구 갈현동 407-29 102호","TYPE":"주택","TYPE2":"재난지원금"},"geometry":{"type":"Polygon","coordinates":[[[126.91787314753611,37.622409892253],[126.91786377165914,37.62228573060735],[126.9177446019187,37.62229096184724],[126.91775511053778,37.622414944110226],[126.91787314753611,37.622409892253]]]}},{"type":"Feature","properties":{"PNU":1138010400104110000,"피해위치(":"서울특별시 은평구 갈현동 411-1 b01","피해일시":"20250813 - 1200","F_SHIM":0.1,"F_AREA":148.2653379,"F_AVR_HGT":"36.84117660522461","ADM_CD":"1138010400","F_YR":"2025","F_ZONE_NM":"서울특별시 은평구 갈현동 411-1 b01","TYPE":"주택","TYPE2":"재난지원금"},"geometry":{"type":"Polygon","coordinates":[[[126.91866212424496,37.623918778737455],[126.91866371200932,37.62391706799137],[126.91866215364438,37.62389228996251],[126.91865792135883,37.623827236274565],[126.91852844010322,37.623833362041765],[126.91853317986606,37.62395130358411],[126.91863320604621,37.623948310554496],[126.91866212424496,37.623918778737455]]]}},{"type":"Feature","properties":{"PNU":1138010400104260000,"피해위치(":"서울특별시 은평구 갈현동 426-18 102호","피해일시":"20250813 - 1200","F_SHIM":0.1,"F_AREA":179.08773241,"F_AVR_HGT":"36.16403350830078","ADM_CD":"1138010400","F_YR":"2025","F_ZONE_NM":"서울특별시 은평구 갈현동 426-18 102호","TYPE":"주택","TYPE2":"재난지원금"},"geometry":{"type":"Polygon","coordinates":[[[126.91734989711634,37.62234365858509],[126.91733740034203,37.62217525656755],[126.91730988537746,37.62216595684521],[126.9172547652698,37.62222727421598],[126.91721663986888,37.62228527007758],[126.91719357634227,37.6223463400211],[126.91719289415629,37.62234859198279],[126.91734989711634,37.62234365858509]]]}},{"type":"Feature","properties":{"PNU":1138010400104260000,"피해위치(":"서울특별시 은평구 갈현동 426-5","피해일시":"20250813 - 1200","F_SHIM":0.1,"F_AREA":154.95222715,"F_AVR_HGT":"32.592122650146486","ADM_CD":"1138010400","F_YR":"2025","F_ZONE_NM":"서울특별시 은평구 갈현동 426-5","TYPE":"소상공인","TYPE2":"재난지원금"},"geometry":{"type":"Polygon","coordinates":[[[126.9175182163694,37.622348553712825],[126.91765913475567,37.62234333815917],[126.91765155775201,37.62223152119557],[126.91750961940538,37.622237366700084],[126.9175182163694,37.622348553712825]]]}},{"type":"Feature","properties":{"PNU":1138010400104260000,"피해위치(":"서울특별시 은평구 갈현동 426-6 1층","피해일시":"20250813 - 1200","F_SHIM":0.1,"F_AREA":218.14909782,"F_AVR_HGT":"32.592122650146486","ADM_CD":"1138010400","F_YR":"2025","F_ZONE_NM":"서울특별시 은평구 갈현동 426-6 1층","TYPE":"소상공인","TYPE2":"재난지원금"},"geometry":{"type":"Polygon","coordinates":[[[126.91750961940538,37.622237366700084],[126.91765155775201,37.62223152119557],[126.91764085426422,37.62207951831194],[126.91760723084657,37.6220628262831],[126.91749878782461,37.6220987883104],[126.9175095102886,37.6222336726057],[126.91750961940538,37.622237366700084]]]}},{"type":"Feature","properties":{"PNU":1138010400104240000,"피해위치(":"서울특별시 은평구 갈현동 424-8 1층","피해일시":"20250823 - 2022","F_SHIM":0.1,"F_AREA":198.37719332,"F_AVR_HGT":"38.00179824829102","ADM_CD":"1138010400","F_YR":"2025","F_ZONE_NM":"서울특별시 은평구 갈현동 424-8 1층","TYPE":"소상공인","TYPE2":"재난지원금"},"geometry":{"type":"Polygon","coordinates":[[[126.9172840541349,37.62387698870882],[126.91727658797089,37.623767694572244],[126.91720125600375,37.623770794197426],[126.91709080669624,37.62377549041749],[126.91709951933788,37.623884154771694],[126.91720713629594,37.623879997107636],[126.9172840541349,37.62387698870882]]]}},{"type":"Feature","properties":{"PNU":1138010400104110000,"피해위치(":"서울특별시 은평구 갈현동 411-8 B03호","피해일시":"20250813 - 1200","F_SHIM":0.1,"F_AREA":156.91789138,"F_AVR_HGT":"35.84512100219727","ADM_CD":"1138010400","F_YR":"2025","F_ZONE_NM":"서울특별시 은평구 갈현동 411-8 B03호","TYPE":"주택","TYPE2":"재난지원금"},"geometry":{"type":"Polygon","coordinates":[[[126.91813524093615,37.623849662877994],[126.91813016359112,37.62373027951221],[126.91799615173385,37.62373613120007],[126.91800179494217,37.62385578526569],[126.91813524093615,37.623849662877994]]]}},{"type":"Feature","properties":{"PNU":1138010400104030100,"피해위치(":"서울특별시 은평구 갈현동 403-23 B01호","피해일시":"20250813 - 1200","F_SHIM":0.1,"F_AREA":96.80467618,"F_AVR_HGT":"28.752090072631837","ADM_CD":"1138010400","F_YR":"2025","F_ZONE_NM":"서울특별시 은평구 갈현동 403-23 B01호","TYPE":"주택","TYPE2":"재난지원금"},"geometry":{"type":"Polygon","coordinates":[[[126.91841825022051,37.620552006513236],[126.91843760492985,37.62046336371282],[126.91833046772973,37.620448061674786],[126.91830975324484,37.62053706389103],[126.91841825022051,37.620552006513236]]]}},{"type":"Feature","properties":{"PNU":1138010400104110100,"피해위치(":"서울특별시 은평구 갈현동 411-19 지하층","피해일시":"20250813 - 1200","F_SHIM":0.1,"F_AREA":152.64697061,"F_AVR_HGT":"34.045850372314455","ADM_CD":"1138010400","F_YR":"2025","F_ZONE_NM":"서울특별시 은평구 갈현동 411-19 지하층","TYPE":"주택","TYPE2":"재난지원금"},"geometry":{"type":"Polygon","coordinates":[[[126.91799120762113,37.623700358815746],[126.91798103210971,37.62358187281134],[126.91784917375222,37.62358682487754],[126.91785631393499,37.623684496115416],[126.91788302337453,37.62370559796835],[126.91799120762113,37.623700358815746]]]}},{"type":"Feature","properties":{"PNU":1138010400104110100,"피해위치(":"서울특별시 은평구 갈현동 411-23 지층","피해일시":"20250813 - 1200","F_SHIM":0.1,"F_AREA":309.29232005,"F_AVR_HGT":"34.045850372314455","ADM_CD":"1138010400","F_YR":"2025","F_ZONE_NM":"서울특별시 은평구 갈현동 411-23 지층","TYPE":"소상공인","TYPE2":"재난지원금"},"geometry":{"type":"Polygon","coordinates":[[[126.91838542621569,37.62368342849116],[126.91837434297373,37.62356575276211],[126.91836371627977,37.623445014021],[126.91823276348653,37.62345077803575],[126.91824248466999,37.623570705267845],[126.91825243394305,37.62368928118842],[126.91838542621569,37.62368342849116]]]}},{"type":"Feature","properties":{"PNU":1138010400104020100,"피해위치(":"서울특별시 은평구 갈현동 402-37 지층 안쪽(102호)","피해일시":"20250813 - 1200","F_SHIM":0.1,"F_AREA":122.52820675,"F_AVR_HGT":"26.70613250732422","ADM_CD":"1138010400","F_YR":"2025","F_ZONE_NM":"서울특별시 은평구 갈현동 402-37 지층 안쪽(102호)","TYPE":"주택","TYPE2":"재난지원금"},"geometry":{"type":"Polygon","coordinates":[[[126.91847164128465,37.620413833772],[126.91860743255944,37.62043221914943],[126.91862746733675,37.620342946107705],[126.91849246971445,37.62032402072352],[126.91847164128465,37.620413833772]]]}},{"type":"Feature","properties":{"PNU":1138010400103920000,"피해위치(":"서울특별시 은평구 갈현동 392-10","피해일시":"20250813 - 1200","F_SHIM":0.1,"F_AREA":406.08356553,"F_AVR_HGT":"34.73901901245117","ADM_CD":"1138010400","F_YR":"2025","F_ZONE_NM":"서울특별시 은평구 갈현동 392-10","TYPE":"소상공인","TYPE2":"재난지원금"},"geometry":{"type":"Polygon","coordinates":[[[126.91929418778692,37.623625861934954],[126.91942366990936,37.62361856405433],[126.91941526867183,37.62353269486328],[126.91941336003269,37.62351719668782],[126.91928455743995,37.62352476532471],[126.9192733586351,37.62340790047721],[126.91918239393289,37.623412071646364],[126.91914350353493,37.623445560942706],[126.9191532499827,37.62353364750274],[126.91916391251146,37.62363333931576],[126.91929418778692,37.623625861934954]]]}},{"type":"Feature","properties":{"PNU":1138010400104110100,"피해위치(":"서울특별시 은평구 갈현동 411-21 1층 우측상가","피해일시":"20250813 - 1200","F_SHIM":0.1,"F_AREA":152.16127644,"F_AVR_HGT":"34.045850372314455","ADM_CD":"1138010400","F_YR":"2025","F_ZONE_NM":"서울특별시 은평구 갈현동 411-21 1층 우측상가","TYPE":"소상공인","TYPE2":"재난지원금"},"geometry":{"type":"Polygon","coordinates":[[[126.91811051267084,37.623576017937694],[126.91810067812139,37.62345636090863],[126.91797187782237,37.62346185586157],[126.91798103210971,37.62358187281134],[126.91811051267084,37.623576017937694]]]}},{"type":"Feature","properties":{"PNU":1138010400103940000,"피해위치(":"서울특별시 은평구 갈현동 394-11 지하 1층","피해일시":"20250813 - 1200","F_SHIM":0.1,"F_AREA":155.24877702,"F_AVR_HGT":"30.92172203063965","ADM_CD":"1138010400","F_YR":"2025","F_ZONE_NM":"서울특별시 은평구 갈현동 394-11 지하 1층","TYPE":"소상공인","TYPE2":"재난지원금"},"geometry":{"type":"Polygon","coordinates":[[[126.91916855875436,37.62198851417679],[126.91919496945233,37.62186942308168],[126.91906494736077,37.6218555473134],[126.9190384234859,37.621974368006555],[126.91916855875436,37.62198851417679]]]}},{"type":"Feature","properties":{"PNU":1138010400104490000,"피해위치(":"서울특별시 은평구 갈현동 449-26 지층1호","피해일시":"20250813 - 1200","F_SHIM":0.1,"F_AREA":170.42229542,"F_AVR_HGT":"32.43699417114258","ADM_CD":"1138010400","F_YR":"2025","F_ZONE_NM":"서울특별시 은평구 갈현동 449-26 지층1호","TYPE":"주택","TYPE2":"재난지원금"},"geometry":{"type":"Polygon","coordinates":[[[126.91543413345414,37.62034858846059],[126.9153650570442,37.62023420369135],[126.91533040929284,37.620222916141316],[126.91524677085775,37.620261687262875],[126.91532670518023,37.6203898650252],[126.91543413345414,37.62034858846059]]]}},{"type":"Feature","properties":{"PNU":1138010400104020000,"피해위치(":"서울특별시 은평구 갈현동 402-32 지층 우","피해일시":"20250813 - 1200","F_SHIM":0.1,"F_AREA":123.6980433,"F_AVR_HGT":"26.70613250732422","ADM_CD":"1138010400","F_YR":"2025","F_ZONE_NM":"서울특별시 은평구 갈현동 402-32 지층 우","TYPE":"주택","TYPE2":"재난지원금"},"geometry":{"type":"Polygon","coordinates":[[[126.91881715438569,37.620278028439806],[126.91883138114969,37.62021668167091],[126.9188373004448,37.62019028710398],[126.91869868129203,37.6201687465758],[126.91867853467609,37.62025684827981],[126.91881715438569,37.620278028439806]]]}},{"type":"Feature","properties":{"PNU":1138010400104100000,"피해위치(":"서울특별시 은평구 갈현동 410-6 1층","피해일시":"20250813 - 1200","F_SHIM":0.1,"F_AREA":162.0039574,"F_AVR_HGT":"34.045850372314455","ADM_CD":"1138010400","F_YR":"2025","F_ZONE_NM":"서울특별시 은평구 갈현동 410-6 1층","TYPE":"소상공인","TYPE2":"재난지원금"},"geometry":{"type":"Polygon","coordinates":[[[126.91785543008324,37.62336131414378],[126.91796078134831,37.623356613597586],[126.91795276713174,37.623230110396314],[126.91781920925877,37.62323596220566],[126.91782679741999,37.62333813866648],[126.91785543008324,37.62336131414378]]]}},{"type":"Feature","properties":{"PNU":1138010400104100000,"피해위치(":"서울특별시 은평구 갈현동 410-3","피해일시":"20250813 - 1200","F_SHIM":0.1,"F_AREA":165.7295803,"F_AVR_HGT":"34.045850372314455","ADM_CD":"1138010400","F_YR":"2025","F_ZONE_NM":"서울특별시 은평구 갈현동 410-3","TYPE":"소상공인","TYPE2":"재난지원금"},"geometry":{"type":"Polygon","coordinates":[[[126.91822064757196,37.623345174684474],[126.91835341288439,37.62333914166656],[126.91834834154723,37.62321408213271],[126.91834358369769,37.62321434907312],[126.91821115863242,37.62322020212455],[126.91822064757196,37.623345174684474]]]}},{"type":"Feature","properties":{"PNU":1138010400104090000,"피해위치(":"서울특별시 은평구 갈현동 409-1 1층","피해일시":"20250813 - 1200","F_SHIM":0.1,"F_AREA":203.3420714,"F_AVR_HGT":"34.73901901245117","ADM_CD":"1138010400","F_YR":"2025","F_ZONE_NM":"서울특별시 은평구 갈현동 409-1 1층","TYPE":"소상공인","TYPE2":"재난지원금"},"geometry":{"type":"Polygon","coordinates":[[[126.9188332710754,37.62331722468304],[126.91897453142509,37.623311647408144],[126.91901297081967,37.623276265794395],[126.91900377627161,37.6231912068962],[126.91882535887909,37.623199551210526],[126.9188332710754,37.62331722468304]]]}},{"type":"Feature","properties":{"PNU":1138010400104340000,"피해위치(":"서울특별시 은평구 갈현동 434-4 지하1","피해일시":"20250823 - 1947","F_SHIM":0.1,"F_AREA":340.74843613,"F_AVR_HGT":"34.40039215087891","ADM_CD":"1138010400","F_YR":"2025","F_ZONE_NM":"서울특별시 은평구 갈현동 434-4 지하1","TYPE":"소상공인","TYPE2":"재난지원금"},"geometry":{"type":"Polygon","coordinates":[[[126.91649793409195,37.621774349443626],[126.91664770701814,37.621751302076646],[126.9165985746655,37.621527463353395],[126.91644937182066,37.621547627934774],[126.91647438323895,37.621666214901744],[126.91649793409195,37.621774349443626]]]}},{"type":"Feature","properties":{"PNU":1138010400104020100,"피해위치(":"서울특별시 은평구 갈현동 402-43 지하","피해일시":"20250813 - 1200","F_SHIM":0.1,"F_AREA":143.31044214,"F_AVR_HGT":"27.03975830078125","ADM_CD":"1138010400","F_YR":"2025","F_ZONE_NM":"서울특별시 은평구 갈현동 402-43 지하","TYPE":"주택","TYPE2":"재난지원금"},"geometry":{"type":"Polygon","coordinates":[[[126.91804070012935,37.62016269688332],[126.91805077998012,37.62016378518931],[126.91806832239877,37.620075411455886],[126.91790773048145,37.62005277328213],[126.91789131937013,37.62014222896968],[126.91804070012935,37.62016269688332]]]}},{"type":"Feature","properties":{"PNU":1138010400104020000,"피해위치(":"서울특별시 은평구 갈현동 402-29 지하1층","피해일시":"20250813 - 1200","F_SHIM":0.1,"F_AREA":97.28721318,"F_AVR_HGT":"26.70613250732422","ADM_CD":"1138010400","F_YR":"2025","F_ZONE_NM":"서울특별시 은평구 갈현동 402-29 지하1층","TYPE":"소상공인","TYPE2":"재난지원금"},"geometry":{"type":"Polygon","coordinates":[[[126.91932825829014,37.62015062655554],[126.91933429236059,37.62012270037722],[126.91931066777973,37.62007826560649],[126.91922395404372,37.62003171459729],[126.91920254373525,37.62013648364235],[126.91932825829014,37.62015062655554]]]}},{"type":"Feature","properties":{"PNU":1138010400104480000,"피해위치(":"서울특별시 은평구 갈현동 448-16 지층 1호","피해일시":"20250813 - 1200","F_SHIM":0.1,"F_AREA":169.32029377,"F_AVR_HGT":"32.43699417114258","ADM_CD":"1138010400","F_YR":"2025","F_ZONE_NM":"서울특별시 은평구 갈현동 448-16 지층 1호","TYPE":"주택","TYPE2":"재난지원금"},"geometry":{"type":"Polygon","coordinates":[[[126.91428625409795,37.620052674576904],[126.91436987335003,37.62012760779722],[126.91449752561543,37.62003336939272],[126.91441231856312,37.61996014695163],[126.91428625409795,37.620052674576904]]]}},{"type":"Feature","properties":{"PNU":1138010400104310000,"피해위치(":"서울특별시 은평구 갈현동 431-2 지층","피해일시":"20250813 - 1200","F_SHIM":0.1,"F_AREA":213.86502466,"F_AVR_HGT":"27.03975830078125","ADM_CD":"1138010400","F_YR":"2025","F_ZONE_NM":"서울특별시 은평구 갈현동 431-2 지층","TYPE":"소상공인","TYPE2":"재난지원금"},"geometry":{"type":"Polygon","coordinates":[[[126.91762779060849,37.62009645233481],[126.91780526960223,37.62011036336383],[126.91782396832981,37.620001177847534],[126.91762757541483,37.61998554154019],[126.91760763103917,37.620094185551785],[126.91762779060849,37.62009645233481]]]}},{"type":"Feature","properties":{"PNU":1138010400104220000,"피해위치(":"서울특별시 은평구 갈현동 422-22 1층","피해일시":"20250813 - 1200","F_SHIM":0.1,"F_AREA":156.14719182,"F_AVR_HGT":"43.590840911865236","ADM_CD":"1138010400","F_YR":"2025","F_ZONE_NM":"서울특별시 은평구 갈현동 422-22 1층","TYPE":"소상공인","TYPE2":"재난지원금"},"geometry":{"type":"Polygon","coordinates":[[[126.91618140973007,37.62468311358026],[126.91634158191054,37.624784048888266],[126.91637433930522,37.624766323236656],[126.91636518550689,37.624648018048795],[126.91622448728103,37.62465494407278],[126.91618140973007,37.62468311358026]]]}},{"type":"Feature","properties":{"PNU":1138010400104480000,"피해위치(":"서울특별시 은평구 갈현동 448-15 B03호","피해일시":"20250813 - 1200","F_SHIM":0.1,"F_AREA":162.6132789,"F_AVR_HGT":"36.443894958496095","ADM_CD":"1138010400","F_YR":"2025","F_ZONE_NM":"서울특별시 은평구 갈현동 448-15 B03호","TYPE":"주택","TYPE2":"재난지원금"},"geometry":{"type":"Polygon","coordinates":[[[126.9142043295336,37.61998161676438],[126.91428625409795,37.620052674576904],[126.91441231856312,37.61996014695163],[126.9143276758179,37.6198888169232],[126.9142043295336,37.61998161676438]]]}},{"type":"Feature","properties":{"PNU":1138010400104000000,"피해위치(":"서울특별시 은평구 갈현동 400-1 1층","피해일시":"20250813 - 1200","F_SHIM":0.1,"F_AREA":183.48303616,"F_AVR_HGT":"26.70613250732422","ADM_CD":"1138010400","F_YR":"2025","F_ZONE_NM":"서울특별시 은평구 갈현동 400-1 1층","TYPE":"소상공인","TYPE2":"재난지원금"},"geometry":{"type":"Polygon","coordinates":[[[126.91921204802068,37.61994043701502],[126.91933374196216,37.62000530229517],[126.91938959680498,37.61999380863652],[126.91942648575865,37.61992454893791],[126.91928418697167,37.61985038930112],[126.91921204802068,37.61994043701502]]]}},{"type":"Feature","properties":{"PNU":1138010400104010000,"피해위치(":"서울특별시 은평구 갈현동 401-8 지층","피해일시":"20250813 - 1200","F_SHIM":0.1,"F_AREA":150.81635014,"F_AVR_HGT":"26.70613250732422","ADM_CD":"1138010400","F_YR":"2025","F_ZONE_NM":"서울특별시 은평구 갈현동 401-8 지층","TYPE":"주택","TYPE2":"재난지원금"},"geometry":{"type":"Polygon","coordinates":[[[126.91853882465752,37.61999375405383],[126.91856461484355,37.619923675938196],[126.91857256806368,37.61990178771329],[126.91842535915936,37.619863933086286],[126.91839839193044,37.61997374356325],[126.91853882465752,37.61999375405383]]]}},{"type":"Feature","properties":{"PNU":1138010400103950100,"피해위치(":"서울특별시 은평구 갈현동 395-29 지층","피해일시":"20250813 - 1200","F_SHIM":0.1,"F_AREA":150.60939263,"F_AVR_HGT":"28.10010871887207","ADM_CD":"1138010400","F_YR":"2025","F_ZONE_NM":"서울특별시 은평구 갈현동 395-29 지층","TYPE":"소상공인","TYPE2":"재난지원금"},"geometry":{"type":"Polygon","coordinates":[[[126.91972495243644,37.619924485894146],[126.91974401751354,37.619891883628675],[126.91960431379368,37.619826735976325],[126.9195543761639,37.619916799308804],[126.91968944156433,37.619976808216826],[126.91972495243644,37.619924485894146]]]}},{"type":"Feature","properties":{"PNU":1138010400104010000,"피해위치(":"서울특별시 은평구 갈현동 401-9 지층","피해일시":"20250813 - 1200","F_SHIM":0.1,"F_AREA":256.67146263,"F_AVR_HGT":"27.03975830078125","ADM_CD":"1138010400","F_YR":"2025","F_ZONE_NM":"서울특별시 은평구 갈현동 401-9 지층","TYPE":"주택","TYPE2":"재난지원금"},"geometry":{"type":"Polygon","coordinates":[[[126.91839839193044,37.61997374356325],[126.91842535915936,37.619863933086286],[126.91842884819576,37.619782216650805],[126.9183153923635,37.61974582721485],[126.9182700770609,37.61995563351272],[126.91829250110973,37.61995871266177],[126.91839839193044,37.61997374356325]]]}},{"type":"Feature","properties":{"PNU":1138010400104250000,"피해위치(":"서울특별시 은평구 갈현동 425-11 지하 1호","피해일시":"20250813 - 1200","F_SHIM":0.1,"F_AREA":178.12421244,"F_AVR_HGT":"34.045850372314455","ADM_CD":"1138010400","F_YR":"2025","F_ZONE_NM":"서울특별시 은평구 갈현동 425-11 지하 1호","TYPE":"주택","TYPE2":"재난지원금"},"geometry":{"type":"Polygon","coordinates":[[[126.91757775011372,37.62309667945185],[126.91756746561042,37.6229750398939],[126.9175585163094,37.6229755741146],[126.91741895246581,37.62298394394081],[126.91742731227461,37.623104500964374],[126.91757775011372,37.62309667945185]]]}},{"type":"Feature","properties":{"PNU":1138010400104100000,"피해위치(":"서울특별시 은평구 갈현동 410-17 A동 지층","피해일시":"20250813 - 1200","F_SHIM":0.1,"F_AREA":157.92377563,"F_AVR_HGT":"34.045850372314455","ADM_CD":"1138010400","F_YR":"2025","F_ZONE_NM":"서울특별시 은평구 갈현동 410-17 A동 지층","TYPE":"주택","TYPE2":"재난지원금"},"geometry":{"type":"Polygon","coordinates":[[[126.91820328895338,37.62306531818286],[126.9181956034201,37.62294845570522],[126.91806125475914,37.622952865663315],[126.91806678373315,37.62307342064063],[126.91820328895338,37.62306531818286]]]}},{"type":"Feature","properties":{"PNU":1138010400104100000,"피해위치(":"서울특별시 은평구 갈현동 410-16 지층 좌측","피해일시":"20250813 - 1200","F_SHIM":0.1,"F_AREA":153.03696316,"F_AVR_HGT":"34.045850372314455","ADM_CD":"1138010400","F_YR":"2025","F_ZONE_NM":"서울특별시 은평구 갈현동 410-16 지층 좌측","TYPE":"주택","TYPE2":"재난지원금"},"geometry":{"type":"Polygon","coordinates":[[[126.91833673412052,37.62305865497744],[126.9183304060673,37.6229432350326],[126.9181956034201,37.62294845570522],[126.91820328895338,37.62306531818286],[126.91833673412052,37.62305865497744]]]}},{"type":"Feature","properties":{"PNU":1138010400104500000,"피해위치(":"서울특별시 은평구 갈현동 450-3 지층 2호","피해일시":"20250813 - 1200","F_SHIM":0.1,"F_AREA":247.97473279,"F_AVR_HGT":"32.43699417114258","ADM_CD":"1138010400","F_YR":"2025","F_ZONE_NM":"서울특별시 은평구 갈현동 450-3 지층 2호","TYPE":"주택","TYPE2":"재난지원금"},"geometry":{"type":"Polygon","coordinates":[[[126.9151905535652,37.619900172971526],[126.91509173065295,37.619748916185124],[126.9150856111691,37.619751434447366],[126.91495280069078,37.6198017018832],[126.91506272739846,37.6199499035878],[126.9151905535652,37.619900172971526]]]}},{"type":"Feature","properties":{"PNU":1138010400104010000,"피해위치(":"서울특별시 은평구 갈현동 401-16","피해일시":"20250813 - 1200","F_SHIM":0.1,"F_AREA":197.94629852,"F_AVR_HGT":"27.03975830078125","ADM_CD":"1138010400","F_YR":"2025","F_ZONE_NM":"서울특별시 은평구 갈현동 401-16","TYPE":"소상공인","TYPE2":"재난지원금"},"geometry":{"type":"Polygon","coordinates":[[[126.91811911147644,37.61993462418088],[126.91814238432242,37.6198267662838],[126.91795359388298,37.61979951324699],[126.91794032463376,37.61987512310662],[126.91796893937108,37.619913164727556],[126.91811911147644,37.61993462418088]]]}},{"type":"Feature","properties":{"PNU":1138010400104000000,"피해위치(":"서울특별시 은평구 갈현동 400-11 지층","피해일시":"20250813 - 1200","F_SHIM":0.1,"F_AREA":170.07006937,"F_AVR_HGT":"26.70613250732422","ADM_CD":"1138010400","F_YR":"2025","F_ZONE_NM":"서울특별시 은평구 갈현동 400-11 지층","TYPE":"소상공인","TYPE2":"재난지원금"},"geometry":{"type":"Polygon","coordinates":[[[126.91942648575865,37.61992454893791],[126.9194819854511,37.61982385796166],[126.91935712042117,37.61975872033066],[126.91929099368105,37.619840843655446],[126.91928418697167,37.61985038930112],[126.91942648575865,37.61992454893791]]]}},{"type":"Feature","properties":{"PNU":1138010400104010000,"피해위치(":"서울특별시 은평구 갈현동 401-7 지층","피해일시":"20250813 - 1200","F_SHIM":0.1,"F_AREA":174.31603003,"F_AVR_HGT":"26.70613250732422","ADM_CD":"1138010400","F_YR":"2025","F_ZONE_NM":"서울특별시 은평구 갈현동 401-7 지층","TYPE":"소상공인","TYPE2":"재난지원금"},"geometry":{"type":"Polygon","coordinates":[[[126.91857256806368,37.61990178771329],[126.91860494664614,37.619814775793074],[126.91866371038793,37.61973372885939],[126.91864752222345,37.6197252482796],[126.91857708417584,37.61981304435121],[126.91844427383374,37.619763397027405],[126.91842884819576,37.619782216650805],[126.91842535915936,37.619863933086286],[126.91857256806368,37.61990178771329]]]}},{"type":"Feature","properties":{"PNU":1138010400104010000,"피해위치(":"서울특별시 은평구 갈현동 401-6 1층","피해일시":"20250813 - 1200","F_SHIM":0.1,"F_AREA":84.66699542,"F_AVR_HGT":"26.70613250732422","ADM_CD":"1138010400","F_YR":"2025","F_ZONE_NM":"서울특별시 은평구 갈현동 401-6 1층","TYPE":"소상공인","TYPE2":"재난지원금"},"geometry":{"type":"Polygon","coordinates":[[[126.91867977400382,37.61985447146665],[126.91874261250986,37.61977604019677],[126.91866676706968,37.619735172573606],[126.91866371038793,37.61973372885939],[126.91860494664614,37.619814775793074],[126.91866664209788,37.61984779499516],[126.91867977400382,37.61985447146665]]]}},{"type":"Feature","properties":{"PNU":1138010400104230000,"피해위치(":"서울특별시 은평구 갈현동 423-1 지하","피해일시":"20250813 - 1200","F_SHIM":0.1,"F_AREA":142.8322495,"F_AVR_HGT":"38.01250991821289","ADM_CD":"1138010400","F_YR":"2025","F_ZONE_NM":"서울특별시 은평구 갈현동 423-1 지하","TYPE":"소상공인","TYPE2":"재난지원금"},"geometry":{"type":"Polygon","coordinates":[[[126.91770087647511,37.624512205689435],[126.91771048214463,37.624633484330204],[126.9177658894109,37.62462036937044],[126.91780010545867,37.624614717480576],[126.91783220478952,37.62457734960719],[126.91782629423741,37.62449427512029],[126.91770054301743,37.62450652928273],[126.91770087647511,37.624512205689435]]]}},{"type":"Feature","properties":{"PNU":1138010400104100000,"피해위치(":"서울특별시 은평구 갈현동 410-20","피해일시":"20250813 - 1200","F_SHIM":0.1,"F_AREA":150.30071009,"F_AVR_HGT":"34.045850372314455","ADM_CD":"1138010400","F_YR":"2025","F_ZONE_NM":"서울특별시 은평구 갈현동 410-20","TYPE":"주택","TYPE2":"재난지원금"},"geometry":{"type":"Polygon","coordinates":[[[126.91793540107008,37.622957822073545],[126.91792578707401,37.622843841345194],[126.9178284806292,37.622847105999256],[126.91779333616094,37.622873299575545],[126.91779968702039,37.6229676366442],[126.91793540107008,37.622957822073545]]]}},{"type":"Feature","properties":{"PNU":1138010400104340000,"피해위치(":"서울특별시 은평구 갈현동 434-28 b02","피해일시":"20250813 - 1200","F_SHIM":0.1,"F_AREA":166.63780085,"F_AVR_HGT":"39.71557769775391","ADM_CD":"1138010400","F_YR":"2025","F_ZONE_NM":"서울특별시 은평구 갈현동 434-28 b02","TYPE":"주택","TYPE2":"재난지원금"},"geometry":{"type":"Polygon","coordinates":[[[126.91610684930411,37.62143674019881],[126.91623419500743,37.621412595944584],[126.9162044317769,37.621289500587345],[126.91607165437036,37.62130913597809],[126.91610594735207,37.621433045528796],[126.91610684930411,37.62143674019881]]]}},{"type":"Feature","properties":{"PNU":1138010400104290000,"피해위치(":"서울특별시 은평구 갈현동 429-28 지층101호","피해일시":"20250813 - 1200","F_SHIM":0.1,"F_AREA":144.9126571,"F_AVR_HGT":"34.40039215087891","ADM_CD":"1138010400","F_YR":"2025","F_ZONE_NM":"서울특별시 은평구 갈현동 429-28 지층101호","TYPE":"주택","TYPE2":"재난지원금"},"geometry":{"type":"Polygon","coordinates":[[[126.91716503491527,37.62134064602591],[126.91732054838526,37.62134886590611],[126.91732620214901,37.621257150192896],[126.91732654582579,37.62125372671467],[126.9171686517043,37.62124739719838],[126.91716503491527,37.62134064602591]]]}},{"type":"Feature","properties":{"PNU":1138010400104010000,"피해위치(":"서울특별시 은평구 갈현동 401-3 지하","피해일시":"20250813 - 1200","F_SHIM":0.1,"F_AREA":255.3357027,"F_AVR_HGT":"27.03975830078125","ADM_CD":"1138010400","F_YR":"2025","F_ZONE_NM":"서울특별시 은평구 갈현동 401-3 지하","TYPE":"소상공인","TYPE2":"재난지원금"},"geometry":{"type":"Polygon","coordinates":[[[126.91814550411317,37.6198122627089],[126.91816943921722,37.61969959403848],[126.91817148661941,37.619691937153775],[126.91797646154212,37.61966927474798],[126.91795359388298,37.61979951324699],[126.91814238432242,37.6198267662838],[126.91814461595061,37.61981643361912],[126.91814550411317,37.6198122627089]]]}},{"type":"Feature","properties":{"PNU":1138010400104500000,"피해위치(":"서울특별시 은평구 갈현동 450-6 지하1호","피해일시":"20250909 - 1003","F_SHIM":0.1,"F_AREA":193.66962902,"F_AVR_HGT":"30.256177520751955","ADM_CD":"1138010400","F_YR":"2025","F_ZONE_NM":"서울특별시 은평구 갈현동 450-6 지하1호","TYPE":"주택","TYPE2":"재난지원금"},"geometry":{"type":"Polygon","coordinates":[[[126.91558717458146,37.61974729584137],[126.91551255440807,37.61962759132744],[126.91537667472362,37.619687767785535],[126.91545368347833,37.6197987346196],[126.91558717458146,37.61974729584137]]]}},{"type":"Feature","properties":{"PNU":1138010400104310000,"피해위치(":"서울특별시 은평구 갈현동 431-5 지하","피해일시":"20250813 - 1200","F_SHIM":0.1,"F_AREA":768.80789288,"F_AVR_HGT":"27.03975830078125","ADM_CD":"1138010400","F_YR":"2025","F_ZONE_NM":"서울특별시 은평구 갈현동 431-5 지하","TYPE":"소상공인","TYPE2":"재난지원금"},"geometry":{"type":"Polygon","coordinates":[[[126.91786784541434,37.61976190865541],[126.91791480076658,37.61950453191762],[126.91786884713152,37.619474406616774],[126.91748977977062,37.619635502844964],[126.91756610439859,37.61975322516658],[126.91786784541434,37.61976190865541]]]}},{"type":"Feature","properties":{"PNU":1138010400104000000,"피해위치(":"서울특별시 은평구 갈현동 400-2 1층 우측가게","피해일시":"20250813 - 1200","F_SHIM":0.1,"F_AREA":430.98496817,"F_AVR_HGT":"25.794210052490236","ADM_CD":"1138010400","F_YR":"2025","F_ZONE_NM":"서울특별시 은평구 갈현동 400-2 1층 우측가게","TYPE":"소상공인","TYPE2":"재난지원금"},"geometry":{"type":"Polygon","coordinates":[[[126.91925402015313,37.61967837117771],[126.91934339400362,37.61957175740272],[126.91914438372379,37.619465212902114],[126.91901701567429,37.6196159479973],[126.91911199061626,37.61966872169338],[126.91921511743381,37.61972483462466],[126.91925402015313,37.61967837117771]]]}},{"type":"Feature","properties":{"PNU":1138010400104000000,"피해위치(":"서울특별시 은평구 갈현동 400-18 1층","피해일시":"20250813 - 1200","F_SHIM":0.1,"F_AREA":242.80016255,"F_AVR_HGT":"25.794210052490236","ADM_CD":"1138010400","F_YR":"2025","F_ZONE_NM":"서울특별시 은평구 갈현동 400-18 1층","TYPE":"소상공인","TYPE2":"재난지원금"},"geometry":{"type":"Polygon","coordinates":[[[126.91866686244774,37.61964921913998],[126.91877848003249,37.61970903243214],[126.91890551001048,37.61955730628232],[126.91886622916094,37.619535925548156],[126.91879162826193,37.619496500443496],[126.91866686244774,37.61964921913998]]]}},{"type":"Feature","properties":{"PNU":1138010400104000000,"피해위치(":"서울특별시 은평구 갈현동 400-3 지층","피해일시":"20250813 - 1200","F_SHIM":0.1,"F_AREA":326.99367517,"F_AVR_HGT":"25.794210052490236","ADM_CD":"1138010400","F_YR":"2025","F_ZONE_NM":"서울특별시 은평구 갈현동 400-3 지층","TYPE":"소상공인","TYPE2":"재난지원금"},"geometry":{"type":"Polygon","coordinates":[[[126.91890551001048,37.61955730628232],[126.91901701567429,37.6196159479973],[126.91914438372379,37.619465212902114],[126.91899122131464,37.61938284640385],[126.91886622916094,37.619535925548156],[126.91890551001048,37.61955730628232]]]}},{"type":"Feature","properties":{"PNU":1138010400103990000,"피해위치(":"서울특별시 은평구 갈현동 399-19 1층","피해일시":"20250813 - 1200","F_SHIM":0.1,"F_AREA":142.96527587,"F_AVR_HGT":"26.256545639038087","ADM_CD":"1138010400","F_YR":"2025","F_ZONE_NM":"서울특별시 은평구 갈현동 399-19 1층","TYPE":"소상공인","TYPE2":"재난지원금"},"geometry":{"type":"Polygon","coordinates":[[[126.91965582045408,37.619545215437704],[126.91972014448783,37.619453720461095],[126.91961634328696,37.61939283230575],[126.91954046976528,37.61948062518556],[126.91953706673999,37.619485127722136],[126.91965582045408,37.619545215437704]]]}},{"type":"Feature","properties":{"PNU":1138010400100120000,"피해위치(":"서울특별시 은평구 갈현동 12-15 지층 나호","피해일시":"20250813 - 1200","F_SHIM":0.1,"F_AREA":161.38039268,"F_AVR_HGT":"58.58134994506836","ADM_CD":"1138010400","F_YR":"2025","F_ZONE_NM":"서울특별시 은평구 갈현동 12-15 지층 나호","TYPE":"주택","TYPE2":"재난지원금"},"geometry":{"type":"Polygon","coordinates":[[[126.91697351013319,37.62752564210405],[126.91704882896819,37.62743740011448],[126.91692237292065,37.62736739356152],[126.91684637493202,37.62745509439671],[126.91697351013319,37.62752564210405]]]}},{"type":"Feature","properties":{"PNU":1138010500102130000,"피해위치(":"서울특별시 은평구 구산동 213-1 1층","피해일시":"20250813 - 1200","F_SHIM":0.1,"F_AREA":189.80855282,"F_AVR_HGT":"27.38083419799805","ADM_CD":"1138010500","F_YR":"2025","F_ZONE_NM":"서울특별시 은평구 구산동 213-1 1층","TYPE":"소상공인","TYPE2":"재난지원금"},"geometry":{"type":"Polygon","coordinates":[[[126.91195210616979,37.61296020924849],[126.91204320654872,37.6129270321504],[126.91207134676867,37.61288371629138],[126.91205697812167,37.61277639855075],[126.91193374270038,37.61278423370231],[126.91195210616979,37.61296020924849]]]}},{"type":"Feature","properties":{"PNU":1138010300103650000,"피해위치(":"서울특별시 은평구 불광동 365-5 지층 1호","피해일시":"20250813 - 1200","F_SHIM":0.1,"F_AREA":189.63936552,"F_AVR_HGT":"32.18163070678711","ADM_CD":"1138010300","F_YR":"2025","F_ZONE_NM":"서울특별시 은평구 불광동 365-5 지층 1호","TYPE":"주택","TYPE2":"재난지원금"},"geometry":{"type":"Polygon","coordinates":[[[126.92448288534628,37.62166874145386],[126.92454708339268,37.621585622907624],[126.92458803334902,37.62152879778306],[126.92447390653578,37.62147853874896],[126.92439016420435,37.621621109153345],[126.92448288534628,37.62166874145386]]]}},{"type":"Feature","properties":{"PNU":1138010400103900000,"피해위치(":"서울특별시 은평구 갈현동 390-4","피해일시":"20250813 - 1200","F_SHIM":0.1,"F_AREA":217.40390821,"F_AVR_HGT":"49.93137893676758","ADM_CD":"1138010400","F_YR":"2025","F_ZONE_NM":"서울특별시 은평구 갈현동 390-4","TYPE":"소상공인","TYPE2":"재난지원금"},"geometry":{"type":"Polygon","coordinates":[[[126.91956981234895,37.62607978069548],[126.91959463766224,37.62596095878719],[126.91942767601181,37.62595012110219],[126.91938142462416,37.62598054201165],[126.91936209686168,37.62604440797632],[126.91956981234895,37.62607978069548]]]}},{"type":"Feature","properties":{"PNU":1138010300102760100,"피해위치(":"서울특별시 은평구 불광동 276-32 지층","피해일시":"20250813 - 1200","F_SHIM":0.1,"F_AREA":313.54156826,"F_AVR_HGT":"33.834283447265626","ADM_CD":"1138010300","F_YR":"2025","F_ZONE_NM":"서울특별시 은평구 불광동 276-32 지층","TYPE":"소상공인","TYPE2":"재난지원금"},"geometry":{"type":"Polygon","coordinates":[[[126.93146448685522,37.61231992313531],[126.93154148446578,37.61233933991355],[126.93163838771387,37.61238859091047],[126.93170714938098,37.612495127593014],[126.9318167869569,37.612370496588],[126.93178631449022,37.6122555133729],[126.93173505441162,37.61220628949417],[126.93163410378449,37.61236732521536],[126.93147730517255,37.6122984873886],[126.93146448685522,37.61231992313531]]]}},{"type":"Feature","properties":{"PNU":1138010400104180000,"피해위치(":"서울특별시 은평구 갈현동 418-21","피해일시":"20250813 - 1200","F_SHIM":0.1,"F_AREA":201.8537139,"F_AVR_HGT":"41.37237319946289","ADM_CD":"1138010400","F_YR":"2025","F_ZONE_NM":"서울특별시 은평구 갈현동 418-21","TYPE":"주택","TYPE2":"재난지원금"},"geometry":{"type":"Polygon","coordinates":[[[126.91858689833701,37.625865652039664],[126.91866002298708,37.62581191495423],[126.91868779881268,37.625791662423744],[126.91866007109063,37.625768577890824],[126.91855436628741,37.625680658151374],[126.91845811276767,37.62575239847776],[126.91858689833701,37.625865652039664]]]}},{"type":"Feature","properties":{"PNU":1138010400104190000,"피해위치(":"서울특별시 은평구 갈현동 419-3","피해일시":"20250813 - 1200","F_SHIM":0.1,"F_AREA":167.41885782,"F_AVR_HGT":"40.71418151855469","ADM_CD":"1138010400","F_YR":"2025","F_ZONE_NM":"서울특별시 은평구 갈현동 419-3","TYPE":"소상공인","TYPE2":"재난지원금"},"geometry":{"type":"Polygon","coordinates":[[[126.91808150131601,37.62561446316651],[126.91816830361265,37.625688314705016],[126.91828699462874,37.62560929251124],[126.91829277625692,37.62560533228074],[126.9182673146993,37.62558188886148],[126.91820258221584,37.62552553197537],[126.91808150131601,37.62561446316651]]]}},{"type":"Feature","properties":{"PNU":1138010800100090000,"피해위치(":"서울특별시 은평구 역촌동 9-3 01호","피해일시":"20250813 - 1200","F_SHIM":0.1,"F_AREA":155.56295429,"F_AVR_HGT":"19.496980285644533","ADM_CD":"1138010800","F_YR":"2025","F_ZONE_NM":"서울특별시 은평구 역촌동 9-3 01호","TYPE":"주택","TYPE2":"재난지원금"},"geometry":{"type":"Polygon","coordinates":[[[126.91595054381192,37.607391145850876],[126.91597591264508,37.60739062365183],[126.91599114523481,37.60724197266522],[126.91599401652729,37.60720701664466],[126.91598665616176,37.60720620042698],[126.91584940636643,37.60719736135573],[126.91583457145988,37.607196539702755],[126.91583309145014,37.607203295993216],[126.91582417458955,37.60727590866738],[126.9158493136796,37.60727817937279],[126.91596130673476,37.60728871200336],[126.91596039371102,37.60729483801891],[126.91595054381192,37.607391145850876]]]}},{"type":"Feature","properties":{"PNU":1138010800100110000,"피해위치(":"서울특별시 은평구 역촌동 11-11 지층","피해일시":"20250813 - 1200","F_SHIM":0.1,"F_AREA":110.86711501,"F_AVR_HGT":"20.567741012573244","ADM_CD":"1138010800","F_YR":"2025","F_ZONE_NM":"서울특별시 은평구 역촌동 11-11 지층","TYPE":"주택","TYPE2":"재난지원금"},"geometry":{"type":"Polygon","coordinates":[[[126.9176502103085,37.60729496974534],[126.91757860606921,37.607220587825985],[126.917479971702,37.607214300858175],[126.9175606858609,37.607345000692476],[126.9176502103085,37.60729496974534]]]}},{"type":"Feature","properties":{"PNU":1138010800100450000,"피해위치(":"서울특별시 은평구 역촌동 45-8 지층","피해일시":"20250813 - 1200","F_SHIM":0.1,"F_AREA":130.24100845,"F_AVR_HGT":"19.60777816772461","ADM_CD":"1138010800","F_YR":"2025","F_ZONE_NM":"서울특별시 은평구 역촌동 45-8 지층","TYPE":"주택","TYPE2":"재난지원금"},"geometry":{"type":"Polygon","coordinates":[[[126.91455891728347,37.607291831562854],[126.9146868906889,37.6072919257851],[126.91469120004291,37.607189487304346],[126.91456617132977,37.60718939525641],[126.91455971604296,37.60718939050035],[126.91455891728347,37.607291831562854]]]}},{"type":"Feature","properties":{"PNU":1138010600101870100,"피해위치(":"서울특별시 은평구 대조동 187-44 1층 만점애견미용","피해일시":"20250813 - 1200","F_SHIM":0.1,"F_AREA":91.47899516,"F_AVR_HGT":"32.14998779296875","ADM_CD":"1138010600","F_YR":"2025","F_ZONE_NM":"서울특별시 은평구 대조동 187-44 1층 만점애견미용","TYPE":"소상공인","TYPE2":"재난지원금"},"geometry":{"type":"Polygon","coordinates":[[[126.92333748038972,37.61591622030531],[126.9234383576431,37.6159553896537],[126.92348223985357,37.61580008960559],[126.92347476746069,37.61579720152591],[126.92333748038972,37.61591622030531]]]}},{"type":"Feature","properties":{"PNU":1138010600102030000,"피해위치(":"서울특별시 은평구 대조동 203-2 지층1호","피해일시":"20250813 - 1200","F_SHIM":0.1,"F_AREA":153.59431249,"F_AVR_HGT":"26.821912384033205","ADM_CD":"1138010600","F_YR":"2025","F_ZONE_NM":"서울특별시 은평구 대조동 203-2 지층1호","TYPE":"주택","TYPE2":"재난지원금"},"geometry":{"type":"Polygon","coordinates":[[[126.92118975432095,37.61592964411514],[126.92124160097201,37.615850573290096],[126.92108831369625,37.615783706248486],[126.9210364650846,37.615864488868965],[126.92118975432095,37.61592964411514]]]}},{"type":"Feature","properties":{"PNU":1138010500100200100,"피해위치(":"서울특별시 은평구 구산동 20-4 지하2호","피해일시":"20250813 - 1200","F_SHIM":0.1,"F_AREA":320.09795525,"F_AVR_HGT":"20.297288513183595","ADM_CD":"1138010500","F_YR":"2025","F_ZONE_NM":"서울특별시 은평구 구산동 20-4 지하2호","TYPE":"주택","TYPE2":"재난지원금"},"geometry":{"type":"Polygon","coordinates":[[[126.91485778985943,37.60914356905852],[126.91479505827667,37.60903657645151],[126.91479834356805,37.60903576798199],[126.91474816244697,37.60894671410568],[126.9145997396964,37.608998951927354],[126.91464070059735,37.609069592022934],[126.91466218258563,37.609061760283836],[126.91467319077455,37.60908129265814],[126.91472469416867,37.609172753157836],[126.91471595864736,37.60917590016918],[126.91472940903253,37.60919897519202],[126.91485993185213,37.609152039859225],[126.91485552374189,37.60914446837622],[126.91485778985943,37.60914356905852]]]}},{"type":"Feature","properties":{"PNU":1138010500100200100,"피해위치(":"서울특별시 은평구 구산동 20-2 102호","피해일시":"20250813 - 1200","F_SHIM":0.1,"F_AREA":186.84913273,"F_AVR_HGT":"20.297288513183595","ADM_CD":"1138010500","F_YR":"2025","F_ZONE_NM":"서울특별시 은평구 구산동 20-2 102호","TYPE":"주택","TYPE2":"재난지원금"},"geometry":{"type":"Polygon","coordinates":[[[126.91500417311063,37.60909223040035],[126.91494359484588,37.60898379787895],[126.91479834356805,37.60903576798199],[126.91479505827667,37.60903657645151],[126.91485778985943,37.60914356905852],[126.91500417311063,37.60909223040035]]]}},{"type":"Feature","properties":{"PNU":1138010500100210000,"피해위치(":"서울특별시 은평구 구산동 21-7 B01호","피해일시":"20250813 - 1203","F_SHIM":0.1,"F_AREA":132.42421214,"F_AVR_HGT":"20.297288513183595","ADM_CD":"1138010500","F_YR":"2025","F_ZONE_NM":"서울특별시 은평구 구산동 21-7 B01호","TYPE":"주택","TYPE2":"재난지원금"},"geometry":{"type":"Polygon","coordinates":[[[126.91525526763806,37.609082503398454],[126.91520677974394,37.60899777566733],[126.91507456424,37.60903984484419],[126.9151237278853,37.609127726559564],[126.91525526763806,37.609082503398454]]]}},{"type":"Feature","properties":{"PNU":1138010500100070000,"피해위치(":"서울특별시 은평구 구산동 7-24 B01호","피해일시":"20250823 - 1329","F_SHIM":0.1,"F_AREA":327.49395967,"F_AVR_HGT":"21.374545669555665","ADM_CD":"1138010500","F_YR":"2025","F_ZONE_NM":"서울특별시 은평구 구산동 7-24 B01호","TYPE":"주택","TYPE2":"재난지원금"},"geometry":{"type":"Polygon","coordinates":[[[126.91403392542216,37.61131946227853],[126.91417793426872,37.611268843691754],[126.91412526886333,37.61117285018902],[126.91407067970881,37.611075593861905],[126.91392576278517,37.611128193804745],[126.91398012601483,37.61122481934336],[126.91403392542216,37.61131946227853]]]}},{"type":"Feature","properties":{"PNU":1138010500100070000,"피해위치(":"서울특별시 은평구 구산동 7-12 B01호","피해일시":"20250823 - 1111","F_SHIM":0.1,"F_AREA":171.44713294,"F_AVR_HGT":"21.374545669555665","ADM_CD":"1138010500","F_YR":"2025","F_ZONE_NM":"서울특별시 은평구 구산동 7-12 B01호","TYPE":"주택","TYPE2":"재난지원금"},"geometry":{"type":"Polygon","coordinates":[[[126.91420716664334,37.611258504036286],[126.91435854020271,37.61120509763453],[126.9143030442472,37.61110820113811],[126.91415348295148,37.611161608811244],[126.91420716664334,37.611258504036286]]]}},{"type":"Feature","properties":{"PNU":1138010500100070000,"피해위치(":"서울특별시 은평구 구산동 7-11 지층","피해일시":"20250813 - 1200","F_SHIM":0.1,"F_AREA":156.97092929,"F_AVR_HGT":"21.03535614013672","ADM_CD":"1138010500","F_YR":"2025","F_ZONE_NM":"서울특별시 은평구 구산동 7-11 지층","TYPE":"주택","TYPE2":"재난지원금"},"geometry":{"type":"Polygon","coordinates":[[[126.91435854020271,37.61120509763453],[126.91446538729903,37.61116571351199],[126.91440096593243,37.6110499799659],[126.91439723635017,37.61104321985232],[126.91428823951831,37.61108089046049],[126.9143030442472,37.61110820113811],[126.91435854020271,37.61120509763453]]]}},{"type":"Feature","properties":{"PNU":1138010500100020000,"피해위치(":"서울특별시 은평구 구산동 2-15 B01, 02호","피해일시":"20250813 - 1200","F_SHIM":0.1,"F_AREA":143.27902384,"F_AVR_HGT":"21.13036117553711","ADM_CD":"1138010500","F_YR":"2025","F_ZONE_NM":"서울특별시 은평구 구산동 2-15 B01, 02호","TYPE":"주택","TYPE2":"재난지원금"},"geometry":{"type":"Polygon","coordinates":[[[126.91574968494474,37.61109682779764],[126.91569905138871,37.61100507108261],[126.91556569578938,37.61105083398826],[126.91561700771597,37.61114349223487],[126.91574968494474,37.61109682779764]]]}},{"type":"Feature","properties":{"PNU":1138010500100020000,"피해위치(":"서울특별시 은평구 구산동 2-12 B01호","피해일시":"20250813 - 1200","F_SHIM":0.1,"F_AREA":147.7276576,"F_AVR_HGT":"21.13036117553711","ADM_CD":"1138010500","F_YR":"2025","F_ZONE_NM":"서울특별시 은평구 구산동 2-12 B01호","TYPE":"주택","TYPE2":"재난지원금"},"geometry":{"type":"Polygon","coordinates":[[[126.91592734022409,37.61103677121624],[126.9159076757317,37.61099999691176],[126.91587682160622,37.61094339289322],[126.91587543932096,37.610943878420116],[126.91584509711869,37.61095445193902],[126.91573904715604,37.61099095475146],[126.91579058701089,37.61108253191166],[126.91584497113598,37.61106428148121],[126.91592734022409,37.61103677121624]]]}},{"type":"Feature","properties":{"PNU":1138010500100110100,"피해위치(":"서울특별시 은평구 구산동 11-17 지층","피해일시":"20250813 - 1200","F_SHIM":0.1,"F_AREA":167.38086992,"F_AVR_HGT":"25.50873146057129","ADM_CD":"1138010500","F_YR":"2025","F_ZONE_NM":"서울특별시 은평구 구산동 11-17 지층","TYPE":"주택","TYPE2":"재난지원금"},"geometry":{"type":"Polygon","coordinates":[[[126.91202892937784,37.611041988388834],[126.91210699199303,37.61092329820855],[126.91199413086369,37.61087699230438],[126.91191504978299,37.61099487075435],[126.91202892937784,37.611041988388834]]]}},{"type":"Feature","properties":{"PNU":1138010500100020000,"피해위치(":"서울특별시 은평구 구산동 2-19 지층1호","피해일시":"20250813 - 1200","F_SHIM":0.1,"F_AREA":148.7236483,"F_AVR_HGT":"21.13036117553711","ADM_CD":"1138010500","F_YR":"2025","F_ZONE_NM":"서울특별시 은평구 구산동 2-19 지층1호","TYPE":"주택","TYPE2":"재난지원금"},"geometry":{"type":"Polygon","coordinates":[[[126.91564875586133,37.61091493635698],[126.91559631605077,37.61081831298114],[126.91546363797588,37.61086605842549],[126.91551664558985,37.610961240702935],[126.91564875586133,37.61091493635698]]]}},{"type":"Feature","properties":{"PNU":1138010500100020000,"피해위치(":"서울특별시 은평구 구산동 2-27 B02","피해일시":"20250813 - 1200","F_SHIM":0.1,"F_AREA":144.35980739,"F_AVR_HGT":"21.13036117553711","ADM_CD":"1138010500","F_YR":"2025","F_ZONE_NM":"서울특별시 은평구 구산동 2-27 B02","TYPE":"주택","TYPE2":"재난지원금"},"geometry":{"type":"Polygon","coordinates":[[[126.91582233790695,37.610851092845834],[126.91576864692773,37.61075897354411],[126.91565398476894,37.61079979473459],[126.91564365525726,37.610819969203106],[126.91568784740326,37.61089919761851],[126.91582233790695,37.610851092845834]]]}},{"type":"Feature","properties":{"PNU":1138010800100080000,"피해위치(":"서울특별시 은평구 역촌동 8-54 B01호","피해일시":"20250813 - 1200","F_SHIM":0.1,"F_AREA":256.10190383,"F_AVR_HGT":"20.4324089050293","ADM_CD":"1138010800","F_YR":"2025","F_ZONE_NM":"서울특별시 은평구 역촌동 8-54 B01호","TYPE":"주택","TYPE2":"재난지원금"},"geometry":{"type":"Polygon","coordinates":[[[126.91644208678198,37.60775955232626],[126.9163214942573,37.607642337685505],[126.91618009297594,37.60769791620968],[126.91618596918417,37.607709182732464],[126.91625356077269,37.607825548347876],[126.91644208678198,37.60775955232626]]]}},{"type":"Feature","properties":{"PNU":1138010500100210000,"피해위치(":"서울특별시 은평구 구산동 21-27 B01호","피해일시":"20250813 - 1200","F_SHIM":0.1,"F_AREA":144.0326536,"F_AVR_HGT":"20.297288513183595","ADM_CD":"1138010500","F_YR":"2025","F_ZONE_NM":"서울특별시 은평구 구산동 21-27 B01호","TYPE":"주택","TYPE2":"재난지원금"},"geometry":{"type":"Polygon","coordinates":[[[126.91497390924782,37.6083319598061],[126.91492644278665,37.60824606142202],[126.91491774001678,37.60823082844359],[126.91481373389568,37.60826571017579],[126.91480272394924,37.6082867850614],[126.91485166058933,37.60837439643964],[126.91497390924782,37.6083319598061]]]}},{"type":"Feature","properties":{"PNU":1138010500100230000,"피해위치(":"서울특별시 은평구 구산동 23-12 지층","피해일시":"20250813 - 1200","F_SHIM":0.1,"F_AREA":214.68257982,"F_AVR_HGT":"20.10111198425293","ADM_CD":"1138010500","F_YR":"2025","F_ZONE_NM":"서울특별시 은평구 구산동 23-12 지층","TYPE":"주택","TYPE2":"재난지원금"},"geometry":{"type":"Polygon","coordinates":[[[126.91375546210685,37.60810833732573],[126.91375264467388,37.608096532368485],[126.91372808216833,37.607988936867216],[126.91356859671735,37.608011612967026],[126.91355634461193,37.60802935317863],[126.91357178120094,37.60809639773198],[126.91358147187076,37.60813803031376],[126.91375546210685,37.60810833732573]]]}},{"type":"Feature","properties":{"PNU":1138010600101950000,"피해위치(":"서울특별시 은평구 대조동 195-9 101호","피해일시":"20250813 - 1200","F_SHIM":0.1,"F_AREA":169.32720329,"F_AVR_HGT":"29.740010833740236","ADM_CD":"1138010600","F_YR":"2025","F_ZONE_NM":"서울특별시 은평구 대조동 195-9 101호","TYPE":"주택","TYPE2":"재난지원금"},"geometry":{"type":"Polygon","coordinates":[[[126.92206589619742,37.616739137641936],[126.9221517381775,37.616644862738895],[126.92203039002173,37.61657720752203],[126.92194420788337,37.616671752402645],[126.92206589619742,37.616739137641936]]]}},{"type":"Feature","properties":{"PNU":1138010400105070000,"피해위치(":"서울특별시 은평구 갈현동 507-7 101호","피해일시":"20250813 - 1200","F_SHIM":0.1,"F_AREA":142.51108557,"F_AVR_HGT":"29.090201950073244","ADM_CD":"1138010400","F_YR":"2025","F_ZONE_NM":"서울특별시 은평구 갈현동 507-7 101호","TYPE":"주택","TYPE2":"재난지원금"},"geometry":{"type":"Polygon","coordinates":[[[126.91219007341347,37.614941106090704],[126.9123013781357,37.61487334643517],[126.91230457369777,37.61485307678311],[126.9122442785856,37.61479140410036],[126.91219803399979,37.61481947970957],[126.91211857883991,37.61486816260703],[126.91219007341347,37.614941106090704]]]}},{"type":"Feature","properties":{"PNU":1138010800100070000,"피해위치(":"서울특별시 은평구 역촌동 7-6 지층01호","피해일시":"20250813 - 1200","F_SHIM":0.1,"F_AREA":158.8105265,"F_AVR_HGT":"21.478875732421876","ADM_CD":"1138010800","F_YR":"2025","F_ZONE_NM":"서울특별시 은평구 역촌동 7-6 지층01호","TYPE":"주택","TYPE2":"재난지원금"},"geometry":{"type":"Polygon","coordinates":[[[126.91724751449662,37.60968255497342],[126.91730599745526,37.60974431395898],[126.9174720307111,37.60964190060636],[126.917413434035,37.609580502013586],[126.91724751449662,37.60968255497342]]]}},{"type":"Feature","properties":{"PNU":1138010400105070000,"피해위치(":"서울특별시 은평구 갈현동 507-14 지하 102호","피해일시":"20250813 - 1300","F_SHIM":0.1,"F_AREA":131.02955823,"F_AVR_HGT":"29.090201950073244","ADM_CD":"1138010400","F_YR":"2025","F_ZONE_NM":"서울특별시 은평구 갈현동 507-14 지하 102호","TYPE":"주택","TYPE2":"재난지원금"},"geometry":{"type":"Polygon","coordinates":[[[126.9119827724494,37.61477769127661],[126.91189702322119,37.614691402325136],[126.91189306402477,37.61468725480669],[126.91180204503459,37.61474511871365],[126.91188994219574,37.61483474299357],[126.9119827724494,37.61477769127661]]]}},{"type":"Feature","properties":{"PNU":1138010400103270100,"피해위치(":"서울특별시 은평구 갈현동 327-85 101호","피해일시":"20250813 - 1200","F_SHIM":0.1,"F_AREA":251.39453636,"F_AVR_HGT":"44.773667907714845","ADM_CD":"1138010400","F_YR":"2025","F_ZONE_NM":"서울특별시 은평구 갈현동 327-85 101호","TYPE":"주택","TYPE2":"재난지원금"},"geometry":{"type":"Polygon","coordinates":[[[126.90973410918718,37.616675951800275],[126.90969863100864,37.616513026925624],[126.90969149410944,37.6165140124511],[126.90954512850561,37.6165362427879],[126.9095794771484,37.616696373788336],[126.90973410918718,37.616675951800275]]]}},{"type":"Feature","properties":{"PNU":1138010400105070100,"피해위치(":"서울특별시 은평구 갈현동 507-19 103호","피해일시":"20250813 - 1200","F_SHIM":0.1,"F_AREA":124.7247684,"F_AVR_HGT":"27.09310111999512","ADM_CD":"1138010400","F_YR":"2025","F_ZONE_NM":"서울특별시 은평구 갈현동 507-19 103호","TYPE":"소상공인","TYPE2":"재난지원금"},"geometry":{"type":"Polygon","coordinates":[[[126.91181218050257,37.61460493380312],[126.91190353715308,37.614548691908745],[126.91181903372437,37.61446276423579],[126.91172620568781,37.614518194063336],[126.9118059581344,37.61459907269775],[126.91181218050257,37.61460493380312]]]}},{"type":"Feature","properties":{"PNU":1138010400105090000,"피해위치(":"서울특별시 은평구 갈현동 509-9 1층","피해일시":"20250813 - 1200","F_SHIM":0.1,"F_AREA":155.72552657,"F_AVR_HGT":"29.090201950073244","ADM_CD":"1138010400","F_YR":"2025","F_ZONE_NM":"서울특별시 은평구 갈현동 509-9 1층","TYPE":"주택","TYPE2":"재난지원금"},"geometry":{"type":"Polygon","coordinates":[[[126.91177400272073,37.61498899289143],[126.91188667017553,37.61491862181982],[126.9118014888318,37.614830981761116],[126.91168848131716,37.61490162278787],[126.91177400272073,37.61498899289143]]]}},{"type":"Feature","properties":{"PNU":1138010400104910000,"피해위치(":"서울특별시 은평구 갈현동 491-12 지하","피해일시":"20250813 - 1200","F_SHIM":0.1,"F_AREA":114.9439817,"F_AVR_HGT":"24.374112701416017","ADM_CD":"1138010400","F_YR":"2025","F_ZONE_NM":"서울특별시 은평구 갈현동 491-12 지하","TYPE":"주택","TYPE2":"재난지원금"},"geometry":{"type":"Polygon","coordinates":[[[126.91375532851673,37.61429420498447],[126.91375137304995,37.614286813999584],[126.9136998284083,37.614199560703845],[126.91359999951112,37.61423831865235],[126.91365221462084,37.61433323082775],[126.91375532851673,37.61429420498447]]]}},{"type":"Feature","properties":{"PNU":1138010400104910100,"피해위치(":"서울특별시 은평구 갈현동 491-16 지층 1호","피해일시":"20250813 - 1200","F_SHIM":0.1,"F_AREA":137.54825027,"F_AVR_HGT":"24.374112701416017","ADM_CD":"1138010400","F_YR":"2025","F_ZONE_NM":"서울특별시 은평구 갈현동 491-16 지층 1호","TYPE":"주택","TYPE2":"재난지원금"},"geometry":{"type":"Polygon","coordinates":[[[126.91368321312335,37.61417053675355],[126.9137077884793,37.61417253719977],[126.91379492616046,37.61413872512157],[126.91373355137014,37.614031462754426],[126.91366307323305,37.61405672787245],[126.91362568086073,37.61407048503816],[126.9136803859375,37.614166840627576],[126.91368321312335,37.61417053675355]]]}},{"type":"Feature","properties":{"PNU":1138010400104550000,"피해위치(":"서울특별시 은평구 갈현동 455-20 1층","피해일시":"20250813 - 1200","F_SHIM":0.1,"F_AREA":409.57790872,"F_AVR_HGT":"25.010064697265626","ADM_CD":"1138010400","F_YR":"2025","F_ZONE_NM":"서울특별시 은평구 갈현동 455-20 1층","TYPE":"소상공인","TYPE2":"재난지원금"},"geometry":{"type":"Polygon","coordinates":[[[126.91917486480743,37.61883842226663],[126.91928671333345,37.61879065820833],[126.91930284514359,37.618747332298945],[126.9191945124302,37.61858562091817],[126.91905365321229,37.618646338737484],[126.91900900450035,37.618665408309916],[126.91910366219088,37.618799270020084],[126.91913505211352,37.61878604752846],[126.91917486480743,37.61883842226663]]]}},{"type":"Feature","properties":{"PNU":1138010400104980000,"피해위치(":"서울특별시 은평구 갈현동 498-2 1층","피해일시":"20250813 - 1200","F_SHIM":0.1,"F_AREA":218.79695353,"F_AVR_HGT":"27.09310111999512","ADM_CD":"1138010400","F_YR":"2025","F_ZONE_NM":"서울특별시 은평구 갈현동 498-2 1층","TYPE":"소상공인","TYPE2":"재난지원금"},"geometry":{"type":"Polygon","coordinates":[[[126.91231849983045,37.614098786140644],[126.91223408260517,37.61394078034917],[126.9121169220002,37.61398150608908],[126.91211374929176,37.61398267496075],[126.91220111174667,37.614140142477574],[126.91231849983045,37.614098786140644]]]}},{"type":"Feature","properties":{"PNU":1138010400104900000,"피해위치(":"서울특별시 은평구 갈현동 490-10 B01호","피해일시":"20250813 - 1200","F_SHIM":0.1,"F_AREA":251.0452276,"F_AVR_HGT":"25.485393142700197","ADM_CD":"1138010400","F_YR":"2025","F_ZONE_NM":"서울특별시 은평구 갈현동 490-10 B01호","TYPE":"주택","TYPE2":"재난지원금"},"geometry":{"type":"Polygon","coordinates":[[[126.91323611105045,37.61412515409453],[126.91342442687501,37.614061054876856],[126.91335932379262,37.61394640148719],[126.91317168616884,37.614011852581406],[126.91321768783266,37.61409270499847],[126.91323611105045,37.61412515409453]]]}},{"type":"Feature","properties":{"PNU":1138010400104710000,"피해위치(":"서울특별시 은평구 갈현동 471-17 정원쉐르빌(가동)","피해일시":"20250813 - 1200","F_SHIM":0.1,"F_AREA":260.59250415,"F_AVR_HGT":"22.574891662597658","ADM_CD":"1138010400","F_YR":"2025","F_ZONE_NM":"서울특별시 은평구 갈현동 471-17 정원쉐르빌(가동)","TYPE":"주택","TYPE2":"재난지원금"},"geometry":{"type":"Polygon","coordinates":[[[126.91546031957061,37.61404083439176],[126.91562642884085,37.61398131947561],[126.91564652523856,37.61393853750494],[126.9156088854401,37.613872378108304],[126.9155995033496,37.61385624371886],[126.9153988249034,37.61392748216893],[126.91546031957061,37.61404083439176]]]}},{"type":"Feature","properties":{"PNU":1138010400104530000,"피해위치(":"서울특별시 은평구 갈현동 453-25","피해일시":"20250813 - 1200","F_SHIM":0.1,"F_AREA":221.68506973,"F_AVR_HGT":"25.69120559692383","ADM_CD":"1138010400","F_YR":"2025","F_ZONE_NM":"서울특별시 은평구 갈현동 453-25","TYPE":"소상공인","TYPE2":"재난지원금"},"geometry":{"type":"Polygon","coordinates":[[[126.91811932122074,37.61863135654304],[126.91806119965086,37.61854346987837],[126.91792702774947,37.61859941588672],[126.91786164064253,37.61862748013582],[126.9179208934125,37.6187165389731],[126.91811932122074,37.61863135654304]]]}},{"type":"Feature","properties":{"PNU":1138010400104820000,"피해위치(":"서울특별시 은평구 갈현동 482-18 B01호","피해일시":"20250813 - 1200","F_SHIM":0.1,"F_AREA":210.94243227,"F_AVR_HGT":"24.76532325744629","ADM_CD":"1138010400","F_YR":"2025","F_ZONE_NM":"서울특별시 은평구 갈현동 482-18 B01호","TYPE":"주택","TYPE2":"재난지원금"},"geometry":{"type":"Polygon","coordinates":[[[126.91753559624534,37.6175720203929],[126.91770954612446,37.617495560721636],[126.91765583570948,37.617414434326825],[126.91764611070808,37.61740028202267],[126.9174718224045,37.61747566018424],[126.91753559624534,37.6175720203929]]]}},{"type":"Feature","properties":{"PNU":1138010400104560000,"피해위치(":"서울특별시 은평구 갈현동 456-5 1층 1호","피해일시":"20250813 - 1200","F_SHIM":0.1,"F_AREA":288.98505682,"F_AVR_HGT":"25.518722152709962","ADM_CD":"1138010400","F_YR":"2025","F_ZONE_NM":"서울특별시 은평구 갈현동 456-5 1층 1호","TYPE":"소상공인","TYPE2":"재난지원금"},"geometry":{"type":"Polygon","coordinates":[[[126.91978442045696,37.61857819243796],[126.91973353534937,37.61850013229197],[126.91968162847007,37.61842432386522],[126.91967767150706,37.6184175637689],[126.91957692927059,37.61846056071799],[126.91959830010427,37.618494092021685],[126.91954367970067,37.618517119187615],[126.91963325009256,37.61864277802249],[126.91978442045696,37.61857819243796]]]}},{"type":"Feature","properties":{"PNU":1138010400104890000,"피해위치(":"서울특별시 은평구 갈현동 489-12 102호","피해일시":"20250813 - 1200","F_SHIM":0.1,"F_AREA":242.17733784,"F_AVR_HGT":"23.01893196105957","ADM_CD":"1138010400","F_YR":"2025","F_ZONE_NM":"서울특별시 은평구 갈현동 489-12 102호","TYPE":"주택","TYPE2":"재난지원금"},"geometry":{"type":"Polygon","coordinates":[[[126.91353656868438,37.61366524750241],[126.91344569183568,37.613508679318514],[126.91335708617805,37.61353924651456],[126.91331572713202,37.61355534317066],[126.91340581094089,37.6137119108612],[126.91353656868438,37.61366524750241]]]}},{"type":"Feature","properties":{"PNU":1138010400104820000,"피해위치(":"서울특별시 은평구 갈현동 482-16 B01호","피해일시":"20250813 - 1200","F_SHIM":0.1,"F_AREA":212.44144782,"F_AVR_HGT":"24.76532325744629","ADM_CD":"1138010400","F_YR":"2025","F_ZONE_NM":"서울특별시 은평구 갈현동 482-16 B01호","TYPE":"주택","TYPE2":"재난지원금"},"geometry":{"type":"Polygon","coordinates":[[[126.91764611070808,37.61740028202267],[126.91758584143257,37.61730987083448],[126.91758233646566,37.617304282262815],[126.91740668983927,37.61737902867709],[126.9174718224045,37.61747566018424],[126.91764611070808,37.61740028202267]]]}},{"type":"Feature","properties":{"PNU":1138010400104610000,"피해위치(":"서울특별시 은평구 갈현동 461-22","피해일시":"20250813 - 1200","F_SHIM":0.1,"F_AREA":165.06073448,"F_AVR_HGT":"22.952384567260744","ADM_CD":"1138010400","F_YR":"2025","F_ZONE_NM":"서울특별시 은평구 갈현동 461-22","TYPE":"주택","TYPE2":"재난지원금"},"geometry":{"type":"Polygon","coordinates":[[[126.91803051344584,37.616205043532545],[126.91813329157729,37.616162680010895],[126.91811452060313,37.61613500664077],[126.91805854765694,37.61605189665424],[126.91793809024183,37.61610334749634],[126.91800378679285,37.61620169099339],[126.91802282366126,37.61619413622661],[126.91803051344584,37.616205043532545]]]}},{"type":"Feature","properties":{"PNU":1138010400101100000,"피해위치(":"서울특별시 은평구 갈현동 110-22 1층","피해일시":"20250813 - 1200","F_SHIM":0.1,"F_AREA":268.52926298,"F_AVR_HGT":"27.14951858520508","ADM_CD":"1138010400","F_YR":"2025","F_ZONE_NM":"서울특별시 은평구 갈현동 110-22 1층","TYPE":"소상공인","TYPE2":"재난지원금"},"geometry":{"type":"Polygon","coordinates":[[[126.91631850388063,37.6185039329026],[126.91635548850451,37.61855126106212],[126.91637348268661,37.618564788750206],[126.91640497280659,37.61856336989802],[126.91645674999054,37.618551334095194],[126.9164773750065,37.61854233915743],[126.91649281267762,37.618513158520976],[126.91647540023884,37.61838664834455],[126.91647404123248,37.61838646716912],[126.91630163329634,37.61839913671631],[126.91630286607896,37.61841067015403],[126.91630532002644,37.618443918098],[126.91630755833934,37.618467615495184],[126.91631850388063,37.6185039329026]]]}},{"type":"Feature","properties":{"PNU":1138010400105170000,"피해위치(":"서울특별시 은평구 갈현동 517-19 지하 우측","피해일시":"20250813 - 1200","F_SHIM":0.1,"F_AREA":176.99565522,"F_AVR_HGT":"39.40241012573242","ADM_CD":"1138010400","F_YR":"2025","F_ZONE_NM":"서울특별시 은평구 갈현동 517-19 지하 우측","TYPE":"주택","TYPE2":"재난지원금"},"geometry":{"type":"Polygon","coordinates":[[[126.91244937905867,37.61850945518354],[126.91246720074679,37.618496062047434],[126.91238147104026,37.61841784629787],[126.9124598583681,37.61836530625349],[126.91239208668625,37.61830191617654],[126.91235870870926,37.618271798222416],[126.91226609478946,37.618333985949945],[126.91226303322722,37.618336776673196],[126.91244937905867,37.61850945518354]]]}},{"type":"Feature","properties":{"PNU":1138010400105170000,"피해위치(":"서울특별시 은평구 갈현동 517-48 선일빌라 지층","피해일시":"20250813 - 1200","F_SHIM":0.1,"F_AREA":101.13986334,"F_AVR_HGT":"39.40241012573242","ADM_CD":"1138010400","F_YR":"2025","F_ZONE_NM":"서울특별시 은평구 갈현동 517-48 선일빌라 지층","TYPE":"주택","TYPE2":"재난지원금"},"geometry":{"type":"Polygon","coordinates":[[[126.91246720074679,37.618496062047434],[126.91254064145441,37.61844086933535],[126.9124598583681,37.61836530625349],[126.91238147104026,37.61841784629787],[126.91246720074679,37.618496062047434]]]}},{"type":"Feature","properties":{"PNU":1138010400104690000,"피해위치(":"서울특별시 은평구 갈현동 469-3 B01호","피해일시":"20250813 - 1200","F_SHIM":0.1,"F_AREA":241.95925581,"F_AVR_HGT":"21.83376274108887","ADM_CD":"1138010400","F_YR":"2025","F_ZONE_NM":"서울특별시 은평구 갈현동 469-3 B01호","TYPE":"주택","TYPE2":"재난지원금"},"geometry":{"type":"Polygon","coordinates":[[[126.91512366528818,37.61309826139],[126.91503425430878,37.61294502911593],[126.91490202607336,37.61299196335607],[126.91491423260038,37.613013956253],[126.91498905744449,37.613146004867204],[126.91512366528818,37.61309826139]]]}},{"type":"Feature","properties":{"PNU":1138010400105180000,"피해위치(":"서울특별시 은평구 갈현동 518-13 지층 나호","피해일시":"20250813 - 1200","F_SHIM":0.1,"F_AREA":129.14973233,"F_AVR_HGT":"45.97177276611328","ADM_CD":"1138010400","F_YR":"2025","F_ZONE_NM":"서울특별시 은평구 갈현동 518-13 지층 나호","TYPE":"주택","TYPE2":"재난지원금"},"geometry":{"type":"Polygon","coordinates":[[[126.91127714479282,37.61824872190315],[126.91121808795992,37.61819182487316],[126.91120032613286,37.618174332263315],[126.91109524213891,37.618244618350374],[126.91117228762828,37.6183187379373],[126.91127714479282,37.61824872190315]]]}},{"type":"Feature","properties":{"PNU":1138010400105120000,"피해위치(":"서울특별시 은평구 갈현동 512-13 B01호","피해일시":"20250813 - 1200","F_SHIM":0.1,"F_AREA":152.28556795,"F_AVR_HGT":"28.829942321777345","ADM_CD":"1138010400","F_YR":"2025","F_ZONE_NM":"서울특별시 은평구 갈현동 512-13 B01호","TYPE":"주택","TYPE2":"재난지원금"},"geometry":{"type":"Polygon","coordinates":[[[126.91349115497961,37.61712110537915],[126.91351552473216,37.61710616727905],[126.9136145898936,37.617045965519175],[126.91360429492362,37.61703559657487],[126.91358060586646,37.61704963422028],[126.91349768212342,37.616964790137075],[126.91339861633783,37.617025532387494],[126.91347667460374,37.6171061383015],[126.91349115497961,37.61712110537915]]]}},{"type":"Feature","properties":{"PNU":1138010400104810000,"피해위치(":"서울특별시 은평구 갈현동 481-6 지층","피해일시":"20250813 - 1200","F_SHIM":0.1,"F_AREA":192.50067564,"F_AVR_HGT":"23.705510711669923","ADM_CD":"1138010400","F_YR":"2025","F_ZONE_NM":"서울특별시 은평구 갈현동 481-6 지층","TYPE":"소상공인","TYPE2":"재난지원금"},"geometry":{"type":"Polygon","coordinates":[[[126.9181637913245,37.61704755456699],[126.91810137469412,37.616952637217175],[126.91794057093504,37.61702406129423],[126.9179971082855,37.61710942417391],[126.91800321485874,37.617118168006314],[126.91802315939631,37.6171094426085],[126.9181637913245,37.61704755456699]]]}},{"type":"Feature","properties":{"PNU":1138010400101360000,"피해위치(":"서울특별시 은평구 갈현동 136-11 가동 B02호","피해일시":"20250813 - 1200","F_SHIM":0.1,"F_AREA":155.34243902,"F_AVR_HGT":"27.522399520874025","ADM_CD":"1138010400","F_YR":"2025","F_ZONE_NM":"서울특별시 은평구 갈현동 136-11 가동 B02호","TYPE":"주택","TYPE2":"재난지원금"},"geometry":{"type":"Polygon","coordinates":[[[126.9162270254428,37.61707887627354],[126.91622453843549,37.61707463986781],[126.9161716032731,37.616990774372304],[126.91607441860991,37.61701299430473],[126.91600111629938,37.61702996973986],[126.91606573563155,37.61710804145816],[126.9162270254428,37.61707887627354]]]}},{"type":"Feature","properties":{"PNU":1138010400105130000,"피해위치(":"서울특별시 은평구 갈현동 513-16 지층 2호","피해일시":"20250813 - 1200","F_SHIM":0.1,"F_AREA":167.4899949,"F_AVR_HGT":"30.606891250610353","ADM_CD":"1138010400","F_YR":"2025","F_ZONE_NM":"서울특별시 은평구 갈현동 513-16 지층 2호","TYPE":"주택","TYPE2":"재난지원금"},"geometry":{"type":"Polygon","coordinates":[[[126.91326207515299,37.61697713779918],[126.9131816427312,37.61689310623868],[126.91305095608357,37.61697040256477],[126.91313478747561,37.61705353577843],[126.91326207515299,37.61697713779918]]]}},{"type":"Feature","properties":{"PNU":1138010400105120000,"피해위치(":"서울특별시 은평구 갈현동 512-19 B02호","피해일시":"20250813 - 1200","F_SHIM":0.1,"F_AREA":190.21367234,"F_AVR_HGT":"28.829942321777345","ADM_CD":"1138010400","F_YR":"2025","F_ZONE_NM":"서울특별시 은평구 갈현동 512-19 B02호","TYPE":"주택","TYPE2":"재난지원금"},"geometry":{"type":"Polygon","coordinates":[[[126.91339861633783,37.617025532387494],[126.91349768212342,37.616964790137075],[126.91358060586646,37.61704963422028],[126.91360429492362,37.61703559657487],[126.91368227865654,37.6169871818948],[126.91357955687614,37.616882411462065],[126.9134794696468,37.616945045079106],[126.91348331567926,37.61694928255653],[126.91338368283054,37.61701065505789],[126.91339861633783,37.617025532387494]]]}},{"type":"Feature","properties":{"PNU":1138010700100980000,"피해위치(":"서울특별시 은평구 응암동 98-5 지층 나호","피해일시":"20250813 - 1200","F_SHIM":0.1,"F_AREA":168.86024515,"F_AVR_HGT":"25.362092590332033","ADM_CD":"1138010700","F_YR":"2025","F_ZONE_NM":"서울특별시 은평구 응암동 98-5 지층 나호","TYPE":"주택","TYPE2":"재난지원금"},"geometry":{"type":"Polygon","coordinates":[[[126.92496208620736,37.60060816159481],[126.92499309836481,37.600513037893656],[126.9251328061693,37.60054349152119],[126.92513927985671,37.600524935459276],[126.92498564349935,37.600494472808585],[126.92487604894237,37.600472688002135],[126.92485186317093,37.600536551994885],[126.92483720890137,37.6005815916287],[126.92496208620736,37.60060816159481]]]}},{"type":"Feature","properties":{"PNU":1138010600100330000,"피해위치(":"서울특별시 은평구 대조동 33-17 지하1층","피해일시":"20250813 - 1200","F_SHIM":0.1,"F_AREA":89.8881844,"F_AVR_HGT":"23.90882453918457","ADM_CD":"1138010600","F_YR":"2025","F_ZONE_NM":"서울특별시 은평구 대조동 33-17 지하1층","TYPE":"주택","TYPE2":"재난지원금"},"geometry":{"type":"Polygon","coordinates":[[[126.92510986225035,37.609358328034205],[126.92517572081913,37.609301608805644],[126.92516406589299,37.60929160036874],[126.92509752369041,37.60924164291175],[126.92509039414105,37.60923632250271],[126.92503845794906,37.609300709051844],[126.92502870436816,37.609314127358545],[126.92510986225035,37.609358328034205]]]}},{"type":"Feature","properties":{"PNU":1138010600100150300,"피해위치(":"서울특별시 은평구 대조동 15-222   지하1층 한우의진수","피해일시":"20250813 - 1200","F_SHIM":0.1,"F_AREA":69.05609862,"F_AVR_HGT":"25.526143646240236","ADM_CD":"1138010600","F_YR":"2025","F_ZONE_NM":"서울특별시 은평구 대조동 15-222   지하1층 한우의진수","TYPE":"소상공인","TYPE2":"재난지원금"},"geometry":{"type":"Polygon","coordinates":[[[126.92770808456333,37.60910138180015],[126.92772892607057,37.609098511691066],[126.92774113761837,37.60909567222307],[126.92770613218472,37.60901416554301],[126.92768653230237,37.60902127103924],[126.92762309283202,37.60903895364685],[126.92765819748493,37.60911166683119],[126.92770808456333,37.60910138180015]]]}},{"type":"Feature","properties":{"PNU":1138010600100140300,"피해위치(":"서울특별시 은평구 대조동 14-344 지층","피해일시":"20250813 - 1200","F_SHIM":0.1,"F_AREA":99.13283492,"F_AVR_HGT":"25.526143646240236","ADM_CD":"1138010600","F_YR":"2025","F_ZONE_NM":"서울특별시 은평구 대조동 14-344 지층","TYPE":"주택","TYPE2":"재난지원금"},"geometry":{"type":"Polygon","coordinates":[[[126.92774454661028,37.609107080783275],[126.92784201166307,37.609073697224744],[126.92779662047495,37.60898102993264],[126.92778815711983,37.60898439431755],[126.92770613218472,37.60901416554301],[126.92774113761837,37.60909567222307],[126.92772892607057,37.609098511691066],[126.92774454661028,37.609107080783275]]]}},{"type":"Feature","properties":{"PNU":1138010600100310000,"피해위치(":"서울특별시 은평구 대조동 31-4 B01호","피해일시":"20250813 - 1200","F_SHIM":0.1,"F_AREA":311.31081382,"F_AVR_HGT":"25.71726188659668","ADM_CD":"1138010600","F_YR":"2025","F_ZONE_NM":"서울특별시 은평구 대조동 31-4 B01호","TYPE":"주택","TYPE2":"재난지원금"},"geometry":{"type":"Polygon","coordinates":[[[126.92609192989352,37.6102140814518],[126.92616970062666,37.610137187301554],[126.92615954138873,37.610103754397414],[126.92602576055808,37.61001789544838],[126.92589902447283,37.61013341025228],[126.92602430794035,37.61022250744175],[126.92609192989352,37.6102140814518]]]}},{"type":"Feature","properties":{"PNU":1138010600101720000,"피해위치(":"서울특별시 은평구 대조동 172-64 지층우측","피해일시":"20250813 - 1200","F_SHIM":0.1,"F_AREA":172.20738607,"F_AVR_HGT":"28.554816818237306","ADM_CD":"1138010600","F_YR":"2025","F_ZONE_NM":"서울특별시 은평구 대조동 172-64 지층우측","TYPE":"주택","TYPE2":"재난지원금"},"geometry":{"type":"Polygon","coordinates":[[[126.92089001136142,37.609783036365386],[126.92089261825953,37.609781146084956],[126.92099872780645,37.60968544417896],[126.92092576316735,37.609607099070345],[126.92089720537672,37.609623477431576],[126.92079985942104,37.60967936185294],[126.92082915728119,37.609711817226454],[126.92089001136142,37.609783036365386]]]}},{"type":"Feature","properties":{"PNU":1138010600100840100,"피해위치(":"서울특별시 은평구 대조동 84-95 지층 좌측(B101호)","피해일시":"20250813 - 1200","F_SHIM":0.1,"F_AREA":172.11467155,"F_AVR_HGT":"31.97333869934082","ADM_CD":"1138010600","F_YR":"2025","F_ZONE_NM":"서울특별시 은평구 대조동 84-95 지층 좌측(B101호)","TYPE":"주택","TYPE2":"재난지원금"},"geometry":{"type":"Polygon","coordinates":[[[126.92611447616784,37.61292046373824],[126.92618839336646,37.61279289596807],[126.92617385697838,37.61278685011451],[126.92618221959309,37.612771574812044],[126.92611723504277,37.612745585052245],[126.92601225773367,37.612843814982995],[126.92599176123561,37.612862812570604],[126.92611447616784,37.61292046373824]]]}},{"type":"Feature","properties":{"PNU":1138010600101710100,"피해위치(":"서울특별시 은평구 대조동 171-22 지하 102호","피해일시":"20250813 - 1200","F_SHIM":0.1,"F_AREA":142.23122437,"F_AVR_HGT":"26.16049919128418","ADM_CD":"1138010600","F_YR":"2025","F_ZONE_NM":"서울특별시 은평구 대조동 171-22 지하 102호","TYPE":"주택","TYPE2":"재난지원금"},"geometry":{"type":"Polygon","coordinates":[[[126.92125610400039,37.61163029795449],[126.92125067745941,37.61151577953369],[126.92112167292207,37.611519926335035],[126.92112431690381,37.61158885320992],[126.92112551938375,37.61162912789534],[126.92125610400039,37.61163029795449]]]}},{"type":"Feature","properties":{"PNU":1138010600100790000,"피해위치(":"서울특별시 은평구 대조동 79-3 지층","피해일시":"20250813 - 1200","F_SHIM":0.1,"F_AREA":380.73041434,"F_AVR_HGT":"25.0534912109375","ADM_CD":"1138010600","F_YR":"2025","F_ZONE_NM":"서울특별시 은평구 대조동 79-3 지층","TYPE":"주택","TYPE2":"재난지원금"},"geometry":{"type":"Polygon","coordinates":[[[126.92687106563174,37.61061506313648],[126.92686699013122,37.610613348693704],[126.92697202837314,37.61044979683907],[126.92680153345226,37.61038166491454],[126.92670942314668,37.610528196263445],[126.92671621334785,37.61053333616222],[126.92669942505242,37.610559724279504],[126.92673100519421,37.610577944122966],[126.92684940574688,37.6106430699601],[126.92687106563174,37.61061506313648]]]}},{"type":"Feature","properties":{"PNU":1138010600101710100,"피해위치(":"서울특별시 은평구 대조동 171-65 101호","피해일시":"20250813 - 1200","F_SHIM":0.1,"F_AREA":163.24552811,"F_AVR_HGT":"26.87409362792969","ADM_CD":"1138010600","F_YR":"2025","F_ZONE_NM":"서울특별시 은평구 대조동 171-65 101호","TYPE":"주택","TYPE2":"재난지원금"},"geometry":{"type":"Polygon","coordinates":[[[126.92153610702506,37.6112845112021],[126.92153679804792,37.611273789991756],[126.92154136850047,37.61118338861449],[126.92152681468363,37.61118368508461],[126.92150767400803,37.611183942404054],[126.92138309064681,37.611184758857725],[126.92137493616272,37.611184753320465],[126.92137365166647,37.611220791704646],[126.9213718836864,37.61128521067442],[126.92150756600296,37.61128476215038],[126.92153610702506,37.6112845112021]]]}},{"type":"Feature","properties":{"PNU":1138010700105830000,"피해위치(":"서울특별시 은평구 응암동 583-11 B01호","피해일시":"20250813 - 1200","F_SHIM":0.1,"F_AREA":128.0474563,"F_AVR_HGT":"14.942345237731933","ADM_CD":"1138010700","F_YR":"2025","F_ZONE_NM":"서울특별시 은평구 응암동 583-11 B01호","TYPE":"주택","TYPE2":"재난지원금"},"geometry":{"type":"Polygon","coordinates":[[[126.91652186705086,37.5922848646348],[126.91652266507778,37.592280089992705],[126.91652877599586,37.59218350887576],[126.91638336570223,37.59220592869661],[126.91640771264285,37.592302802066044],[126.91652186705086,37.5922848646348]]]}},{"type":"Feature","properties":{"PNU":1138010700105830000,"피해위치(":"서울특별시 은평구 응암동 583-19","피해일시":"20250822 - 2110","F_SHIM":0.1,"F_AREA":102.40572659,"F_AVR_HGT":"14.650294876098632","ADM_CD":"1138010700","F_YR":"2025","F_ZONE_NM":"서울특별시 은평구 응암동 583-19","TYPE":"주택","TYPE2":"재난지원금"},"geometry":{"type":"Polygon","coordinates":[[[126.91610942097599,37.592246275091036],[126.91608845902093,37.59216012582254],[126.91608462626648,37.59214525680742],[126.91599820991108,37.592165736672065],[126.91596524348988,37.59208174104499],[126.91594248110066,37.592084877990075],[126.91598495812453,37.59216933100754],[126.9160392060117,37.59225811725772],[126.91604837913002,37.59225668232528],[126.91610942097599,37.592246275091036]]]}},{"type":"Feature","properties":{"PNU":1138010700105830000,"피해위치(":"서울특별시 은평구 응암동 583-58","피해일시":"20250824 - 0937","F_SHIM":0.1,"F_AREA":193.82252491,"F_AVR_HGT":"14.650294876098632","ADM_CD":"1138010700","F_YR":"2025","F_ZONE_NM":"서울특별시 은평구 응암동 583-58","TYPE":"주택","TYPE2":"재난지원금"},"geometry":{"type":"Polygon","coordinates":[[[126.91583913240794,37.592257701907464],[126.91586653875154,37.592253216875854],[126.91598726270425,37.59223330256288],[126.9159085073033,37.59208962857184],[126.91586671913326,37.592095815048644],[126.91580499966317,37.592104780090736],[126.91583913240794,37.592257701907464]]]}},{"type":"Feature","properties":{"PNU":1138010700105780100,"피해위치(":"서울특별시 은평구 응암동 578-45 B01","피해일시":"20250822 - 1700","F_SHIM":0.1,"F_AREA":219.20964118,"F_AVR_HGT":"14.942345237731933","ADM_CD":"1138010700","F_YR":"2025","F_ZONE_NM":"서울특별시 은평구 응암동 578-45 B01","TYPE":"주택","TYPE2":"재난지원금"},"geometry":{"type":"Polygon","coordinates":[[[126.91707111152797,37.59220705341504],[126.9170467854479,37.59209098922922],[126.91695154682391,37.592103354619496],[126.91685959126475,37.59211617277969],[126.91688493580797,37.592232508028964],[126.91707111152797,37.59220705341504]]]}},{"type":"Feature","properties":{"PNU":1138010700105830000,"피해위치(":"서울특별시 은평구 응암동 583-4 지하2호","피해일시":"20250813 - 1200","F_SHIM":0.1,"F_AREA":157.61402965,"F_AVR_HGT":"14.942345237731933","ADM_CD":"1138010700","F_YR":"2025","F_ZONE_NM":"서울특별시 은평구 응암동 583-4 지하2호","TYPE":"주택","TYPE2":"재난지원금"},"geometry":{"type":"Polygon","coordinates":[[[126.91638336570223,37.59220592869661],[126.91652877599586,37.59218350887576],[126.91663341710638,37.59216727635628],[126.91662756159414,37.592138801041],[126.91649732518226,37.592160150733],[126.91648347052475,37.592096531260225],[126.91635255775616,37.5921152674509],[126.91635323198973,37.59211977285896],[126.91637396583276,37.5922076337868],[126.91638336570223,37.59220592869661]]]}},{"type":"Feature","properties":{"PNU":1138010700105780100,"피해위치(":"서울특별시 은평구 응암동 578-46 지하2호","피해일시":"20250822 - 1629","F_SHIM":0.1,"F_AREA":172.43431917,"F_AVR_HGT":"14.942345237731933","ADM_CD":"1138010700","F_YR":"2025","F_ZONE_NM":"서울특별시 은평구 응암동 578-46 지하2호","TYPE":"주택","TYPE2":"재난지원금"},"geometry":{"type":"Polygon","coordinates":[[[126.91722818317974,37.59218545196056],[126.91719965595044,37.59207956592857],[126.91707690596921,37.59208929891011],[126.9170467854479,37.59209098922922],[126.91707111152797,37.59220705341504],[126.91722818317974,37.59218545196056]]]}},{"type":"Feature","properties":{"PNU":1138010700105830000,"피해위치(":"서울특별시 은평구 응암동 583-17 1층","피해일시":"20250813 - 1200","F_SHIM":0.1,"F_AREA":105.13422744,"F_AVR_HGT":"14.650294876098632","ADM_CD":"1138010700","F_YR":"2025","F_ZONE_NM":"서울특별시 은평구 응암동 583-17 1층","TYPE":"소상공인","TYPE2":"재난지원금"},"geometry":{"type":"Polygon","coordinates":[[[126.91608845902093,37.59216012582254],[126.91619694829475,37.592145338049846],[126.9161750914533,37.592049547616085],[126.91606546838877,37.59206577612314],[126.91608462626648,37.59214525680742],[126.91608845902093,37.59216012582254]]]}},{"type":"Feature","properties":{"PNU":1138010700105830000,"피해위치(":"서울특별시 은평구 응암동 583-5 지층","피해일시":"20250813 - 1200","F_SHIM":0.1,"F_AREA":97.11672736,"F_AVR_HGT":"14.942345237731933","ADM_CD":"1138010700","F_YR":"2025","F_ZONE_NM":"서울특별시 은평구 응암동 583-5 지층","TYPE":"주택","TYPE2":"재난지원금"},"geometry":{"type":"Polygon","coordinates":[[[126.91648347052475,37.592096531260225],[126.91649732518226,37.592160150733],[126.91662756159414,37.592138801041],[126.91661145220307,37.59206644041342],[126.91648076556449,37.59208553730284],[126.91648347052475,37.592096531260225]]]}},{"type":"Feature","properties":{"PNU":1138010700105830000,"피해위치(":"서울특별시 은평구 응암동 583-7 101호","피해일시":"20250813 - 1200","F_SHIM":0.1,"F_AREA":119.12501091,"F_AVR_HGT":"14.942345237731933","ADM_CD":"1138010700","F_YR":"2025","F_ZONE_NM":"서울특별시 은평구 응암동 583-7 101호","TYPE":"소상공인","TYPE2":"재난지원금"},"geometry":{"type":"Polygon","coordinates":[[[126.91635255775616,37.5921152674509],[126.91648347052475,37.592096531260225],[126.91648076556449,37.59208553730284],[126.91646160789577,37.59200551609133],[126.91633171196835,37.592026325255944],[126.91635255775616,37.5921152674509]]]}},{"type":"Feature","properties":{"PNU":1138010700105840000,"피해위치(":"서울특별시 은평구 응암동 584-53 1층 네이티브바버샵","피해일시":"20250813 - 1200","F_SHIM":0.1,"F_AREA":185.78943249,"F_AVR_HGT":"14.33714256286621","ADM_CD":"1138010700","F_YR":"2025","F_ZONE_NM":"서울특별시 은평구 응암동 584-53 1층 네이티브바버샵","TYPE":"소상공인","TYPE2":"재난지원금"},"geometry":{"type":"Polygon","coordinates":[[[126.91567459715966,37.59207342117197],[126.91565297294984,37.59197285559293],[126.91546826628577,37.592000921896705],[126.91549362780886,37.5921005892484],[126.91567459715966,37.59207342117197]]]}},{"type":"Feature","properties":{"PNU":1138010700105890000,"피해위치(":"서울특별시 은평구 응암동 589-13 지층 입구","피해일시":"20250813 - 1200","F_SHIM":0.1,"F_AREA":105.38067013,"F_AVR_HGT":"14.323570823669433","ADM_CD":"1138010700","F_YR":"2025","F_ZONE_NM":"서울특별시 은평구 응암동 589-13 지층 입구","TYPE":"주택","TYPE2":"재난지원금"},"geometry":{"type":"Polygon","coordinates":[[[126.91598902576771,37.59069262049008],[126.91595209226229,37.59061285659142],[126.91586838824259,37.59063928483136],[126.91583384184324,37.590650251770946],[126.91586829470302,37.590720913962365],[126.91587258726508,37.59072965662686],[126.91598902576771,37.59069262049008]]]}},{"type":"Feature","properties":{"PNU":1138010700105840000,"피해위치(":"서울특별시 은평구 응암동 584-60 지층 좌","피해일시":"20250813 - 1200","F_SHIM":0.1,"F_AREA":119.53185083,"F_AVR_HGT":"14.33714256286621","ADM_CD":"1138010700","F_YR":"2025","F_ZONE_NM":"서울특별시 은평구 응암동 584-60 지층 좌","TYPE":"주택","TYPE2":"재난지원금"},"geometry":{"type":"Polygon","coordinates":[[[126.91586678077458,37.59204202632937],[126.91589543223232,37.59203781248965],[126.91587311804594,37.591946256293056],[126.91586691758253,37.59192264600429],[126.91586342270816,37.59190939899844],[126.91577203168646,37.59192365829649],[126.91580392845187,37.5920515311396],[126.91586678077458,37.59204202632937]]]}},{"type":"Feature","properties":{"PNU":1138010700105840000,"피해위치(":"서울특별시 은평구 응암동 584-55 지층 좌측","피해일시":"20250813 - 1200","F_SHIM":0.1,"F_AREA":115.49097763,"F_AVR_HGT":"14.33714256286621","ADM_CD":"1138010700","F_YR":"2025","F_ZONE_NM":"서울특별시 은평구 응암동 584-55 지층 좌측","TYPE":"주택","TYPE2":"재난지원금"},"geometry":{"type":"Polygon","coordinates":[[[126.91601887463304,37.59201672883564],[126.91599758240085,37.59192250648876],[126.91599407177063,37.59192300849648],[126.91599406630645,37.591927783709515],[126.91587311804594,37.591946256293056],[126.91589543223232,37.59203781248965],[126.91601907741216,37.59201762996685],[126.91601887463304,37.59201672883564]]]}},{"type":"Feature","properties":{"PNU":1138010700105780100,"피해위치(":"서울특별시 은평구 응암동 578-56 -","피해일시":"20250813 - 1200","F_SHIM":0.1,"F_AREA":97.54916462,"F_AVR_HGT":"14.68515453338623","ADM_CD":"1138010700","F_YR":"2025","F_ZONE_NM":"서울특별시 은평구 응암동 578-56 -","TYPE":"주택","TYPE2":"재난지원금"},"geometry":{"type":"Polygon","coordinates":[[[126.91681608851493,37.592036764851954],[126.91693454445863,37.59201937069775],[126.91691810500555,37.591938270325755],[126.91679783723919,37.591955933458685],[126.91681293600905,37.59202099536392],[126.91681608851493,37.592036764851954]]]}},{"type":"Feature","properties":{"PNU":1138010700105840000,"피해위치(":"서울특별시 은평구 응암동 584-57 B02호","피해일시":"20250813 - 1200","F_SHIM":0.1,"F_AREA":158.35340805,"F_AVR_HGT":"14.33714256286621","ADM_CD":"1138010700","F_YR":"2025","F_ZONE_NM":"서울특별시 은평구 응암동 584-57 B02호","TYPE":"주택","TYPE2":"재난지원금"},"geometry":{"type":"Polygon","coordinates":[[[126.91631614858639,37.59197189456928],[126.91629473931268,37.591880699498034],[126.9162862854751,37.591847176776085],[126.91615955921652,37.5918687989265],[126.91616271610546,37.591880604104375],[126.91619270798874,37.59199153696077],[126.91631614858639,37.59197189456928]]]}},{"type":"Feature","properties":{"PNU":1138010700105840000,"피해위치(":"서울특별시 은평구 응암동 584-1 지하 좌측","피해일시":"20250813 - 1200","F_SHIM":0.1,"F_AREA":113.30328717,"F_AVR_HGT":"14.68515453338623","ADM_CD":"1138010700","F_YR":"2025","F_ZONE_NM":"서울특별시 은평구 응암동 584-1 지하 좌측","TYPE":"주택","TYPE2":"재난지원금"},"geometry":{"type":"Polygon","coordinates":[[[126.91658488372974,37.59193154394425],[126.91657090106632,37.59188089856187],[126.91656233162436,37.59184935794205],[126.91642802145972,37.59186899275655],[126.91643117839114,37.591880797927274],[126.9164502327151,37.59195207952276],[126.91658488372974,37.59193154394425]]]}},{"type":"Feature","properties":{"PNU":1138010700105840000,"피해위치(":"서울특별시 은평구 응암동 584-29 지하","피해일시":"20250813 - 1200","F_SHIM":0.1,"F_AREA":126.51865185,"F_AVR_HGT":"14.33714256286621","ADM_CD":"1138010700","F_YR":"2025","F_ZONE_NM":"서울특별시 은평구 응암동 584-29 지하","TYPE":"주택","TYPE2":"재난지원금"},"geometry":{"type":"Polygon","coordinates":[[[126.91599407177063,37.59192300849648],[126.91598336382499,37.59188047427639],[126.91597107751436,37.59183199241442],[126.91596134202275,37.591830183389675],[126.91595013457584,37.59182837329707],[126.91586701123101,37.59184092679168],[126.91584730607136,37.59184404791721],[126.91585666230937,37.59188038239658],[126.91586342270816,37.59190939899844],[126.91586691758253,37.59192264600429],[126.91587311804594,37.591946256293056],[126.91599406630645,37.591927783709515],[126.91599407177063,37.59192300849648]]]}},{"type":"Feature","properties":{"PNU":1138010700105880000,"피해위치(":"서울특별시 은평구 응암동 588-3 B02호","피해일시":"20250813 - 1200","F_SHIM":0.1,"F_AREA":148.76927914,"F_AVR_HGT":"14.08445987701416","ADM_CD":"1138010700","F_YR":"2025","F_ZONE_NM":"서울특별시 은평구 응암동 588-3 B02호","TYPE":"주택","TYPE2":"재난지원금"},"geometry":{"type":"Polygon","coordinates":[[[126.91536667183578,37.590650992914256],[126.91544974099281,37.590586092527325],[126.91543517744918,37.590549141541],[126.91531836641896,37.59051644065608],[126.91526525612628,37.59062109626458],[126.91536667183578,37.590650992914256]]]}},{"type":"Feature","properties":{"PNU":1138010700105880000,"피해위치(":"서울특별시 은평구 응암동 588-4 지층 좌","피해일시":"20250813 - 1200","F_SHIM":0.1,"F_AREA":140.31418296,"F_AVR_HGT":"14.08445987701416","ADM_CD":"1138010700","F_YR":"2025","F_ZONE_NM":"서울특별시 은평구 응암동 588-4 지층 좌","TYPE":"주택","TYPE2":"재난지원금"},"geometry":{"type":"Polygon","coordinates":[[[126.91526525612628,37.59062109626458],[126.91531836641896,37.59051644065608],[126.91519917879971,37.59048283693294],[126.91514437227248,37.59058550908116],[126.91520764378235,37.59060420574193],[126.91526525612628,37.59062109626458]]]}},{"type":"Feature","properties":{"PNU":1138010700101230100,"피해위치(":"서울특별시 은평구 응암동 123-47 지츨","피해일시":"20250822 - 1744","F_SHIM":0.1,"F_AREA":195.01723278,"F_AVR_HGT":"16.607781982421876","ADM_CD":"1138010700","F_YR":"2025","F_ZONE_NM":"서울특별시 은평구 응암동 123-47 지츨","TYPE":"주택","TYPE2":"재난지원금"},"geometry":{"type":"Polygon","coordinates":[[[126.91665090091932,37.59501782239843],[126.91681138199941,37.59499054776495],[126.91684150839068,37.59498471298576],[126.91681603025361,37.5948855864779],[126.91677118210386,37.59489285225601],[126.91662519696924,37.594918335294125],[126.91664447359518,37.59499412190111],[126.91665090091932,37.59501782239843]]]}},{"type":"Feature","properties":{"PNU":1138010700104190200,"피해위치(":"서울특별시 은평구 응암동 419-168 지층","피해일시":"20250813 - 1200","F_SHIM":0.1,"F_AREA":159.69947108,"F_AVR_HGT":"32.778482055664064","ADM_CD":"1138010700","F_YR":"2025","F_ZONE_NM":"서울특별시 은평구 응암동 419-168 지층","TYPE":"주택","TYPE2":"재난지원금"},"geometry":{"type":"Polygon","coordinates":[[[126.92068065734273,37.594012801311436],[126.92076154081137,37.59399980141791],[126.92072370545212,37.59391012761209],[126.92055858116714,37.59394154891365],[126.92057898105722,37.59402913855407],[126.92068065734273,37.594012801311436]]]}},{"type":"Feature","properties":{"PNU":1138010700105840000,"피해위치(":"서울특별시 은평구 응암동 584-28 지하1층","피해일시":"20250813 - 1200","F_SHIM":0.1,"F_AREA":125.91436006,"F_AVR_HGT":"14.33714256286621","ADM_CD":"1138010700","F_YR":"2025","F_ZONE_NM":"서울특별시 은평구 응암동 584-28 지하1층","TYPE":"주택","TYPE2":"재난지원금"},"geometry":{"type":"Polygon","coordinates":[[[126.91599758240085,37.59192250648876],[126.91613143928744,37.59190337638765],[126.91612546427439,37.59188057716126],[126.91610731156678,37.59181326049624],[126.91597107751436,37.59183199241442],[126.91598336382499,37.59188047427639],[126.91599407177063,37.59192300849648],[126.91599758240085,37.59192250648876]]]}},{"type":"Feature","properties":{"PNU":1138010700105770100,"피해위치(":"서울특별시 은평구 응암동 577-71 지층","피해일시":"20250813 - 1200","F_SHIM":0.1,"F_AREA":99.25632993,"F_AVR_HGT":"14.68515453338623","ADM_CD":"1138010700","F_YR":"2025","F_ZONE_NM":"서울특별시 은평구 응암동 577-71 지층","TYPE":"주택","TYPE2":"재난지원금"},"geometry":{"type":"Polygon","coordinates":[[[126.91693254954983,37.591881158269516],[126.91701216118337,37.591869952987075],[126.91699086024063,37.59178236205512],[126.91687885925563,37.59179922030478],[126.91689835485893,37.59188113376099],[126.91689948193115,37.591885729589166],[126.91693254954983,37.591881158269516]]]}},{"type":"Feature","properties":{"PNU":1138010700105840000,"피해위치(":"서울특별시 은평구 응암동 584-2 지층","피해일시":"20250813 - 1200","F_SHIM":0.1,"F_AREA":113.69050797,"F_AVR_HGT":"14.68515453338623","ADM_CD":"1138010700","F_YR":"2025","F_ZONE_NM":"서울특별시 은평구 응암동 584-2 지층","TYPE":"주택","TYPE2":"재난지원금"},"geometry":{"type":"Polygon","coordinates":[[[126.91642802145972,37.59186899275655],[126.91656233162436,37.59184935794205],[126.91654102670748,37.59176573125726],[126.91640716867344,37.59178617725981],[126.9164087448272,37.59179410705871],[126.91642802145972,37.59186899275655]]]}},{"type":"Feature","properties":{"PNU":1138010700105770100,"피해위치(":"서울특별시 은평구 응암동 577-75 동명하이츠빌라 b02호","피해일시":"20250813 - 1200","F_SHIM":0.1,"F_AREA":204.97508156,"F_AVR_HGT":"14.68515453338623","ADM_CD":"1138010700","F_YR":"2025","F_ZONE_NM":"서울특별시 은평구 응암동 577-75 동명하이츠빌라 b02호","TYPE":"주택","TYPE2":"재난지원금"},"geometry":{"type":"Polygon","coordinates":[[[126.91725756597394,37.591833818751155],[126.91723615264407,37.591745236699765],[126.91721360963426,37.59165440137535],[126.91719379234866,37.59165663968103],[126.91710240341432,37.591669548534895],[126.91712415329563,37.59176074370693],[126.91714465894879,37.59185085680297],[126.91725756597394,37.591833818751155]]]}},{"type":"Feature","properties":{"PNU":1138010700105840000,"피해위치(":"서울특별시 은평구 응암동 584-31 반지하","피해일시":"20250823 - 1823","F_SHIM":0.1,"F_AREA":127.92207013,"F_AVR_HGT":"14.33714256286621","ADM_CD":"1138010700","F_YR":"2025","F_ZONE_NM":"서울특별시 은평구 응암동 584-31 반지하","TYPE":"주택","TYPE2":"재난지원금"},"geometry":{"type":"Polygon","coordinates":[[[126.91584730607136,37.59184404791721],[126.91586701123101,37.59184092679168],[126.91595013457584,37.59182837329707],[126.91595580584612,37.591819727958246],[126.91596589999448,37.591804959131174],[126.9159460683303,37.59172079281587],[126.91586713471834,37.591733169151254],[126.91582362517379,37.591739804856424],[126.91582454929848,37.59174358966168],[126.91583930708319,37.59180901183954],[126.91584730607136,37.59184404791721]]]}},{"type":"Feature","properties":{"PNU":1138010700105880000,"피해위치(":"서울특별시 은평구 응암동 588-5","피해일시":"20250813 - 1103","F_SHIM":0.1,"F_AREA":143.49264447,"F_AVR_HGT":"14.08445987701416","ADM_CD":"1138010700","F_YR":"2025","F_ZONE_NM":"서울특별시 은평구 응암동 588-5","TYPE":"주택","TYPE2":"재난지원금"},"geometry":{"type":"Polygon","coordinates":[[[126.91514437227248,37.59058550908116],[126.91519917879971,37.59048283693294],[126.91507387972784,37.59044697615253],[126.91502156464003,37.59054910947808],[126.91514437227248,37.59058550908116]]]}},{"type":"Feature","properties":{"PNU":1138010700105890000,"피해위치(":"서울특별시 은평구 응암동 589-15 지층","피해일시":"20250813 - 1200","F_SHIM":0.1,"F_AREA":181.38401957,"F_AVR_HGT":"14.323570823669433","ADM_CD":"1138010700","F_YR":"2025","F_ZONE_NM":"서울특별시 은평구 응암동 589-15 지층","TYPE":"주택","TYPE2":"재난지원금"},"geometry":{"type":"Polygon","coordinates":[[[126.91590928391045,37.59052191621108],[126.9158686221932,37.59043512190046],[126.91584637000118,37.59038870504667],[126.91578124205734,37.59040911010999],[126.91572381577367,37.590427448470734],[126.91574482542094,37.59047125158917],[126.9157897891675,37.5905584094601],[126.91586850862524,37.59053423012021],[126.91590928391045,37.59052191621108]]]}},{"type":"Feature","properties":{"PNU":1138010700105840000,"피해위치(":"서울특별시 은평구 응암동 584-3 지층","피해일시":"20250813 - 1200","F_SHIM":0.1,"F_AREA":111.20500978,"F_AVR_HGT":"14.68515453338623","ADM_CD":"1138010700","F_YR":"2025","F_ZONE_NM":"서울특별시 은평구 응암동 584-3 지층","TYPE":"주택","TYPE2":"재난지원금"},"geometry":{"type":"Polygon","coordinates":[[[126.91654102670748,37.59176573125726],[126.91651915344812,37.59168408632386],[126.91638620167979,37.59170426266027],[126.91640716867344,37.59178617725981],[126.91654102670748,37.59176573125726]]]}},{"type":"Feature","properties":{"PNU":1138010700105840000,"피해위치(":"서울특별시 은평구 응암동 584-33 지층 1302호","피해일시":"20250822 - 1848","F_SHIM":0.1,"F_AREA":146.71358202,"F_AVR_HGT":"14.33714256286621","ADM_CD":"1138010700","F_YR":"2025","F_ZONE_NM":"서울특별시 은평구 응암동 584-33 지층 1302호","TYPE":"주택","TYPE2":"재난지원금"},"geometry":{"type":"Polygon","coordinates":[[[126.9159460683303,37.59172079281587],[126.91607698122974,37.5917014263855],[126.91607043908354,37.5916795277294],[126.9159507347827,37.59169971316428],[126.91592920186874,37.59161806836773],[126.91593905427285,37.591616633936155],[126.9159357864729,37.59160284650571],[126.91586724127211,37.59164018764049],[126.91584435514869,37.59165260461639],[126.91580645713519,37.59167311053775],[126.91581181154768,37.59169393617464],[126.91582362517379,37.591739804856424],[126.91586713471834,37.591733169151254],[126.9159460683303,37.59172079281587]]]}},{"type":"Feature","properties":{"PNU":1138010700105840000,"피해위치(":"서울특별시 은평구 응암동 584-22 지층 우측","피해일시":"20250813 - 1200","F_SHIM":0.1,"F_AREA":155.68371671,"F_AVR_HGT":"14.33714256286621","ADM_CD":"1138010700","F_YR":"2025","F_ZONE_NM":"서울특별시 은평구 응암동 584-22 지층 우측","TYPE":"주택","TYPE2":"재난지원금"},"geometry":{"type":"Polygon","coordinates":[[[126.91623420892078,37.59164162462635],[126.91621650332236,37.59157935381103],[126.91620200543339,37.59158357795983],[126.91608908114378,37.59161584162655],[126.91611964213968,37.591723981866764],[126.91625021778546,37.591702452637755],[126.91623420892078,37.59164162462635]]]}},{"type":"Feature","properties":{"PNU":1138010700105890000,"피해위치(":"서울특별시 은평구 응암동 589-28 지하 1층","피해일시":"20250813 - 1200","F_SHIM":0.1,"F_AREA":184.75268371,"F_AVR_HGT":"14.323570823669433","ADM_CD":"1138010700","F_YR":"2025","F_ZONE_NM":"서울특별시 은평구 응암동 589-28 지하 1층","TYPE":"주택","TYPE2":"재난지원금"},"geometry":{"type":"Polygon","coordinates":[[[126.91574482542094,37.59047125158917],[126.91572381577367,37.590427448470734],[126.91570065663113,37.59038211211174],[126.91552294444126,37.59043577155753],[126.91552303859308,37.5904523497422],[126.91555284551093,37.5905258917937],[126.91574482542094,37.59047125158917]]]}},{"type":"Feature","properties":{"PNU":1138010700103670000,"피해위치(":"서울특별시 은평구 응암동 367-5 지층 우측","피해일시":"20250813 - 1200","F_SHIM":0.1,"F_AREA":152.20303103,"F_AVR_HGT":"15.874965286254882","ADM_CD":"1138010700","F_YR":"2025","F_ZONE_NM":"서울특별시 은평구 응암동 367-5 지층 우측","TYPE":"주택","TYPE2":"재난지원금"},"geometry":{"type":"Polygon","coordinates":[[[126.91830589640266,37.591587458452835],[126.91832229960696,37.5915905153425],[126.91838393942126,37.591540536116305],[126.91842916845364,37.5914942573628],[126.91835072318509,37.59147537154392],[126.9182702405761,37.59145585354694],[126.91824399062072,37.59154070776388],[126.91822903123331,37.5915425892767],[126.91822935700587,37.59156523124494],[126.91830589640266,37.591587458452835]]]}},{"type":"Feature","properties":{"PNU":1138010700105840000,"피해위치(":"서울특별시 은평구 응암동 584-20 지층 좌","피해일시":"20250813 - 1100","F_SHIM":0.1,"F_AREA":145.97073379,"F_AVR_HGT":"14.33714256286621","ADM_CD":"1138010700","F_YR":"2025","F_ZONE_NM":"서울특별시 은평구 응암동 584-20 지층 좌","TYPE":"주택","TYPE2":"재난지원금"},"geometry":{"type":"Polygon","coordinates":[[[126.91620200543339,37.59158357795983],[126.91621650332236,37.59157935381103],[126.91630632119306,37.591554101022396],[126.91623242271544,37.59142088215622],[126.91614146108236,37.59145631518592],[126.91620200543339,37.59158357795983]]]}},{"type":"Feature","properties":{"PNU":1138010700105840000,"피해위치(":"서울특별시 은평구 응암동 584-7 지층 나호","피해일시":"20250813 - 1200","F_SHIM":0.1,"F_AREA":182.4410472,"F_AVR_HGT":"14.33714256286621","ADM_CD":"1138010700","F_YR":"2025","F_ZONE_NM":"서울특별시 은평구 응암동 584-7 지층 나호","TYPE":"주택","TYPE2":"재난지원금"},"geometry":{"type":"Polygon","coordinates":[[[126.91634516994907,37.59154367764153],[126.9163295032887,37.59148059742731],[126.91633757730649,37.59144996978384],[126.91641928984242,37.591383265775626],[126.91643956603623,37.59137571212248],[126.9164287427393,37.59133488972605],[126.91634378909416,37.59136438074579],[126.91622360778811,37.59140618974081],[126.91623242271544,37.59142088215622],[126.91630632119306,37.591554101022396],[126.91634516994907,37.59154367764153]]]}},{"type":"Feature","properties":{"PNU":1138010700105880000,"피해위치(":"서울특별시 은평구 응암동 588-9 지층","피해일시":"20250813 - 1200","F_SHIM":0.1,"F_AREA":177.83481862,"F_AVR_HGT":"14.16219482421875","ADM_CD":"1138010700","F_YR":"2025","F_ZONE_NM":"서울특별시 은평구 응암동 588-9 지층","TYPE":"주택","TYPE2":"재난지원금"},"geometry":{"type":"Polygon","coordinates":[[[126.91503667093629,37.590410368924225],[126.9151729498662,37.590448760533256],[126.91521608699195,37.590352206533254],[126.91520012516169,37.590349672105354],[126.91517863549194,37.59032965453121],[126.91519009890699,37.590305696725416],[126.91514799511322,37.59029188086147],[126.91508253801612,37.59030309525595],[126.91503667093629,37.590410368924225]]]}},{"type":"Feature","properties":{"PNU":1138010700105890000,"피해위치(":"서울특별시 은평구 응암동 589-27 지층101호","피해일시":"20250813 - 1100","F_SHIM":0.1,"F_AREA":156.92854291,"F_AVR_HGT":"14.502810096740722","ADM_CD":"1138010700","F_YR":"2025","F_ZONE_NM":"서울특별시 은평구 응암동 589-27 지층101호","TYPE":"주택","TYPE2":"재난지원금"},"geometry":{"type":"Polygon","coordinates":[[[126.91570065663113,37.59038211211174],[126.91566191095052,37.59030324778543],[126.91565592295979,37.59029198112257],[126.91552600947209,37.59033044869321],[126.91552294444126,37.59043577155753],[126.91570065663113,37.59038211211174]]]}},{"type":"Feature","properties":{"PNU":1138010700101260000,"피해위치(":"서울특별시 은평구 응암동 126-17 지하1층","피해일시":"20250822 - 1719","F_SHIM":0.1,"F_AREA":68.23127842,"F_AVR_HGT":"16.044334983825685","ADM_CD":"1138010700","F_YR":"2025","F_ZONE_NM":"서울특별시 은평구 응암동 126-17 지하1층","TYPE":"주택","TYPE2":"재난지원금"},"geometry":{"type":"Polygon","coordinates":[[[126.91586356488183,37.594848048907224],[126.91591317017519,37.594839615645064],[126.91589141035367,37.59475761032676],[126.91586366298435,37.59476245550785],[126.91581054693006,37.594771426790494],[126.9158315138365,37.59485361174465],[126.91586356488183,37.594848048907224]]]}},{"type":"Feature","properties":{"PNU":1138010700103760000,"피해위치(":"서울특별시 은평구 응암동 376-22 지층 좌측","피해일시":"20250813 - 1200","F_SHIM":0.1,"F_AREA":152.74208228,"F_AVR_HGT":"15.874965286254882","ADM_CD":"1138010700","F_YR":"2025","F_ZONE_NM":"서울특별시 은평구 응암동 376-22 지층 좌측","TYPE":"주택","TYPE2":"재난지원금"},"geometry":{"type":"Polygon","coordinates":[[[126.91796015716024,37.59141554064472],[126.91805290294924,37.591403893463614],[126.91803763372778,37.59128783586915],[126.91803753287898,37.59127675368903],[126.9179137611528,37.591290180856554],[126.91793535798287,37.591417775548344],[126.91796015716024,37.59141554064472]]]}},{"type":"Feature","properties":{"PNU":1138010700102410000,"피해위치(":"서울특별시 은평구 응암동 241-45 지층","피해일시":"20250813 - 1200","F_SHIM":0.1,"F_AREA":221.64883215,"F_AVR_HGT":"56.33195266723633","ADM_CD":"1138010700","F_YR":"2025","F_ZONE_NM":"서울특별시 은평구 응암동 241-45 지층","TYPE":"주택","TYPE2":"재난지원금"},"geometry":{"type":"Polygon","coordinates":[[[126.92287030149734,37.593336181916335],[126.92289396725762,37.593335476895014],[126.92286200717878,37.59325571850269],[126.92284417135033,37.59320399012392],[126.92266772009606,37.5932415335232],[126.92269546718335,37.59334336326709],[126.92287030149734,37.593336181916335]]]}},{"type":"Feature","properties":{"PNU":1138010700101260000,"피해위치(":"서울특별시 은평구 응암동 126-44 지층","피해일시":"20250813 - 1200","F_SHIM":0.1,"F_AREA":119.50736068,"F_AVR_HGT":"16.044334983825685","ADM_CD":"1138010700","F_YR":"2025","F_ZONE_NM":"서울특별시 은평구 응암동 126-44 지층","TYPE":"주택","TYPE2":"재난지원금"},"geometry":{"type":"Polygon","coordinates":[[[126.91574553645214,37.59458748874962],[126.91581915183754,37.59457456805168],[126.91580067166964,37.59449625912835],[126.91565106543841,37.59452011656292],[126.91567350659379,37.594600140259544],[126.91574553645214,37.59458748874962]]]}},{"type":"Feature","properties":{"PNU":1138010700105860000,"피해위치(":"서울특별시 은평구 응암동 586-27 대양빌라지하 101호","피해일시":"20250822 - 1343","F_SHIM":0.1,"F_AREA":218.11622935,"F_AVR_HGT":"14.08445987701416","ADM_CD":"1138010700","F_YR":"2025","F_ZONE_NM":"서울특별시 은평구 응암동 586-27 대양빌라지하 101호","TYPE":"주택","TYPE2":"재난지원금"},"geometry":{"type":"Polygon","coordinates":[[[126.91493772058092,37.59098944924102],[126.91493040138263,37.59095448567432],[126.9149088724067,37.590870588223574],[126.9147688964175,37.59089526251013],[126.91479054202398,37.590976096724425],[126.91481872417475,37.5910833345798],[126.91493772058092,37.59098944924102]]]}},{"type":"Feature","properties":{"PNU":1138010700101190000,"피해위치(":"서울특별시 은평구 응암동 119-20 지층 우측","피해일시":"20250822 - 2042","F_SHIM":0.1,"F_AREA":109.92356965,"F_AVR_HGT":"17.255838012695314","ADM_CD":"1138010700","F_YR":"2025","F_ZONE_NM":"서울특별시 은평구 응암동 119-20 지층 우측","TYPE":"주택","TYPE2":"재난지원금"},"geometry":{"type":"Polygon","coordinates":[[[126.91810844299363,37.59540934776961],[126.91812133263039,37.5954262953732],[126.91821457135563,37.5953832040884],[126.91818076710669,37.59533623896858],[126.91818405437121,37.59533308784606],[126.91816675489292,37.5953105510353],[126.91815499528042,37.59529567649726],[126.91805507670621,37.59533804222545],[126.91810844299363,37.59540934776961]]]}},{"type":"Feature","properties":{"PNU":1138010700101260000,"피해위치(":"서울특별시 은평구 응암동 126-29","피해일시":"20250813 - 1200","F_SHIM":0.1,"F_AREA":103.776899,"F_AVR_HGT":"16.183070755004884","ADM_CD":"1138010700","F_YR":"2025","F_ZONE_NM":"서울특별시 은평구 응암동 126-29","TYPE":"소상공인","TYPE2":"재난지원금"},"geometry":{"type":"Polygon","coordinates":[[[126.91640791085408,37.59441560998534],[126.91646210585834,37.59435375145164],[126.91645511823785,37.594325005027386],[126.9163791843723,37.59428611787157],[126.91631613636133,37.59436635005091],[126.91640791085408,37.59441560998534]]]}},{"type":"Feature","properties":{"PNU":1138010700105780100,"피해위치(":"서울특별시 은평구 응암동 578-66 지층","피해일시":"20250813 - 1200","F_SHIM":0.1,"F_AREA":185.01343676,"F_AVR_HGT":"15.545175170898437","ADM_CD":"1138010700","F_YR":"2025","F_ZONE_NM":"서울특별시 은평구 응암동 578-66 지층","TYPE":"주택","TYPE2":"재난지원금"},"geometry":{"type":"Polygon","coordinates":[[[126.91707792865245,37.59288784199535],[126.91704451185828,37.59280024242023],[126.91684960541194,37.59283506096244],[126.91687090332336,37.59292544495302],[126.91707792865245,37.59288784199535]]]}},{"type":"Feature","properties":{"PNU":1138010700105850000,"피해위치(":"서울특별시 은평구 응암동 585-30 102호","피해일시":"20250813 - 1100","F_SHIM":0.1,"F_AREA":119.1102078,"F_AVR_HGT":"14.08445987701416","ADM_CD":"1138010700","F_YR":"2025","F_ZONE_NM":"서울특별시 은평구 응암동 585-30 102호","TYPE":"주택","TYPE2":"재난지원금"},"geometry":{"type":"Polygon","coordinates":[[[126.91536718000262,37.59099598025394],[126.91545455036793,37.59093261468041],[126.91536688557346,37.590858489805306],[126.91527770204543,37.59092320546682],[126.91529003224545,37.59093312530408],[126.91536718000262,37.59099598025394]]]}},{"type":"Feature","properties":{"PNU":1138010700105850000,"피해위치(":"서울특별시 은평구 응암동 585-19 B-1","피해일시":"20250813 - 1200","F_SHIM":0.1,"F_AREA":154.59969955,"F_AVR_HGT":"14.323570823669433","ADM_CD":"1138010700","F_YR":"2025","F_ZONE_NM":"서울특별시 은평구 응암동 585-19 B-1","TYPE":"주택","TYPE2":"재난지원금"},"geometry":{"type":"Polygon","coordinates":[[[126.91566102990446,37.590971687575035],[126.91576268445247,37.590892655031524],[126.91567502715961,37.5908117730062],[126.91556544484419,37.59089251157342],[126.91566102990446,37.590971687575035]]]}},{"type":"Feature","properties":{"PNU":1138010700105780000,"피해위치(":"서울특별시 은평구 응암동 578-24 B01호","피해일시":"20250813 - 1200","F_SHIM":0.1,"F_AREA":146.20329797,"F_AVR_HGT":"14.942345237731933","ADM_CD":"1138010700","F_YR":"2025","F_ZONE_NM":"서울특별시 은평구 응암동 578-24 B01호","TYPE":"주택","TYPE2":"재난지원금"},"geometry":{"type":"Polygon","coordinates":[[[126.91730336251331,37.59269149838929],[126.91737380252034,37.59268109720685],[126.91735140131033,37.59256449387448],[126.91722546989077,37.592583324681705],[126.91725058941432,37.59269902899388],[126.91730336251331,37.59269149838929]]]}},{"type":"Feature","properties":{"PNU":1138010700105790100,"피해위치(":"서울특별시 은평구 응암동 579-66 지층","피해일시":"20250813 - 1200","F_SHIM":0.1,"F_AREA":151.83531238,"F_AVR_HGT":"15.622659301757812","ADM_CD":"1138010700","F_YR":"2025","F_ZONE_NM":"서울특별시 은평구 응암동 579-66 지층","TYPE":"소상공인","TYPE2":"재난지원금"},"geometry":{"type":"Polygon","coordinates":[[[126.91548205679535,37.59422438966517],[126.91561883170071,37.59420201873967],[126.91559255097255,37.594093512127884],[126.91552098742845,37.59410475835044],[126.91545544851114,37.594115342194236],[126.91548205679535,37.59422438966517]]]}},{"type":"Feature","properties":{"PNU":1138010700105780100,"피해위치(":"서울특별시 은평구 응암동 578-63 지하","피해일시":"20250822 - 1851","F_SHIM":0.1,"F_AREA":107.22118265,"F_AVR_HGT":"14.942345237731933","ADM_CD":"1138010700","F_YR":"2025","F_ZONE_NM":"서울특별시 은평구 응암동 578-63 지하","TYPE":"주택","TYPE2":"재난지원금"},"geometry":{"type":"Polygon","coordinates":[[[126.91685461587821,37.59261008879482],[126.91689031757384,37.59247947167973],[126.91677401968747,37.592490290152014],[126.91680082342839,37.592617888762554],[126.91685461587821,37.59261008879482]]]}},{"type":"Feature","properties":{"PNU":1138010700105780000,"피해위치(":"서울특별시 은평구 응암동 578-28 지층 1호","피해일시":"20250813 - 1200","F_SHIM":0.1,"F_AREA":173.83149217,"F_AVR_HGT":"14.942345237731933","ADM_CD":"1138010700","F_YR":"2025","F_ZONE_NM":"서울특별시 은평구 응암동 578-28 지층 1호","TYPE":"주택","TYPE2":"재난지원금"},"geometry":{"type":"Polygon","coordinates":[[[126.91702935595951,37.59258507653819],[126.91700367230486,37.59246793019811],[126.91698657186997,37.592470530807496],[126.91696777412982,37.5924721391159],[126.91689031757384,37.59247947167973],[126.91685461587821,37.59261008879482],[126.91701927668582,37.59258678119334],[126.91702935595951,37.59258507653819]]]}},{"type":"Feature","properties":{"PNU":1138010700105780000,"피해위치(":"서울특별시 은평구 응암동 578-30 지하 좌측","피해일시":"20250824 - 0923","F_SHIM":0.1,"F_AREA":188.19333439,"F_AVR_HGT":"14.942345237731933","ADM_CD":"1138010700","F_YR":"2025","F_ZONE_NM":"서울특별시 은평구 응암동 578-30 지하 좌측","TYPE":"주택","TYPE2":"재난지원금"},"geometry":{"type":"Polygon","coordinates":[[[126.91717827464502,37.59256464059549],[126.91716788289041,37.592441919113405],[126.91710423718665,37.59245196463885],[126.91700367230486,37.59246793019811],[126.91702935595951,37.59258507653819],[126.91717827464502,37.59256464059549]]]}},{"type":"Feature","properties":{"PNU":1138010700105770000,"피해위치(":"서울특별시 은평구 응암동 577-34 지층","피해일시":"20250813 - 1200","F_SHIM":0.1,"F_AREA":106.62066153,"F_AVR_HGT":"14.737551307678222","ADM_CD":"1138010700","F_YR":"2025","F_ZONE_NM":"서울특별시 은평구 응암동 577-34 지층","TYPE":"소상공인","TYPE2":"재난지원금"},"geometry":{"type":"Polygon","coordinates":[[[126.91702081799458,37.590822835068344],[126.91699307396638,37.590725959368214],[126.91695026639329,37.590733226682],[126.9168850362416,37.590743901646945],[126.91691244198853,37.59083942565286],[126.91702081799458,37.590822835068344]]]}},{"type":"Feature","properties":{"PNU":1138010700105830000,"피해위치(":"서울특별시 은평구 응암동 583-1 지하 뒤","피해일시":"20250822 - 1618","F_SHIM":0.1,"F_AREA":136.91871193,"F_AVR_HGT":"14.942345237731933","ADM_CD":"1138010700","F_YR":"2025","F_ZONE_NM":"서울특별시 은평구 응암동 583-1 지하 뒤","TYPE":"주택","TYPE2":"재난지원금"},"geometry":{"type":"Polygon","coordinates":[[[126.91651115105206,37.592448205367965],[126.9166608641468,37.59242605877947],[126.91668185770675,37.592385259282125],[126.91667250712116,37.59234353698909],[126.91650932321787,37.59236288084087],[126.9165030412479,37.59241071858167],[126.91651115105206,37.592448205367965]]]}},{"type":"Feature","properties":{"PNU":1138010700105780100,"피해위치(":"서울특별시 은평구 응암동 578-61 지층2호","피해일시":"20250813 - 1113","F_SHIM":0.1,"F_AREA":204.58734264,"F_AVR_HGT":"14.942345237731933","ADM_CD":"1138010700","F_YR":"2025","F_ZONE_NM":"서울특별시 은평구 응암동 578-61 지층2호","TYPE":"주택","TYPE2":"재난지원금"},"geometry":{"type":"Polygon","coordinates":[[[126.9169358572488,37.592360123904335],[126.91691604994487,37.592253343070915],[126.91672477869253,37.59227888387814],[126.91675024530129,37.59238729057906],[126.9169358572488,37.592360123904335]]]}},{"type":"Feature","properties":{"PNU":1138010700105780100,"피해위치(":"서울특별시 은평구 응암동 578-42 지하","피해일시":"20250813 - 1200","F_SHIM":0.1,"F_AREA":140.9972399,"F_AVR_HGT":"14.942345237731933","ADM_CD":"1138010700","F_YR":"2025","F_ZONE_NM":"서울특별시 은평구 응암동 578-42 지하","TYPE":"주택","TYPE2":"재난지원금"},"geometry":{"type":"Polygon","coordinates":[[[126.91707775577333,37.592339322663136],[126.91721319920022,37.59231941762538],[126.91719225496155,37.59221642015944],[126.91705896600033,37.592233713860715],[126.91707775577333,37.592339322663136]]]}},{"type":"Feature","properties":{"PNU":1138010700103510000,"피해위치(":"서울특별시 은평구 응암동 351-2 지층","피해일시":"20250813 - 1200","F_SHIM":0.1,"F_AREA":121.96964945,"F_AVR_HGT":"24.74740562438965","ADM_CD":"1138010700","F_YR":"2025","F_ZONE_NM":"서울특별시 은평구 응암동 351-2 지층","TYPE":"주택","TYPE2":"재난지원금"},"geometry":{"type":"Polygon","coordinates":[[[126.91968311600581,37.59070442937462],[126.9197985259149,37.590777939570444],[126.91984262686628,37.59072661397417],[126.91986044100291,37.59069211859047],[126.91973774943834,37.590650858656986],[126.91972439364906,37.59064643457877],[126.91971135367396,37.590663814544286],[126.91968311600581,37.59070442937462]]]}},{"type":"Feature","properties":{"PNU":1138010700105880000,"피해위치(":"서울특별시 은평구 응암동 588-2 101호 102호","피해일시":"20250824 - 0955","F_SHIM":0.1,"F_AREA":124.69429649,"F_AVR_HGT":"14.08445987701416","ADM_CD":"1138010700","F_YR":"2025","F_ZONE_NM":"서울특별시 은평구 응암동 588-2 101호 102호","TYPE":"주택","TYPE2":"재난지원금"},"geometry":{"type":"Polygon","coordinates":[[[126.91536667183578,37.590650992914256],[126.91526525612628,37.59062109626458],[126.91520764378235,37.59060420574193],[126.91516334439703,37.5906285900232],[126.91526093514685,37.59073515774883],[126.91536667183578,37.590650992914256]]]}},{"type":"Feature","properties":{"PNU":1138010700101230100,"피해위치(":"서울특별시 은평구 응암동 123-42 B02","피해일시":"20250822 - 1747","F_SHIM":0.1,"F_AREA":198.052178,"F_AVR_HGT":"16.607781982421876","ADM_CD":"1138010700","F_YR":"2025","F_ZONE_NM":"서울특별시 은평구 응암동 123-42 B02","TYPE":"주택","TYPE2":"재난지원금"},"geometry":{"type":"Polygon","coordinates":[[[126.91705162551135,37.59512199327801],[126.91701780097469,37.59499357886689],[126.91686671895071,37.59502022983335],[126.91690031810109,37.59514747284649],[126.91705162551135,37.59512199327801]]]}},{"type":"Feature","properties":{"PNU":1138010700101180000,"피해위치(":"서울특별시 은평구 응암동 118-76 지층2호","피해일시":"20250813 - 1240","F_SHIM":0.1,"F_AREA":223.58750763,"F_AVR_HGT":"16.74842987060547","ADM_CD":"1138010700","F_YR":"2025","F_ZONE_NM":"서울특별시 은평구 응암동 118-76 지층2호","TYPE":"주택","TYPE2":"재난지원금"},"geometry":{"type":"Polygon","coordinates":[[[126.91713136354225,37.59750875607019],[126.9170943766608,37.59737196032513],[126.9169303785234,37.59740076448115],[126.91695800435461,37.59750412708333],[126.91700519410254,37.59753037950083],[126.91713136354225,37.59750875607019]]]}},{"type":"Feature","properties":{"PNU":1138010700101200000,"피해위치(":"서울특별시 은평구 응암동 120-49 지층 2호","피해일시":"20250822 - 1703","F_SHIM":0.1,"F_AREA":172.24888017,"F_AVR_HGT":"17.255838012695314","ADM_CD":"1138010700","F_YR":"2025","F_ZONE_NM":"서울특별시 은평구 응암동 120-49 지층 2호","TYPE":"주택","TYPE2":"재난지원금"},"geometry":{"type":"Polygon","coordinates":[[[126.91769510055465,37.59574998722394],[126.91762436275599,37.595619654713815],[126.91754641726646,37.5956561792296],[126.91753745068422,37.59567500341126],[126.91756855274589,37.59580882162543],[126.91769510055465,37.59574998722394]]]}},{"type":"Feature","properties":{"PNU":1138010700101130000,"피해위치(":"서울특별시 은평구 응암동 113-7 B102호","피해일시":"20250813 - 1212","F_SHIM":0.1,"F_AREA":147.85279588,"F_AVR_HGT":"16.728658294677736","ADM_CD":"1138010700","F_YR":"2025","F_ZONE_NM":"서울특별시 은평구 응암동 113-7 B102호","TYPE":"주택","TYPE2":"재난지원금"},"geometry":{"type":"Polygon","coordinates":[[[126.9170723800064,37.59819913749505],[126.91704791135736,37.59810730977868],[126.91689206995275,37.59813143460054],[126.91691710205315,37.59822551521102],[126.9170723800064,37.59819913749505]]]}},{"type":"Feature","properties":{"PNU":1138010700101110000,"피해위치(":"서울특별시 은평구 응암동 111-24 B01호","피해일시":"20250813 - 1200","F_SHIM":0.1,"F_AREA":110.85402512,"F_AVR_HGT":"17.26572380065918","ADM_CD":"1138010700","F_YR":"2025","F_ZONE_NM":"서울특별시 은평구 응암동 111-24 B01호","TYPE":"주택","TYPE2":"재난지원금"},"geometry":{"type":"Polygon","coordinates":[[[126.917385023754,37.59890663267831],[126.91742035995273,37.59880079232451],[126.91728801811489,37.598771145704056],[126.91731947412336,37.59889307118684],[126.917385023754,37.59890663267831]]]}},{"type":"Feature","properties":{"PNU":1138010700101170000,"피해위치(":"서울특별시 은평구 응암동 117-27 지하 좌측","피해일시":"20250813 - 1200","F_SHIM":0.1,"F_AREA":124.95382624,"F_AVR_HGT":"18.079331970214845","ADM_CD":"1138010700","F_YR":"2025","F_ZONE_NM":"서울특별시 은평구 응암동 117-27 지하 좌측","TYPE":"주택","TYPE2":"재난지원금"},"geometry":{"type":"Polygon","coordinates":[[[126.91886941203529,37.59670054224575],[126.91897568227131,37.59664989123126],[126.91891270138416,37.59656767746295],[126.91880065755267,37.59661715309677],[126.91886159604634,37.596703059526796],[126.91886941203529,37.59670054224575]]]}},{"type":"Feature","properties":{"PNU":1138010700101110000,"피해위치(":"서울특별시 은평구 응암동 111-27 B02호","피해일시":"20250813 - 1200","F_SHIM":0.1,"F_AREA":169.13908501,"F_AVR_HGT":"17.26572380065918","ADM_CD":"1138010700","F_YR":"2025","F_ZONE_NM":"서울특별시 은평구 응암동 111-27 B02호","TYPE":"주택","TYPE2":"재난지원금"},"geometry":{"type":"Polygon","coordinates":[[[126.91742035995273,37.59880079232451],[126.91745512732814,37.59869720401134],[126.91730885995663,37.59866529503681],[126.91726839853051,37.59869680057874],[126.91728801811489,37.598771145704056],[126.91742035995273,37.59880079232451]]]}},{"type":"Feature","properties":{"PNU":1138010700101130000,"피해위치(":"서울특별시 은평구 응암동 113-31 B02호","피해일시":"20250813 - 1200","F_SHIM":0.1,"F_AREA":153.42402122,"F_AVR_HGT":"16.728658294677736","ADM_CD":"1138010700","F_YR":"2025","F_ZONE_NM":"서울특별시 은평구 응암동 113-31 B02호","TYPE":"주택","TYPE2":"재난지원금"},"geometry":{"type":"Polygon","coordinates":[[[126.91680447163743,37.59795002182167],[126.91680148483992,37.59793769422472],[126.91682214313285,37.597934240264024],[126.91680061923614,37.59785221730532],[126.91678888586088,37.5978540378795],[126.91663961108578,37.5978795185581],[126.91666453983807,37.59797450914492],[126.91680447163743,37.59795002182167]]]}},{"type":"Feature","properties":{"PNU":1138010700101130000,"피해위치(":"서울특별시 은평구 응암동 113-32 영빈빌라 라동 b01호","피해일시":"20250813 - 1200","F_SHIM":0.1,"F_AREA":145.31602068,"F_AVR_HGT":"16.728658294677736","ADM_CD":"1138010700","F_YR":"2025","F_ZONE_NM":"서울특별시 은평구 응암동 113-32 영빈빌라 라동 b01호","TYPE":"주택","TYPE2":"재난지원금"},"geometry":{"type":"Polygon","coordinates":[[[126.91699512229663,37.59790530754576],[126.91697338380297,37.59782263575627],[126.9168305642459,37.59784758071011],[126.91680061923614,37.59785221730532],[126.91682214313285,37.597934240264024],[126.91699512229663,37.59790530754576]]]}},{"type":"Feature","properties":{"PNU":1138010700101130000,"피해위치(":"서울특별시 은평구 응암동 113-3 지하 1호","피해일시":"20250813 - 1200","F_SHIM":0.1,"F_AREA":220.286551,"F_AVR_HGT":"16.728658294677736","ADM_CD":"1138010700","F_YR":"2025","F_ZONE_NM":"서울특별시 은평구 응암동 113-3 지하 1호","TYPE":"주택","TYPE2":"재난지원금"},"geometry":{"type":"Polygon","coordinates":[[[126.91697338380297,37.59782263575627],[126.91693448611436,37.59767340502797],[126.91679064995077,37.59769636704215],[126.9168305642459,37.59784758071011],[126.91697338380297,37.59782263575627]]]}},{"type":"Feature","properties":{"PNU":1138010700101190000,"피해위치(":"서울특별시 은평구 응암동 119-8 지층 4호","피해일시":"20250813 - 1200","F_SHIM":0.1,"F_AREA":149.55382168,"F_AVR_HGT":"17.255838012695314","ADM_CD":"1138010700","F_YR":"2025","F_ZONE_NM":"서울특별시 은평구 응암동 119-8 지층 4호","TYPE":"주택","TYPE2":"재난지원금"},"geometry":{"type":"Polygon","coordinates":[[[126.91837070633252,37.59600562367425],[126.91830388834951,37.59591295545818],[126.91818107825696,37.59597107236285],[126.9182482358408,37.596063740887075],[126.91837070633252,37.59600562367425]]]}},{"type":"Feature","properties":{"PNU":1138010800100640100,"피해위치(":"서울특별시 은평구 역촌동 64-66 지층 101호","피해일시":"20250813 - 1200","F_SHIM":0.1,"F_AREA":181.32703205,"F_AVR_HGT":"18.932853317260744","ADM_CD":"1138010800","F_YR":"2025","F_ZONE_NM":"서울특별시 은평구 역촌동 64-66 지층 101호","TYPE":"주택","TYPE2":"재난지원금"},"geometry":{"type":"Polygon","coordinates":[[[126.91374337184718,37.6035547643414],[126.91390031544316,37.60356695412045],[126.91391460843103,37.603449836998706],[126.91375868428328,37.60343764799654],[126.91374337184718,37.6035547643414]]]}},{"type":"Feature","properties":{"PNU":1138010800100180000,"피해위치(":"서울특별시 은평구 역촌동 18-15 B01호","피해일시":"20250813 - 1200","F_SHIM":0.1,"F_AREA":176.64266807,"F_AVR_HGT":"21.42680130004883","ADM_CD":"1138010800","F_YR":"2025","F_ZONE_NM":"서울특별시 은평구 역촌동 18-15 B01호","TYPE":"주택","TYPE2":"재난지원금"},"geometry":{"type":"Polygon","coordinates":[[[126.9206853314593,37.606460615763346],[126.92080032211136,37.60642150174044],[126.92079704517778,37.60641474213316],[126.9207369172648,37.606302979206575],[126.92060663272868,37.60634703808655],[126.92067287098506,37.60646340027322],[126.9206853314593,37.606460615763346]]]}},{"type":"Feature","properties":{"PNU":1138010800100100100,"피해위치(":"서울특별시 은평구 역촌동 10-90 지하1호","피해일시":"20250813 - 1200","F_SHIM":0.1,"F_AREA":186.34969985,"F_AVR_HGT":"18.792609786987306","ADM_CD":"1138010800","F_YR":"2025","F_ZONE_NM":"서울특별시 은평구 역촌동 10-90 지하1호","TYPE":"주택","TYPE2":"재난지원금"},"geometry":{"type":"Polygon","coordinates":[[[126.91651948877332,37.60642074882199],[126.9166759876935,37.606431312819566],[126.91669039341078,37.606311312355146],[126.9166874498493,37.60631049935553],[126.91653491521362,37.60629966793301],[126.91651948877332,37.60642074882199]]]}},{"type":"Feature","properties":{"PNU":1138010800100630000,"피해위치(":"서울특별시 은평구 역촌동 63-58 101호","피해일시":"20250813 - 1200","F_SHIM":0.1,"F_AREA":205.08146539,"F_AVR_HGT":"18.482789611816408","ADM_CD":"1138010800","F_YR":"2025","F_ZONE_NM":"서울특별시 은평구 역촌동 63-58 101호","TYPE":"주택","TYPE2":"재난지원금"},"geometry":{"type":"Polygon","coordinates":[[[126.91499110151295,37.60346243397558],[126.91500484157078,37.60333234216424],[126.91484733237412,37.60331988314346],[126.9148309861554,37.60345105420154],[126.91499110151295,37.60346243397558]]]}},{"type":"Feature","properties":{"PNU":1138010800100650000,"피해위치(":"서울특별시 은평구 역촌동 65-2 지하02","피해일시":"20250813 - 1200","F_SHIM":0.1,"F_AREA":142.46498992,"F_AVR_HGT":"18.482789611816408","ADM_CD":"1138010800","F_YR":"2025","F_ZONE_NM":"서울특별시 은평구 역촌동 65-2 지하02","TYPE":"주택","TYPE2":"재난지원금"},"geometry":{"type":"Polygon","coordinates":[[[126.91461062625824,37.60334079207693],[126.91475307745405,37.603350177004124],[126.91476497062878,37.6032505370725],[126.91462218313609,37.60323835886596],[126.91461062625824,37.60334079207693]]]}},{"type":"Feature","properties":{"PNU":1138010800100600000,"피해위치(":"서울특별시 은평구 역촌동 60-2 1층","피해일시":"20250813 - 1200","F_SHIM":0.1,"F_AREA":237.94217373,"F_AVR_HGT":"19.402757263183595","ADM_CD":"1138010800","F_YR":"2025","F_ZONE_NM":"서울특별시 은평구 역촌동 60-2 1층","TYPE":"소상공인","TYPE2":"재난지원금"},"geometry":{"type":"Polygon","coordinates":[[[126.91421940648019,37.60514670285165],[126.91437612658335,37.60515925222414],[126.91439257745543,37.60503646048078],[126.91439326870841,37.60502636998907],[126.9143945351294,37.605008621572225],[126.91423532621391,37.60499408822236],[126.91423337721844,37.605014448981464],[126.91421940648019,37.60514670285165]]]}},{"type":"Feature","properties":{"PNU":1138010800100610000,"피해위치(":"서울특별시 은평구 역촌동 61-17 B01호","피해일시":"20250813 - 1200","F_SHIM":0.1,"F_AREA":183.44461619,"F_AVR_HGT":"19.127429580688478","ADM_CD":"1138010800","F_YR":"2025","F_ZONE_NM":"서울특별시 은평구 역촌동 61-17 B01호","TYPE":"주택","TYPE2":"재난지원금"},"geometry":{"type":"Polygon","coordinates":[[[126.91395846283625,37.60429508121832],[126.91396787436186,37.60418814158486],[126.91395532717235,37.60416840076118],[126.91382272956913,37.604156769737415],[126.91381723960518,37.60420289595933],[126.91380831385067,37.604281725289646],[126.91388361361378,37.60428943957495],[126.91392856814862,37.604293076875145],[126.91395846283625,37.60429508121832]]]}},{"type":"Feature","properties":{"PNU":1138010800100280000,"피해위치(":"서울특별시 은평구 역촌동 28-1 미성빌라 지층2호","피해일시":"20250813 - 1200","F_SHIM":0.1,"F_AREA":187.74451512,"F_AVR_HGT":"20.491168594360353","ADM_CD":"1138010800","F_YR":"2025","F_ZONE_NM":"서울특별시 은평구 역촌동 28-1 미성빌라 지층2호","TYPE":"주택","TYPE2":"재난지원금"},"geometry":{"type":"Polygon","coordinates":[[[126.9207833761813,37.60428733335624],[126.92096179947764,37.60423141416133],[126.92091128449526,37.60413308248264],[126.92080280365606,37.60412480940367],[126.92079092715373,37.60421634110195],[126.9207833761813,37.60428733335624]]]}},{"type":"Feature","properties":{"PNU":1138010800100600000,"피해위치(":"서울특별시 은평구 역촌동 60-19 b01","피해일시":"20250813 - 1200","F_SHIM":0.1,"F_AREA":336.14420267,"F_AVR_HGT":"19.127429580688478","ADM_CD":"1138010800","F_YR":"2025","F_ZONE_NM":"서울특별시 은평구 역촌동 60-19 b01","TYPE":"주택","TYPE2":"재난지원금"},"geometry":{"type":"Polygon","coordinates":[[[126.91389735983371,37.6051214168968],[126.91396484975243,37.60512624218797],[126.91403664203074,37.60513197161192],[126.91404867480404,37.605010888507735],[126.91406218470837,37.604885571877375],[126.91399412876494,37.60488074622206],[126.91397114191761,37.60487874701219],[126.91392426119315,37.604875648888246],[126.91389735983371,37.6051214168968]]]}},{"type":"Feature","properties":{"PNU":1138010800100600000,"피해위치(":"서울특별시 은평구 역촌동 60-27 나동 B02호","피해일시":"20250813 - 1200","F_SHIM":0.1,"F_AREA":338.97999793,"F_AVR_HGT":"19.127429580688478","ADM_CD":"1138010800","F_YR":"2025","F_ZONE_NM":"서울특별시 은평구 역촌동 60-27 나동 B02호","TYPE":"주택","TYPE2":"재난지원금"},"geometry":{"type":"Polygon","coordinates":[[[126.91375671997663,37.60510977982907],[126.9137682702682,37.60511059930121],[126.91383100335062,37.6051157815251],[126.91389735983371,37.6051214168968],[126.91392426119315,37.604875648888246],[126.91385790429193,37.60487055412063],[126.91382687722279,37.60486827861601],[126.91379800216829,37.604865734407994],[126.91378531954885,37.6048648239988],[126.91375671997663,37.60510977982907]]]}},{"type":"Feature","properties":{"PNU":1138010800100630000,"피해위치(":"서울특별시 은평구 역촌동 63-42 b01호","피해일시":"20250813 - 1200","F_SHIM":0.1,"F_AREA":183.64970496,"F_AVR_HGT":"18.75607261657715","ADM_CD":"1138010800","F_YR":"2025","F_ZONE_NM":"서울특별시 은평구 역촌동 63-42 b01호","TYPE":"주택","TYPE2":"재난지원금"},"geometry":{"type":"Polygon","coordinates":[[[126.91516084005536,37.6040639641228],[126.9151816128263,37.60392378644572],[126.91504822211803,37.6039126968077],[126.91503016668852,37.60405314674743],[126.91516084005536,37.6040639641228]]]}},{"type":"Feature","properties":{"PNU":1138010800100110100,"피해위치(":"서울특별시 은평구 역촌동 11-36 지층","피해일시":"20250813 - 1200","F_SHIM":0.1,"F_AREA":131.19520272,"F_AVR_HGT":"19.706746673583986","ADM_CD":"1138010800","F_YR":"2025","F_ZONE_NM":"서울특별시 은평구 역촌동 11-36 지층","TYPE":"주택","TYPE2":"재난지원금"},"geometry":{"type":"Polygon","coordinates":[[[126.91721552029925,37.60702319416865],[126.91723014780155,37.6069067076385],[126.91711600114415,37.606898156831875],[126.91710171352221,37.60701437329643],[126.91721552029925,37.60702319416865]]]}},{"type":"Feature","properties":{"PNU":1138010800100170000,"피해위치(":"서울특별시 은평구 역촌동 17-48 B01호","피해일시":"20250813 - 1200","F_SHIM":0.1,"F_AREA":485.7782878,"F_AVR_HGT":"21.23578796386719","ADM_CD":"1138010800","F_YR":"2025","F_ZONE_NM":"서울특별시 은평구 역촌동 17-48 B01호","TYPE":"주택","TYPE2":"재난지원금"},"geometry":{"type":"Polygon","coordinates":[[[126.92140645176681,37.60587682050244],[126.92151339624584,37.60584166464026],[126.92152223262941,37.60583887758497],[126.92151341786035,37.60582148265274],[126.92140764095151,37.60561274341161],[126.92122049030169,37.60567262165042],[126.92133281565968,37.6058995653472],[126.92140645176681,37.60587682050244]]]}},{"type":"Feature","properties":{"PNU":1138010800100230000,"피해위치(":"서울특별시 은평구 역촌동 23-52 별층 나호","피해일시":"20250813 - 1200","F_SHIM":0.1,"F_AREA":177.27683313,"F_AVR_HGT":"18.717252349853517","ADM_CD":"1138010800","F_YR":"2025","F_ZONE_NM":"서울특별시 은평구 역촌동 23-52 별층 나호","TYPE":"주택","TYPE2":"재난지원금"},"geometry":{"type":"Polygon","coordinates":[[[126.91792789444514,37.604872335568416],[126.91794412169136,37.60474170461577],[126.91780880481767,37.604729805850155],[126.91780139106307,37.604776831872044],[126.91779121746319,37.6048612467036],[126.91792789444514,37.604872335568416]]]}},{"type":"Feature","properties":{"PNU":1138010800102010000,"피해위치(":"서울특별시 은평구 역촌동 201-8 지층","피해일시":"20250813 - 1200","F_SHIM":0.1,"F_AREA":182.54259218,"F_AVR_HGT":"35.57888565063477","ADM_CD":"1138010800","F_YR":"2025","F_ZONE_NM":"서울특별시 은평구 역촌동 201-8 지층","TYPE":"소상공인","TYPE2":"재난지원금"},"geometry":{"type":"Polygon","coordinates":[[[126.9073898201503,37.604845895403685],[126.9074461377086,37.6048191270719],[126.90741565713815,37.60474278957165],[126.9074546619502,37.60470479921028],[126.90745122609552,37.60469036273513],[126.90730151863445,37.604731292076494],[126.9072260680958,37.604780416446374],[126.9073898201503,37.604845895403685]]]}},{"type":"Feature","properties":{"PNU":1138010800100090000,"피해위치(":"서울특별시 은평구 역촌동 9-26 B01","피해일시":"20250813 - 1200","F_SHIM":0.1,"F_AREA":173.86057586,"F_AVR_HGT":"19.496980285644533","ADM_CD":"1138010800","F_YR":"2025","F_ZONE_NM":"서울특별시 은평구 역촌동 9-26 B01","TYPE":"주택","TYPE2":"재난지원금"},"geometry":{"type":"Polygon","coordinates":[[[126.91579082529167,37.60692783509824],[126.91579254534528,37.60690927611767],[126.91580241078763,37.60679954366973],[126.91566652107275,37.606790435078736],[126.91565334818453,37.60692016691039],[126.91579082529167,37.60692783509824]]]}},{"type":"Feature","properties":{"PNU":1138010800100270100,"피해위치(":"서울특별시 은평구 역촌동 27-44 B02호","피해일시":"20250813 - 1200","F_SHIM":0.1,"F_AREA":139.12244626,"F_AVR_HGT":"20.896863555908205","ADM_CD":"1138010800","F_YR":"2025","F_ZONE_NM":"서울특별시 은평구 역촌동 27-44 B02호","TYPE":"주택","TYPE2":"재난지원금"},"geometry":{"type":"Polygon","coordinates":[[[126.92130365951901,37.60478710267297],[126.92141615332586,37.60475032889475],[126.92142057932797,37.60474159236924],[126.92137187322001,37.604645244284676],[126.92125348761518,37.6046848971585],[126.92130365951901,37.60478710267297]]]}},{"type":"Feature","properties":{"PNU":1138010800100470000,"피해위치(":"서울특별시 은평구 역촌동 47-33 혜성빌라 지하 1호","피해일시":"20250813 - 1200","F_SHIM":0.1,"F_AREA":314.98557622,"F_AVR_HGT":"20.53575668334961","ADM_CD":"1138010800","F_YR":"2025","F_ZONE_NM":"서울특별시 은평구 역촌동 47-33 혜성빌라 지하 1호","TYPE":"주택","TYPE2":"재난지원금"},"geometry":{"type":"Polygon","coordinates":[[[126.91322824959246,37.60688287897011],[126.91323404115835,37.60677368427998],[126.91323892340746,37.60666728195171],[126.91319328574203,37.60666553594067],[126.91308366756982,37.60665896678368],[126.9130781129604,37.60675915182561],[126.91309248461708,37.60676853280736],[126.91308522293907,37.60687574422859],[126.91322824959246,37.60688287897011]]]}},{"type":"Feature","properties":{"PNU":1138010800100470000,"피해위치(":"서울특별시 은평구 역촌동 47-35 b01호","피해일시":"20250813 - 1200","F_SHIM":0.1,"F_AREA":157.26966213,"F_AVR_HGT":"20.53575668334961","ADM_CD":"1138010800","F_YR":"2025","F_ZONE_NM":"서울특별시 은평구 역촌동 47-35 b01호","TYPE":"주택","TYPE2":"재난지원금"},"geometry":{"type":"Polygon","coordinates":[[[126.91301852254108,37.606872360598324],[126.91305589349352,37.60687374008822],[126.9130605507835,37.60676625642224],[126.91301865169946,37.606763341869],[126.91291367696945,37.60675650574137],[126.91290743321858,37.606864618897944],[126.91301852254108,37.606872360598324]]]}},{"type":"Feature","properties":{"PNU":1138010800100220000,"피해위치(":"서울특별시 은평구 역촌동 22-29 지층","피해일시":"20250813 - 1200","F_SHIM":0.1,"F_AREA":113.33062453,"F_AVR_HGT":"18.420999145507814","ADM_CD":"1138010800","F_YR":"2025","F_ZONE_NM":"서울특별시 은평구 역촌동 22-29 지층","TYPE":"주택","TYPE2":"재난지원금"},"geometry":{"type":"Polygon","coordinates":[[[126.91642883912324,37.60477440874593],[126.91644186666119,37.604671345753225],[126.91633055560577,37.6046619853453],[126.91631956440919,37.60476676166234],[126.91642883912324,37.60477440874593]]]}},{"type":"Feature","properties":{"PNU":1138010800100250100,"피해위치(":"서울특별시 은평구 역촌동 25-138 지층우","피해일시":"20250813 - 1200","F_SHIM":0.1,"F_AREA":134.85634309,"F_AVR_HGT":"20.76256332397461","ADM_CD":"1138010800","F_YR":"2025","F_ZONE_NM":"서울특별시 은평구 역촌동 25-138 지층우","TYPE":"주택","TYPE2":"재난지원금"},"geometry":{"type":"Polygon","coordinates":[[[126.91893432869438,37.604764385604625],[126.91900406983007,37.60467911135033],[126.91883093872735,37.604657907194685],[126.91881792266584,37.6047535824055],[126.91893432869438,37.604764385604625]]]}},{"type":"Feature","properties":{"PNU":1138010800100470000,"피해위치(":"서울특별시 은평구 역촌동 47-14 광일빌라연립 B01호","피해일시":"20250813 - 1200","F_SHIM":0.1,"F_AREA":159.67167653,"F_AVR_HGT":"19.81514701843262","ADM_CD":"1138010800","F_YR":"2025","F_ZONE_NM":"서울특별시 은평구 역촌동 47-14 광일빌라연립 B01호","TYPE":"주택","TYPE2":"재난지원금"},"geometry":{"type":"Polygon","coordinates":[[[126.91371442483582,37.606793503854945],[126.91372213870807,37.606686202631224],[126.91359575746242,37.606681333344675],[126.91356993818873,37.60667987253615],[126.91356290391701,37.60678690396181],[126.91371442483582,37.606793503854945]]]}},{"type":"Feature","properties":{"PNU":1138010800100100100,"피해위치(":"서울특별시 은평구 역촌동 10-50 지하 안쪽","피해일시":"20250813 - 1200","F_SHIM":0.1,"F_AREA":123.89732957,"F_AVR_HGT":"19.496980285644533","ADM_CD":"1138010800","F_YR":"2025","F_ZONE_NM":"서울특별시 은평구 역촌동 10-50 지하 안쪽","TYPE":"주택","TYPE2":"재난지원금"},"geometry":{"type":"Polygon","coordinates":[[[126.91637480557013,37.60667517197667],[126.91626054673314,37.606666079672394],[126.91625003261508,37.606749412918354],[126.91628589338416,37.606784036532616],[126.91636165211224,37.606788956522166],[126.91637480557013,37.60667517197667]]]}},{"type":"Feature","properties":{"PNU":1138010800100090000,"피해위치(":"서울특별시 은평구 역촌동 9-33 지층1호","피해일시":"20250813 - 1200","F_SHIM":0.1,"F_AREA":133.38955771,"F_AVR_HGT":"19.496980285644533","ADM_CD":"1138010800","F_YR":"2025","F_ZONE_NM":"서울특별시 은평구 역촌동 9-33 지층1호","TYPE":"주택","TYPE2":"재난지원금"},"geometry":{"type":"Polygon","coordinates":[[[126.9161788678799,37.60678765321988],[126.9161954392824,37.60665621191717],[126.91609352472787,37.60664712837468],[126.9160774035719,37.60678082244431],[126.9161788678799,37.60678765321988]]]}},{"type":"Feature","properties":{"PNU":1138010800100540000,"피해위치(":"서울특별시 은평구 역촌동 54-6 지층","피해일시":"20250813 - 1200","F_SHIM":0.1,"F_AREA":312.14529667,"F_AVR_HGT":"27.013753509521486","ADM_CD":"1138010800","F_YR":"2025","F_ZONE_NM":"서울특별시 은평구 역촌동 54-6 지층","TYPE":"소상공인","TYPE2":"재난지원금"},"geometry":{"type":"Polygon","coordinates":[[[126.91021204945783,37.60568290857353],[126.91023900432619,37.605681487851925],[126.9104312066548,37.6056653285663],[126.91041347933826,37.6055292665706],[126.91021655980536,37.60551361750669],[126.91021204945783,37.60568290857353]]]}},{"type":"Feature","properties":{"PNU":1138010800100600000,"피해위치(":"서울특별시 은평구 역촌동 60-10 지층","피해일시":"20250813 - 1200","F_SHIM":0.1,"F_AREA":117.07214449,"F_AVR_HGT":"19.127429580688478","ADM_CD":"1138010800","F_YR":"2025","F_ZONE_NM":"서울특별시 은평구 역촌동 60-10 지층","TYPE":"주택","TYPE2":"재난지원금"},"geometry":{"type":"Polygon","coordinates":[[[126.91430823717465,37.60472051378182],[126.91431750482465,37.60463943221598],[126.91417414757001,37.60462806393209],[126.91416555492779,37.60471284001406],[126.91430823717465,37.60472051378182]]]}},{"type":"Feature","properties":{"PNU":1138010800100740100,"피해위치(":"서울특별시 은평구 역촌동 74-38 지층1호","피해일시":"20250813 - 1200","F_SHIM":0.1,"F_AREA":265.54102018,"F_AVR_HGT":"31.658431625366212","ADM_CD":"1138010800","F_YR":"2025","F_ZONE_NM":"서울특별시 은평구 역촌동 74-38 지층1호","TYPE":"주택","TYPE2":"재난지원금"},"geometry":{"type":"Polygon","coordinates":[[[126.9083774142045,37.6046920162833],[126.90837058387768,37.604538843894716],[126.90823728620785,37.60454387421785],[126.90819221157884,37.60454582074579],[126.90820051622558,37.604697012148925],[126.9083774142045,37.6046920162833]]]}},{"type":"Feature","properties":{"PNU":1138010800100630000,"피해위치(":"서울특별시 은평구 역촌동 63-52 지층2호","피해일시":"20250813 - 1200","F_SHIM":0.1,"F_AREA":162.24694298,"F_AVR_HGT":"18.75607261657715","ADM_CD":"1138010800","F_YR":"2025","F_ZONE_NM":"서울특별시 은평구 역촌동 63-52 지층2호","TYPE":"주택","TYPE2":"재난지원금"},"geometry":{"type":"Polygon","coordinates":[[[126.91533421500819,37.603773523996345],[126.91535417356077,37.6036516356327],[126.9152389008904,37.60364200100755],[126.91523165350527,37.60364172541457],[126.9152198766217,37.60364117621459],[126.91519991920617,37.60376189327918],[126.91533421500819,37.603773523996345]]]}},{"type":"Feature","properties":{"PNU":1138010800100260000,"피해위치(":"서울특별시 은평구 역촌동 26-1","피해일시":"20250813 - 1200","F_SHIM":0.1,"F_AREA":152.73548746,"F_AVR_HGT":"21.23578796386719","ADM_CD":"1138010800","F_YR":"2025","F_ZONE_NM":"서울특별시 은평구 역촌동 26-1","TYPE":"주택","TYPE2":"재난지원금"},"geometry":{"type":"Polygon","coordinates":[[[126.92132500414276,37.60558061232257],[126.92143919737437,37.60554429017373],[126.92146189074786,37.60550349107144],[126.92142991001701,37.605439589729734],[126.92127901072833,37.60548877096788],[126.92132500414276,37.60558061232257]]]}},{"type":"Feature","properties":{"PNU":1138010800100270100,"피해위치(":"서울특별시 은평구 역촌동 27-48 지층3호","피해일시":"20250813 - 1200","F_SHIM":0.1,"F_AREA":97.92838101,"F_AVR_HGT":"20.896863555908205","ADM_CD":"1138010800","F_YR":"2025","F_ZONE_NM":"서울특별시 은평구 역촌동 27-48 지층3호","TYPE":"주택","TYPE2":"재난지원금"},"geometry":{"type":"Polygon","coordinates":[[[126.92125908588822,37.60453371611456],[126.92124179758848,37.60449793535404],[126.92121456569207,37.604441605425784],[126.92111906621619,37.60447190351823],[126.92113262788064,37.60449786105011],[126.92116743669983,37.604564016863804],[126.92118941527588,37.6045559229828],[126.92125908588822,37.60453371611456]]]}},{"type":"Feature","properties":{"PNU":1138010800100100100,"피해위치(":"서울특별시 은평구 역촌동 10-63 지층1호","피해일시":"20250813 - 1200","F_SHIM":0.1,"F_AREA":123.44259461,"F_AVR_HGT":"18.792609786987306","ADM_CD":"1138010800","F_YR":"2025","F_ZONE_NM":"서울특별시 은평구 역촌동 10-63 지층1호","TYPE":"주택","TYPE2":"재난지원금"},"geometry":{"type":"Polygon","coordinates":[[[126.9173319900828,37.60647791285665],[126.91734217813128,37.6063813348399],[126.91721251892388,37.60637115129359],[126.91720289695702,37.60646772970359],[126.9173319900828,37.60647791285665]]]}},{"type":"Feature","properties":{"PNU":1138010700105920000,"피해위치(":"서울특별시 은평구 응암동 592-50 지층 1호","피해일시":"20250813 - 1200","F_SHIM":0.1,"F_AREA":200.59788186,"F_AVR_HGT":"13.933221435546875","ADM_CD":"1138010700","F_YR":"2025","F_ZONE_NM":"서울특별시 은평구 응암동 592-50 지층 1호","TYPE":"주택","TYPE2":"재난지원금"},"geometry":{"type":"Polygon","coordinates":[[[126.91427763249723,37.58822641803517],[126.91427540377121,37.5882249207531],[126.91419983079116,37.588174139424616],[126.9141717722333,37.58815661252915],[126.9141573692457,37.58813823078834],[126.91414693670067,37.58809391262874],[126.91400945371957,37.588130670082016],[126.91419608960116,37.58827522716315],[126.91421663278267,37.5882905951407],[126.91427763249723,37.58822641803517]]]}},{"type":"Feature","properties":{"PNU":1138010700105920100,"피해위치(":"서울특별시 은평구 응암동 592-83 지층1호","피해일시":"20250813 - 1200","F_SHIM":0.1,"F_AREA":197.44111572,"F_AVR_HGT":"14.327618217468261","ADM_CD":"1138010700","F_YR":"2025","F_ZONE_NM":"서울특별시 은평구 응암동 592-83 지층1호","TYPE":"주택","TYPE2":"재난지원금"},"geometry":{"type":"Polygon","coordinates":[[[126.91488018084131,37.588233195738],[126.91483754963647,37.588128479004055],[126.91478954311988,37.58814838253879],[126.91471663959923,37.588158086619366],[126.91470846542246,37.58813820488105],[126.9146560173309,37.588151149491445],[126.91469395575741,37.58825054702793],[126.91470027436834,37.58826933721043],[126.91488018084131,37.588233195738]]]}},{"type":"Feature","properties":{"PNU":1138010700105970000,"피해위치(":"서울특별시 은평구 응암동 597-18 벧엘하우스 지하 04호","피해일시":"20250813 - 1200","F_SHIM":0.1,"F_AREA":172.05837691,"F_AVR_HGT":"14.983264541625976","ADM_CD":"1138010700","F_YR":"2025","F_ZONE_NM":"서울특별시 은평구 응암동 597-18 벧엘하우스 지하 04호","TYPE":"주택","TYPE2":"재난지원금"},"geometry":{"type":"Polygon","coordinates":[[[126.91534646682892,37.58823976285399],[126.91541328728064,37.58822287309779],[126.91541509945384,37.58822233382869],[126.91548667124411,37.58819904149381],[126.91544213314856,37.58808790857466],[126.91530187169377,37.588129161422245],[126.91534646682892,37.58823976285399]]]}},{"type":"Feature","properties":{"PNU":1138010700105940100,"피해위치(":"서울특별시 은평구 응암동 594-67 지하좌측","피해일시":"20250824 - 0957","F_SHIM":0.1,"F_AREA":100.966814,"F_AVR_HGT":"14.590073204040527","ADM_CD":"1138010700","F_YR":"2025","F_ZONE_NM":"서울특별시 은평구 응암동 594-67 지하좌측","TYPE":"주택","TYPE2":"재난지원금"},"geometry":{"type":"Polygon","coordinates":[[[126.91478639752408,37.58654631169721],[126.91474379811802,37.58647366098563],[126.91473667932031,37.58646158255109],[126.91470881336797,37.58647363526337],[126.91463880920874,37.586503406371385],[126.91468603838553,37.586586511953925],[126.91478639752408,37.58654631169721]]]}},{"type":"Feature","properties":{"PNU":1138010700105940100,"피해위치(":"서울특별시 은평구 응암동 594-57 지층","피해일시":"20250813 - 1200","F_SHIM":0.1,"F_AREA":230.47927812,"F_AVR_HGT":"14.590073204040527","ADM_CD":"1138010700","F_YR":"2025","F_ZONE_NM":"서울특별시 은평구 응암동 594-57 지층","TYPE":"주택","TYPE2":"재난지원금"},"geometry":{"type":"Polygon","coordinates":[[[126.91542815114978,37.58652398654614],[126.91545761379653,37.586501753695735],[126.91546869787985,37.58651167261295],[126.91547912183422,37.58650492282227],[126.91545492827382,37.58647418159141],[126.91541942931141,37.58642910644572],[126.91535597471864,37.586375811922004],[126.91525590378866,37.58646106213424],[126.91525860607963,37.586474038295485],[126.91526299532923,37.58649683642774],[126.91535982184371,37.586574301764834],[126.91542815114978,37.58652398654614]]]}},{"type":"Feature","properties":{"PNU":1138010700105940100,"피해위치(":"서울특별시 은평구 응암동 594-66 지층","피해일시":"20250823 - 1759","F_SHIM":0.1,"F_AREA":130.3580824,"F_AVR_HGT":"14.590073204040527","ADM_CD":"1138010700","F_YR":"2025","F_ZONE_NM":"서울특별시 은평구 응암동 594-66 지층","TYPE":"주택","TYPE2":"재난지원금"},"geometry":{"type":"Polygon","coordinates":[[[126.91491525319641,37.586506699885156],[126.91489404007108,37.58647377133203],[126.91483696787802,37.586384441805855],[126.91475257675789,37.586421320199555],[126.91478365129612,37.586473690274765],[126.91482365286035,37.5865410232516],[126.91491525319641,37.586506699885156]]]}},{"type":"Feature","properties":{"PNU":1138010700105940100,"피해위치(":"서울특별시 은평구 응암동 594-65 지층","피해일시":"20250822 - 2018","F_SHIM":0.1,"F_AREA":133.75163338,"F_AVR_HGT":"14.590073204040527","ADM_CD":"1138010700","F_YR":"2025","F_ZONE_NM":"서울특별시 은평구 응암동 594-65 지층","TYPE":"주택","TYPE2":"재난지원금"},"geometry":{"type":"Polygon","coordinates":[[[126.91500621771068,37.586473853597106],[126.91496939346408,37.586419767493105],[126.91491965989836,37.586348192794766],[126.91483696787802,37.586384441805855],[126.91489404007108,37.58647377133203],[126.91491525319641,37.586506699885156],[126.91491755255038,37.58650583662628],[126.91500621771068,37.586473853597106]]]}},{"type":"Feature","properties":{"PNU":1138010700105920000,"피해위치(":"서울특별시 은평구 응암동 592-64 지층 1호","피해일시":"20250813 - 1200","F_SHIM":0.1,"F_AREA":161.76689472,"F_AVR_HGT":"13.933221435546875","ADM_CD":"1138010700","F_YR":"2025","F_ZONE_NM":"서울특별시 은평구 응암동 592-64 지층 1호","TYPE":"주택","TYPE2":"재난지원금"},"geometry":{"type":"Polygon","coordinates":[[[126.91399725042967,37.58809992843925],[126.91397404472507,37.58799918111662],[126.91383682325457,37.58799646641359],[126.91384031124738,37.58801511939252],[126.91386372240676,37.5881336162964],[126.91399725042967,37.58809992843925]]]}},{"type":"Feature","properties":{"PNU":1138010700105940100,"피해위치(":"서울특별시 은평구 응암동 594-55 지층","피해일시":"20250813 - 1200","F_SHIM":0.1,"F_AREA":171.9073234,"F_AVR_HGT":"14.590073204040527","ADM_CD":"1138010700","F_YR":"2025","F_ZONE_NM":"서울특별시 은평구 응암동 594-55 지층","TYPE":"주택","TYPE2":"재난지원금"},"geometry":{"type":"Polygon","coordinates":[[[126.91525590378866,37.58646106213424],[126.91535597471864,37.586375811922004],[126.91537796351963,37.586354744916186],[126.91529774606126,37.58630711433401],[126.91528371605068,37.586299175415796],[126.91516736094522,37.58636765533246],[126.91517470967601,37.58637676065834],[126.91521586318395,37.586427245923204],[126.91525103078662,37.58646502290795],[126.91525590378866,37.58646106213424]]]}},{"type":"Feature","properties":{"PNU":1138010700105940100,"피해위치(":"서울특별시 은평구 응암동 594-54 지층 1, 2호","피해일시":"20250813 - 1200","F_SHIM":0.1,"F_AREA":141.91175091,"F_AVR_HGT":"16.677169418334962","ADM_CD":"1138010700","F_YR":"2025","F_ZONE_NM":"서울특별시 은평구 응암동 594-54 지층 1, 2호","TYPE":"주택","TYPE2":"재난지원금"},"geometry":{"type":"Polygon","coordinates":[[[126.91528371605068,37.586299175415796],[126.91521983863997,37.58622002223335],[126.91509716208513,37.5862722797265],[126.91516736094522,37.58636765533246],[126.91528371605068,37.586299175415796]]]}},{"type":"Feature","properties":{"PNU":1138010700105960100,"피해위치(":"서울특별시 은평구 응암동 596-25 1층","피해일시":"20250813 - 1200","F_SHIM":0.1,"F_AREA":119.94764121,"F_AVR_HGT":"14.327618217468261","ADM_CD":"1138010700","F_YR":"2025","F_ZONE_NM":"서울특별시 은평구 응암동 596-25 1층","TYPE":"주택","TYPE2":"재난지원금"},"geometry":{"type":"Polygon","coordinates":[[[126.9150039646911,37.58804886392115],[126.91496037329075,37.5879519760837],[126.91487248918146,37.58797281445896],[126.91485875877251,37.587999203238674],[126.91489036422887,37.58808256754346],[126.9150039646911,37.58804886392115]]]}},{"type":"Feature","properties":{"PNU":1138010700105920000,"피해위치(":"서울특별시 은평구 응암동 592-53 지층1호","피해일시":"20250813 - 1200","F_SHIM":0.1,"F_AREA":107.96261091,"F_AVR_HGT":"13.933221435546875","ADM_CD":"1138010700","F_YR":"2025","F_ZONE_NM":"서울특별시 은평구 응암동 592-53 지층1호","TYPE":"주택","TYPE2":"재난지원금"},"geometry":{"type":"Polygon","coordinates":[[[126.91420767889066,37.58804656576509],[126.91417088212955,37.58794941236655],[126.914066800908,37.58797555396673],[126.9141052958717,37.588072708654764],[126.91420767889066,37.58804656576509]]]}},{"type":"Feature","properties":{"PNU":1138010700105920000,"피해위치(":"서울특별시 은평구 응암동 592-59 1층","피해일시":"20250813 - 1200","F_SHIM":0.1,"F_AREA":169.89589462,"F_AVR_HGT":"13.312471961975097","ADM_CD":"1138010700","F_YR":"2025","F_ZONE_NM":"서울특별시 은평구 응암동 592-59 1층","TYPE":"주택","TYPE2":"재난지원금"},"geometry":{"type":"Polygon","coordinates":[[[126.914066800908,37.58797555396673],[126.91417088212955,37.58794941236655],[126.91420010274582,37.587941325120454],[126.91418275979862,37.5878615751222],[126.91416294202497,37.58776812831741],[126.91413157479818,37.58777233973008],[126.91415274887338,37.58786776971081],[126.9141544399282,37.587873987758606],[126.91400960605817,37.587894152640125],[126.91401039628762,37.58789613539279],[126.91404131878895,37.58798175188189],[126.914066800908,37.58797555396673]]]}},{"type":"Feature","properties":{"PNU":1138010700105960100,"피해위치(":"서울특별시 은평구 응암동 596-9 지층 좌측","피해일시":"20250813 - 1200","F_SHIM":0.1,"F_AREA":162.98337372,"F_AVR_HGT":"14.968293762207031","ADM_CD":"1138010700","F_YR":"2025","F_ZONE_NM":"서울특별시 은평구 응암동 596-9 지층 좌측","TYPE":"주택","TYPE2":"재난지원금"},"geometry":{"type":"Polygon","coordinates":[[[126.91552969761564,37.587911847856226],[126.91550910435922,37.58780209288435],[126.91535574989922,37.58784784118258],[126.91540023776669,37.58795319878856],[126.91552969761564,37.587911847856226]]]}},{"type":"Feature","properties":{"PNU":1138010700105920000,"피해위치(":"서울특별시 은평구 응암동 592-57 지하","피해일시":"20250813 - 1200","F_SHIM":0.1,"F_AREA":316.62523313,"F_AVR_HGT":"13.312471961975097","ADM_CD":"1138010700","F_YR":"2025","F_ZONE_NM":"서울특별시 은평구 응암동 592-57 지하","TYPE":"소상공인","TYPE2":"재난지원금"},"geometry":{"type":"Polygon","coordinates":[[[126.91425876893,37.587926412151745],[126.91439943197902,37.58789047664987],[126.91437143941307,37.58781639502372],[126.91434389936687,37.58774267411819],[126.91416294202497,37.58776812831741],[126.91418275979862,37.5878615751222],[126.91420010274582,37.587941325120454],[126.91425876893,37.587926412151745]]]}},{"type":"Feature","properties":{"PNU":1138010700105920000,"피해위치(":"서울특별시 은평구 응암동 592-61 지층","피해일시":"20250813 - 1200","F_SHIM":0.1,"F_AREA":195.22193912,"F_AVR_HGT":"13.312471961975097","ADM_CD":"1138010700","F_YR":"2025","F_ZONE_NM":"서울특별시 은평구 응암동 592-61 지층","TYPE":"소상공인","TYPE2":"재난지원금"},"geometry":{"type":"Polygon","coordinates":[[[126.91382117456445,37.58792050175842],[126.91401039628762,37.58789613539279],[126.91400960605817,37.587894152640125],[126.91398957196682,37.58779223638775],[126.91380148049264,37.58781849562883],[126.91382117456445,37.58792050175842]]]}},{"type":"Feature","properties":{"PNU":1138010700105920000,"피해위치(":"서울특별시 은평구 응암동 592-60 지하","피해일시":"20250822 - 1534","F_SHIM":0.1,"F_AREA":142.57934635,"F_AVR_HGT":"13.312471961975097","ADM_CD":"1138010700","F_YR":"2025","F_ZONE_NM":"서울특별시 은평구 응암동 592-60 지하","TYPE":"주택","TYPE2":"재난지원금"},"geometry":{"type":"Polygon","coordinates":[[[126.91400960605817,37.587894152640125],[126.91415274887338,37.58786776971081],[126.91413157479818,37.58777233973008],[126.91398957196682,37.58779223638775],[126.91400960605817,37.587894152640125]]]}},{"type":"Feature","properties":{"PNU":1138010700106960000,"피해위치(":"서울특별시 은평구 응암동 696-43 지층 나호","피해일시":"20250813 - 1200","F_SHIM":0.1,"F_AREA":135.61977338,"F_AVR_HGT":"21.696864700317384","ADM_CD":"1138010700","F_YR":"2025","F_ZONE_NM":"서울특별시 은평구 응암동 696-43 지층 나호","TYPE":"주택","TYPE2":"재난지원금"},"geometry":{"type":"Polygon","coordinates":[[[126.91807051381986,37.58556849710217],[126.91806488916606,37.58543460670366],[126.91797023544993,37.585437873395705],[126.9179515532207,37.58543903145276],[126.91796221857284,37.58551985738812],[126.91799374735595,37.58557267744155],[126.91807051381986,37.58556849710217]]]}},{"type":"Feature","properties":{"PNU":1138010700105960100,"피해위치(":"서울특별시 은평구 응암동 596-14 지하1층 좌측","피해일시":"20250822 - 1553","F_SHIM":0.1,"F_AREA":171.78212482,"F_AVR_HGT":"14.968293762207031","ADM_CD":"1138010700","F_YR":"2025","F_ZONE_NM":"서울특별시 은평구 응암동 596-14 지하1층 좌측","TYPE":"주택","TYPE2":"재난지원금"},"geometry":{"type":"Polygon","coordinates":[[[126.91534920518366,37.587828645425425],[126.91550561627072,37.5877831696583],[126.91548705048743,37.587682606204474],[126.91539214069546,37.58770902595416],[126.91531535173029,37.587730683641354],[126.91534920518366,37.587828645425425]]]}},{"type":"Feature","properties":{"PNU":1138010700105880000,"피해위치(":"서울특별시 은평구 응암동 588-8 지층 가호","피해일시":"20250813 - 1200","F_SHIM":0.1,"F_AREA":135.06229544,"F_AVR_HGT":"14.16219482421875","ADM_CD":"1138010700","F_YR":"2025","F_ZONE_NM":"서울특별시 은평구 응암동 588-8 지층 가호","TYPE":"주택","TYPE2":"재난지원금"},"geometry":{"type":"Polygon","coordinates":[[[126.91496094674038,37.59039004126842],[126.91503667093629,37.590410368924225],[126.91508253801612,37.59030309525595],[126.91500048728957,37.5902706897989],[126.91497524927503,37.59026103076292],[126.91497335447428,37.590264435095484],[126.91493621868013,37.59033109874175],[126.91496094674038,37.59039004126842]]]}},{"type":"Feature","properties":{"PNU":1138010700105880000,"피해위치(":"서울특별시 은평구 응암동 588-12 지층 우측","피해일시":"20250813 - 1200","F_SHIM":0.1,"F_AREA":128.94138102,"F_AVR_HGT":"14.502810096740722","ADM_CD":"1138010700","F_YR":"2025","F_ZONE_NM":"서울특별시 은평구 응암동 588-12 지층 우측","TYPE":"주택","TYPE2":"재난지원금"},"geometry":{"type":"Polygon","coordinates":[[[126.9154894127731,37.590352135755516],[126.91549579423533,37.59031664161352],[126.9153542983042,37.590285814838936],[126.91534207322097,37.59028301286238],[126.91533256522753,37.5902804831638],[126.91531332992322,37.59036741413046],[126.91543876098322,37.59038696693264],[126.9154894127731,37.590352135755516]]]}},{"type":"Feature","properties":{"PNU":1138010700105890000,"피해위치(":"서울특별시 은평구 응암동 589-17","피해일시":"20250813 - 1121","F_SHIM":0.1,"F_AREA":191.56598094,"F_AVR_HGT":"14.502810096740722","ADM_CD":"1138010700","F_YR":"2025","F_ZONE_NM":"서울특별시 은평구 응암동 589-17","TYPE":"주택","TYPE2":"재난지원금"},"geometry":{"type":"Polygon","coordinates":[[[126.91566191095052,37.59030324778543],[126.91576157939411,37.590276831289444],[126.91582066642957,37.59029119985638],[126.91586886369872,37.59022436376068],[126.91587521439175,37.59021555673906],[126.91586887730608,37.590212488793426],[126.91572606542879,37.5901444508446],[126.91572458699096,37.590150125973146],[126.9157173419465,37.59014894942711],[126.91570526605251,37.59021345114701],[126.91567764558654,37.59020784495981],[126.91566068161984,37.59028919153164],[126.91565592295979,37.59029198112257],[126.91566191095052,37.59030324778543]]]}},{"type":"Feature","properties":{"PNU":1138010700105910000,"피해위치(":"서울특별시 은평구 응암동 591-24 지층 좌","피해일시":"20250822 - 1110","F_SHIM":0.1,"F_AREA":137.02634828,"F_AVR_HGT":"14.423204040527343","ADM_CD":"1138010700","F_YR":"2025","F_ZONE_NM":"서울특별시 은평구 응암동 591-24 지층 좌","TYPE":"주택","TYPE2":"재난지원금"},"geometry":{"type":"Polygon","coordinates":[[[126.91446951543439,37.589154970501745],[126.91452940408539,37.58906329440126],[126.91440706569063,37.58901527179299],[126.91438789674855,37.589044629749225],[126.9143850681653,37.58904291579028],[126.91434786141625,37.58910253351216],[126.91444982465241,37.589146306525684],[126.91446951543439,37.589154970501745]]]}},{"type":"Feature","properties":{"PNU":1138010700105930000,"피해위치(":"서울특별시 은평구 응암동 593-37 지하","피해일시":"20250813 - 1200","F_SHIM":0.1,"F_AREA":132.7320623,"F_AVR_HGT":"13.312471961975097","ADM_CD":"1138010700","F_YR":"2025","F_ZONE_NM":"서울특별시 은평구 응암동 593-37 지하","TYPE":"소상공인","TYPE2":"재난지원금"},"geometry":{"type":"Polygon","coordinates":[[[126.9140669624615,37.58764390152081],[126.91418416601337,37.58762704977341],[126.91413909183319,37.58754061195548],[126.91412327809502,37.587508795477866],[126.91402293745011,37.587531786363435],[126.9140669624615,37.58764390152081]]]}},{"type":"Feature","properties":{"PNU":1138010700105890000,"피해위치(":"서울특별시 은평구 응암동 589-19 지층101호","피해일시":"20250813 - 1200","F_SHIM":0.1,"F_AREA":213.66383994,"F_AVR_HGT":"14.502810096740722","ADM_CD":"1138010700","F_YR":"2025","F_ZONE_NM":"서울특별시 은평구 응암동 589-19 지층101호","TYPE":"주택","TYPE2":"재난지원금"},"geometry":{"type":"Polygon","coordinates":[[[126.91587521439175,37.59021555673906],[126.91594393731624,37.59012073290009],[126.91586901960433,37.590088306186985],[126.91584613689172,37.59007840578002],[126.91573729133195,37.59003129533406],[126.91573295715331,37.590058862314066],[126.91573134967166,37.59007832241383],[126.91572606542879,37.5901444508446],[126.91586887730608,37.590212488793426],[126.91587521439175,37.59021555673906]]]}},{"type":"Feature","properties":{"PNU":1138010700105900000,"피해위치(":"서울특별시 은평구 응암동 590-57 B02호","피해일시":"20250813 - 1200","F_SHIM":0.1,"F_AREA":146.25061247,"F_AVR_HGT":"14.502810096740722","ADM_CD":"1138010700","F_YR":"2025","F_ZONE_NM":"서울특별시 은평구 응암동 590-57 B02호","TYPE":"주택","TYPE2":"재난지원금"},"geometry":{"type":"Polygon","coordinates":[[[126.91629720606063,37.59021378989019],[126.9163249556151,37.5902055208626],[126.91632801371466,37.59020462208505],[126.91634321069908,37.590182829224105],[126.91638868806648,37.59011772084249],[126.91630064356312,37.59007873477736],[126.91627846271733,37.590068898029784],[126.9162713183604,37.59007871360296],[126.91621042023071,37.59016318196551],[126.91621640356496,37.590178593126424],[126.91629720606063,37.59021378989019]]]}},{"type":"Feature","properties":{"PNU":1138010700105880000,"피해위치(":"서울특별시 은평구 응암동 588-18 b01","피해일시":"20250822 - 1638","F_SHIM":0.1,"F_AREA":122.95430027,"F_AVR_HGT":"14.16219482421875","ADM_CD":"1138010700","F_YR":"2025","F_ZONE_NM":"서울특별시 은평구 응암동 588-18 b01","TYPE":"주택","TYPE2":"재난지원금"},"geometry":{"type":"Polygon","coordinates":[[[126.91537228422364,37.59020221659557],[126.91539002029383,37.59013889031986],[126.9153856051492,37.59013834650751],[126.91539378588442,37.59011357539958],[126.91525828671517,37.590086717216586],[126.91523226308362,37.590169138289006],[126.91537228422364,37.59020221659557]]]}},{"type":"Feature","properties":{"PNU":1138010700105880000,"피해위치(":"서울특별시 은평구 응암동 588-24 지하우측","피해일시":"20250822 - 1501","F_SHIM":0.1,"F_AREA":137.47885343,"F_AVR_HGT":"14.16219482421875","ADM_CD":"1138010700","F_YR":"2025","F_ZONE_NM":"서울특별시 은평구 응암동 588-24 지하우측","TYPE":"주택","TYPE2":"재난지원금"},"geometry":{"type":"Polygon","coordinates":[[[126.91517641002979,37.59019783885719],[126.91521108209417,37.59007794316103],[126.91521290055576,37.590071997992055],[126.91513085137973,37.59003842134557],[126.91510578310796,37.59007786612353],[126.91505961633679,37.59015072197348],[126.91507500741083,37.590157220334795],[126.91517641002979,37.59019783885719]]]}},{"type":"Feature","properties":{"PNU":1138010700105930000,"피해위치(":"서울특별시 은평구 응암동 593-2 지층 뒤쪽","피해일시":"20250813 - 1200","F_SHIM":0.1,"F_AREA":108.79855634,"F_AVR_HGT":"13.312471961975097","ADM_CD":"1138010700","F_YR":"2025","F_ZONE_NM":"서울특별시 은평구 응암동 593-2 지층 뒤쪽","TYPE":"주택","TYPE2":"재난지원금"},"geometry":{"type":"Polygon","coordinates":[[[126.91423649334149,37.58751365446399],[126.91421621755335,37.587424622150515],[126.91409187878638,37.58744372110878],[126.91412327809502,37.587508795477866],[126.91413909183319,37.58754061195548],[126.91423649334149,37.58751365446399]]]}},{"type":"Feature","properties":{"PNU":1138010700105880000,"피해위치(":"서울특별시 은평구 응암동 588-28 B01호","피해일시":"20250813 - 1200","F_SHIM":0.1,"F_AREA":158.11644725,"F_AVR_HGT":"14.16219482421875","ADM_CD":"1138010700","F_YR":"2025","F_ZONE_NM":"서울특별시 은평구 응암동 588-28 B01호","TYPE":"주택","TYPE2":"재난지원금"},"geometry":{"type":"Polygon","coordinates":[[[126.91505961633679,37.59015072197348],[126.91510578310796,37.59007786612353],[126.91513085137973,37.59003842134557],[126.91510787750283,37.59002912438841],[126.91501937722607,37.589993290480045],[126.9149614215953,37.59007776035499],[126.91494282143455,37.59010477625304],[126.91505961633679,37.59015072197348]]]}},{"type":"Feature","properties":{"PNU":1138010700107010000,"피해위치(":"서울특별시 은평구 응암동 701-23","피해일시":"20250822 - 1714","F_SHIM":0.1,"F_AREA":127.61291795,"F_AVR_HGT":"22.27646598815918","ADM_CD":"1138010700","F_YR":"2025","F_ZONE_NM":"서울특별시 은평구 응암동 701-23","TYPE":"주택","TYPE2":"재난지원금"},"geometry":{"type":"Polygon","coordinates":[[[126.9165386464746,37.584995548861315],[126.91649085056389,37.584912083194475],[126.91636003014179,37.5849601916142],[126.91641054509608,37.585041947421374],[126.9165386464746,37.584995548861315]]]}},{"type":"Feature","properties":{"PNU":1138010700105930000,"피해위치(":"서울특별시 은평구 응암동 593-3 102호(지하)","피해일시":"20250813 - 1200","F_SHIM":0.1,"F_AREA":117.41113953,"F_AVR_HGT":"13.312471961975097","ADM_CD":"1138010700","F_YR":"2025","F_ZONE_NM":"서울특별시 은평구 응암동 593-3 102호(지하)","TYPE":"주택","TYPE2":"재난지원금"},"geometry":{"type":"Polygon","coordinates":[[[126.91421621755335,37.587424622150515],[126.91419741189137,37.58733712259431],[126.91405189289738,37.58736314342604],[126.91406691729743,37.58739216627561],[126.91409187878638,37.58744372110878],[126.91421621755335,37.587424622150515]]]}},{"type":"Feature","properties":{"PNU":1138010700105950100,"피해위치(":"서울특별시 은평구 응암동 595-18 지하B102호","피해일시":"20250822 - 1946","F_SHIM":0.1,"F_AREA":167.85534384,"F_AVR_HGT":"14.054449653625488","ADM_CD":"1138010700","F_YR":"2025","F_ZONE_NM":"서울특별시 은평구 응암동 595-18 지하B102호","TYPE":"주택","TYPE2":"재난지원금"},"geometry":{"type":"Polygon","coordinates":[[[126.91532454981132,37.58741255255106],[126.9153002055435,37.5873159491764],[126.91512954679871,37.58734645789767],[126.91515309987213,37.587441709250555],[126.91532454981132,37.58741255255106]]]}},{"type":"Feature","properties":{"PNU":1138010700105870100,"피해위치(":"서울특별시 은평구 응암동 587-43 지층 2호","피해일시":"20250813 - 1200","F_SHIM":0.1,"F_AREA":220.67534624,"F_AVR_HGT":"14.16219482421875","ADM_CD":"1138010700","F_YR":"2025","F_ZONE_NM":"서울특별시 은평구 응암동 587-43 지층 2호","TYPE":"주택","TYPE2":"재난지원금"},"geometry":{"type":"Polygon","coordinates":[[[126.91488488168771,37.590077704205285],[126.91492866209964,37.590012414943246],[126.91478731313562,37.58995320657957],[126.91468953591787,37.58991114881294],[126.91470577086206,37.589970896035595],[126.91473373391139,37.59007137638361],[126.91480098217386,37.590077642599596],[126.91487955135361,37.59008526856391],[126.91488488168771,37.590077704205285]]]}},{"type":"Feature","properties":{"PNU":1138010700105930000,"피해위치(":"서울특별시 은평구 응암동 593-4 지하4호","피해일시":"20250813 - 1200","F_SHIM":0.1,"F_AREA":127.3510198,"F_AVR_HGT":"13.312471961975097","ADM_CD":"1138010700","F_YR":"2025","F_ZONE_NM":"서울특별시 은평구 응암동 593-4 지하4호","TYPE":"주택","TYPE2":"재난지원금"},"geometry":{"type":"Polygon","coordinates":[[[126.91419741189137,37.58733712259431],[126.91417983896066,37.58726052586505],[126.91401111349634,37.58728346612552],[126.91405189289738,37.58736314342604],[126.91419741189137,37.58733712259431]]]}},{"type":"Feature","properties":{"PNU":1138010700105950100,"피해위치(":"서울특별시 은평구 응암동 595-19 지층 2호","피해일시":"20250813 - 1200","F_SHIM":0.1,"F_AREA":148.07179146,"F_AVR_HGT":"14.054449653625488","ADM_CD":"1138010700","F_YR":"2025","F_ZONE_NM":"서울특별시 은평구 응암동 595-19 지층 2호","TYPE":"주택","TYPE2":"재난지원금"},"geometry":{"type":"Polygon","coordinates":[[[126.9153002055435,37.5873159491764],[126.91527946911134,37.587232592911356],[126.91510802123393,37.58726030797188],[126.91512064433863,37.5873101416849],[126.91512954679871,37.58734645789767],[126.9153002055435,37.5873159491764]]]}},{"type":"Feature","properties":{"PNU":1138010700105950100,"피해위치(":"서울특별시 은평구 응암동 595-23 b03호","피해일시":"20250813 - 1811","F_SHIM":0.1,"F_AREA":161.63840181,"F_AVR_HGT":"14.054449653625488","ADM_CD":"1138010700","F_YR":"2025","F_ZONE_NM":"서울특별시 은평구 응암동 595-23 b03호","TYPE":"주택","TYPE2":"재난지원금"},"geometry":{"type":"Polygon","coordinates":[[[126.91512064433863,37.5873101416849],[126.91510802123393,37.58726030797188],[126.91509213006776,37.58719722738398],[126.91497277881342,37.587211825997336],[126.91495013150403,37.58721460244478],[126.91495305436692,37.587232624289456],[126.91497049984189,37.587322194995636],[126.91512064433863,37.5873101416849]]]}},{"type":"Feature","properties":{"PNU":1138010700105950000,"피해위치(":"서울특별시 은평구 응암동 595-10 지층02호","피해일시":"20250813 - 1200","F_SHIM":0.1,"F_AREA":106.48604616,"F_AVR_HGT":"14.968293762207031","ADM_CD":"1138010700","F_YR":"2025","F_ZONE_NM":"서울특별시 은평구 응암동 595-10 지층02호","TYPE":"주택","TYPE2":"재난지원금"},"geometry":{"type":"Polygon","coordinates":[[[126.91561712400227,37.587303836728815],[126.91559199295907,37.58720191702788],[126.91558587823098,37.5872026333648],[126.91549268263118,37.58721580996528],[126.91550619101494,37.587283663983804],[126.91551622420613,37.587321422567705],[126.91561712400227,37.587303836728815]]]}},{"type":"Feature","properties":{"PNU":1138010700105870000,"피해위치(":"서울특별시 은평구 응암동 587-4 지하좌측","피해일시":"20250813 - 1200","F_SHIM":0.1,"F_AREA":189.63365197,"F_AVR_HGT":"14.16219482421875","ADM_CD":"1138010700","F_YR":"2025","F_ZONE_NM":"서울특별시 은평구 응암동 587-4 지하좌측","TYPE":"주택","TYPE2":"재난지원금"},"geometry":{"type":"Polygon","coordinates":[[[126.91492866209964,37.590012414943246],[126.91499716448934,37.589913356863136],[126.91485050717088,37.58984288237502],[126.91478731313562,37.58995320657957],[126.91492866209964,37.590012414943246]]]}},{"type":"Feature","properties":{"PNU":1138010700105930000,"피해위치(":"서울특별시 은평구 응암동 593-5 지하101호","피해일시":"20250822 - 1607","F_SHIM":0.1,"F_AREA":137.27092325,"F_AVR_HGT":"13.312471961975097","ADM_CD":"1138010700","F_YR":"2025","F_ZONE_NM":"서울특별시 은평구 응암동 593-5 지하101호","TYPE":"주택","TYPE2":"재난지원금"},"geometry":{"type":"Polygon","coordinates":[[[126.91401111349634,37.58728346612552],[126.91417983896066,37.58726052586505],[126.91415742496793,37.58716049993792],[126.9140561786169,37.58718385057709],[126.91403181030664,37.58720599675196],[126.91400953009716,37.587282023375664],[126.91401111349634,37.58728346612552]]]}},{"type":"Feature","properties":{"PNU":1138010700105950100,"피해위치(":"서울특별시 은평구 응암동 595-40   지층","피해일시":"20250822 - 1958","F_SHIM":0.1,"F_AREA":77.4558515,"F_AVR_HGT":"13.312471961975097","ADM_CD":"1138010700","F_YR":"2025","F_ZONE_NM":"서울특별시 은평구 응암동 595-40   지층","TYPE":"주택","TYPE2":"재난지원금"},"geometry":{"type":"Polygon","coordinates":[[[126.91435069229128,37.58725749870424],[126.91432350043371,37.58717666026214],[126.91426959935937,37.58718364811876],[126.91423887288876,37.58722110638282],[126.91425261846133,37.58727877958852],[126.91435069229128,37.58725749870424]]]}},{"type":"Feature","properties":{"PNU":1138010700105950100,"피해위치(":"서울특별시 은평구 응암동 595-39 반지하","피해일시":"20250813 - 1200","F_SHIM":0.1,"F_AREA":111.71683168,"F_AVR_HGT":"14.054449653625488","ADM_CD":"1138010700","F_YR":"2025","F_ZONE_NM":"서울특별시 은평구 응암동 595-39 반지하","TYPE":"주택","TYPE2":"재난지원금"},"geometry":{"type":"Polygon","coordinates":[[[126.9144867044485,37.58722804675152],[126.9144743331899,37.58715676971137],[126.91432350043371,37.58717666026214],[126.91435069229128,37.58725749870424],[126.9144867044485,37.58722804675152]]]}},{"type":"Feature","properties":{"PNU":1138010700105950100,"피해위치(":"서울특별시 은평구 응암동 595-31 B02호","피해일시":"20250822 - 2010","F_SHIM":0.1,"F_AREA":163.02697331,"F_AVR_HGT":"14.054449653625488","ADM_CD":"1138010700","F_YR":"2025","F_ZONE_NM":"서울특별시 은평구 응암동 595-31 B02호","TYPE":"주택","TYPE2":"재난지원금"},"geometry":{"type":"Polygon","coordinates":[[[126.91478673986303,37.58722709629902],[126.91476727820458,37.58711896379013],[126.91461259611297,37.58713885188155],[126.9146291219902,37.58723995457111],[126.91478673986303,37.58722709629902]]]}},{"type":"Feature","properties":{"PNU":1138010700105950100,"피해위치(":"서울특별시 은평구 응암동 595-22 B02호","피해일시":"20250813 - 1133","F_SHIM":0.1,"F_AREA":165.16900161,"F_AVR_HGT":"14.590073204040527","ADM_CD":"1138010700","F_YR":"2025","F_ZONE_NM":"서울특별시 은평구 응암동 595-22 B02호","TYPE":"주택","TYPE2":"재난지원금"},"geometry":{"type":"Polygon","coordinates":[[[126.91509213006776,37.58719722738398],[126.91510651103141,37.587195526040475],[126.91510144080054,37.587174168982735],[126.9151127651235,37.58717219510523],[126.91509192874061,37.587077576418636],[126.91495038265897,37.58709549240254],[126.91497277881342,37.587211825997336],[126.91509213006776,37.58719722738398]]]}},{"type":"Feature","properties":{"PNU":1138010700107330000,"피해위치(":"서울특별시 은평구 응암동 733-14 지하","피해일시":"20250813 - 1200","F_SHIM":0.1,"F_AREA":190.09164978,"F_AVR_HGT":"28.010438537597658","ADM_CD":"1138010700","F_YR":"2025","F_ZONE_NM":"서울특별시 은평구 응암동 733-14 지하","TYPE":"주택","TYPE2":"재난지원금"},"geometry":{"type":"Polygon","coordinates":[[[126.91915672356201,37.584749633531416],[126.91917448747633,37.584656934518584],[126.91903005600591,37.5846271011613],[126.91899131730722,37.58474654475957],[126.91915136932359,37.58477963261161],[126.91915581048349,37.58475630018681],[126.91915672356201,37.584749633531416]]]}},{"type":"Feature","properties":{"PNU":1138010700105930000,"피해위치(":"서울특별시 은평구 응암동 593-20 지층 2호","피해일시":"20250822 - 1904","F_SHIM":0.1,"F_AREA":104.19917615,"F_AVR_HGT":"13.544816589355468","ADM_CD":"1138010700","F_YR":"2025","F_ZONE_NM":"서울특별시 은평구 응암동 593-20 지층 2호","TYPE":"주택","TYPE2":"재난지원금"},"geometry":{"type":"Polygon","coordinates":[[[126.91374543049562,37.58714812111581],[126.91370786445987,37.58703204629994],[126.91362405976437,37.58705054422269],[126.91366399705812,37.58717193664148],[126.91374543049562,37.58714812111581]]]}},{"type":"Feature","properties":{"PNU":1138010700105950100,"피해위치(":"서울특별시 은평구 응암동 595-21 지층B","피해일시":"20250813 - 1200","F_SHIM":0.1,"F_AREA":135.5348706,"F_AVR_HGT":"14.590073204040527","ADM_CD":"1138010700","F_YR":"2025","F_ZONE_NM":"서울특별시 은평구 응암동 595-21 지층B","TYPE":"주택","TYPE2":"재난지원금"},"geometry":{"type":"Polygon","coordinates":[[[126.91525839306439,37.58714923639335],[126.91523472142431,37.58705857999402],[126.91509192874061,37.587077576418636],[126.9151127651235,37.58717219510523],[126.91525839306439,37.58714923639335]]]}},{"type":"Feature","properties":{"PNU":1138010700105930000,"피해위치(":"서울특별시 은평구 응암동 593-7 1층","피해일시":"20250813 - 1200","F_SHIM":0.1,"F_AREA":137.25594664,"F_AVR_HGT":"13.544816589355468","ADM_CD":"1138010700","F_YR":"2025","F_ZONE_NM":"서울특별시 은평구 응암동 593-7 1층","TYPE":"주택","TYPE2":"재난지원금"},"geometry":{"type":"Polygon","coordinates":[[[126.91413489802545,37.58706029372422],[126.9139773137352,37.58704468002283],[126.91399844275412,37.58708154597979],[126.9140473642994,37.58716942828502],[126.91415393325,37.587145000410615],[126.91413489802545,37.58706029372422]]]}},{"type":"Feature","properties":{"PNU":1138010700105950000,"피해위치(":"서울특별시 은평구 응암동 595-13 지층 우측","피해일시":"20250813 - 1100","F_SHIM":0.1,"F_AREA":147.14055833,"F_AVR_HGT":"14.590073204040527","ADM_CD":"1138010700","F_YR":"2025","F_ZONE_NM":"서울특별시 은평구 응암동 595-13 지층 우측","TYPE":"주택","TYPE2":"재난지원금"},"geometry":{"type":"Polygon","coordinates":[[[126.91529271377469,37.58713628728278],[126.91547049945397,37.58711046864196],[126.91545338167855,37.587030809081156],[126.91527174960869,37.58705410212815],[126.91529271377469,37.58713628728278]]]}},{"type":"Feature","properties":{"PNU":1138010700105940100,"피해위치(":"서울특별시 은평구 응암동 594-74 B 3호","피해일시":"20250823 - 1613","F_SHIM":0.1,"F_AREA":173.06249758,"F_AVR_HGT":"13.544816589355468","ADM_CD":"1138010700","F_YR":"2025","F_ZONE_NM":"서울특별시 은평구 응암동 594-74 B 3호","TYPE":"주택","TYPE2":"재난지원금"},"geometry":{"type":"Polygon","coordinates":[[[126.91436851654565,37.5871186700667],[126.91434838470988,37.58700323901311],[126.91427874680451,37.58700967466127],[126.91419438796186,37.58701808154662],[126.91421432111304,37.58710954627617],[126.91425844933774,37.587133274811876],[126.91429921483125,37.58712798912718],[126.91436851654565,37.5871186700667]]]}},{"type":"Feature","properties":{"PNU":1138010700105940100,"피해위치(":"서울특별시 은평구 응암동 594-76 나동 102호","피해일시":"20250813 - 1200","F_SHIM":0.1,"F_AREA":135.31356825,"F_AVR_HGT":"14.590073204040527","ADM_CD":"1138010700","F_YR":"2025","F_ZONE_NM":"서울특별시 은평구 응암동 594-76 나동 102호","TYPE":"주택","TYPE2":"재난지원금"},"geometry":{"type":"Polygon","coordinates":[[[126.91448900112394,37.58710308181602],[126.91446671278452,37.58699206401922],[126.91434838470988,37.58700323901311],[126.91436851654565,37.5871186700667],[126.91448900112394,37.58710308181602]]]}},{"type":"Feature","properties":{"PNU":1138010700105940100,"피해위치(":"서울특별시 은평구 응암동 594-77 지층","피해일시":"20250813 - 1200","F_SHIM":0.1,"F_AREA":134.61658125,"F_AVR_HGT":"14.590073204040527","ADM_CD":"1138010700","F_YR":"2025","F_ZONE_NM":"서울특별시 은평구 응암동 594-77 지층","TYPE":"주택","TYPE2":"재난지원금"},"geometry":{"type":"Polygon","coordinates":[[[126.91461141018587,37.587087675056175],[126.91459092857953,37.58698062294702],[126.91446671278452,37.58699206401922],[126.91448900112394,37.58710308181602],[126.91461141018587,37.587087675056175]]]}},{"type":"Feature","properties":{"PNU":1138010700105940100,"피해위치(":"서울특별시 은평구 응암동 594-78 지층 우측","피해일시":"20250813 - 1100","F_SHIM":0.1,"F_AREA":157.19043,"F_AVR_HGT":"14.590073204040527","ADM_CD":"1138010700","F_YR":"2025","F_ZONE_NM":"서울특별시 은평구 응암동 594-78 지층 우측","TYPE":"주택","TYPE2":"재난지원금"},"geometry":{"type":"Polygon","coordinates":[[[126.91475216421037,37.587069398502535],[126.91473440648609,37.58695649201677],[126.91459092857953,37.58698062294702],[126.91461141018587,37.587087675056175],[126.91475216421037,37.587069398502535]]]}},{"type":"Feature","properties":{"PNU":1138010700105930000,"피해위치(":"서울특별시 은평구 응암동 593-9 1층, 2층","피해일시":"20250813 - 1200","F_SHIM":0.1,"F_AREA":90.93942122,"F_AVR_HGT":"13.544816589355468","ADM_CD":"1138010700","F_YR":"2025","F_ZONE_NM":"서울특별시 은평구 응암동 593-9 1층, 2층","TYPE":"소상공인","TYPE2":"재난지원금"},"geometry":{"type":"Polygon","coordinates":[[[126.91389580454357,37.58703669087948],[126.91383521832985,37.58695159289945],[126.9137645267578,37.58698757977268],[126.91377660724908,37.58701660047241],[126.91380562879793,37.58708140286759],[126.91389580454357,37.58703669087948]]]}},{"type":"Feature","properties":{"PNU":1138010700105870000,"피해위치(":"서울특별시 은평구 응암동 587-6 미즈머리까끼","피해일시":"20250813 - 1200","F_SHIM":0.1,"F_AREA":115.92937118,"F_AVR_HGT":"14.16219482421875","ADM_CD":"1138010700","F_YR":"2025","F_ZONE_NM":"서울특별시 은평구 응암동 587-6 미즈머리까끼","TYPE":"소상공인","TYPE2":"재난지원금"},"geometry":{"type":"Polygon","coordinates":[[[126.91506827085652,37.5898143006486],[126.91509787157146,37.589771795847255],[126.91508070576609,37.58973349143003],[126.9149681021511,37.589686377520664],[126.91492375709659,37.589750585205245],[126.91506827085652,37.5898143006486]]]}},{"type":"Feature","properties":{"PNU":1138010700105920000,"피해위치(":"서울특별시 은평구 응암동 592-15 지층 우측","피해일시":"20250813 - 1200","F_SHIM":0.1,"F_AREA":130.56521949,"F_AVR_HGT":"14.327618217468261","ADM_CD":"1138010700","F_YR":"2025","F_ZONE_NM":"서울특별시 은평구 응암동 592-15 지층 우측","TYPE":"주택","TYPE2":"재난지원금"},"geometry":{"type":"Polygon","coordinates":[[[126.91461640613164,37.58863367882821],[126.91464416530818,37.58851936428339],[126.91458517583308,37.588519861446066],[126.91454681536423,37.58850100260562],[126.91453941754226,37.58853397320067],[126.91451711784049,37.58862684830522],[126.91451609128742,37.58863333463948],[126.91459157990845,37.58865987920764],[126.91461367632586,37.588644398538136],[126.91461640613164,37.58863367882821]]]}},{"type":"Feature","properties":{"PNU":1138010700105940100,"피해위치(":"서울특별시 은평구 응암동 594-79 101호","피해일시":"20250813 - 1200","F_SHIM":0.1,"F_AREA":217.74669184,"F_AVR_HGT":"14.590073204040527","ADM_CD":"1138010700","F_YR":"2025","F_ZONE_NM":"서울특별시 은평구 응암동 594-79 101호","TYPE":"주택","TYPE2":"재난지원금"},"geometry":{"type":"Polygon","coordinates":[[[126.9149374206695,37.58704511782993],[126.9149125432795,37.58692058344031],[126.91473440648609,37.58695649201677],[126.91475216421037,37.587069398502535],[126.9149374206695,37.58704511782993]]]}},{"type":"Feature","properties":{"PNU":1138010700105930000,"피해위치(":"서울특별시 은평구 응암동 593-12","피해일시":"20250813 - 1200","F_SHIM":0.1,"F_AREA":52.80820421,"F_AVR_HGT":"13.544816589355468","ADM_CD":"1138010700","F_YR":"2025","F_ZONE_NM":"서울특별시 은평구 응암동 593-12","TYPE":"주택","TYPE2":"재난지원금"},"geometry":{"type":"Polygon","coordinates":[[[126.9141283662261,37.58703037618407],[126.91411225739635,37.58696053791287],[126.9140268805597,37.58696813303826],[126.91403734844445,37.58702075832554],[126.9141283662261,37.58703037618407]]]}},{"type":"Feature","properties":{"PNU":1138010700105970000,"피해위치(":"서울특별시 은평구 응암동 597-23 b01호","피해일시":"20250813 - 1145","F_SHIM":0.1,"F_AREA":88.46196411,"F_AVR_HGT":"14.327618217468261","ADM_CD":"1138010700","F_YR":"2025","F_ZONE_NM":"서울특별시 은평구 응암동 597-23 b01호","TYPE":"주택","TYPE2":"재난지원금"},"geometry":{"type":"Polygon","coordinates":[[[126.91515686215553,37.58849721586899],[126.9151481290889,37.58841215650747],[126.91514371300696,37.58841251367018],[126.91507090634342,37.588416604904054],[126.91501746150328,37.58841998949489],[126.91503371275424,37.58846559123714],[126.91508305287012,37.588487070815845],[126.91511575849519,37.588500609532495],[126.91514157578858,37.58849837596467],[126.91515686215553,37.58849721586899]]]}},{"type":"Feature","properties":{"PNU":1138010700105970000,"피해위치(":"서울특별시 은평구 응암동 597-12 지하좌측","피해일시":"20250813 - 1200","F_SHIM":0.1,"F_AREA":129.73317416,"F_AVR_HGT":"14.327618217468261","ADM_CD":"1138010700","F_YR":"2025","F_ZONE_NM":"서울특별시 은평구 응암동 597-12 지하좌측","TYPE":"주택","TYPE2":"재난지원금"},"geometry":{"type":"Polygon","coordinates":[[[126.91531631586268,37.58846552765318],[126.915305808221,37.58844641910014],[126.91535101993631,37.588415187936434],[126.91534095905305,37.58840139552325],[126.91521448176724,37.58840833080295],[126.9151481290889,37.58841215650747],[126.91515686215553,37.58849721586899],[126.91523839585093,37.588485472589866],[126.91531631586268,37.58846552765318]]]}},{"type":"Feature","properties":{"PNU":1138010700105940100,"피해위치(":"서울특별시 은평구 응암동 594-84 지층","피해일시":"20250822 - 2136","F_SHIM":0.1,"F_AREA":110.82351088,"F_AVR_HGT":"14.590073204040527","ADM_CD":"1138010700","F_YR":"2025","F_ZONE_NM":"서울특별시 은평구 응암동 594-84 지층","TYPE":"주택","TYPE2":"재난지원금"},"geometry":{"type":"Polygon","coordinates":[[[126.91543736117546,37.58698151351487],[126.91542192422632,37.58691708182182],[126.91531355654566,37.58693105810152],[126.91525536253093,37.58693011460462],[126.91526784605412,37.58700283322424],[126.91543736117546,37.58698151351487]]]}},{"type":"Feature","properties":{"PNU":1138010700105940000,"피해위치(":"서울특별시 은평구 응암동 594-10 지층 우측","피해일시":"20250813 - 1115","F_SHIM":0.1,"F_AREA":163.2385249,"F_AVR_HGT":"14.590073204040527","ADM_CD":"1138010700","F_YR":"2025","F_ZONE_NM":"서울특별시 은평구 응암동 594-10 지층 우측","TYPE":"주택","TYPE2":"재난지원금"},"geometry":{"type":"Polygon","coordinates":[[[126.91466140440485,37.586935084977824],[126.91462189063684,37.586837659406704],[126.91460932030535,37.586840172910975],[126.91456877881025,37.586847711330876],[126.91447195425059,37.586866200265526],[126.9144813575081,37.586958287876925],[126.9145838320763,37.586949353538095],[126.91466140440485,37.586935084977824]]]}},{"type":"Feature","properties":{"PNU":1138010700105940000,"피해위치(":"서울특별시 은평구 응암동 594-12 지층 우측","피해일시":"20250813 - 1200","F_SHIM":0.1,"F_AREA":124.67805497,"F_AVR_HGT":"14.590073204040527","ADM_CD":"1138010700","F_YR":"2025","F_ZONE_NM":"서울특별시 은평구 응암동 594-12 지층 우측","TYPE":"주택","TYPE2":"재난지원금"},"geometry":{"type":"Polygon","coordinates":[[[126.91477091037093,37.58691597451826],[126.91473017197296,37.58680052838063],[126.91462189063684,37.586837659406704],[126.91466140440485,37.586935084977824],[126.91477091037093,37.58691597451826]]]}},{"type":"Feature","properties":{"PNU":1138010700105940000,"피해위치(":"서울특별시 은평구 응암동 594-19 지층1호","피해일시":"20250822 - 1357","F_SHIM":0.1,"F_AREA":96.57506023,"F_AVR_HGT":"14.590073204040527","ADM_CD":"1138010700","F_YR":"2025","F_ZONE_NM":"서울특별시 은평구 응암동 594-19 지층1호","TYPE":"주택","TYPE2":"재난지원금"},"geometry":{"type":"Polygon","coordinates":[[[126.91486875484067,37.586896675200634],[126.91495527445629,37.58687980015757],[126.91496764275304,37.58685620341664],[126.91492233062671,37.58677931615408],[126.91484407950429,37.58679331409233],[126.91486875484067,37.586896675200634]]]}},{"type":"Feature","properties":{"PNU":1138010700105900000,"피해위치(":"서울특별시 은평구 응암동 590-27 상가 지층","피해일시":"20250813 - 1200","F_SHIM":0.1,"F_AREA":190.48561612,"F_AVR_HGT":"14.874811744689941","ADM_CD":"1138010700","F_YR":"2025","F_ZONE_NM":"서울특별시 은평구 응암동 590-27 상가 지층","TYPE":"소상공인","TYPE2":"재난지원금"},"geometry":{"type":"Polygon","coordinates":[[[126.91540396045009,37.58963579065962],[126.9154217801089,37.58959805239938],[126.91550559260266,37.58947648056453],[126.91540656983008,37.589434692776294],[126.91530324789336,37.58958643328156],[126.91537760032504,37.58961748143703],[126.91540396045009,37.58963579065962]]]}},{"type":"Feature","properties":{"PNU":1138010700105870100,"피해위치(":"서울특별시 은평구 응암동 587-27","피해일시":"20250813 - 1100","F_SHIM":0.1,"F_AREA":137.68252083,"F_AVR_HGT":"14.423204040527343","ADM_CD":"1138010700","F_YR":"2025","F_ZONE_NM":"서울특별시 은평구 응암동 587-27","TYPE":"주택","TYPE2":"재난지원금"},"geometry":{"type":"Polygon","coordinates":[[[126.91443912517433,37.58958354652181],[126.91441953475535,37.58948865837932],[126.91427605682846,37.58950855428562],[126.91429394902592,37.5896031709013],[126.91443912517433,37.58958354652181]]]}},{"type":"Feature","properties":{"PNU":1138010700105920000,"피해위치(":"서울특별시 은평구 응암동 592-29 지층4호","피해일시":"20250813 - 1100","F_SHIM":0.1,"F_AREA":187.22283929,"F_AVR_HGT":"14.327618217468261","ADM_CD":"1138010700","F_YR":"2025","F_ZONE_NM":"서울특별시 은평구 응암동 592-29 지층4호","TYPE":"주택","TYPE2":"재난지원금"},"geometry":{"type":"Polygon","coordinates":[[[126.91496847679934,37.58848275223483],[126.91493665153085,37.58839344129509],[126.91480595521419,37.588426051111405],[126.914778558366,37.58842350822538],[126.91468957690795,37.58841380226886],[126.91466526716874,37.588482799826046],[126.91496847679934,37.58848275223483]]]}},{"type":"Feature","properties":{"PNU":1138010700105920000,"피해위치(":"서울특별시 은평구 응암동 592-22 지층1호","피해일시":"20250813 - 1116","F_SHIM":0.1,"F_AREA":104.10632396,"F_AVR_HGT":"13.933221435546875","ADM_CD":"1138010700","F_YR":"2025","F_ZONE_NM":"서울특별시 은평구 응암동 592-22 지층1호","TYPE":"주택","TYPE2":"재난지원금"},"geometry":{"type":"Polygon","coordinates":[[[126.91422183350531,37.58833579238892],[126.91419286907372,37.58831829185851],[126.91417885265244,37.58830819045795],[126.91413955007376,37.5883399661382],[126.91407011234196,37.5883387434378],[126.9140634763116,37.58839784312958],[126.9140797792499,37.58839875619173],[126.91420476631707,37.58840758826088],[126.91422183350531,37.58833579238892]]]}},{"type":"Feature","properties":{"PNU":1138010700105940000,"피해위치(":"서울특별시 은평구 응암동 594-26 지하층","피해일시":"20250813 - 1200","F_SHIM":0.1,"F_AREA":111.57863081,"F_AVR_HGT":"14.590073204040527","ADM_CD":"1138010700","F_YR":"2025","F_ZONE_NM":"서울특별시 은평구 응암동 594-26 지하층","TYPE":"주택","TYPE2":"재난지원금"},"geometry":{"type":"Polygon","coordinates":[[[126.91510919226063,37.5868251330308],[126.91505269525999,37.58672748794223],[126.9149554139461,37.586759338548916],[126.91496366364834,37.586772589079594],[126.91500524737918,37.586842716205595],[126.91503421737175,37.58685508092977],[126.91505630305517,37.586848339720085],[126.91510919226063,37.5868251330308]]]}},{"type":"Feature","properties":{"PNU":1138010700105940000,"피해위치(":"서울특별시 은평구 응암동 594-17 지상1층","피해일시":"20250813 - 1200","F_SHIM":0.1,"F_AREA":59.22082821,"F_AVR_HGT":"14.590073204040527","ADM_CD":"1138010700","F_YR":"2025","F_ZONE_NM":"서울특별시 은평구 응암동 594-17 지상1층","TYPE":"주택","TYPE2":"재난지원금"},"geometry":{"type":"Polygon","coordinates":[[[126.91481113914362,37.58678761369504],[126.91476966591766,37.586720009339736],[126.91475135801117,37.58669098416278],[126.91470004369364,37.5867132007669],[126.91474964838459,37.586798290235464],[126.91481113914362,37.58678761369504]]]}},{"type":"Feature","properties":{"PNU":1138010700105940000,"피해위치(":"서울특별시 은평구 응암동 594-20 지층 좌","피해일시":"20250813 - 1145","F_SHIM":0.1,"F_AREA":95.2075642,"F_AVR_HGT":"14.590073204040527","ADM_CD":"1138010700","F_YR":"2025","F_ZONE_NM":"서울특별시 은평구 응암동 594-20 지층 좌","TYPE":"주택","TYPE2":"재난지원금"},"geometry":{"type":"Polygon","coordinates":[[[126.91484407950429,37.58679331409233],[126.91492233062671,37.58677931615408],[126.9149164546828,37.586769401007],[126.9148678668129,37.586686024226154],[126.91476966591766,37.586720009339736],[126.91481113914362,37.58678761369504],[126.914841601415,37.58678232025423],[126.91484407950429,37.58679331409233]]]}},{"type":"Feature","properties":{"PNU":1138010700105940000,"피해위치(":"서울특별시 은평구 응암동 594-25 지층101호","피해일시":"20250813 - 1100","F_SHIM":0.1,"F_AREA":93.0811133,"F_AVR_HGT":"14.590073204040527","ADM_CD":"1138010700","F_YR":"2025","F_ZONE_NM":"서울특별시 은평구 응암동 594-25 지층101호","TYPE":"주택","TYPE2":"재난지원금"},"geometry":{"type":"Polygon","coordinates":[[[126.91505269525999,37.58672748794223],[126.9150627869542,37.586724188718286],[126.915016794867,37.586647841583336],[126.91491235981066,37.58668803904496],[126.9149554139461,37.586759338548916],[126.91505269525999,37.58672748794223]]]}},{"type":"Feature","properties":{"PNU":1138010700105940100,"피해위치(":"서울특별시 은평구 응암동 594-99","피해일시":"20250824 - 1007","F_SHIM":0.1,"F_AREA":117.40342454,"F_AVR_HGT":"14.590073204040527","ADM_CD":"1138010700","F_YR":"2025","F_ZONE_NM":"서울특별시 은평구 응암동 594-99","TYPE":"주택","TYPE2":"재난지원금"},"geometry":{"type":"Polygon","coordinates":[[[126.91455265373995,37.58674285181349],[126.9145120485118,37.586659273540135],[126.91446451518293,37.586545804464905],[126.9144402743796,37.58655596771809],[126.91446098386143,37.58675872267023],[126.91455265373995,37.58674285181349]]]}},{"type":"Feature","properties":{"PNU":1138010700105940000,"피해위치(":"서울특별시 은평구 응암동 594-4 지층","피해일시":"20250813 - 1100","F_SHIM":0.1,"F_AREA":106.53645914,"F_AVR_HGT":"15.895234680175781","ADM_CD":"1138010700","F_YR":"2025","F_ZONE_NM":"서울특별시 은평구 응암동 594-4 지층","TYPE":"주택","TYPE2":"재난지원금"},"geometry":{"type":"Polygon","coordinates":[[[126.91559654036297,37.58669322414631],[126.91562215397565,37.586670628059736],[126.91557082584437,37.58660662075342],[126.91547511848265,37.5866386261027],[126.91546446713674,37.58664618661372],[126.91553908901506,37.586735798912315],[126.91559654036297,37.58669322414631]]]}},{"type":"Feature","properties":{"PNU":1138010700105910000,"피해위치(":"서울특별시 은평구 응암동 591-35 지하 102호","피해일시":"20250813 - 1200","F_SHIM":0.1,"F_AREA":166.7470243,"F_AVR_HGT":"14.423204040527343","ADM_CD":"1138010700","F_YR":"2025","F_ZONE_NM":"서울특별시 은평구 응암동 591-35 지하 102호","TYPE":"주택","TYPE2":"재난지원금"},"geometry":{"type":"Polygon","coordinates":[[[126.91505954504726,37.5895271504386],[126.91511942369323,37.589443763096455],[126.91513076356246,37.58942863485261],[126.91500062217865,37.5893715973039],[126.91492815610177,37.58947182376811],[126.91505954504726,37.5895271504386]]]}},{"type":"Feature","properties":{"PNU":1138010700105970000,"피해위치(":"서울특별시 은평구 응암동 597-38 지층가호","피해일시":"20250813 - 1131","F_SHIM":0.1,"F_AREA":149.83885568,"F_AVR_HGT":"14.327618217468261","ADM_CD":"1138010700","F_YR":"2025","F_ZONE_NM":"서울특별시 은평구 응암동 597-38 지층가호","TYPE":"주택","TYPE2":"재난지원금"},"geometry":{"type":"Polygon","coordinates":[[[126.91523953506888,37.58838131957079],[126.91519132739585,37.588281238963184],[126.91518953148436,37.58827749856244],[126.91518892152158,37.58827625475719],[126.91511313693347,37.58829041685058],[126.91504646866,37.58830288271224],[126.91508101302031,37.58839075403907],[126.91523953506888,37.58838131957079]]]}},{"type":"Feature","properties":{"PNU":1138010700105920100,"피해위치(":"서울특별시 은평구 응암동 592-87 지하좌측","피해일시":"20250813 - 1200","F_SHIM":0.1,"F_AREA":98.55152301,"F_AVR_HGT":"13.933221435546875","ADM_CD":"1138010700","F_YR":"2025","F_ZONE_NM":"서울특별시 은평구 응암동 592-87 지하좌측","TYPE":"주택","TYPE2":"재난지원금"},"geometry":{"type":"Polygon","coordinates":[[[126.91407011234196,37.5883387434378],[126.91413955007376,37.5883399661382],[126.91417885265244,37.58830819045795],[126.9141329117348,37.58827518041061],[126.91407566852374,37.58823486399576],[126.91403463505407,37.58827510761724],[126.91400799751064,37.58830103623763],[126.91401761389433,37.58830744035895],[126.91402115527607,37.58830955128863],[126.91407011234196,37.5883387434378]]]}},{"type":"Feature","properties":{"PNU":1138010700105940000,"피해위치(":"서울특별시 은평구 응암동 594-21 지층","피해일시":"20250813 - 1200","F_SHIM":0.1,"F_AREA":163.12881025,"F_AVR_HGT":"14.590073204040527","ADM_CD":"1138010700","F_YR":"2025","F_ZONE_NM":"서울특별시 은평구 응암동 594-21 지층","TYPE":"주택","TYPE2":"재난지원금"},"geometry":{"type":"Polygon","coordinates":[[[126.91476966591766,37.586720009339736],[126.9148678668129,37.586686024226154],[126.91481939227064,37.58660264750744],[126.91478639752408,37.58654631169721],[126.91468603838553,37.586586511953925],[126.91471971532039,37.58664032553501],[126.91475135801117,37.58669098416278],[126.91476966591766,37.586720009339736]]]}},{"type":"Feature","properties":{"PNU":1138010700105940000,"피해위치(":"서울특별시 은평구 응암동 594-23 지하 우","피해일시":"20250822 - 2130","F_SHIM":0.1,"F_AREA":129.65600853,"F_AVR_HGT":"14.590073204040527","ADM_CD":"1138010700","F_YR":"2025","F_ZONE_NM":"서울특별시 은평구 응암동 594-23 지하 우","TYPE":"주택","TYPE2":"재난지원금"},"geometry":{"type":"Polygon","coordinates":[[[126.91499653639386,37.58664106934793],[126.91492466508824,37.586523347985825],[126.91483280503144,37.58655706750869],[126.91490388431404,37.58667424775373],[126.91499653639386,37.58664106934793]]]}},{"type":"Feature","properties":{"PNU":1138010700105940100,"피해위치(":"서울특별시 은평구 응암동 594-69 지층 1호","피해일시":"20250813 - 1200","F_SHIM":0.1,"F_AREA":227.23692048,"F_AVR_HGT":"14.590073204040527","ADM_CD":"1138010700","F_YR":"2025","F_ZONE_NM":"서울특별시 은평구 응암동 594-69 지층 1호","TYPE":"주택","TYPE2":"재난지원금"},"geometry":{"type":"Polygon","coordinates":[[[126.9145120485118,37.586659273540135],[126.91462848458804,37.58661944566085],[126.9146432090882,37.58661432088288],[126.91463835038923,37.58660593814509],[126.91468603838553,37.586586511953925],[126.91463880920874,37.586503406371385],[126.91462400952727,37.5864758253319],[126.91446451518293,37.586545804464905],[126.9145120485118,37.586659273540135]]]}},{"type":"Feature","properties":{"PNU":1138010700105940100,"피해위치(":"서울특별시 은평구 응암동 594-58 지층우측","피해일시":"20250813 - 1200","F_SHIM":0.1,"F_AREA":153.63457896,"F_AVR_HGT":"14.590073204040527","ADM_CD":"1138010700","F_YR":"2025","F_ZONE_NM":"서울특별시 은평구 응암동 594-58 지층우측","TYPE":"주택","TYPE2":"재난지원금"},"geometry":{"type":"Polygon","coordinates":[[[126.91526282182193,37.58664721072468],[126.91535982184371,37.586574301764834],[126.91526299532923,37.58649683642774],[126.91525860607963,37.586474038295485],[126.91525590378866,37.58646106213424],[126.91525103078662,37.58646502290795],[126.91524037777909,37.58647402497407],[126.91517464463237,37.58653109937218],[126.91518108772927,37.58654011393644],[126.91523531707836,37.586611178247175],[126.91526282182193,37.58664721072468]]]}},{"type":"Feature","properties":{"PNU":1138010700105940000,"피해위치(":"서울특별시 은평구 응암동 594-22 지하1호","피해일시":"20250822 - 2133","F_SHIM":0.1,"F_AREA":172.65922407,"F_AVR_HGT":"14.590073204040527","ADM_CD":"1138010700","F_YR":"2025","F_ZONE_NM":"서울특별시 은평구 응암동 594-22 지하1호","TYPE":"주택","TYPE2":"재난지원금"},"geometry":{"type":"Polygon","coordinates":[[[126.9150976944332,37.58659528330443],[126.91509554690944,37.58659212828414],[126.91503540766631,37.58651126587071],[126.91503065954336,37.58650513569286],[126.91500621771068,37.586473853597106],[126.91491755255038,37.58650583662628],[126.91491525319641,37.586506699885156],[126.91482365286035,37.5865410232516],[126.91483280503144,37.58655706750869],[126.91492466508824,37.586523347985825],[126.91499653639386,37.58664106934793],[126.9150976944332,37.58659528330443]]]}},{"type":"Feature","properties":{"PNU":1138010900100290000,"피해위치(":"서울특별시 은평구 신사동 29-85 지층B호","피해일시":"20250813 - 1200","F_SHIM":0.1,"F_AREA":206.08037509,"F_AVR_HGT":"26.25913200378418","ADM_CD":"1138010900","F_YR":"2025","F_ZONE_NM":"서울특별시 은평구 신사동 29-85 지층B호","TYPE":"주택","TYPE2":"재난지원금"},"geometry":{"type":"Polygon","coordinates":[[[126.91110129665361,37.596402027619554],[126.91124441564756,37.59640970542765],[126.9112568210319,37.596263935762636],[126.91111404343498,37.59625508695225],[126.91110129665361,37.596402027619554]]]}},{"type":"Feature","properties":{"PNU":1138010700107690000,"피해위치(":"서울특별시 은평구 응암동 769 상가A동 109호","피해일시":"20250813 - 1200","F_SHIM":0.1,"F_AREA":80657.83913145,"F_AVR_HGT":"46.44528350830078","ADM_CD":"1138010700","F_YR":"2025","F_ZONE_NM":"서울특별시 은평구 응암동 769 상가A동 109호","TYPE":"소상공인","TYPE2":"재난지원금"},"geometry":{"type":"Polygon","coordinates":[[[126.93346840015441,37.598238650789334],[126.93338021814826,37.5980818287897],[126.9333694747769,37.598066325671084],[126.93335567261794,37.59805235245699],[126.93333915088958,37.59804044993241],[126.93332047561131,37.59803079861999],[126.93330009948275,37.59802366907539],[126.93327847520268,37.59801933185455],[126.93325697281063,37.5980179228966],[126.93269783216849,37.59801759820488],[126.93263897270496,37.59801645566151],[126.93258008132536,37.598013087640915],[126.93253758706948,37.598009260663524],[126.93249160664008,37.59800379184217],[126.93244635212373,37.59799703502125],[126.93239477013157,37.59798762558606],[126.93234806931446,37.59797750721195],[126.93230645305552,37.5979671575453],[126.93161921893237,37.5977857089347],[126.93158902579758,37.59777818585754],[126.93155702047294,37.59777110318046],[126.93152781080242,37.597765400657295],[126.93149982322835,37.59776061785506],[126.93147357867066,37.597756719044455],[126.9314467334982,37.59775331541238],[126.93050810673846,37.59764447424926],[126.93050471008847,37.59764401270413],[126.93049800728342,37.597643188776196],[126.93049382929506,37.59764273577044],[126.93048712631895,37.59764209203851],[126.93048037794566,37.59764155639689],[126.93047471647738,37.59764119259599],[126.93046518239053,37.59764076339479],[126.93045089220278,37.59764052053579],[126.93043312505475,37.597640915279435],[126.93041779195367,37.597641870096474],[126.93040524421461,37.59764308787489],[126.93039685242454,37.59764411894973],[126.9303859802206,37.59764571614882],[126.93036922965776,37.597648778406786],[126.93035212726316,37.597652678364945],[126.93033892051103,37.597656247306055],[126.93032369703654,37.59766098630785],[126.93030992282104,37.597665897368906],[126.93029516245208,37.5976718529742],[126.93027673076027,37.59768039218451],[126.93026193463646,37.59768821279998],[126.93024801001657,37.59769646641188],[126.93023095703721,37.597707898604675],[126.93021650887519,37.59771892692597],[126.93020704599743,37.59772693095279],[126.93019511156365,37.59773807791795],[126.93018311910618,37.59775069344995],[126.93016957161534,37.59776717326009],[126.9301552497397,37.597788229596716],[126.93014044510231,37.59781678182248],[126.93013487166942,37.59783093290302],[126.93013218069109,37.59783854458626],[126.93010948356284,37.597902518705865],[126.93000270207666,37.59809109296906],[126.92994726844049,37.59824910988823],[126.92991310054266,37.598348062196344],[126.92986410757533,37.5984965325523],[126.92991880148917,37.598508179419234],[126.92990402636168,37.59855295834081],[126.92985089413456,37.598683992146],[126.9297768372428,37.598824824916626],[126.92977364152883,37.5991221654962],[126.92977377866048,37.59913266203521],[126.92977443670654,37.599143140871135],[126.92977541317008,37.599152214366654],[126.92977680849529,37.59916141425436],[126.92977867911125,37.59917093878494],[126.92978079955317,37.59917973367085],[126.9297836888155,37.59918978139075],[126.92979646821829,37.59923063073009],[126.92981582638711,37.59931911905108],[126.92987975720325,37.599370351741356],[126.93010530509675,37.59941915953862],[126.9304883578628,37.59947947725314],[126.93065938585933,37.59952404357687],[126.93071988138026,37.59954459526834],[126.93076649703303,37.59956174190263],[126.93079464927693,37.599572669682004],[126.9308290607907,37.59958662850725],[126.93088161635673,37.59960927465108],[126.93092071226178,37.59962720057918],[126.9309499487225,37.599641228352276],[126.93097149939514,37.59965191788651],[126.93100506987032,37.599669200785804],[126.9310370890588,37.59968640166064],[126.93105723510494,37.59969760390084],[126.93107472119611,37.59970757020303],[126.93110338887118,37.599724408666184],[126.93111962948575,37.59973422105152],[126.93113804280753,37.59974562046066],[126.93116100534807,37.59976022106926],[126.93117747157473,37.59977097060361],[126.93120157638255,37.59978713058598],[126.93121923028781,37.599799313385354],[126.93124148968256,37.5998150758277],[126.93125716264619,37.59982647358645],[126.9312714435136,37.59983707764939],[126.93128690103487,37.599848790620044],[126.93130752955459,37.599864822374364],[126.93132715057219,37.599880511152264],[126.93134078546933,37.59989167343211],[126.93135874247871,37.599906721517236],[126.9313753979242,37.5999210390297],[126.9313888170801,37.59993284087383],[126.93140587923632,37.59994818574444],[126.93142076870114,37.59996192557214],[126.9314373436354,37.59997759450268],[126.93146612538241,37.600005821372314],[126.931478151338,37.60001802782165],[126.93148909103948,37.600029332642066],[126.93150072060402,37.600041601922676],[126.93151052862272,37.60005214924384],[126.93152383196717,37.600066744051546],[126.93153222557376,37.600076137273604],[126.93154232713927,37.60008763079847],[126.93155689654805,37.60010461395837],[126.93156652252178,37.60011609818934],[126.93158043514116,37.60013308996684],[126.93159686954566,37.60015379528725],[126.93160682261285,37.60016668524238],[126.9316148527265,37.600177303580196],[126.93162509935605,37.600191121720286],[126.9316354474673,37.60020540843075],[126.93164902956578,37.600224706521104],[126.93165706996264,37.60023645109098],[126.93166823118348,37.60025312588509],[126.93177702681731,37.60042896302137],[126.93178898818701,37.600474100333194],[126.93180044103919,37.60053024735672],[126.93183193708663,37.60068399169325],[126.93184633081617,37.60071955298326],[126.93185188746514,37.60074757683701],[126.93186260638069,37.60080153402985],[126.9323789442137,37.6007484363545],[126.93237161743048,37.60069958976931],[126.93245098628482,37.60046867823085],[126.93250967951028,37.60035763936118],[126.93251441003649,37.600348542197146],[126.93252488344166,37.6003254561218],[126.93255680987275,37.60025980211791],[126.93259818708184,37.60017471040676],[126.93268626109678,37.6001177565968],[126.9328477437301,37.60016449455825],[126.9328497249672,37.600165000261505],[126.93287261673274,37.60017086095831],[126.9329644983156,37.60019712396108],[126.93298289501325,37.60020238737666],[126.93312113836849,37.600239759261825],[126.9332536641614,37.600276109567204],[126.93331861428427,37.60029344599115],[126.93336917247854,37.60027256337473],[126.93372679039238,37.59940570810894],[126.93385917398378,37.59922262317314],[126.9338774087887,37.599193874236754],[126.93388507960303,37.59917632747723],[126.9338911359303,37.599153445970806],[126.93389303287071,37.599134463338764],[126.9338911114588,37.59910541453503],[126.9338616821499,37.5989162992827],[126.93382689404584,37.59869276337782],[126.93381928093295,37.59865916134017],[126.9338081023982,37.59862383637819],[126.9337934128532,37.598589230187194],[126.93377521197571,37.598555703158986],[126.93375361276208,37.598523525651956],[126.93372884160884,37.59849278789258],[126.93370101151062,37.59846376023885],[126.93361242378217,37.598378746566866],[126.93356934058367,37.598337393661296],[126.9335444274788,37.59831347622541],[126.93346840015441,37.598238650789334]],[[126.93219222049967,37.59935778541531],[126.93208916184706,37.599357724838036],[126.932016346594,37.59929970370821],[126.93201642286571,37.59921770526221],[126.93208934578384,37.59915976990345],[126.93219240416342,37.59915983048028],[126.93226521941718,37.59921785150286],[126.9322651434185,37.59929984994929],[126.93219222049967,37.59935778541531]]]}},{"type":"Feature","properties":{"PNU":1138010800100660100,"피해위치(":"서울특별시 은평구 역촌동 66-36","피해일시":"20250813 - 1200","F_SHIM":0.1,"F_AREA":170.14448635,"F_AVR_HGT":"18.49718246459961","ADM_CD":"1138010800","F_YR":"2025","F_ZONE_NM":"서울특별시 은평구 역촌동 66-36","TYPE":"주택","TYPE2":"재난지원금"},"geometry":{"type":"Polygon","coordinates":[[[126.91374151265234,37.60243835538554],[126.9138865636569,37.60245026604407],[126.91390119818657,37.6023314372879],[126.91375614666943,37.6023201573348],[126.91374151265234,37.60243835538554]]]}},{"type":"Feature","properties":{"PNU":1138010800100420000,"피해위치(":"서울특별시 은평구 역촌동 42-24 B02호","피해일시":"20250813 - 1208","F_SHIM":0.1,"F_AREA":135.41514042,"F_AVR_HGT":"18.146987533569337","ADM_CD":"1138010800","F_YR":"2025","F_ZONE_NM":"서울특별시 은평구 역촌동 42-24 B02호","TYPE":"주택","TYPE2":"재난지원금"},"geometry":{"type":"Polygon","coordinates":[[[126.91882242124314,37.60130336258193],[126.91894822345247,37.6013119198967],[126.91896136661526,37.6012030002547],[126.9188359046116,37.601194172897344],[126.91882242124314,37.60130336258193]]]}},{"type":"Feature","properties":{"PNU":1138010900100200100,"피해위치(":"서울특별시 은평구 신사동 20-30 지하","피해일시":"20250813 - 1200","F_SHIM":0.1,"F_AREA":151.55110472,"F_AVR_HGT":"23.95489845275879","ADM_CD":"1138010900","F_YR":"2025","F_ZONE_NM":"서울특별시 은평구 신사동 20-30 지하","TYPE":"주택","TYPE2":"재난지원금"},"geometry":{"type":"Polygon","coordinates":[[[126.91054114554953,37.59833925225517],[126.91068891289216,37.598345312549135],[126.91069163409149,37.598249269820194],[126.91053822110105,37.59823005082134],[126.91053929653806,37.59827681268538],[126.91054114554953,37.59833925225517]]]}},{"type":"Feature","properties":{"PNU":1138010900100140000,"피해위치(":"서울특별시 은평구 신사동 14-31 지상 1층","피해일시":"20250813 - 1200","F_SHIM":0.1,"F_AREA":338.76943891,"F_AVR_HGT":"28.89906463623047","ADM_CD":"1138010900","F_YR":"2025","F_ZONE_NM":"서울특별시 은평구 신사동 14-31 지상 1층","TYPE":"주택","TYPE2":"재난지원금"},"geometry":{"type":"Polygon","coordinates":[[[126.90796397577637,37.60023975371997],[126.90803588605212,37.60023755823886],[126.90803194333193,37.600130518333096],[126.90803054133161,37.60007447607794],[126.90792646929147,37.60007808763057],[126.90781820601119,37.6000827769439],[126.90782242035338,37.60024387605401],[126.90796397577637,37.60023975371997]]]}},{"type":"Feature","properties":{"PNU":1138010800100830100,"피해위치(":"서울특별시 은평구 역촌동 83-35 b01","피해일시":"20250813 - 1200","F_SHIM":0.1,"F_AREA":130.3454635,"F_AVR_HGT":"17.80844650268555","ADM_CD":"1138010800","F_YR":"2025","F_ZONE_NM":"서울특별시 은평구 역촌동 83-35 b01","TYPE":"주택","TYPE2":"재난지원금"},"geometry":{"type":"Polygon","coordinates":[[[126.9156007657347,37.601041758501665],[126.91561048893729,37.60095680288732],[126.91545649356513,37.600945698708884],[126.91544974809047,37.60100146463471],[126.91544654235702,37.6010318254222],[126.9156007657347,37.601041758501665]]]}},{"type":"Feature","properties":{"PNU":1138010900100140000,"피해위치(":"서울특별시 은평구 신사동 14-2 지하 나호","피해일시":"20250813 - 1200","F_SHIM":0.1,"F_AREA":144.79667372,"F_AVR_HGT":"23.96366653442383","ADM_CD":"1138010900","F_YR":"2025","F_ZONE_NM":"서울특별시 은평구 신사동 14-2 지하 나호","TYPE":"주택","TYPE2":"재난지원금"},"geometry":{"type":"Polygon","coordinates":[[[126.90939554000157,37.6001628546108],[126.90952305298791,37.60015907983902],[126.90951866560984,37.60004357039304],[126.90939126728219,37.600046354168384],[126.90939182970415,37.60004941794977],[126.90939554000157,37.6001628546108]]]}},{"type":"Feature","properties":{"PNU":1138010800100840100,"피해위치(":"서울특별시 은평구 역촌동 84-8 b02호","피해일시":"20250813 - 1202","F_SHIM":0.1,"F_AREA":148.87558508,"F_AVR_HGT":"17.92892990112305","ADM_CD":"1138010800","F_YR":"2025","F_ZONE_NM":"서울특별시 은평구 역촌동 84-8 b02호","TYPE":"주택","TYPE2":"재난지원금"},"geometry":{"type":"Polygon","coordinates":[[[126.9148437730138,37.600921554497205],[126.9148477736608,37.6008894824418],[126.91486080760278,37.60078218494076],[126.9147519909122,37.60077534762473],[126.91473781655586,37.600889401647535],[126.91473518522038,37.60091246487651],[126.91475715169821,37.600914463188175],[126.9148437730138,37.600921554497205]]]}},{"type":"Feature","properties":{"PNU":1138010900100220000,"피해위치(":"서울특별시 은평구 신사동 22-35 103호","피해일시":"20250813 - 1200","F_SHIM":0.1,"F_AREA":287.05753025,"F_AVR_HGT":"17.3037467956543","ADM_CD":"1138010900","F_YR":"2025","F_ZONE_NM":"서울특별시 은평구 신사동 22-35 103호","TYPE":"주택","TYPE2":"재난지원금"},"geometry":{"type":"Polygon","coordinates":[[[126.9140205438461,37.59789418419155],[126.91418114740091,37.59786511127527],[126.91415093243097,37.597751835297274],[126.91433090408196,37.59771845179037],[126.91432380205113,37.59769114674575],[126.91414383309652,37.597722277785365],[126.91398391041344,37.597750360074926],[126.91399687560721,37.597799022794646],[126.9140205438461,37.59789418419155]]]}},{"type":"Feature","properties":{"PNU":1138010900100290000,"피해위치(":"서울특별시 은평구 신사동 29-8   101호","피해일시":"20250813 - 1200","F_SHIM":0.1,"F_AREA":208.03867901,"F_AVR_HGT":"21.47067794799805","ADM_CD":"1138010900","F_YR":"2025","F_ZONE_NM":"서울특별시 은평구 신사동 29-8   101호","TYPE":"주택","TYPE2":"재난지원금"},"geometry":{"type":"Polygon","coordinates":[[[126.9115529108599,37.59778340024306],[126.91161642085964,37.59779642279491],[126.91165709731037,37.5976818486786],[126.91169959526793,37.59755907698269],[126.91166438687655,37.59755238290766],[126.91161824709569,37.59769028833887],[126.91150074011571,37.59766343957297],[126.9114669874665,37.597764233871985],[126.9115529108599,37.59778340024306]]]}},{"type":"Feature","properties":{"PNU":1138010800100340100,"피해위치(":"서울특별시 은평구 역촌동 34-47 한양빌라 지층 101호","피해일시":"20250813 - 1200","F_SHIM":0.1,"F_AREA":181.79880641,"F_AVR_HGT":"18.168145751953126","ADM_CD":"1138010800","F_YR":"2025","F_ZONE_NM":"서울특별시 은평구 역촌동 34-47 한양빌라 지층 101호","TYPE":"주택","TYPE2":"재난지원금"},"geometry":{"type":"Polygon","coordinates":[[[126.91814701378121,37.60315981292468],[126.91816244725459,37.60302945163756],[126.91802158356788,37.60301836008081],[126.91802146468467,37.60302340549955],[126.91800547038387,37.60314872086872],[126.91814701378121,37.60315981292468]]]}},{"type":"Feature","properties":{"PNU":1138010800100650000,"피해위치(":"서울특별시 은평구 역촌동 65-10 B01","피해일시":"20250813 - 1200","F_SHIM":0.1,"F_AREA":288.06927503,"F_AVR_HGT":"18.482789611816408","ADM_CD":"1138010800","F_YR":"2025","F_ZONE_NM":"서울특별시 은평구 역촌동 65-10 B01","TYPE":"주택","TYPE2":"재난지원금"},"geometry":{"type":"Polygon","coordinates":[[[126.91460169084473,37.60313671293924],[126.91461347555385,37.60303310861589],[126.91462582225935,37.602933108633835],[126.91448269440414,37.60292201118681],[126.91447079660217,37.60302534512077],[126.91445901390128,37.603127057367914],[126.91460169084473,37.60313671293924]]]}},{"type":"Feature","properties":{"PNU":1138010800100650000,"피해위치(":"서울특별시 은평구 역촌동 65-22 지층","피해일시":"20250813 - 1200","F_SHIM":0.1,"F_AREA":109.35957893,"F_AVR_HGT":"18.689223861694337","ADM_CD":"1138010800","F_YR":"2025","F_ZONE_NM":"서울특별시 은평구 역촌동 65-22 지층","TYPE":"주택","TYPE2":"재난지원금"},"geometry":{"type":"Polygon","coordinates":[[[126.91378525883258,37.60308430238283],[126.91379454302967,37.602989435813704],[126.91367768224583,37.602983132118645],[126.9136672664106,37.603077186951964],[126.91378525883258,37.60308430238283]]]}},{"type":"Feature","properties":{"PNU":1138010800100830000,"피해위치(":"서울특별시 은평구 역촌동 83-7 지층2호","피해일시":"20250813 - 1200","F_SHIM":0.1,"F_AREA":128.94948577,"F_AVR_HGT":"18.171296691894533","ADM_CD":"1138010800","F_YR":"2025","F_ZONE_NM":"서울특별시 은평구 역촌동 83-7 지층2호","TYPE":"주택","TYPE2":"재난지원금"},"geometry":{"type":"Polygon","coordinates":[[[126.91529476138122,37.6022418247002],[126.91530457494088,37.60217714130691],[126.91530732396338,37.60215011383196],[126.91518989814661,37.602143811221154],[126.9151626091873,37.6021415388013],[126.91514914496258,37.60222937476852],[126.91517065917861,37.60223110237725],[126.91529476138122,37.6022418247002]]]}},{"type":"Feature","properties":{"PNU":1138010800100830000,"피해위치(":"서울특별시 은평구 역촌동 83-6 지층 좌쪽","피해일시":"20250813 - 1200","F_SHIM":0.1,"F_AREA":142.27690195,"F_AVR_HGT":"18.171296691894533","ADM_CD":"1138010800","F_YR":"2025","F_ZONE_NM":"서울특별시 은평구 역촌동 83-6 지층 좌쪽","TYPE":"주택","TYPE2":"재난지원금"},"geometry":{"type":"Polygon","coordinates":[[[126.91514914496258,37.60222937476852],[126.9151626091873,37.6021415388013],[126.91499649705116,37.602128172700866],[126.91498620604945,37.60221375851886],[126.91503002758476,37.602216853979876],[126.91502968462216,37.60221964677508],[126.91514914496258,37.60222937476852]]]}},{"type":"Feature","properties":{"PNU":1138010800100830000,"피해위치(":"서울특별시 은평구 역촌동 83-10 지층","피해일시":"20250813 - 1200","F_SHIM":0.1,"F_AREA":132.82296745,"F_AVR_HGT":"18.171296691894533","ADM_CD":"1138010800","F_YR":"2025","F_ZONE_NM":"서울특별시 은평구 역촌동 83-10 지층","TYPE":"주택","TYPE2":"재난지원금"},"geometry":{"type":"Polygon","coordinates":[[[126.91530732396338,37.60215011383196],[126.9153145122259,37.602103358076434],[126.91532090809115,37.60205633144659],[126.91518717898886,37.60204695358397],[126.91517800694255,37.60204640628508],[126.9151650045768,37.6021265842399],[126.91519012754758,37.602141288637206],[126.91518989814661,37.602143811221154],[126.91530732396338,37.60215011383196]]]}},{"type":"Feature","properties":{"PNU":1138010800100830000,"피해위치(":"서울특별시 은평구 역촌동 83-12 지층102호","피해일시":"20250813 - 1200","F_SHIM":0.1,"F_AREA":130.1201145,"F_AVR_HGT":"18.171296691894533","ADM_CD":"1138010800","F_YR":"2025","F_ZONE_NM":"서울특별시 은평구 역촌동 83-12 지층102호","TYPE":"주택","TYPE2":"재난지원금"},"geometry":{"type":"Polygon","coordinates":[[[126.9151650045768,37.6021265842399],[126.91517800694255,37.60204640628508],[126.91500906102324,37.60203556088101],[126.91499844106666,37.6021118663378],[126.9151650045768,37.6021265842399]]]}},{"type":"Feature","properties":{"PNU":1138010800100810100,"피해위치(":"서울특별시 은평구 역촌동 81-59 B02","피해일시":"20250813 - 1200","F_SHIM":0.1,"F_AREA":287.08647242,"F_AVR_HGT":"19.470893478393556","ADM_CD":"1138010800","F_YR":"2025","F_ZONE_NM":"서울특별시 은평구 역촌동 81-59 B02","TYPE":"주택","TYPE2":"재난지원금"},"geometry":{"type":"Polygon","coordinates":[[[126.91313368279447,37.60209922236864],[126.91314910784715,37.601983187337815],[126.91302430804127,37.6019884096309],[126.91300358322914,37.60198956536784],[126.91299939303357,37.60198974242187],[126.91288489851215,37.601994792099305],[126.91288766203209,37.602051736285716],[126.91289110351748,37.602109942356414],[126.91302417090982,37.60210418581384],[126.91313368279447,37.60209922236864]]]}},{"type":"Feature","properties":{"PNU":1138010800100830000,"피해위치(":"서울특별시 은평구 역촌동 83-14 지층 101호","피해일시":"20250813 - 1200","F_SHIM":0.1,"F_AREA":138.70671264,"F_AVR_HGT":"18.171296691894533","ADM_CD":"1138010800","F_YR":"2025","F_ZONE_NM":"서울특별시 은평구 역촌동 83-14 지층 101호","TYPE":"주택","TYPE2":"재난지원금"},"geometry":{"type":"Polygon","coordinates":[[[126.91519791229838,37.60197037789732],[126.91520785455273,37.601892360057704],[126.91502792767828,37.60187871360326],[126.9150184382088,37.60195673175963],[126.91519791229838,37.60197037789732]]]}},{"type":"Feature","properties":{"PNU":1138010800100630000,"피해위치(":"서울특별시 은평구 역촌동 63-34 지층1호","피해일시":"20250813 - 1200","F_SHIM":0.1,"F_AREA":214.52368832,"F_AVR_HGT":"18.482789611816408","ADM_CD":"1138010800","F_YR":"2025","F_ZONE_NM":"서울특별시 은평구 역촌동 63-34 지층1호","TYPE":"주택","TYPE2":"재난지원금"},"geometry":{"type":"Polygon","coordinates":[[[126.91524079850396,37.60268524896013],[126.91524811664596,37.602624167683096],[126.91525395771924,37.602567319944114],[126.91511728379349,37.602557579457226],[126.91513441909814,37.60242893166826],[126.91510316714178,37.60242611574449],[126.91508874890125,37.60255539620653],[126.9150994930804,37.60256747724204],[126.91508635217475,37.602669368762314],[126.91509926102947,37.602670189099236],[126.91524079850396,37.60268524896013]]]}},{"type":"Feature","properties":{"PNU":1138010800100780000,"피해위치(":"서울특별시 은평구 역촌동 78-14 지하1층","피해일시":"20250813 - 1200","F_SHIM":0.1,"F_AREA":125.30192953,"F_AVR_HGT":"25.381734466552736","ADM_CD":"1138010800","F_YR":"2025","F_ZONE_NM":"서울특별시 은평구 역촌동 78-14 지하1층","TYPE":"주택","TYPE2":"재난지원금"},"geometry":{"type":"Polygon","coordinates":[[[126.90983943864023,37.60265667026415],[126.90984546330775,37.6026565938553],[126.90984091298812,37.60256260881956],[126.90970456379804,37.60256565627143],[126.9097101103918,37.602659723175634],[126.90983943864023,37.60265667026415]]]}},{"type":"Feature","properties":{"PNU":1138010800100420000,"피해위치(":"서울특별시 은평구 역촌동 42-21 b02호","피해일시":"20250813 - 1200","F_SHIM":0.1,"F_AREA":134.58275082,"F_AVR_HGT":"18.146987533569337","ADM_CD":"1138010800","F_YR":"2025","F_ZONE_NM":"서울특별시 은평구 역촌동 42-21 b02호","TYPE":"주택","TYPE2":"재난지원금"},"geometry":{"type":"Polygon","coordinates":[[[126.91904547656142,37.60153669302845],[126.91905861962262,37.601427773379655],[126.91893338431123,37.60141840569469],[126.91892001548146,37.60152651428701],[126.91904547656142,37.60153669302845]]]}},{"type":"Feature","properties":{"PNU":1138010900100130000,"피해위치(":"서울특별시 은평구 신사동 13-30 지층","피해일시":"20250813 - 1200","F_SHIM":0.1,"F_AREA":119.62845299,"F_AVR_HGT":"26.578864669799806","ADM_CD":"1138010900","F_YR":"2025","F_ZONE_NM":"서울특별시 은평구 신사동 13-30 지층","TYPE":"주택","TYPE2":"재난지원금"},"geometry":{"type":"Polygon","coordinates":[[[126.90842929938603,37.60091478668583],[126.90859834018093,37.60091027081438],[126.90859697908184,37.600884726877176],[126.90859631577091,37.60087175220096],[126.90859364000636,37.60083796323476],[126.90842581089639,37.6008426061929],[126.90842779692366,37.60088459356338],[126.90842929938603,37.60091478668583]]]}},{"type":"Feature","properties":{"PNU":1138010900103380000,"피해위치(":"서울특별시 은평구 신사동 338-12 지층1호","피해일시":"20250813 - 1200","F_SHIM":0.1,"F_AREA":116.32381082,"F_AVR_HGT":"14.748054122924804","ADM_CD":"1138010900","F_YR":"2025","F_ZONE_NM":"서울특별시 은평구 신사동 338-12 지층1호","TYPE":"주택","TYPE2":"재난지원금"},"geometry":{"type":"Polygon","coordinates":[[[126.91264141773217,37.58991043538024],[126.91268785303609,37.58989929812412],[126.91276022260307,37.58988322493758],[126.91274334059884,37.58979761870124],[126.91260030349437,37.58982679304251],[126.91264141773217,37.58991043538024]]]}},{"type":"Feature","properties":{"PNU":1138011000101890000,"피해위치(":"서울특별시 은평구 증산동 189-33 지층","피해일시":"20250813 - 1200","F_SHIM":0.1,"F_AREA":117.77937809,"F_AVR_HGT":"14.976613616943359","ADM_CD":"1138011000","F_YR":"2025","F_ZONE_NM":"서울특별시 은평구 증산동 189-33 지층","TYPE":"주택","TYPE2":"재난지원금"},"geometry":{"type":"Polygon","coordinates":[[[126.90750586230412,37.58498230376403],[126.9074708925533,37.58488091505564],[126.90736086817967,37.58489901824335],[126.90736600164077,37.5849132398869],[126.90737088465106,37.584991485350045],[126.90750586230412,37.58498230376403]]]}},{"type":"Feature","properties":{"PNU":1138011000101890000,"피해위치(":"서울특별시 은평구 증산동 189-32 지하 1호","피해일시":"20250813 - 1200","F_SHIM":0.1,"F_AREA":148.87451756,"F_AVR_HGT":"14.976613616943359","ADM_CD":"1138011000","F_YR":"2025","F_ZONE_NM":"서울특별시 은평구 증산동 189-32 지하 1호","TYPE":"주택","TYPE2":"재난지원금"},"geometry":{"type":"Polygon","coordinates":[[[126.9074708925533,37.58488091505564],[126.90751947729643,37.584869240942936],[126.90746215864475,37.5847768082464],[126.90738382958243,37.58479032366023],[126.90733228251939,37.58479887794437],[126.9073340751847,37.58480481686831],[126.90736081180953,37.58489882899147],[126.90736086817967,37.58489901824335],[126.9074708925533,37.58488091505564]]]}},{"type":"Feature","properties":{"PNU":1138010900103410000,"피해위치(":"서울특별시 은평구 신사동 341-20 지하 1호","피해일시":"20250813 - 1200","F_SHIM":0.1,"F_AREA":125.63804748,"F_AVR_HGT":"17.670226669311525","ADM_CD":"1138010900","F_YR":"2025","F_ZONE_NM":"서울특별시 은평구 신사동 341-20 지하 1호","TYPE":"주택","TYPE2":"재난지원금"},"geometry":{"type":"Polygon","coordinates":[[[126.91149488350527,37.5897409923279],[126.91160275455091,37.58967323040072],[126.91152958913608,37.5895979424263],[126.9114247721425,37.589668229375526],[126.91149488350527,37.5897409923279]]]}},{"type":"Feature","properties":{"PNU":1138010900103400100,"피해위치(":"서울특별시 은평구 신사동 340-35 지층1호","피해일시":"20250813 - 1200","F_SHIM":0.1,"F_AREA":159.28815491,"F_AVR_HGT":"21.517375564575197","ADM_CD":"1138010900","F_YR":"2025","F_ZONE_NM":"서울특별시 은평구 신사동 340-35 지층1호","TYPE":"주택","TYPE2":"재난지원금"},"geometry":{"type":"Polygon","coordinates":[[[126.91123188078853,37.589726645999406],[126.91131924620892,37.589669049772105],[126.91122234921909,37.58955635260701],[126.91119062648944,37.58957290645457],[126.91112525334735,37.58960835520793],[126.91123188078853,37.589726645999406]]]}},{"type":"Feature","properties":{"PNU":1138011000101690000,"피해위치(":"서울특별시 은평구 증산동 169-20 101호","피해일시":"20250813 - 1200","F_SHIM":0.1,"F_AREA":143.48279912,"F_AVR_HGT":"13.525475120544433","ADM_CD":"1138011000","F_YR":"2025","F_ZONE_NM":"서울특별시 은평구 증산동 169-20 101호","TYPE":"주택","TYPE2":"재난지원금"},"geometry":{"type":"Polygon","coordinates":[[[126.9090688754851,37.584299960558624],[126.90919385626103,37.584216176623315],[126.90912023661093,37.58414827481557],[126.9089957095102,37.58423142833968],[126.9090688754851,37.584299960558624]]]}},{"type":"Feature","properties":{"PNU":1138010900103380000,"피해위치(":"서울특별시 은평구 신사동 338-28 지층 우측","피해일시":"20250813 - 1200","F_SHIM":0.1,"F_AREA":121.60700488,"F_AVR_HGT":"14.498097991943359","ADM_CD":"1138010900","F_YR":"2025","F_ZONE_NM":"서울특별시 은평구 신사동 338-28 지층 우측","TYPE":"주택","TYPE2":"재난지원금"},"geometry":{"type":"Polygon","coordinates":[[[126.91243153153376,37.589503482589194],[126.91246854884108,37.58960433070688],[126.9125802118171,37.5895841427363],[126.91254840566687,37.589480775823866],[126.91243153153376,37.589503482589194]]]}},{"type":"Feature","properties":{"PNU":1138010900103380100,"피해위치(":"서울특별시 은평구 신사동 338-33 지층 우측","피해일시":"20250813 - 1200","F_SHIM":0.1,"F_AREA":153.68982938,"F_AVR_HGT":"15.602876281738281","ADM_CD":"1138010900","F_YR":"2025","F_ZONE_NM":"서울특별시 은평구 신사동 338-33 지층 우측","TYPE":"주택","TYPE2":"재난지원금"},"geometry":{"type":"Polygon","coordinates":[[[126.91235555699546,37.58940963271914],[126.91231694975352,37.5893130179895],[126.91216158442617,37.58933182116102],[126.91220505848217,37.58942979110052],[126.91235555699546,37.58940963271914]]]}},{"type":"Feature","properties":{"PNU":1138011000101710100,"피해위치(":"서울특별시 은평구 증산동 171-17 1층","피해일시":"20250813 - 1200","F_SHIM":0.1,"F_AREA":164.11228612,"F_AVR_HGT":"13.525475120544433","ADM_CD":"1138011000","F_YR":"2025","F_ZONE_NM":"서울특별시 은평구 증산동 171-17 1층","TYPE":"주택","TYPE2":"재난지원금"},"geometry":{"type":"Polygon","coordinates":[[[126.90851104525525,37.584038777174726],[126.90862469258512,37.58396471555213],[126.90853151221242,37.58387688620035],[126.90841944825702,37.583952300461405],[126.90851104525525,37.584038777174726]]]}},{"type":"Feature","properties":{"PNU":1138011000101720000,"피해위치(":"서울특별시 은평구 증산동 172-40 지층","피해일시":"20250813 - 1200","F_SHIM":0.1,"F_AREA":168.8225278,"F_AVR_HGT":"13.18127212524414","ADM_CD":"1138011000","F_YR":"2025","F_ZONE_NM":"서울특별시 은평구 증산동 172-40 지층","TYPE":"주택","TYPE2":"재난지원금"},"geometry":{"type":"Polygon","coordinates":[[[126.90791238312917,37.583885343674694],[126.90782118702526,37.583795866531425],[126.90770991509655,37.583871190649745],[126.90779450637334,37.58396411340861],[126.90791238312917,37.583885343674694]]]}},{"type":"Feature","properties":{"PNU":1138011000101720000,"피해위치(":"서울특별시 은평구 증산동 172-27 지하101호","피해일시":"20250813 - 1200","F_SHIM":0.1,"F_AREA":158.09510469,"F_AVR_HGT":"13.18127212524414","ADM_CD":"1138011000","F_YR":"2025","F_ZONE_NM":"서울특별시 은평구 증산동 172-27 지하101호","TYPE":"주택","TYPE2":"재난지원금"},"geometry":{"type":"Polygon","coordinates":[[[126.90738543312443,37.583516772949594],[126.90744015335432,37.58357698438796],[126.90754213335357,37.583508140219536],[126.90754643947743,37.5835049901979],[126.90744715200444,37.58341346108176],[126.90738551085366,37.58345503747929],[126.90735015871431,37.583478164613645],[126.90738543312443,37.583516772949594]]]}},{"type":"Feature","properties":{"PNU":1138011000101720000,"피해위치(":"서울특별시 은평구 증산동 172-24 B02호","피해일시":"20250813 - 1200","F_SHIM":0.1,"F_AREA":155.3999481,"F_AVR_HGT":"13.18127212524414","ADM_CD":"1138011000","F_YR":"2025","F_ZONE_NM":"서울특별시 은평구 증산동 172-24 B02호","TYPE":"주택","TYPE2":"재난지원금"},"geometry":{"type":"Polygon","coordinates":[[[126.90764524757404,37.58343749489279],[126.90754596074886,37.58334542526784],[126.90745134593246,37.58340950008714],[126.90744715200444,37.58341346108176],[126.90754643947743,37.5835049901979],[126.90764524757404,37.58343749489279]]]}},{"type":"Feature","properties":{"PNU":1138011000101720000,"피해위치(":"서울특별시 은평구 증산동 172-15 지하 2호","피해일시":"20250813 - 1200","F_SHIM":0.1,"F_AREA":166.99951756,"F_AVR_HGT":"13.18127212524414","ADM_CD":"1138011000","F_YR":"2025","F_ZONE_NM":"서울특별시 은평구 증산동 172-15 지하 2호","TYPE":"주택","TYPE2":"재난지원금"},"geometry":{"type":"Polygon","coordinates":[[[126.90734679368539,37.583273458000555],[126.90726854314745,37.58319897413925],[126.90724977184425,37.58318129983252],[126.90714371482765,37.58325131177433],[126.90721889793663,37.58333417243356],[126.90725240658206,37.58333645166006],[126.90734679368539,37.583273458000555]]]}},{"type":"Feature","properties":{"PNU":1138011000101720000,"피해위치(":"서울특별시 은평구 증산동 172-34 101호","피해일시":"20250813 - 1200","F_SHIM":0.1,"F_AREA":133.57847951,"F_AVR_HGT":"13.18127212524414","ADM_CD":"1138011000","F_YR":"2025","F_ZONE_NM":"서울특별시 은평구 증산동 172-34 101호","TYPE":"주택","TYPE2":"재난지원금"},"geometry":{"type":"Polygon","coordinates":[[[126.90772000002777,37.58332276874673],[126.90785098566417,37.58323529694914],[126.90778675650856,37.58317415914256],[126.90767571337074,37.58324831213749],[126.90765610986891,37.58326217173075],[126.90772000002777,37.58332276874673]]]}},{"type":"Feature","properties":{"PNU":1138011000101860000,"피해위치(":"서울특별시 은평구 증산동 186-18 지하1호","피해일시":"20250813 - 1200","F_SHIM":0.1,"F_AREA":151.27222588,"F_AVR_HGT":"13.357292747497558","ADM_CD":"1138011000","F_YR":"2025","F_ZONE_NM":"서울특별시 은평구 증산동 186-18 지하1호","TYPE":"주택","TYPE2":"재난지원금"},"geometry":{"type":"Polygon","coordinates":[[[126.90704421614845,37.58323798769938],[126.90697898330599,37.58316531603441],[126.9068650064173,37.58323108675059],[126.9068602478796,37.583233875990466],[126.90693938883116,37.58332016374664],[126.90703659663036,37.583265011169836],[126.90704421614845,37.58323798769938]]]}},{"type":"Feature","properties":{"PNU":1138011000101720000,"피해위치(":"서울특별시 은평구 증산동 172-7 우측","피해일시":"20250813 - 1200","F_SHIM":0.1,"F_AREA":162.58487561,"F_AVR_HGT":"13.18127212524414","ADM_CD":"1138011000","F_YR":"2025","F_ZONE_NM":"서울특별시 은평구 증산동 172-7 우측","TYPE":"주택","TYPE2":"재난지원금"},"geometry":{"type":"Polygon","coordinates":[[[126.90765610986891,37.58326217173075],[126.90767571337074,37.58324831213749],[126.90757043172674,37.583152003132085],[126.90755887470644,37.58315929191767],[126.90752748843087,37.583179899503115],[126.90747162824732,37.58321607463633],[126.9075758876408,37.58331499577356],[126.90765610986891,37.58326217173075]]]}},{"type":"Feature","properties":{"PNU":1138011000101720000,"피해위치(":"서울특별시 은평구 증산동 172-14 지하 1호","피해일시":"20250813 - 1200","F_SHIM":0.1,"F_AREA":181.76180931,"F_AVR_HGT":"13.357292747497558","ADM_CD":"1138011000","F_YR":"2025","F_ZONE_NM":"서울특별시 은평구 증산동 172-14 지하 1호","TYPE":"주택","TYPE2":"재난지원금"},"geometry":{"type":"Polygon","coordinates":[[[126.90724977184425,37.58318129983252],[126.90713669306085,37.5830739020894],[126.90703902202492,37.58313752364484],[126.90714371482765,37.58325131177433],[126.90724977184425,37.58318129983252]]]}},{"type":"Feature","properties":{"PNU":1138011000101850000,"피해위치(":"서울특별시 은평구 증산동 185-17 1층","피해일시":"20250813 - 1200","F_SHIM":0.1,"F_AREA":219.43912502,"F_AVR_HGT":"13.38783893585205","ADM_CD":"1138011000","F_YR":"2025","F_ZONE_NM":"서울특별시 은평구 증산동 185-17 1층","TYPE":"소상공인","TYPE2":"재난지원금"},"geometry":{"type":"Polygon","coordinates":[[[126.90582674966353,37.58267470194168],[126.90594367592057,37.58260442968105],[126.90592931798122,37.58258865080585],[126.9058343559856,37.58248135657297],[126.90581622861392,37.58249170321454],[126.90571414663346,37.58255162606246],[126.90582674966353,37.58267470194168]]]}},{"type":"Feature","properties":{"PNU":1138011000101900000,"피해위치(":"서울특별시 은평구 증산동 190-3 101호","피해일시":"20250813 - 1200","F_SHIM":0.1,"F_AREA":109.15320646,"F_AVR_HGT":"17.312377548217775","ADM_CD":"1138011000","F_YR":"2025","F_ZONE_NM":"서울특별시 은평구 증산동 190-3 101호","TYPE":"주택","TYPE2":"재난지원금"},"geometry":{"type":"Polygon","coordinates":[[[126.90859893256825,37.58619922904016],[126.90873726779789,37.5861227541087],[126.90868967231172,37.58606667541125],[126.90855529979316,37.58614315340846],[126.90859893256825,37.58619922904016]]]}},{"type":"Feature","properties":{"PNU":1138011000100920000,"피해위치(":"서울특별시 은평구 증산동 92-11 지하 102호","피해일시":"20250813 - 1200","F_SHIM":0.1,"F_AREA":158.31653751,"F_AVR_HGT":"23.11170349121094","ADM_CD":"1138011000","F_YR":"2025","F_ZONE_NM":"서울특별시 은평구 증산동 92-11 지하 102호","TYPE":"주택","TYPE2":"재난지원금"},"geometry":{"type":"Polygon","coordinates":[[[126.90639095733164,37.5861832348246],[126.90646611074548,37.58611301851991],[126.90646534021023,37.58609571898409],[126.9064520036676,37.58607741824537],[126.90637984666218,37.586017264401114],[126.90629834429795,37.58609432301823],[126.90628258865492,37.58610863597243],[126.90639095733164,37.5861832348246]]]}},{"type":"Feature","properties":{"PNU":1138011000101850000,"피해위치(":"서울특별시 은평구 증산동 185-16","피해일시":"20250813 - 1200","F_SHIM":0.1,"F_AREA":152.14915871,"F_AVR_HGT":"13.38783893585205","ADM_CD":"1138011000","F_YR":"2025","F_ZONE_NM":"서울특별시 은평구 증산동 185-16","TYPE":"소상공인","TYPE2":"재난지원금"},"geometry":{"type":"Polygon","coordinates":[[[126.90581622861392,37.58249170321454],[126.90572510483399,37.58239324166395],[126.9056229095866,37.58245325444073],[126.90571414663346,37.58255162606246],[126.90581622861392,37.58249170321454]]]}},{"type":"Feature","properties":{"PNU":1138011000102040000,"피해위치(":"서울특별시 은평구 증산동 204-17 지층","피해일시":"20250813 - 1200","F_SHIM":0.1,"F_AREA":201.68568535,"F_AVR_HGT":"23.11170349121094","ADM_CD":"1138011000","F_YR":"2025","F_ZONE_NM":"서울특별시 은평구 증산동 204-17 지층","TYPE":"주택","TYPE2":"재난지원금"},"geometry":{"type":"Polygon","coordinates":[[[126.90660641162691,37.58591671663716],[126.90673696509201,37.585817532962416],[126.90665145854187,37.58574934979367],[126.90654449500582,37.585816657479825],[126.90650823608586,37.58583951332681],[126.9065143051096,37.58584801450192],[126.90655253890326,37.58590153675844],[126.90658533264121,37.58593273722391],[126.90660641162691,37.58591671663716]]]}},{"type":"Feature","properties":{"PNU":1138011000101760000,"피해위치(":"서울특별시 은평구 증산동 176-12 지층 2호","피해일시":"20250813 - 1200","F_SHIM":0.1,"F_AREA":188.34913679,"F_AVR_HGT":"12.966750717163086","ADM_CD":"1138011000","F_YR":"2025","F_ZONE_NM":"서울특별시 은평구 증산동 176-12 지층 2호","TYPE":"주택","TYPE2":"재난지원금"},"geometry":{"type":"Polygon","coordinates":[[[126.90572293176128,37.58170353527482],[126.90579766143016,37.581784414322485],[126.90593703178601,37.58169109501569],[126.90594711594467,37.581684616081894],[126.9058661552968,37.58160706572656],[126.90572293176128,37.58170353527482]]]}},{"type":"Feature","properties":{"PNU":1138011000101840000,"피해위치(":"서울특별시 은평구 증산동 184-7 102호","피해일시":"20250813 - 1200","F_SHIM":0.1,"F_AREA":126.44628672,"F_AVR_HGT":"12.966750717163086","ADM_CD":"1138011000","F_YR":"2025","F_ZONE_NM":"서울특별시 은평구 증산동 184-7 102호","TYPE":"소상공인","TYPE2":"재난지원금"},"geometry":{"type":"Polygon","coordinates":[[[126.90561574888542,37.58168092360367],[126.90553548000128,37.58159391323213],[126.90543827257821,37.581649605181006],[126.90551740998228,37.581736074106175],[126.90561574888542,37.58168092360367]]]}},{"type":"Feature","properties":{"PNU":1138011000101760000,"피해위치(":"서울특별시 은평구 증산동 176-3 B02호","피해일시":"20250813 - 1200","F_SHIM":0.1,"F_AREA":191.91541424,"F_AVR_HGT":"12.966750717163086","ADM_CD":"1138011000","F_YR":"2025","F_ZONE_NM":"서울특별시 은평구 증산동 176-3 B02호","TYPE":"주택","TYPE2":"재난지원금"},"geometry":{"type":"Polygon","coordinates":[[[126.90594711594467,37.581684616081894],[126.90609622973498,37.58158535796624],[126.90601458942393,37.581508077457755],[126.9058661552968,37.58160706572656],[126.90594711594467,37.581684616081894]]]}},{"type":"Feature","properties":{"PNU":1138011000102050000,"피해위치(":"서울특별시 은평구 증산동 205-22 지층1호","피해일시":"20250813 - 1200","F_SHIM":0.1,"F_AREA":136.58088339,"F_AVR_HGT":"23.11170349121094","ADM_CD":"1138011000","F_YR":"2025","F_ZONE_NM":"서울특별시 은평구 증산동 205-22 지층1호","TYPE":"주택","TYPE2":"재난지원금"},"geometry":{"type":"Polygon","coordinates":[[[126.90686797918222,37.58571195251553],[126.90676460383504,37.585628258152546],[126.90667983154087,37.5856954035763],[126.90678343469216,37.585778017013126],[126.90686797918222,37.58571195251553]]]}},{"type":"Feature","properties":{"PNU":1138011000101770000,"피해위치(":"서울특별시 은평구 증산동 177-18 지층 105호","피해일시":"20250813 - 1200","F_SHIM":0.1,"F_AREA":170.93202118,"F_AVR_HGT":"12.75608024597168","ADM_CD":"1138011000","F_YR":"2025","F_ZONE_NM":"서울특별시 은평구 증산동 177-18 지층 105호","TYPE":"주택","TYPE2":"재난지원금"},"geometry":{"type":"Polygon","coordinates":[[[126.90620301390777,37.58147669523751],[126.90631314948745,37.581403083464416],[126.90621624673757,37.58130921264246],[126.90610633428997,37.58138543736585],[126.90620301390777,37.58147669523751]]]}},{"type":"Feature","properties":{"PNU":1138011400201090000,"피해위치(":"서울특별시 은평구 진관동 산109-14 선림사 1호","피해일시":"20250822 - 1425","F_SHIM":0.1,"F_AREA":6084.4824463,"F_AVR_HGT":"100.0469757080078","ADM_CD":"1138011400","F_YR":"2025","F_ZONE_NM":"서울특별시 은평구 진관동 산109-14 선림사 1호","TYPE":"주택","TYPE2":"재난지원금"},"geometry":{"type":"Polygon","coordinates":[[[126.93683087548864,37.6267328496977],[126.93684347263977,37.62708542773592],[126.93686548529149,37.62718755676378],[126.9368886170999,37.62729244339455],[126.93689132391346,37.62730622985606],[126.93687929179329,37.62732121555641],[126.93687533401769,37.627326132733714],[126.93687238394536,37.627331627089525],[126.93685995717838,37.627357559466596],[126.93685367002996,37.62737067427569],[126.93686018425711,37.62755312609162],[126.93720656655204,37.6276045540606],[126.93759277729079,37.62752594628104],[126.93758534100535,37.62672501692653],[126.93683087548864,37.6267328496977]]]}},{"type":"Feature","properties":{"PNU":1138010300101040100,"피해위치(":"서울특별시 은평구 불광동 104-66 지층 2호(B02)","피해일시":"20250813 - 1200","F_SHIM":0.1,"F_AREA":168.76138396,"F_AVR_HGT":"39.53509674072266","ADM_CD":"1138010300","F_YR":"2025","F_ZONE_NM":"서울특별시 은평구 불광동 104-66 지층 2호(B02)","TYPE":"주택","TYPE2":"재난지원금"},"geometry":{"type":"Polygon","coordinates":[[[126.92667738660528,37.6236224865179],[126.92673524183499,37.6237641571778],[126.92685946536209,37.62370233854482],[126.92677677004396,37.623593177574904],[126.92667738660528,37.6236224865179]]]}},{"type":"Feature","properties":{"PNU":1138010300104710000,"피해위치(":"서울특별시 은평구 불광동 471-21 B01","피해일시":"20250813 - 1200","F_SHIM":0.1,"F_AREA":287.30556078,"F_AVR_HGT":"54.814229583740236","ADM_CD":"1138010300","F_YR":"2025","F_ZONE_NM":"서울특별시 은평구 불광동 471-21 B01","TYPE":"주택","TYPE2":"재난지원금"},"geometry":{"type":"Polygon","coordinates":[[[126.92552325015215,37.626931766534256],[126.92559830150546,37.62698461221571],[126.92564387350717,37.626840574982275],[126.92555727279944,37.62678267641178],[126.92550539193739,37.62674773907459],[126.92539783489264,37.62684505656372],[126.9253977328391,37.626845155605594],[126.92542329344307,37.62686295741773],[126.92545385723997,37.62688451052227],[126.92552325015215,37.626931766534256]]]}},{"type":"Feature","properties":{"PNU":1138010200101590000,"피해위치(":"서울특별시 은평구 녹번동 159-20 지층 B01호","피해일시":"20250813 - 1200","F_SHIM":0.1,"F_AREA":142.30643819,"F_AVR_HGT":"20.277227020263673","ADM_CD":"1138010200","F_YR":"2025","F_ZONE_NM":"서울특별시 은평구 녹번동 159-20 지층 B01호","TYPE":"주택","TYPE2":"재난지원금"},"geometry":{"type":"Polygon","coordinates":[[[126.92329417249024,37.60341110675407],[126.92341829657757,37.60340389099518],[126.92340675509378,37.60328648532036],[126.92328217501347,37.60329676410608],[126.92328251003023,37.60330126924132],[126.92329417249024,37.60341110675407]]]}},{"type":"Feature","properties":{"PNU":1138010200101570000,"피해위치(":"서울특별시 은평구 녹번동 157-2 지층","피해일시":"20250813 - 1200","F_SHIM":0.1,"F_AREA":111.66853654,"F_AVR_HGT":"21.58493003845215","ADM_CD":"1138010200","F_YR":"2025","F_ZONE_NM":"서울특별시 은평구 녹번동 157-2 지층","TYPE":"주택","TYPE2":"재난지원금"},"geometry":{"type":"Polygon","coordinates":[[[126.92452555597706,37.603123061415886],[126.92451294664679,37.60316107465837],[126.92458903020407,37.603177432060214],[126.92467530553142,37.60308396626125],[126.9245462344267,37.60305712297124],[126.92452555597706,37.603123061415886]]]}},{"type":"Feature","properties":{"PNU":1138010200101600000,"피해위치(":"서울특별시 은평구 녹번동 160-6 지하 103호","피해일시":"20250813 - 1200","F_SHIM":0.1,"F_AREA":164.98163464,"F_AVR_HGT":"20.277227020263673","ADM_CD":"1138010200","F_YR":"2025","F_ZONE_NM":"서울특별시 은평구 녹번동 160-6 지하 103호","TYPE":"주택","TYPE2":"재난지원금"},"geometry":{"type":"Polygon","coordinates":[[[126.92336496720489,37.602853985973276],[126.9233551163464,37.60274441995164],[126.92320222938723,37.60275161656348],[126.92320835684932,37.602847935681424],[126.92320981693452,37.60285946922884],[126.92336496720489,37.602853985973276]]]}},{"type":"Feature","properties":{"PNU":1138010200101570000,"피해위치(":"서울특별시 은평구 녹번동 157-38 지층","피해일시":"20250823 - 1254","F_SHIM":0.1,"F_AREA":112.15372209,"F_AVR_HGT":"20.277227020263673","ADM_CD":"1138010200","F_YR":"2025","F_ZONE_NM":"서울특별시 은평구 녹번동 157-38 지층","TYPE":"주택","TYPE2":"재난지원금"},"geometry":{"type":"Polygon","coordinates":[[[126.92343012145466,37.60281681851223],[126.92351877122246,37.60283633835745],[126.92354843079265,37.60273779044514],[126.92353620374044,37.60273462892764],[126.92341981517535,37.60270950465076],[126.92343012145466,37.60281681851223]]]}},{"type":"Feature","properties":{"PNU":1138010200101170000,"피해위치(":"서울특별시 은평구 녹번동 117-55 지층 01호","피해일시":"20250813 - 1200","F_SHIM":0.1,"F_AREA":199.95252827,"F_AVR_HGT":"30.286859130859376","ADM_CD":"1138010200","F_YR":"2025","F_ZONE_NM":"서울특별시 은평구 녹번동 117-55 지층 01호","TYPE":"주택","TYPE2":"재난지원금"},"geometry":{"type":"Polygon","coordinates":[[[126.93158233104238,37.60718070335727],[126.93152637993066,37.60706543457902],[126.9314623742147,37.60708584889726],[126.9313740051248,37.607121655497174],[126.93142826269231,37.60723115705544],[126.93158233104238,37.60718070335727]]]}},{"type":"Feature","properties":{"PNU":1138010300101040000,"피해위치(":"서울특별시 은평구 불광동 104-2 1층 금채컴퍼니","피해일시":"20250813 - 1200","F_SHIM":0.1,"F_AREA":175.61720052,"F_AVR_HGT":"39.53509674072266","ADM_CD":"1138010300","F_YR":"2025","F_ZONE_NM":"서울특별시 은평구 불광동 104-2 1층 금채컴퍼니","TYPE":"소상공인","TYPE2":"재난지원금"},"geometry":{"type":"Polygon","coordinates":[[[126.92714014604991,37.624264871144874],[126.92715749718428,37.62425635881477],[126.92723590985041,37.62423100058122],[126.92717516586254,37.62414509898604],[126.92717447584558,37.62414412549351],[126.9271576311753,37.6241218426677],[126.92713492805689,37.624090267048445],[126.92701902392254,37.624146757421336],[126.9270384626667,37.6241576084749],[126.92709853164098,37.62421597578282],[126.92711731274197,37.624238863493865],[126.92714014604991,37.624264871144874]]]}},{"type":"Feature","properties":{"PNU":1138010500100170100,"피해위치(":"서울특별시 은평구 구산동 17-50 지층2호","피해일시":"20250813 - 1200","F_SHIM":0.1,"F_AREA":128.92150621,"F_AVR_HGT":"20.50295219421387","ADM_CD":"1138010500","F_YR":"2025","F_ZONE_NM":"서울특별시 은평구 구산동 17-50 지층2호","TYPE":"주택","TYPE2":"재난지원금"},"geometry":{"type":"Polygon","coordinates":[[[126.91354694436365,37.60927972865238],[126.91349290878033,37.60918544567991],[126.9133788732254,37.60922412080264],[126.91343076462424,37.609321429524655],[126.91354694436365,37.60927972865238]]]}},{"type":"Feature","properties":{"PNU":1138010500100190100,"피해위치(":"서울특별시 은평구 구산동 19-51 지층1호","피해일시":"20250813 - 1200","F_SHIM":0.1,"F_AREA":142.17949989,"F_AVR_HGT":"20.50295219421387","ADM_CD":"1138010500","F_YR":"2025","F_ZONE_NM":"서울특별시 은평구 구산동 19-51 지층1호","TYPE":"주택","TYPE2":"재난지원금"},"geometry":{"type":"Polygon","coordinates":[[[126.91427854808383,37.60919693091381],[126.91422712358123,37.60910625413247],[126.91409512846472,37.60915291738063],[126.91414734361291,37.609245306669145],[126.91427854808383,37.60919693091381]]]}},{"type":"Feature","properties":{"PNU":1138010700102270100,"피해위치(":"서울특별시 은평구 응암동 227-67 지층 다호","피해일시":"20250813 - 1200","F_SHIM":0.1,"F_AREA":161.02355182,"F_AVR_HGT":"89.2951904296875","ADM_CD":"1138010700","F_YR":"2025","F_ZONE_NM":"서울특별시 은평구 응암동 227-67 지층 다호","TYPE":"주택","TYPE2":"재난지원금"},"geometry":{"type":"Polygon","coordinates":[[[126.92494027914475,37.59492564451673],[126.9249144271285,37.59484940450033],[126.92488975844854,37.59483389156415],[126.92474592925308,37.59485776427601],[126.92478228726186,37.594957797135386],[126.92494027914475,37.59492564451673]]]}},{"type":"Feature","properties":{"PNU":1138010400105070000,"피해위치(":"서울특별시 은평구 갈현동 507-8 지층 2호","피해일시":"20250813 - 1200","F_SHIM":0.1,"F_AREA":140.30214733,"F_AVR_HGT":"29.090201950073244","ADM_CD":"1138010400","F_YR":"2025","F_ZONE_NM":"서울특별시 은평구 갈현동 507-8 지층 2호","TYPE":"주택","TYPE2":"재난지원금"},"geometry":{"type":"Polygon","coordinates":[[[126.9122947798756,37.6149924511061],[126.9123867019822,37.61493702015165],[126.91232640673451,37.61487534751159],[126.9123013781357,37.61487334643517],[126.91219007341347,37.614941106090704],[126.912261117015,37.61501242742377],[126.9122947798756,37.6149924511061]]]}},{"type":"Feature","properties":{"PNU":1138010600100090000,"피해위치(":"서울특별시 은평구 대조동 9-44 지층2호","피해일시":"20250813 - 1200","F_SHIM":0.1,"F_AREA":205.59782742,"F_AVR_HGT":"25.0534912109375","ADM_CD":"1138010600","F_YR":"2025","F_ZONE_NM":"서울특별시 은평구 대조동 9-44 지층2호","TYPE":"주택","TYPE2":"재난지원금"},"geometry":{"type":"Polygon","coordinates":[[[126.92759014074667,37.6103729715313],[126.92767963286101,37.610237970416684],[126.92762609287311,37.61020784412162],[126.92756313766901,37.610192938491664],[126.92746493285843,37.61031973511989],[126.92759014074667,37.6103729715313]]]}},{"type":"Feature","properties":{"PNU":1138010700101010000,"피해위치(":"서울특별시 은평구 응암동 101-31 희망다세연립 B01호","피해일시":"20250813 - 1200","F_SHIM":0.1,"F_AREA":166.2323445,"F_AVR_HGT":"28.50077590942383","ADM_CD":"1138010700","F_YR":"2025","F_ZONE_NM":"서울특별시 은평구 응암동 101-31 희망다세연립 B01호","TYPE":"주택","TYPE2":"재난지원금"},"geometry":{"type":"Polygon","coordinates":[[[126.92367186088056,37.59883066892003],[126.92369416201058,37.598837170706396],[126.9238340876719,37.59876347234858],[126.923775172093,37.59868522820329],[126.92375217253957,37.59869701593394],[126.92361814299585,37.59876333002367],[126.92367186088056,37.59883066892003]]]}},{"type":"Feature","properties":{"PNU":1138010800100060000,"피해위치(":"서울특별시 은평구 역촌동 6-4 지층2호","피해일시":"20250813 - 1200","F_SHIM":0.1,"F_AREA":123.64431077,"F_AVR_HGT":"22.569972610473634","ADM_CD":"1138010800","F_YR":"2025","F_ZONE_NM":"서울특별시 은평구 역촌동 6-4 지층2호","TYPE":"주택","TYPE2":"재난지원금"},"geometry":{"type":"Polygon","coordinates":[[[126.91804812179785,37.60957131210469],[126.91797730615089,37.609498372583175],[126.9178707737886,37.60956388858933],[126.91794181328096,37.6096391708847],[126.91804812179785,37.60957131210469]]]}},{"type":"Feature","properties":{"PNU":1138010800100060000,"피해위치(":"서울특별시 은평구 역촌동 6-42 지층","피해일시":"20250813 - 1200","F_SHIM":0.1,"F_AREA":164.38337307,"F_AVR_HGT":"22.569972610473634","ADM_CD":"1138010800","F_YR":"2025","F_ZONE_NM":"서울특별시 은평구 역촌동 6-42 지층","TYPE":"주택","TYPE2":"재난지원금"},"geometry":{"type":"Polygon","coordinates":[[[126.91745629201361,37.609538006214464],[126.91756350301121,37.609473572243054],[126.91746870849643,37.6093735859053],[126.91736217749128,37.60943765988396],[126.91745629201361,37.609538006214464]]]}},{"type":"Feature","properties":{"PNU":1138010600102150000,"피해위치(":"서울특별시 은평구 대조동 215-7 101호","피해일시":"20250813 - 1200","F_SHIM":0.1,"F_AREA":104.2117031,"F_AVR_HGT":"24.52192077636719","ADM_CD":"1138010600","F_YR":"2025","F_ZONE_NM":"서울특별시 은평구 대조동 215-7 101호","TYPE":"주택","TYPE2":"재난지원금"},"geometry":{"type":"Polygon","coordinates":[[[126.9201787762429,37.61466676766447],[126.9202185288789,37.61456489411928],[126.92012205433684,37.61454230309621],[126.92008377398693,37.6146441776252],[126.9201787762429,37.61466676766447]]]}},{"type":"Feature","properties":{"PNU":1138010600102140000,"피해위치(":"서울특별시 은평구 대조동 214-45 지하 101호","피해일시":"20250813 - 1200","F_SHIM":0.1,"F_AREA":332.65901655,"F_AVR_HGT":"26.893546676635744","ADM_CD":"1138010600","F_YR":"2025","F_ZONE_NM":"서울특별시 은평구 대조동 214-45 지하 101호","TYPE":"주택","TYPE2":"재난지원금"},"geometry":{"type":"Polygon","coordinates":[[[126.92080712209771,37.61406777646456],[126.92095016916456,37.613859477307486],[126.92082462166516,37.613805062375235],[126.92069666283429,37.61399048679924],[126.92068576286488,37.6140153464089],[126.92071440454586,37.61402770946258],[126.92080712209771,37.61406777646456]]]}},{"type":"Feature","properties":{"PNU":1138010700101180000,"피해위치(":"서울특별시 은평구 응암동 118-43 101호(지층)","피해일시":"20250813 - 1200","F_SHIM":0.1,"F_AREA":131.32366353,"F_AVR_HGT":"16.74842987060547","ADM_CD":"1138010700","F_YR":"2025","F_ZONE_NM":"서울특별시 은평구 응암동 118-43 101호(지층)","TYPE":"주택","TYPE2":"재난지원금"},"geometry":{"type":"Polygon","coordinates":[[[126.91747192747286,37.59745268759426],[126.91744903465182,37.59736906002133],[126.917295344162,37.59739516907525],[126.91731755831704,37.597477985308224],[126.91747192747286,37.59745268759426]]]}},{"type":"Feature","properties":{"PNU":1138010600100830000,"피해위치(":"서울특별시 은평구 대조동 83-3 반지하 102호","피해일시":"20250813 - 1200","F_SHIM":0.1,"F_AREA":170.53831213,"F_AVR_HGT":"31.97333869934082","ADM_CD":"1138010600","F_YR":"2025","F_ZONE_NM":"서울특별시 은평구 대조동 83-3 반지하 102호","TYPE":"주택","TYPE2":"재난지원금"},"geometry":{"type":"Polygon","coordinates":[[[126.92630429576333,37.61256379631081],[126.92639687976862,37.61262521210183],[126.92643174911358,37.612639559893736],[126.92650183617383,37.612546983595095],[126.92650773386637,37.61253878841457],[126.92638728751217,37.6124780757602],[126.92630429576333,37.61256379631081]]]}},{"type":"Feature","properties":{"PNU":1138010800100460000,"피해위치(":"서울특별시 은평구 역촌동 46-5 101호","피해일시":"20250813 - 1200","F_SHIM":0.1,"F_AREA":134.13878665,"F_AVR_HGT":"19.81514701843262","ADM_CD":"1138010800","F_YR":"2025","F_ZONE_NM":"서울특별시 은평구 역촌동 46-5 101호","TYPE":"주택","TYPE2":"재난지원금"},"geometry":{"type":"Polygon","coordinates":[[[126.91396889952463,37.60708200714621],[126.91409879561246,37.607083995494364],[126.91410016230614,37.606980653870316],[126.91397095117962,37.60697416112177],[126.91396889952463,37.60708200714621]]]}},{"type":"Feature","properties":{"PNU":1138010500100030100,"피해위치(":"서울특별시 은평구 구산동 3-22 지하2호","피해일시":"20250813 - 1200","F_SHIM":0.1,"F_AREA":177.40807086,"F_AVR_HGT":"21.03535614013672","ADM_CD":"1138010500","F_YR":"2025","F_ZONE_NM":"서울특별시 은평구 구산동 3-22 지하2호","TYPE":"주택","TYPE2":"재난지원금"},"geometry":{"type":"Polygon","coordinates":[[[126.91516356872539,37.611499859838844],[126.91524831881749,37.61147073002598],[126.91525579649428,37.61146839294039],[126.91518899878656,37.611349594756106],[126.91517905238037,37.61133210844169],[126.91506744831446,37.61137176001916],[126.91514453328712,37.61150696366135],[126.91516356872539,37.611499859838844]]]}},{"type":"Feature","properties":{"PNU":1138010700101200000,"피해위치(":"서울특별시 은평구 응암동 120-11 지층","피해일시":"20250813 - 1200","F_SHIM":0.1,"F_AREA":152.80510275,"F_AVR_HGT":"17.255838012695314","ADM_CD":"1138010700","F_YR":"2025","F_ZONE_NM":"서울특별시 은평구 응암동 120-11 지층","TYPE":"주택","TYPE2":"재난지원금"},"geometry":{"type":"Polygon","coordinates":[[[126.9177487862926,37.595839312827614],[126.91775785032107,37.59583454404613],[126.91769510055465,37.59574998722394],[126.91756855274589,37.59580882162543],[126.91761464575896,37.59590345769283],[126.9177487862926,37.595839312827614]]]}},{"type":"Feature","properties":{"PNU":1138010300101880000,"피해위치(":"서울특별시 은평구 불광동 188-1","피해일시":"20250813 - 1200","F_SHIM":0.1,"F_AREA":43.50027474,"F_AVR_HGT":"46.59887466430664","ADM_CD":"1138010300","F_YR":"2025","F_ZONE_NM":"서울특별시 은평구 불광동 188-1","TYPE":"소상공인","TYPE2":"재난지원금"},"geometry":{"type":"Polygon","coordinates":[[[126.93282310055824,37.62233133629256],[126.9329472028103,37.62238114255502],[126.93296986310018,37.62237511915611],[126.93296365149472,37.62235502369905],[126.93291461184947,37.62234643589155],[126.9328770190691,37.62233109737448],[126.93282311904561,37.62231124445455],[126.9327743147036,37.62229319643813],[126.93276670479544,37.622315536302935],[126.93282310055824,37.62233133629256]]]}},{"type":"Feature","properties":{"PNU":1138010300103770000,"피해위치(":"서울특별시 은평구 불광동 377-5 지층 101호(지하 좌측)","피해일시":"20250813 - 1200","F_SHIM":0.1,"F_AREA":127.77693495,"F_AVR_HGT":"38.49398193359375","ADM_CD":"1138010300","F_YR":"2025","F_ZONE_NM":"서울특별시 은평구 불광동 377-5 지층 101호(지하 좌측)","TYPE":"주택","TYPE2":"재난지원금"},"geometry":{"type":"Polygon","coordinates":[[[126.92269610195252,37.62222382640232],[126.92284886237843,37.62215959838798],[126.9228355059007,37.62215030939169],[126.92281852638881,37.622139396214166],[126.92279044011028,37.6221341517971],[126.92277345595217,37.622127653410644],[126.92276269432634,37.62209605787919],[126.92276171164312,37.62209340834289],[126.9226414710157,37.622147927405344],[126.92269610195252,37.62222382640232]]]}},{"type":"Feature","properties":{"PNU":1138010400104840100,"피해위치(":"서울특별시 은평구 갈현동 484-2 1층","피해일시":"20250813 - 1200","F_SHIM":0.1,"F_AREA":187.65403872,"F_AVR_HGT":"26.4553581237793","ADM_CD":"1138010400","F_YR":"2025","F_ZONE_NM":"서울특별시 은평구 갈현동 484-2 1층","TYPE":"소상공인","TYPE2":"재난지원금"},"geometry":{"type":"Polygon","coordinates":[[[126.91686443105125,37.61752613143385],[126.91703154791935,37.61748291403741],[126.91698635993411,37.6173781877519],[126.91682082552616,37.61742446955445],[126.91686443105125,37.61752613143385]]]}},{"type":"Feature","properties":{"PNU":1138010300103310200,"피해위치(":"서울특별시 은평구 불광동 331-162 B01호","피해일시":"20250813 - 1200","F_SHIM":0.1,"F_AREA":224.32821667,"F_AVR_HGT":"53.05615005493164","ADM_CD":"1138010300","F_YR":"2025","F_ZONE_NM":"서울특별시 은평구 불광동 331-162 B01호","TYPE":"주택","TYPE2":"재난지원금"},"geometry":{"type":"Polygon","coordinates":[[[126.92656712448687,37.61858972290743],[126.92657279222607,37.618585401801575],[126.92671644217724,37.61855936451484],[126.92667422700015,37.618412658152145],[126.9265876702246,37.618432785183565],[126.92652354503419,37.618448331409105],[126.92655120191822,37.61854169054296],[126.92656712448687,37.61858972290743]]]}},{"type":"Feature","properties":{"PNU":1138010300103310200,"피해위치(":"서울특별시 은평구 불광동 331-154 B01호","피해일시":"20250813 - 1200","F_SHIM":0.1,"F_AREA":173.58200291,"F_AVR_HGT":"53.05615005493164","ADM_CD":"1138010300","F_YR":"2025","F_ZONE_NM":"서울특별시 은평구 불광동 331-154 B01호","TYPE":"주택","TYPE2":"재난지원금"},"geometry":{"type":"Polygon","coordinates":[[[126.92728640698344,37.61834263320894],[126.92731459987017,37.618353462704036],[126.92746097290127,37.61832202033978],[126.9274595048017,37.61831760461475],[126.92742688227408,37.618216331964554],[126.92731979050755,37.61824788008008],[126.92726435271447,37.61826396374912],[126.92728640698344,37.61834263320894]]]}},{"type":"Feature","properties":{"PNU":1138010400105130000,"피해위치(":"서울특별시 은평구 갈현동 513-6 지하 좌측","피해일시":"20250813 - 1200","F_SHIM":0.1,"F_AREA":139.59020385,"F_AVR_HGT":"30.606891250610353","ADM_CD":"1138010400","F_YR":"2025","F_ZONE_NM":"서울특별시 은평구 갈현동 513-6 지하 좌측","TYPE":"주택","TYPE2":"재난지원금"},"geometry":{"type":"Polygon","coordinates":[[[126.91316625633888,37.61687813844422],[126.91308389883638,37.61679392517839],[126.9130067088433,37.616841439079394],[126.91297735144967,37.61685970696091],[126.91300665213467,37.616889281100825],[126.91305971093222,37.61694220843865],[126.91316625633888,37.61687813844422]]]}},{"type":"Feature","properties":{"PNU":1138010300102210000,"피해위치(":"서울특별시 은평구 불광동 221-32 지층 2호","피해일시":"20250813 - 1200","F_SHIM":0.1,"F_AREA":262.72684958,"F_AVR_HGT":"39.50189361572266","ADM_CD":"1138010300","F_YR":"2025","F_ZONE_NM":"서울특별시 은평구 불광동 221-32 지층 2호","TYPE":"주택","TYPE2":"재난지원금"},"geometry":{"type":"Polygon","coordinates":[[[126.93225570835017,37.61818433390948],[126.93220650328365,37.61811294737156],[126.93219590066148,37.61806500898575],[126.93208407846811,37.61809449540247],[126.93197372916471,37.61812344199276],[126.93202690248253,37.6181904161604],[126.93208066686626,37.61823090182777],[126.93225570835017,37.61818433390948]]]}},{"type":"Feature","properties":{"PNU":1138010400104140000,"피해위치(":"서울특별시 은평구 갈현동 414-29 B02호","피해일시":"20250813 - 1200","F_SHIM":0.1,"F_AREA":267.70546935,"F_AVR_HGT":"35.84512100219727","ADM_CD":"1138010400","F_YR":"2025","F_ZONE_NM":"서울특별시 은평구 갈현동 414-29 B02호","TYPE":"주택","TYPE2":"재난지원금"},"geometry":{"type":"Polygon","coordinates":[[[126.91791317005361,37.62450109404903],[126.91803223295594,37.62449324972702],[126.91802409252625,37.62437809880576],[126.91801876721003,37.62437926631079],[126.91801419220194,37.6243172756928],[126.91801017501722,37.624262943793504],[126.91789530724519,37.62426763763886],[126.91789842348221,37.6243171937129],[126.91790401253624,37.62438396024454],[126.91791317005361,37.62450109404903]]]}},{"type":"Feature","properties":{"PNU":1138010400104220000,"피해위치(":"서울특별시 은평구 갈현동 422-7","피해일시":"20250823 - 2013","F_SHIM":0.1,"F_AREA":133.95715702,"F_AVR_HGT":"38.00179824829102","ADM_CD":"1138010400","F_YR":"2025","F_ZONE_NM":"서울특별시 은평구 갈현동 422-7","TYPE":"소상공인","TYPE2":"재난지원금"},"geometry":{"type":"Polygon","coordinates":[[[126.91671052608892,37.62448527958808],[126.91683423528157,37.62447581805117],[126.91682393780034,37.62436652186552],[126.91672674127065,37.624370956961286],[126.91670009595863,37.62439319200225],[126.91671052608892,37.62448527958808]]]}},{"type":"Feature","properties":{"PNU":1138010400104360100,"피해위치(":"서울특별시 은평구 갈현동 436-2","피해일시":"20250813 - 1200","F_SHIM":0.1,"F_AREA":205.54830004,"F_AVR_HGT":"42.770242309570314","ADM_CD":"1138010400","F_YR":"2025","F_ZONE_NM":"서울특별시 은평구 갈현동 436-2","TYPE":"소상공인","TYPE2":"재난지원금"},"geometry":{"type":"Polygon","coordinates":[[[126.91622296267879,37.62440302914999],[126.91615452976296,37.62431594505933],[126.91614220064278,37.624300169000904],[126.91611035187864,37.62431591309264],[126.91599746477834,37.62437133166186],[126.91608354627041,37.62447806997127],[126.91622296267879,37.62440302914999]]]}},{"type":"Feature","properties":{"PNU":1138010300102390000,"피해위치(":"서울특별시 은평구 불광동 239-11 지하1층 나염공장","피해일시":"20250813 - 1200","F_SHIM":0.1,"F_AREA":257.25750799,"F_AVR_HGT":"40.99959716796875","ADM_CD":"1138010300","F_YR":"2025","F_ZONE_NM":"서울특별시 은평구 불광동 239-11 지하1층 나염공장","TYPE":"소상공인","TYPE2":"재난지원금"},"geometry":{"type":"Polygon","coordinates":[[[126.9325064441677,37.6161423182767],[126.93253474192437,37.61616215639723],[126.93259248018909,37.61619093141858],[126.93264070578559,37.61621807909463],[126.93271849509296,37.61624344202859],[126.93274702826868,37.61625372983978],[126.9327823457319,37.61615356136127],[126.93280812337886,37.616081137522904],[126.93277549740654,37.61608751548561],[126.93271658898793,37.616099464199806],[126.93266934975614,37.61610817616249],[126.93264318156638,37.6161126657964],[126.93250871145145,37.61614015724883],[126.9325064441677,37.6161423182767]]]}},{"type":"Feature","properties":{"PNU":1138010300102380200,"피해위치(":"서울특별시 은평구 불광동 238-149 지하 1호","피해일시":"20250813 - 1200","F_SHIM":0.1,"F_AREA":131.74254665,"F_AVR_HGT":"34.192849731445314","ADM_CD":"1138010300","F_YR":"2025","F_ZONE_NM":"서울특별시 은평구 불광동 238-149 지하 1호","TYPE":"주택","TYPE2":"재난지원금"},"geometry":{"type":"Polygon","coordinates":[[[126.93185759592986,37.61585326282668],[126.93187345547109,37.61585047914695],[126.93198221013888,37.61582756826924],[126.93195353656671,37.615725109857195],[126.9318310754536,37.615749814577484],[126.93185759592986,37.61585326282668]]]}},{"type":"Feature","properties":{"PNU":1138010300102390000,"피해위치(":"서울특별시 은평구 불광동 239-49","피해일시":"20250813 - 1200","F_SHIM":0.1,"F_AREA":105.02335713,"F_AVR_HGT":"34.192849731445314","ADM_CD":"1138010300","F_YR":"2025","F_ZONE_NM":"서울특별시 은평구 불광동 239-49","TYPE":"주택","TYPE2":"재난지원금"},"geometry":{"type":"Polygon","coordinates":[[[126.93256029472809,37.615842863758665],[126.93268773977532,37.61581771069865],[126.93266198874197,37.615738409368674],[126.93253454315565,37.61576428318561],[126.93256029472809,37.615842863758665]]]}},{"type":"Feature","properties":{"PNU":1138010300102390000,"피해위치(":"서울특별시 은평구 불광동 239-59 지하 우측 B01호","피해일시":"20250813 - 1200","F_SHIM":0.1,"F_AREA":109.15889854,"F_AVR_HGT":"44.758096313476564","ADM_CD":"1138010300","F_YR":"2025","F_ZONE_NM":"서울특별시 은평구 불광동 239-59 지하 우측 B01호","TYPE":"주택","TYPE2":"재난지원금"},"geometry":{"type":"Polygon","coordinates":[[[126.93263201162584,37.61557468366479],[126.93276296644326,37.61555052364974],[126.93274805923872,37.61550321347118],[126.93273585866928,37.615468608697476],[126.93260625957109,37.61549664369198],[126.93263201162584,37.61557468366479]]]}},{"type":"Feature","properties":{"PNU":1138010300102380200,"피해위치(":"서울특별시 은평구 불광동 238-131 지층","피해일시":"20250813 - 1200","F_SHIM":0.1,"F_AREA":70.8779157,"F_AVR_HGT":"34.63275299072266","ADM_CD":"1138010300","F_YR":"2025","F_ZONE_NM":"서울특별시 은평구 불광동 238-131 지층","TYPE":"주택","TYPE2":"재난지원금"},"geometry":{"type":"Polygon","coordinates":[[[126.93185979632717,37.615558553313186],[126.93192470900911,37.61554489670286],[126.93189195865233,37.615441895278295],[126.9318254607892,37.61545510044438],[126.93185979632717,37.615558553313186]]]}},{"type":"Feature","properties":{"PNU":1138010300102380200,"피해위치(":"서울특별시 은평구 불광동 238-132 1층","피해일시":"20250813 - 1200","F_SHIM":0.1,"F_AREA":70.46932161,"F_AVR_HGT":"34.63275299072266","ADM_CD":"1138010300","F_YR":"2025","F_ZONE_NM":"서울특별시 은평구 불광동 238-132 1층","TYPE":"주택","TYPE2":"재난지원금"},"geometry":{"type":"Polygon","coordinates":[[[126.93192470900911,37.61554489670286],[126.93199052794188,37.615531060394595],[126.93195755038646,37.61542868954066],[126.93189195865233,37.615441895278295],[126.93192470900911,37.61554489670286]]]}},{"type":"Feature","properties":{"PNU":1138010400104100000,"피해위치(":"서울특별시 은평구 갈현동 410-1 1층","피해일시":"20250813 - 1200","F_SHIM":0.1,"F_AREA":476.53113999,"F_AVR_HGT":"34.73901901245117","ADM_CD":"1138010400","F_YR":"2025","F_ZONE_NM":"서울특별시 은평구 갈현동 410-1 1층","TYPE":"소상공인","TYPE2":"재난지원금"},"geometry":{"type":"Polygon","coordinates":[[[126.91835341288439,37.62333914166656],[126.91848697090127,37.6233332892529],[126.91858858370836,37.62332885580952],[126.91861886038512,37.62329986554225],[126.9186122841144,37.62320354620911],[126.91847736764106,37.623208857221165],[126.91846945952489,37.623088030297296],[126.91833884618627,37.6230946956489],[126.91834358369769,37.62321434907312],[126.91834834154723,37.62321408213271],[126.91835341288439,37.62333914166656]]]}},{"type":"Feature","properties":{"PNU":1138010400104090000,"피해위치(":"서울특별시 은평구 갈현동 409-2 1층","피해일시":"20250813 - 1200","F_SHIM":0.1,"F_AREA":134.82128832,"F_AVR_HGT":"34.73901901245117","ADM_CD":"1138010400","F_YR":"2025","F_ZONE_NM":"서울특별시 은평구 갈현동 409-2 1층","TYPE":"소상공인","TYPE2":"재난지원금"},"geometry":{"type":"Polygon","coordinates":[[[126.91900377627161,37.6231912068962],[126.91899502767278,37.62311263536085],[126.91898154856814,37.623112085346065],[126.91897010382759,37.62311568125887],[126.9188202346625,37.62312152278996],[126.91882535887909,37.623199551210526],[126.91900377627161,37.6231912068962]]]}},{"type":"Feature","properties":{"PNU":1138010300103770000,"피해위치(":"서울특별시 은평구 불광동 377-18 지층 바깥쪽(첫번째집)","피해일시":"20250813 - 1200","F_SHIM":0.1,"F_AREA":152.10163893,"F_AVR_HGT":"41.10439453125","ADM_CD":"1138010300","F_YR":"2025","F_ZONE_NM":"서울특별시 은평구 불광동 377-18 지층 바깥쪽(첫번째집)","TYPE":"주택","TYPE2":"재난지원금"},"geometry":{"type":"Polygon","coordinates":[[[126.92243050487023,37.62219607871665],[126.92257477396869,37.622128061250756],[126.92252240001413,37.62206036262309],[126.92247550900179,37.622056457010736],[126.9223771231911,37.62211738739713],[126.92243050487023,37.62219607871665]]]}},{"type":"Feature","properties":{"PNU":1138010300101400000,"피해위치(":"서울특별시 은평구 불광동 140-20 지층 안쪽","피해일시":"20250813 - 1200","F_SHIM":0.1,"F_AREA":141.20407474,"F_AVR_HGT":"41.34108123779297","ADM_CD":"1138010300","F_YR":"2025","F_ZONE_NM":"서울특별시 은평구 불광동 140-20 지층 안쪽","TYPE":"주택","TYPE2":"재난지원금"},"geometry":{"type":"Polygon","coordinates":[[[126.92896085258359,37.62201588919947],[126.92910122752534,37.6220206154739],[126.92910627341546,37.62195682920075],[126.92910846256767,37.62191871909837],[126.92901105310392,37.6219131633093],[126.92897106869219,37.62191214765667],[126.92896305937624,37.62199467248218],[126.92896085258359,37.62201588919947]]]}},{"type":"Feature","properties":{"PNU":1138010300101430000,"피해위치(":"서울특별시 은평구 불광동 143-13 지하 1층","피해일시":"20250813 - 1200","F_SHIM":0.1,"F_AREA":120.51168786,"F_AVR_HGT":"41.34108123779297","ADM_CD":"1138010300","F_YR":"2025","F_ZONE_NM":"서울특별시 은평구 불광동 143-13 지하 1층","TYPE":"주택","TYPE2":"재난지원금"},"geometry":{"type":"Polygon","coordinates":[[[126.92879370822149,37.622002586955496],[126.92891988689021,37.62201050317413],[126.92892068672366,37.622003385925815],[126.92893178854385,37.622002311579465],[126.92893340336222,37.62197249014151],[126.9289371916521,37.62192077623099],[126.9288004787427,37.62191285353982],[126.92879370822149,37.622002586955496]]]}},{"type":"Feature","properties":{"PNU":1138010400104260000,"피해위치(":"서울특별시 은평구 갈현동 426-12 나라주택 지층1호","피해일시":"20250813 - 1200","F_SHIM":0.1,"F_AREA":136.52705668,"F_AVR_HGT":"32.592122650146486","ADM_CD":"1138010400","F_YR":"2025","F_ZONE_NM":"서울특별시 은평구 갈현동 426-12 나라주택 지층1호","TYPE":"주택","TYPE2":"재난지원금"},"geometry":{"type":"Polygon","coordinates":[[[126.91755553714736,37.622804385872584],[126.91755034022697,37.62269148942928],[126.91742256189369,37.62269590333572],[126.91742959698989,37.62278573601647],[126.9174564185518,37.622807468734635],[126.91755553714736,37.622804385872584]]]}},{"type":"Feature","properties":{"PNU":1138010300102430100,"피해위치(":"서울특별시 은평구 불광동 243-20 지층 좌측","피해일시":"20250813 - 1200","F_SHIM":0.1,"F_AREA":159.76705446,"F_AVR_HGT":"32.04724464416504","ADM_CD":"1138010300","F_YR":"2025","F_ZONE_NM":"서울특별시 은평구 불광동 243-20 지층 좌측","TYPE":"주택","TYPE2":"재난지원금"},"geometry":{"type":"Polygon","coordinates":[[[126.9314944600089,37.614174880923024],[126.9315214282708,37.61416201289319],[126.93166305398628,37.61410956961656],[126.93160945615311,37.614015565557196],[126.93149400074074,37.61406072635529],[126.93148992181996,37.61406234570081],[126.9314944600089,37.614174880923024]]]}},{"type":"Feature","properties":{"PNU":1138010400103930000,"피해위치(":"서울특별시 은평구 갈현동 393-13 1층","피해일시":"20250823 - 1912","F_SHIM":0.1,"F_AREA":97.99525385,"F_AVR_HGT":"32.8485466003418","ADM_CD":"1138010400","F_YR":"2025","F_ZONE_NM":"서울특별시 은평구 갈현동 393-13 1층","TYPE":"소상공인","TYPE2":"재난지원금"},"geometry":{"type":"Polygon","coordinates":[[[126.91901373443163,37.62227780071644],[126.91914627441741,37.62226888351183],[126.91914001242144,37.62219517900092],[126.91904735695567,37.62219313212731],[126.91900767521471,37.622225719853354],[126.91901373443163,37.62227780071644]]]}},{"type":"Feature","properties":{"PNU":1138010100103100000,"피해위치(":"서울특별시 은평구 수색동 310-14 지층2호","피해일시":"20250813 - 1200","F_SHIM":0.1,"F_AREA":146.97136583,"F_AVR_HGT":"40.84175262451172","ADM_CD":"1138010100","F_YR":"2025","F_ZONE_NM":"서울특별시 은평구 수색동 310-14 지층2호","TYPE":"주택","TYPE2":"재난지원금"},"geometry":{"type":"Polygon","coordinates":[[[126.88919393377539,37.58692260877849],[126.88924581931774,37.5869021156819],[126.88927875803962,37.58683223057486],[126.88928471151638,37.58681840611663],[126.88929818637213,37.586787109700715],[126.8891736573585,37.58677861209122],[126.88914483049238,37.58689985722469],[126.88914243635244,37.5869108469616],[126.88919393377539,37.58692260877849]]]}},{"type":"Feature","properties":{"PNU":1138010400104030100,"피해위치(":"서울특별시 은평구 갈현동 403-29 1층","피해일시":"20250813 - 1200","F_SHIM":0.1,"F_AREA":132.88891812,"F_AVR_HGT":"28.752090072631837","ADM_CD":"1138010400","F_YR":"2025","F_ZONE_NM":"서울특별시 은평구 갈현동 403-29 1층","TYPE":"소상공인","TYPE2":"재난지원금"},"geometry":{"type":"Polygon","coordinates":[[[126.9177919073094,37.620713199584436],[126.9178127147589,37.620743937761006],[126.91793933341603,37.620760605537804],[126.91794958077173,37.620713311349064],[126.9179581195694,37.620674485160606],[126.91779945109661,37.6206526590851],[126.91778874107186,37.62070842214433],[126.9177919073094,37.620713199584436]]]}},{"type":"Feature","properties":{"PNU":1138010400104030000,"피해위치(":"서울특별시 은평구 갈현동 403-9 지하 1층","피해일시":"20250813 - 1200","F_SHIM":0.1,"F_AREA":138.31682497,"F_AVR_HGT":"28.657939529418947","ADM_CD":"1138010400","F_YR":"2025","F_ZONE_NM":"서울특별시 은평구 갈현동 403-9 지하 1층","TYPE":"소상공인","TYPE2":"재난지원금"},"geometry":{"type":"Polygon","coordinates":[[[126.91919484455649,37.62074995553822],[126.91920303952017,37.620714192351514],[126.919214422455,37.62066356521846],[126.9190565462338,37.620642011679514],[126.91904049539056,37.620714078857524],[126.9190373069766,37.62072930318988],[126.91919484455649,37.62074995553822]]]}},{"type":"Feature","properties":{"PNU":1138010300103510000,"피해위치(":"서울특별시 은평구 불광동 351-16 지층 우측","피해일시":"20250813 - 1200","F_SHIM":0.1,"F_AREA":131.72889252,"F_AVR_HGT":"38.7873893737793","ADM_CD":"1138010300","F_YR":"2025","F_ZONE_NM":"서울특별시 은평구 불광동 351-16 지층 우측","TYPE":"주택","TYPE2":"재난지원금"},"geometry":{"type":"Polygon","coordinates":[[[126.92666148223944,37.62108108291339],[126.92666874301236,37.62106973517196],[126.92669483523991,37.62103010860217],[126.92660255788363,37.62099112772327],[126.92656745842712,37.62097641946233],[126.92651175952733,37.62105855344219],[126.926554785319,37.621075969694736],[126.9266408356976,37.62111206352374],[126.92666148223944,37.62108108291339]]]}},{"type":"Feature","properties":{"PNU":1138010300101700100,"피해위치(":"서울특별시 은평구 불광동 170-139 지하 101호","피해일시":"20250813 - 1200","F_SHIM":0.1,"F_AREA":244.8014825,"F_AVR_HGT":"59.84302291870117","ADM_CD":"1138010300","F_YR":"2025","F_ZONE_NM":"서울특별시 은평구 불광동 170-139 지하 101호","TYPE":"주택","TYPE2":"재난지원금"},"geometry":{"type":"Polygon","coordinates":[[[126.93019335346209,37.62444915039013],[126.93018858507257,37.62446040975063],[126.93010440379909,37.62447765763975],[126.93004656478647,37.62451293200522],[126.93011137985907,37.62464533412886],[126.93012916945743,37.624640029114154],[126.9301854874031,37.62461997133156],[126.93026435408247,37.624592989598504],[126.93019335346209,37.62444915039013]]]}},{"type":"Feature","properties":{"PNU":1138010400104030100,"피해위치(":"서울특별시 은평구 갈현동 403-36 1층","피해일시":"20250813 - 1200","F_SHIM":0.1,"F_AREA":117.08565512,"F_AVR_HGT":"28.752090072631837","ADM_CD":"1138010400","F_YR":"2025","F_ZONE_NM":"서울특별시 은평구 갈현동 403-36 1층","TYPE":"소상공인","TYPE2":"재난지원금"},"geometry":{"type":"Polygon","coordinates":[[[126.91794995696891,37.6205796061926],[126.91796998884163,37.62049366688898],[126.91790985020188,37.62048632635819],[126.9178307987824,37.62047590905395],[126.9178159786315,37.62056059065898],[126.91794995696891,37.6205796061926]]]}},{"type":"Feature","properties":{"PNU":1138010400104020000,"피해위치(":"서울특별시 은평구 갈현동 402-13 비102호","피해일시":"20250813 - 1200","F_SHIM":0.1,"F_AREA":120.4799519,"F_AVR_HGT":"26.70613250732422","ADM_CD":"1138010400","F_YR":"2025","F_ZONE_NM":"서울특별시 은평구 갈현동 402-13 비102호","TYPE":"주택","TYPE2":"재난지원금"},"geometry":{"type":"Polygon","coordinates":[[[126.91849246971445,37.62032402072352],[126.91851227986196,37.62023312577774],[126.91838169951201,37.620214653863606],[126.91836086967524,37.62030563816712],[126.91849246971445,37.62032402072352]]]}},{"type":"Feature","properties":{"PNU":1138010300103480000,"피해위치(":"서울특별시 은평구 불광동 348-24 지층","피해일시":"20250813 - 1200","F_SHIM":0.1,"F_AREA":121.54350041,"F_AVR_HGT":"38.7873893737793","ADM_CD":"1138010300","F_YR":"2025","F_ZONE_NM":"서울특별시 은평구 불광동 348-24 지층","TYPE":"주택","TYPE2":"재난지원금"},"geometry":{"type":"Polygon","coordinates":[[[126.92710762276121,37.62065240851977],[126.92716117043805,37.620568380839025],[126.92716208935961,37.62056694885982],[126.92703891841042,37.6205329042391],[126.92702449165995,37.62052892181101],[126.92698160698608,37.62059727911383],[126.92710762276121,37.62065240851977]]]}},{"type":"Feature","properties":{"PNU":1138010300103120100,"피해위치(":"서울특별시 은평구 불광동 312-122 B102","피해일시":"20250813 - 1200","F_SHIM":0.1,"F_AREA":177.44734996,"F_AVR_HGT":"29.326652145385744","ADM_CD":"1138010300","F_YR":"2025","F_ZONE_NM":"서울특별시 은평구 불광동 312-122 B102","TYPE":"주택","TYPE2":"재난지원금"},"geometry":{"type":"Polygon","coordinates":[[[126.92241883254378,37.62047961416381],[126.92242619486103,37.620479889392485],[126.92248975825163,37.62048389628956],[126.92249120802288,37.62048398735844],[126.92253573108435,37.62047680932639],[126.92253440795803,37.62044266129899],[126.92240257449596,37.62031204801369],[126.92238604873998,37.62031164050196],[126.92236726701107,37.62039849138871],[126.92235463139144,37.620457497102834],[126.9223862330825,37.620458329180224],[126.92241806073362,37.62045971099841],[126.92241817095949,37.62046258519849],[126.92241883254378,37.62047961416381]]]}},{"type":"Feature","properties":{"PNU":1138010400104490000,"피해위치(":"서울특별시 은평구 갈현동 449-33 지하","피해일시":"20250813 - 1200","F_SHIM":0.1,"F_AREA":149.37511471,"F_AVR_HGT":"32.43699417114258","ADM_CD":"1138010400","F_YR":"2025","F_ZONE_NM":"서울특별시 은평구 갈현동 449-33 지하","TYPE":"주택","TYPE2":"재난지원금"},"geometry":{"type":"Polygon","coordinates":[[[126.91515270105705,37.62011358744133],[126.91508611598529,37.6200002855039],[126.91497540151622,37.620043000912354],[126.91504379982631,37.620155403260135],[126.91515270105705,37.62011358744133]]]}},{"type":"Feature","properties":{"PNU":1138010400104020000,"피해위치(":"서울특별시 은평구 갈현동 402-20 지층","피해일시":"20250813 - 1200","F_SHIM":0.1,"F_AREA":128.10209947,"F_AVR_HGT":"27.03975830078125","ADM_CD":"1138010400","F_YR":"2025","F_ZONE_NM":"서울특별시 은평구 갈현동 402-20 지층","TYPE":"주택","TYPE2":"재난지원금"},"geometry":{"type":"Polygon","coordinates":[[[126.91837149504916,37.62012202592856],[126.91839028957018,37.620027796658434],[126.91825563279038,37.620008510850695],[126.91823616179936,37.62009976638812],[126.91823525322549,37.62010192809897],[126.91837149504916,37.62012202592856]]]}},{"type":"Feature","properties":{"PNU":1138010400104000000,"피해위치(":"서울특별시 은평구 갈현동 400-16 지층","피해일시":"20250813 - 1200","F_SHIM":0.1,"F_AREA":219.98484105,"F_AVR_HGT":"26.70613250732422","ADM_CD":"1138010400","F_YR":"2025","F_ZONE_NM":"서울특별시 은평구 갈현동 400-16 지층","TYPE":"소상공인","TYPE2":"재난지원금"},"geometry":{"type":"Polygon","coordinates":[[[126.91898518780545,37.61982008782953],[126.91908707095575,37.61987421784537],[126.91917167900738,37.61977570969577],[126.91921511743381,37.61972483462466],[126.91911199061626,37.61966872169338],[126.91898518780545,37.61982008782953]]]}},{"type":"Feature","properties":{"PNU":1138010300103440000,"피해위치(":"서울특별시 은평구 불광동 344-17 지층","피해일시":"20250813 - 1200","F_SHIM":0.1,"F_AREA":165.19293863,"F_AVR_HGT":"38.50314102172852","ADM_CD":"1138010300","F_YR":"2025","F_ZONE_NM":"서울특별시 은평구 불광동 344-17 지층","TYPE":"주택","TYPE2":"재난지원금"},"geometry":{"type":"Polygon","coordinates":[[[126.9256435070856,37.620179542885154],[126.92569830012033,37.620097408720916],[126.92555869784559,37.62003839484677],[126.92549948624224,37.62012142708079],[126.92549642271541,37.6201265606936],[126.92556333191452,37.62015957964866],[126.92563284474369,37.620194222004066],[126.9256435070856,37.620179542885154]]]}},{"type":"Feature","properties":{"PNU":1138010400104000000,"피해위치(":"서울특별시 은평구 갈현동 400-5 1층","피해일시":"20250813 - 1200","F_SHIM":0.1,"F_AREA":278.85064435,"F_AVR_HGT":"25.794210052490236","ADM_CD":"1138010400","F_YR":"2025","F_ZONE_NM":"서울특별시 은평구 갈현동 400-5 1층","TYPE":"소상공인","TYPE2":"재난지원금"},"geometry":{"type":"Polygon","coordinates":[[[126.9184190610964,37.61951813249354],[126.91855026298767,37.619587780475086],[126.91866708199561,37.619451364061646],[126.91867876372297,37.61943785756064],[126.91866710389029,37.619431632612205],[126.91857393776733,37.619382553846194],[126.91854801354947,37.61936956150806],[126.9184190610964,37.61951813249354]]]}},{"type":"Feature","properties":{"PNU":1138010400104530000,"피해위치(":"서울특별시 은평구 갈현동 453-20 지하","피해일시":"20250813 - 1200","F_SHIM":0.1,"F_AREA":143.58163655,"F_AVR_HGT":"26.2982479095459","ADM_CD":"1138010400","F_YR":"2025","F_ZONE_NM":"서울특별시 은평구 갈현동 453-20 지하","TYPE":"소상공인","TYPE2":"재난지원금"},"geometry":{"type":"Polygon","coordinates":[[[126.91798458131383,37.61919491445988],[126.91809915059113,37.61914625247639],[126.91803537720025,37.61904764014697],[126.91791797823183,37.61909458820244],[126.91798458131383,37.61919491445988]]]}},{"type":"Feature","properties":{"PNU":1138010300102180000,"피해위치(":"서울특별시 은평구 불광동 218-28 101호","피해일시":"20250813 - 1200","F_SHIM":0.1,"F_AREA":154.13010645,"F_AVR_HGT":"51.60617599487305","ADM_CD":"1138010300","F_YR":"2025","F_ZONE_NM":"서울특별시 은평구 불광동 218-28 101호","TYPE":"주택","TYPE2":"재난지원금"},"geometry":{"type":"Polygon","coordinates":[[[126.93142743042563,37.62006509162601],[126.93152870286936,37.620055691442694],[126.93158400911013,37.62002328894774],[126.93157411375425,37.619945978988966],[126.93156856352236,37.61994597569913],[126.93141608437108,37.6199647157019],[126.93142743042563,37.62006509162601]]]}},{"type":"Feature","properties":{"PNU":1138010300103440000,"피해위치(":"서울특별시 은평구 불광동 344-24 지층 좌측","피해일시":"20250813 - 1200","F_SHIM":0.1,"F_AREA":136.61744381,"F_AVR_HGT":"32.44438705444336","ADM_CD":"1138010300","F_YR":"2025","F_ZONE_NM":"서울특별시 은평구 불광동 344-24 지층 좌측","TYPE":"주택","TYPE2":"재난지원금"},"geometry":{"type":"Polygon","coordinates":[[[126.92522959823596,37.619865194374384],[126.92538052159644,37.619929441628685],[126.92543882949911,37.619843976222754],[126.92534055979,37.61979634107763],[126.92531856476079,37.61981659892956],[126.92526563729514,37.61984638718298],[126.92522959823596,37.619865194374384]]]}},{"type":"Feature","properties":{"PNU":1138010400104560000,"피해위치(":"서울특별시 은평구 갈현동 456-6 1층","피해일시":"20250813 - 1200","F_SHIM":0.1,"F_AREA":118.10601252,"F_AVR_HGT":"25.010064697265626","ADM_CD":"1138010400","F_YR":"2025","F_ZONE_NM":"서울특별시 은평구 갈현동 456-6 1층","TYPE":"소상공인","TYPE2":"재난지원금"},"geometry":{"type":"Polygon","coordinates":[[[126.91947879399827,37.618707991814496],[126.91939103667009,37.61858179353756],[126.9193154515456,37.618613905906045],[126.91938284846069,37.61871468242635],[126.9194359566578,37.61872796378777],[126.91947879399827,37.618707991814496]]]}},{"type":"Feature","properties":{"PNU":1138010400104560000,"피해위치(":"서울특별시 은평구 갈현동 456-32 1층","피해일시":"20250813 - 1200","F_SHIM":0.1,"F_AREA":246.04245947,"F_AVR_HGT":"25.518722152709962","ADM_CD":"1138010400","F_YR":"2025","F_ZONE_NM":"서울특별시 은평구 갈현동 456-32 1층","TYPE":"소상공인","TYPE2":"재난지원금"},"geometry":{"type":"Polygon","coordinates":[[[126.91963325009256,37.61864277802249],[126.91954367970067,37.618517119187615],[126.91945744287189,37.61855345885513],[126.91939103667009,37.61858179353756],[126.91947879399827,37.618707991814496],[126.91963325009256,37.61864277802249]]]}},{"type":"Feature","properties":{"PNU":1138010400105170000,"피해위치(":"서울특별시 은평구 갈현동 517-4 B01호","피해일시":"20250813 - 1200","F_SHIM":0.1,"F_AREA":285.53565818,"F_AVR_HGT":"39.40241012573242","ADM_CD":"1138010400","F_YR":"2025","F_ZONE_NM":"서울특별시 은평구 갈현동 517-4 B01호","TYPE":"주택","TYPE2":"재난지원금"},"geometry":{"type":"Polygon","coordinates":[[[126.91254064145441,37.61844086933535],[126.91263133670097,37.61837282357663],[126.91255011254975,37.61828716924449],[126.91246934434037,37.618199262748625],[126.91235870870926,37.618271798222416],[126.91239208668625,37.61830191617654],[126.9124598583681,37.61836530625349],[126.91254064145441,37.61844086933535]]]}},{"type":"Feature","properties":{"PNU":1138010400100120000,"피해위치(":"서울특별시 은평구 갈현동 12-12 302호","피해일시":"20250813 - 1200","F_SHIM":0.1,"F_AREA":165.71414835,"F_AVR_HGT":"58.58134994506836","ADM_CD":"1138010400","F_YR":"2025","F_ZONE_NM":"서울특별시 은평구 갈현동 12-12 302호","TYPE":"주택","TYPE2":"재난지원금"},"geometry":{"type":"Polygon","coordinates":[[[126.91681663202544,37.62771041046076],[126.91668734502349,37.62763923035445],[126.9166107782278,37.62772855238656],[126.9167419922293,37.62779874288348],[126.91681663202544,37.62771041046076]]]}},{"type":"Feature","properties":{"PNU":1138010300103260000,"피해위치(":"서울특별시 은평구 불광동 326-1 지하 우측","피해일시":"20250813 - 1200","F_SHIM":0.1,"F_AREA":187.73639678,"F_AVR_HGT":"30.643134689331056","ADM_CD":"1138010300","F_YR":"2025","F_ZONE_NM":"서울특별시 은평구 불광동 326-1 지하 우측","TYPE":"주택","TYPE2":"재난지원금"},"geometry":{"type":"Polygon","coordinates":[[[126.923943339155,37.61906861015948],[126.92397257080438,37.61906061064786],[126.92395584269917,37.6190262723079],[126.92393598465506,37.61895192838539],[126.92396840892592,37.61892356882013],[126.92394101602349,37.61890616189697],[126.92391654264269,37.61891326354984],[126.92381467904981,37.61894707337799],[126.92383733766076,37.61905124160976],[126.92385428953668,37.619088192956255],[126.923943339155,37.61906861015948]]]}},{"type":"Feature","properties":{"PNU":1138010400100060000,"피해위치(":"서울특별시 은평구 갈현동 6-12 102호","피해일시":"20250813 - 1200","F_SHIM":0.1,"F_AREA":370.81574573,"F_AVR_HGT":"52.76933059692383","ADM_CD":"1138010400","F_YR":"2025","F_ZONE_NM":"서울특별시 은평구 갈현동 6-12 102호","TYPE":"주택","TYPE2":"재난지원금"},"geometry":{"type":"Polygon","coordinates":[[[126.91881011949705,37.62713934258586],[126.91894989991424,37.6270444772961],[126.91891492766132,37.627015981884455],[126.91877594186522,37.626904973996965],[126.91874195509864,37.62690729270567],[126.91862858708924,37.62698595868643],[126.91864443088045,37.6269999349889],[126.9187771868083,37.62711039807392],[126.91878669321471,37.627118693745736],[126.91881011949705,37.62713934258586]]]}},{"type":"Feature","properties":{"PNU":1138010300101840000,"피해위치(":"서울특별시 은평구 불광동 184-9 101호","피해일시":"20250813 - 1200","F_SHIM":0.1,"F_AREA":405.00878583,"F_AVR_HGT":"45.784951782226564","ADM_CD":"1138010300","F_YR":"2025","F_ZONE_NM":"서울특별시 은평구 불광동 184-9 101호","TYPE":"소상공인","TYPE2":"재난지원금"},"geometry":{"type":"Polygon","coordinates":[[[126.93232026340283,37.622592056330085],[126.93242163792804,37.62259833249296],[126.93242021473206,37.62254499365996],[126.93241966087074,37.62253147863968],[126.93244809563623,37.6225282517595],[126.93243900481306,37.62243706728864],[126.93235937540446,37.62243476819767],[126.93236488623945,37.62235521491525],[126.93233543850181,37.62235150363752],[126.93233230864014,37.62242862566927],[126.93224360254202,37.622442268519606],[126.93216239240633,37.622434472391305],[126.9322013324217,37.62258468859291],[126.93232026340283,37.622592056330085]]]}},{"type":"Feature","properties":{"PNU":1138010300101850000,"피해위치(":"서울특별시 은평구 불광동 185-2","피해일시":"20250813 - 1200","F_SHIM":0.1,"F_AREA":57.54475059,"F_AVR_HGT":"45.784951782226564","ADM_CD":"1138010300","F_YR":"2025","F_ZONE_NM":"서울특별시 은평구 불광동 185-2","TYPE":"소상공인","TYPE2":"재난지원금"},"geometry":{"type":"Polygon","coordinates":[[[126.93201673016478,37.62242591748027],[126.9321532178133,37.62243383631286],[126.93214568590015,37.622372024674455],[126.93209628925851,37.62238199650001],[126.93201346686564,37.622402670280785],[126.93201673016478,37.62242591748027]]]}},{"type":"Feature","properties":{"PNU":1138011400102930000,"피해위치(":"서울특별시 은평구 진관동 293-6","피해일시":"20250813 - 1200","F_SHIM":0.1,"F_AREA":708.80030715,"F_AVR_HGT":"38.42920074462891","ADM_CD":"1138011400","F_YR":"2025","F_ZONE_NM":"서울특별시 은평구 진관동 293-6","TYPE":"주택","TYPE2":"재난지원금"},"geometry":{"type":"Polygon","coordinates":[[[126.9407627171713,37.65676635283719],[126.94047872829587,37.656509698786195],[126.94027492408146,37.65628822370575],[126.94012296376096,37.656318714782785],[126.94016469063455,37.656359442523105],[126.94028445399125,37.65648232560215],[126.9403530261885,37.65653894237801],[126.94042160527444,37.65658727916121],[126.94049410681133,37.6566340412279],[126.94067900921891,37.656759029821316],[126.94067205639703,37.65676630610925],[126.94075454368017,37.65682527235948],[126.94085244444862,37.65682730489147],[126.9407627171713,37.65676635283719]]]}},{"type":"Feature","properties":{"PNU":1138010900102040000,"피해위치(":"서울특별시 은평구 신사동 204-8 지층","피해일시":"20250813 - 1200","F_SHIM":0.1,"F_AREA":141.99222091,"F_AVR_HGT":"43.98975524902344","ADM_CD":"1138010900","F_YR":"2025","F_ZONE_NM":"서울특별시 은평구 신사동 204-8 지층","TYPE":"주택","TYPE2":"재난지원금"},"geometry":{"type":"Polygon","coordinates":[[[126.90824851772184,37.595183930350025],[126.90824801744765,37.595312590438795],[126.90832480849289,37.59529715417227],[126.90837123138911,37.59529917298003],[126.908374314011,37.59518799401372],[126.90824851772184,37.595183930350025]]]}},{"type":"Feature","properties":{"PNU":1138010400100130000,"피해위치(":"서울특별시 은평구 갈현동 13-9 202호","피해일시":"20250813 - 1200","F_SHIM":0.1,"F_AREA":335.80201715,"F_AVR_HGT":"78.80429229736328","ADM_CD":"1138010400","F_YR":"2025","F_ZONE_NM":"서울특별시 은평구 갈현동 13-9 202호","TYPE":"주택","TYPE2":"재난지원금"},"geometry":{"type":"Polygon","coordinates":[[[126.91684653043671,37.62901567982572],[126.91669652227975,37.62883420508511],[126.91654925164629,37.628935459228444],[126.91655196604336,37.62893933539126],[126.91665562753018,37.62903293157256],[126.916662656144,37.62902852183192],[126.91670136049565,37.62906260665158],[126.91684653043671,37.62901567982572]]]}},{"type":"Feature","properties":{"PNU":1138011000101690000,"피해위치(":"서울특별시 은평구 증산동 169-13 B01호","피해일시":"20250813 - 1200","F_SHIM":0.1,"F_AREA":144.8221811,"F_AVR_HGT":"13.525475120544433","ADM_CD":"1138011000","F_YR":"2025","F_ZONE_NM":"서울특별시 은평구 증산동 169-13 B01호","TYPE":"주택","TYPE2":"재난지원금"},"geometry":{"type":"Polygon","coordinates":[[[126.9089730917706,37.58421086814137],[126.9090878757411,37.58413302282689],[126.90901120780939,37.58405836117218],[126.90889348093563,37.584135663512775],[126.9089730917706,37.58421086814137]]]}},{"type":"Feature","properties":{"PNU":1138011000101860000,"피해위치(":"서울특별시 은평구 증산동 186-12 지층 102호","피해일시":"20250813 - 1200","F_SHIM":0.1,"F_AREA":614.26873716,"F_AVR_HGT":"13.357292747497558","ADM_CD":"1138011000","F_YR":"2025","F_ZONE_NM":"서울특별시 은평구 증산동 186-12 지층 102호","TYPE":"주택","TYPE2":"재난지원금"},"geometry":{"type":"Polygon","coordinates":[[[126.90715521719139,37.58373587101554],[126.90706521966439,37.58363948368548],[126.9069900352805,37.58355752391717],[126.90676195788855,37.58369618293715],[126.90692295663636,37.58386975177503],[126.90715521719139,37.58373587101554]]]}},{"type":"Feature","properties":{"PNU":1138011000101720000,"피해위치(":"서울특별시 은평구 증산동 172-23 101호","피해일시":"20250813 - 1200","F_SHIM":0.1,"F_AREA":161.93335236,"F_AVR_HGT":"13.18127212524414","ADM_CD":"1138011000","F_YR":"2025","F_ZONE_NM":"서울특별시 은평구 증산동 172-23 101호","TYPE":"주택","TYPE2":"재난지원금"},"geometry":{"type":"Polygon","coordinates":[[[126.90774419409529,37.58353028495107],[126.90764524757404,37.58343749489279],[126.90754643947743,37.5835049901979],[126.90754213335357,37.583508140219536],[126.90764232565621,37.58360057095957],[126.90774419409529,37.58353028495107]]]}},{"type":"Feature","properties":{"PNU":1138011000101850000,"피해위치(":"서울특별시 은평구 증산동 185-3 103호","피해일시":"20250813 - 1200","F_SHIM":0.1,"F_AREA":170.9882124,"F_AVR_HGT":"13.100908851623535","ADM_CD":"1138011000","F_YR":"2025","F_ZONE_NM":"서울특별시 은평구 증산동 185-3 103호","TYPE":"소상공인","TYPE2":"재난지원금"},"geometry":{"type":"Polygon","coordinates":[[[126.90624577006189,37.58257259878225],[126.90636903650876,37.58250170052543],[126.90629487111227,37.582421182698056],[126.90626102223436,37.58241971381227],[126.90616030075996,37.58247846686341],[126.90624577006189,37.58257259878225]]]}},{"type":"Feature","properties":{"PNU":1138011000101840000,"피해위치(":"서울특별시 은평구 증산동 184-10 B02호","피해일시":"20250813 - 1200","F_SHIM":0.1,"F_AREA":116.21209156,"F_AVR_HGT":"12.966750717163086","ADM_CD":"1138011000","F_YR":"2025","F_ZONE_NM":"서울특별시 은평구 증산동 184-10 B02호","TYPE":"주택","TYPE2":"재난지원금"},"geometry":{"type":"Polygon","coordinates":[[[126.90561935468111,37.582223770482564],[126.9057263061668,37.58216250018581],[126.90565688667719,37.582089824380915],[126.9055528805032,37.58214974553123],[126.90561935468111,37.582223770482564]]]}},{"type":"Feature","properties":{"PNU":1138011400102900000,"피해위치(":"서울특별시 은평구 진관동 290","피해일시":"20250813 - 1200","F_SHIM":0.1,"F_AREA":5996.75134853,"F_AVR_HGT":"40.207513427734376","ADM_CD":"1138011400","F_YR":"2025","F_ZONE_NM":"서울특별시 은평구 진관동 290","TYPE":"주택","TYPE2":"재난지원금"},"geometry":{"type":"Polygon","coordinates":[[[126.94412302457307,37.65801984950208],[126.94406953624348,37.65801667005492],[126.9438924130617,37.658005862067434],[126.94385922346723,37.65798584421933],[126.94361197783456,37.65793977341848],[126.94340215269625,37.65786542994641],[126.94331577635408,37.65789187600607],[126.9433110239852,37.65789691911748],[126.9432959275461,37.65791294901062],[126.94328212510996,37.657911815979524],[126.94314657113924,37.657900712045695],[126.94289854483826,37.65783950299388],[126.9426011768781,37.65773431925745],[126.94247561119015,37.6576899105184],[126.94235734459373,37.657630386956264],[126.94233753545139,37.65761551094271],[126.94226697487494,37.657562236946106],[126.9422283240676,37.65755581159818],[126.94219348688054,37.657542072243544],[126.94202664245165,37.65747623510717],[126.94200174099811,37.657466410934994],[126.94181505790932,37.65736657873288],[126.94175039765945,37.65730491933948],[126.94150547441282,37.65719388503956],[126.94149494083965,37.65718667188473],[126.94125593471203,37.65704671879525],[126.9411915993769,37.65700459238494],[126.9408273243057,37.656766386094176],[126.9407627171713,37.65676635283719],[126.94085244444862,37.65682730489147],[126.94075454368017,37.65682527235948],[126.94072325486997,37.656824625556304],[126.94071452891056,37.65682444086398],[126.94062584206748,37.65676628226287],[126.94033221448665,37.65676613032949],[126.94033493290517,37.656767843591005],[126.94076891307114,37.656978715714494],[126.9410212908123,37.65711840635779],[126.9414431291009,37.657353956461456],[126.94180119511742,37.657554154586066],[126.94206954677898,37.65770529343436],[126.94209967843999,37.65772215683622],[126.94269698524106,37.65791940918175],[126.94333808524111,37.65805847716429],[126.94412295070772,37.65811580323089],[126.94412302457307,37.65801984950208]]]}},{"type":"Feature","properties":{"PNU":1138010700105920000,"피해위치(":"서울특별시 은평구 응암동 592-49 지하","피해일시":"20250822 - 2050","F_SHIM":0.1,"F_AREA":128.1412401,"F_AVR_HGT":"13.933221435546875","ADM_CD":"1138010700","F_YR":"2025","F_ZONE_NM":"서울특별시 은평구 응암동 592-49 지하","TYPE":"주택","TYPE2":"재난지원금"},"geometry":{"type":"Polygon","coordinates":[[[126.91419983079116,37.588174139424616],[126.91432033760056,37.58814098216041],[126.91428839309069,37.58805761745362],[126.91414693670067,37.58809391262874],[126.9141573692457,37.58813823078834],[126.9141717722333,37.58815661252915],[126.91419983079116,37.588174139424616]]]}},{"type":"Feature","properties":{"PNU":1138010700105920000,"피해위치(":"서울특별시 은평구 응암동 592-31 지하2호","피해일시":"20250822 - 2103","F_SHIM":0.1,"F_AREA":198.18179026,"F_AVR_HGT":"14.327618217468261","ADM_CD":"1138010700","F_YR":"2025","F_ZONE_NM":"서울특별시 은평구 응암동 592-31 지하2호","TYPE":"주택","TYPE2":"재난지원금"},"geometry":{"type":"Polygon","coordinates":[[[126.91483754963647,37.588128479004055],[126.91478314600177,37.58798256958185],[126.91469650598891,37.588004489921985],[126.91465562064644,37.588015091465756],[126.91469130217861,37.58809818852736],[126.91470846542246,37.58813820488105],[126.91471663959923,37.588158086619366],[126.91478954311988,37.58814838253879],[126.91483754963647,37.588128479004055]]]}},{"type":"Feature","properties":{"PNU":1138010700105960100,"피해위치(":"서울특별시 은평구 응암동 596-31 지층 좌측","피해일시":"20250822 - 1539","F_SHIM":0.1,"F_AREA":117.82025074,"F_AVR_HGT":"14.327618217468261","ADM_CD":"1138010700","F_YR":"2025","F_ZONE_NM":"서울특별시 은평구 응암동 596-31 지층 좌측","TYPE":"주택","TYPE2":"재난지원금"},"geometry":{"type":"Polygon","coordinates":[[[126.91500656159401,37.58805508262043],[126.91511155285055,37.588025066622805],[126.91507271047841,37.58793349811373],[126.91506988806907,37.58792646836418],[126.91496037329075,37.5879519760837],[126.9150039646911,37.58804886392115],[126.91500656159401,37.58805508262043]]]}},{"type":"Feature","properties":{"PNU":1138010700105920000,"피해위치(":"서울특별시 은평구 응암동 592-54 지층","피해일시":"20250813 - 1200","F_SHIM":0.1,"F_AREA":92.78822298,"F_AVR_HGT":"13.933221435546875","ADM_CD":"1138010700","F_YR":"2025","F_ZONE_NM":"서울특별시 은평구 응암동 592-54 지층","TYPE":"주택","TYPE2":"재난지원금"},"geometry":{"type":"Polygon","coordinates":[[[126.91429635771455,37.588024106699514],[126.91425876893,37.587926412151745],[126.91420010274582,37.587941325120454],[126.91417088212955,37.58794941236655],[126.91420767889066,37.58804656576509],[126.91429635771455,37.588024106699514]]]}},{"type":"Feature","properties":{"PNU":1138010700105920000,"피해위치(":"서울특별시 은평구 응암동 592-38 행보공간빌라 1동 101호","피해일시":"20250813 - 1200","F_SHIM":0.1,"F_AREA":134.44799949,"F_AVR_HGT":"14.054449653625488","ADM_CD":"1138010700","F_YR":"2025","F_ZONE_NM":"서울특별시 은평구 응암동 592-38 행보공간빌라 1동 101호","TYPE":"주택","TYPE2":"재난지원금"},"geometry":{"type":"Polygon","coordinates":[[[126.9144987864038,37.58803416693388],[126.91463423778836,37.58800129065965],[126.91459833998023,37.587909543964706],[126.9144634582114,37.58793953746661],[126.9144987864038,37.58803416693388]]]}},{"type":"Feature","properties":{"PNU":1138010700105960100,"피해위치(":"서울특별시 은평구 응암동 596-7 B02호","피해일시":"20250813 - 1200","F_SHIM":0.1,"F_AREA":116.13102033,"F_AVR_HGT":"14.968293762207031","ADM_CD":"1138010700","F_YR":"2025","F_ZONE_NM":"서울특별시 은평구 응암동 596-7 B02호","TYPE":"주택","TYPE2":"재난지원금"},"geometry":{"type":"Polygon","coordinates":[[[126.91565808326773,37.587819860644935],[126.9156534651014,37.587799044532844],[126.91563274015026,37.587705236918936],[126.91553547211609,37.58771480664873],[126.9155570739147,37.58783366230029],[126.91565808326773,37.587819860644935]]]}},{"type":"Feature","properties":{"PNU":1138010800100550000,"피해위치(":"서울특별시 은평구 역촌동 55-34 지층","피해일시":"20250813 - 1200","F_SHIM":0.1,"F_AREA":338.57702081,"F_AVR_HGT":"27.013753509521486","ADM_CD":"1138010800","F_YR":"2025","F_ZONE_NM":"서울특별시 은평구 역촌동 55-34 지층","TYPE":"소상공인","TYPE2":"재난지원금"},"geometry":{"type":"Polygon","coordinates":[[[126.91103044409309,37.605445319169085],[126.9110221772964,37.605258088719815],[126.91092308347707,37.60525972456355],[126.91083010513938,37.60526127492509],[126.91083510837164,37.60543111392286],[126.91103044409309,37.605445319169085]]]}},{"type":"Feature","properties":{"PNU":1138010900103380000,"피해위치(":"서울특별시 은평구 신사동 338-29 지층 좌측","피해일시":"20250813 - 1200","F_SHIM":0.1,"F_AREA":132.81704298,"F_AVR_HGT":"14.498097991943359","ADM_CD":"1138010900","F_YR":"2025","F_ZONE_NM":"서울특별시 은평구 신사동 338-29 지층 좌측","TYPE":"주택","TYPE2":"재난지원금"},"geometry":{"type":"Polygon","coordinates":[[[126.9125802118171,37.5895841427363],[126.91269674304077,37.589564228618606],[126.91267649155962,37.58945582491975],[126.91256335496183,37.58947763364394],[126.91254840566687,37.589480775823866],[126.9125802118171,37.5895841427363]]]}},{"type":"Feature","properties":{"PNU":1138010900103380000,"피해위치(":"서울특별시 은평구 신사동 338-32 지층 103호","피해일시":"20250813 - 1200","F_SHIM":0.1,"F_AREA":169.38553981,"F_AVR_HGT":"14.498097991943359","ADM_CD":"1138010900","F_YR":"2025","F_ZONE_NM":"서울특별시 은평구 신사동 338-32 지층 103호","TYPE":"주택","TYPE2":"재난지원금"},"geometry":{"type":"Polygon","coordinates":[[[126.91240444514136,37.589430212087805],[126.91253850627078,37.58939822014353],[126.91253797613587,37.58939652589262],[126.91250492895644,37.58928955409087],[126.91235783044033,37.58930719247419],[126.91240444514136,37.589430212087805]]]}},{"type":"Feature","properties":{"PNU":1138010700105930000,"피해위치(":"서울특별시 은평구 응암동 593-13 1층","피해일시":"20250813 - 1200","F_SHIM":0.1,"F_AREA":66.31441099,"F_AVR_HGT":"13.544816589355468","ADM_CD":"1138010700","F_YR":"2025","F_ZONE_NM":"서울특별시 은평구 응암동 593-13 1층","TYPE":"주택","TYPE2":"재난지원금"},"geometry":{"type":"Polygon","coordinates":[[[126.91411225739635,37.58696053791287],[126.91409288587244,37.58687303791426],[126.91401280916345,37.586898836853955],[126.9140268805597,37.58696813303826],[126.91411225739635,37.58696053791287]]]}},{"type":"Feature","properties":{"PNU":1138011000102020000,"피해위치(":"서울특별시 은평구 증산동 202-4 B01호","피해일시":"20250823 - 0921","F_SHIM":0.1,"F_AREA":288.53038076,"F_AVR_HGT":"23.713452911376955","ADM_CD":"1138011000","F_YR":"2025","F_ZONE_NM":"서울특별시 은평구 증산동 202-4 B01호","TYPE":"주택","TYPE2":"재난지원금"},"geometry":{"type":"Polygon","coordinates":[[[126.90836219204111,37.58692586714852],[126.90842745036078,37.5868908703105],[126.90834537267021,37.58679458034906],[126.90813474864086,37.58691334394531],[126.90821286821142,37.58700584678545],[126.90836219204111,37.58692586714852]]]}},{"type":"Feature","properties":{"PNU":1138010800100640000,"피해위치(":"서울특별시 은평구 역촌동 64-11 지층","피해일시":"20250813 - 1200","F_SHIM":0.1,"F_AREA":138.82400664,"F_AVR_HGT":"18.932853317260744","ADM_CD":"1138010800","F_YR":"2025","F_ZONE_NM":"서울특별시 은평구 역촌동 64-11 지층","TYPE":"주택","TYPE2":"재난지원금"},"geometry":{"type":"Polygon","coordinates":[[[126.91394627334397,37.603970177901886],[126.91395815027128,37.60388540426177],[126.91379441453954,37.603870416466066],[126.91378287526153,37.603956812109246],[126.91394627334397,37.603970177901886]]]}},{"type":"Feature","properties":{"PNU":1138010700105960100,"피해위치(":"서울특별시 은평구 응암동 596-6 지층 좌측","피해일시":"20250813 - 1200","F_SHIM":0.1,"F_AREA":164.57034515,"F_AVR_HGT":"14.968293762207031","ADM_CD":"1138010700","F_YR":"2025","F_ZONE_NM":"서울특별시 은평구 응암동 596-6 지층 좌측","TYPE":"주택","TYPE2":"재난지원금"},"geometry":{"type":"Polygon","coordinates":[[[126.9156534651014,37.587799044532844],[126.91578054336672,37.58778051354137],[126.91578234388408,37.587780253563466],[126.9157578765917,37.587671838286184],[126.91561509960513,37.58768612320102],[126.91553232524286,37.58769453219424],[126.91553547211609,37.58771480664873],[126.91563274015026,37.587705236918936],[126.9156534651014,37.587799044532844]]]}},{"type":"Feature","properties":{"PNU":1138010700105950100,"피해위치(":"서울특별시 은평구 응암동 595-56 지층","피해일시":"20250813 - 1200","F_SHIM":0.1,"F_AREA":92.57523451,"F_AVR_HGT":"14.054449653625488","ADM_CD":"1138010700","F_YR":"2025","F_ZONE_NM":"서울특별시 은평구 응암동 595-56 지층","TYPE":"소상공인","TYPE2":"재난지원금"},"geometry":{"type":"Polygon","coordinates":[[[126.91516538181372,37.58749289418518],[126.91533830009992,37.587466891987795],[126.91532454981132,37.58741255255106],[126.91515309987213,37.587441709250555],[126.91516538181372,37.58749289418518]]]}},{"type":"Feature","properties":{"PNU":1138010700105950000,"피해위치(":"서울특별시 은평구 응암동 595-15 지층","피해일시":"20250813 - 1200","F_SHIM":0.1,"F_AREA":305.18230204,"F_AVR_HGT":"14.968293762207031","ADM_CD":"1138010700","F_YR":"2025","F_ZONE_NM":"서울특별시 은평구 응암동 595-15 지층","TYPE":"주택","TYPE2":"재난지원금"},"geometry":{"type":"Polygon","coordinates":[[[126.91550619101494,37.587283663983804],[126.91549268263118,37.58721580996528],[126.91548987379235,37.58719697733039],[126.91547185249635,37.587115334947704],[126.91547049945397,37.58711046864196],[126.91529271377469,37.58713628728278],[126.91531503070898,37.587223609035334],[126.9153362181907,37.58730858739666],[126.91550619101494,37.587283663983804]]]}},{"type":"Feature","properties":{"PNU":1138010700105930000,"피해위치(":"서울특별시 은평구 응암동 593-8 지하 101호","피해일시":"20250813 - 1100","F_SHIM":0.1,"F_AREA":308.50117113,"F_AVR_HGT":"13.544816589355468","ADM_CD":"1138010700","F_YR":"2025","F_ZONE_NM":"서울특별시 은평구 응암동 593-8 지하 101호","TYPE":"주택","TYPE2":"재난지원금"},"geometry":{"type":"Polygon","coordinates":[[[126.91400953009716,37.587282023375664],[126.91403181030664,37.58720599675196],[126.9140561786169,37.58718385057709],[126.91415742496793,37.58716049993792],[126.91415393325,37.587145000410615],[126.9140473642994,37.58716942828502],[126.91399844275412,37.58708154597979],[126.9139773137352,37.58704468002283],[126.91389580454357,37.58703669087948],[126.91380562879793,37.58708140286759],[126.91382652295235,37.587125386462596],[126.91383138053699,37.587134670217225],[126.91389327969897,37.58716228632448],[126.91397561407246,37.58723920143834],[126.9139902046309,37.58725191614714],[126.91400953009716,37.587282023375664]]]}},{"type":"Feature","properties":{"PNU":1138010700105950100,"피해위치(":"서울특별시 은평구 응암동 595-25","피해일시":"20250813 - 1200","F_SHIM":0.1,"F_AREA":181.10170007,"F_AVR_HGT":"14.590073204040527","ADM_CD":"1138010700","F_YR":"2025","F_ZONE_NM":"서울특별시 은평구 응암동 595-25","TYPE":"주택","TYPE2":"재난지원금"},"geometry":{"type":"Polygon","coordinates":[[[126.91495305436692,37.587232624289456],[126.91495013150403,37.58721460244478],[126.91492569710724,37.5870985376461],[126.91479343594597,37.5871156493658],[126.91481705638684,37.58725000359023],[126.91483245697758,37.587247762438],[126.91495305436692,37.587232624289456]]]}},{"type":"Feature","properties":{"PNU":1138010700105930000,"피해위치(":"서울특별시 은평구 응암동 593-21 B01호","피해일시":"20250813 - 1200","F_SHIM":0.1,"F_AREA":90.37492459,"F_AVR_HGT":"13.544816589355468","ADM_CD":"1138010700","F_YR":"2025","F_ZONE_NM":"서울특별시 은평구 응암동 593-21 B01호","TYPE":"주택","TYPE2":"재난지원금"},"geometry":{"type":"Polygon","coordinates":[[[126.91382652295235,37.587125386462596],[126.91380562879793,37.58708140286759],[126.91377660724908,37.58701660047241],[126.91370786445987,37.58703204629994],[126.91374543049562,37.58714812111581],[126.91382652295235,37.587125386462596]]]}},{"type":"Feature","properties":{"PNU":1138010700105940100,"피해위치(":"서울특별시 은평구 응암동 594-85 B01호","피해일시":"20250813 - 1200","F_SHIM":0.1,"F_AREA":199.76844156,"F_AVR_HGT":"15.895234680175781","ADM_CD":"1138010700","F_YR":"2025","F_ZONE_NM":"서울특별시 은평구 응암동 594-85 B01호","TYPE":"주택","TYPE2":"재난지원금"},"geometry":{"type":"Polygon","coordinates":[[[126.9155512773083,37.586967000571455],[126.91552389834256,37.58685093374681],[126.915475196211,37.586767827429],[126.91543192065653,37.586790050210304],[126.91544514402429,37.58681033201834],[126.91540074786313,37.586822462937484],[126.91542192422632,37.58691708182182],[126.91543736117546,37.58698151351487],[126.9155512773083,37.586967000571455]]]}},{"type":"Feature","properties":{"PNU":1138010700105930000,"피해위치(":"서울특별시 은평구 응암동 593-14 B02호","피해일시":"20250822 - 1928","F_SHIM":0.1,"F_AREA":174.36395438,"F_AVR_HGT":"13.544816589355468","ADM_CD":"1138010700","F_YR":"2025","F_ZONE_NM":"서울특별시 은평구 응암동 593-14 B02호","TYPE":"주택","TYPE2":"재난지원금"},"geometry":{"type":"Polygon","coordinates":[[[126.91401280916345,37.586898836853955],[126.91409288587244,37.58687303791426],[126.91407475464649,37.58678995365704],[126.9140683384331,37.58675805403056],[126.91401571332152,37.58673918444403],[126.91392441140474,37.586779120469465],[126.91395343868908,37.5868390575156],[126.913979644596,37.586891243989875],[126.9139939239098,37.58687963187026],[126.91401280916345,37.586898836853955]]]}},{"type":"Feature","properties":{"PNU":1138010700105940100,"피해위치(":"서울특별시 은평구 응암동 594-70 지하","피해일시":"20250813 - 1200","F_SHIM":0.1,"F_AREA":121.25513447,"F_AVR_HGT":"14.590073204040527","ADM_CD":"1138010700","F_YR":"2025","F_ZONE_NM":"서울특별시 은평구 응암동 594-70 지하","TYPE":"주택","TYPE2":"재난지원금"},"geometry":{"type":"Polygon","coordinates":[[[126.91460932030535,37.586840172910975],[126.9145584706445,37.58675481217145],[126.91455265373995,37.58674285181349],[126.91446098386143,37.58675872267023],[126.91447195425059,37.586866200265526],[126.91456877881025,37.586847711330876],[126.91460932030535,37.586840172910975]]]}},{"type":"Feature","properties":{"PNU":1138010700105940000,"피해위치(":"서울특별시 은평구 응암동 594-13 지층 좌","피해일시":"20250813 - 1200","F_SHIM":0.1,"F_AREA":124.59696135,"F_AVR_HGT":"14.590073204040527","ADM_CD":"1138010700","F_YR":"2025","F_ZONE_NM":"서울특별시 은평구 응암동 594-13 지층 좌","TYPE":"주택","TYPE2":"재난지원금"},"geometry":{"type":"Polygon","coordinates":[[[126.91462189063684,37.586837659406704],[126.91473017197296,37.58680052838063],[126.91467706230907,37.586711291793826],[126.9145584706445,37.58675481217145],[126.91460932030535,37.586840172910975],[126.91462189063684,37.586837659406704]]]}},{"type":"Feature","properties":{"PNU":1138010700105940100,"피해위치(":"서울특별시 은평구 응암동 594-61 B02호","피해일시":"20250822 - 2029","F_SHIM":0.1,"F_AREA":170.26204853,"F_AVR_HGT":"14.590073204040527","ADM_CD":"1138010700","F_YR":"2025","F_ZONE_NM":"서울특별시 은평구 응암동 594-61 B02호","TYPE":"주택","TYPE2":"재난지원금"},"geometry":{"type":"Polygon","coordinates":[[[126.91514949817521,37.58654126210869],[126.91522248913631,37.58647401189812],[126.91522407587001,37.58647257148178],[126.9151966057264,37.58643606149737],[126.9151735436635,37.58640604182415],[126.915168455254,37.58640045199391],[126.9150711149889,37.58647390114064],[126.91503065954336,37.58650513569286],[126.91503540766631,37.58651126587071],[126.91509554690944,37.58659212828414],[126.91514949817521,37.58654126210869]]]}},{"type":"Feature","properties":{"PNU":1138010800100640000,"피해위치(":"서울특별시 은평구 역촌동 64-58 성림연립 B01호","피해일시":"20250813 - 1200","F_SHIM":0.1,"F_AREA":291.37936409,"F_AVR_HGT":"18.932853317260744","ADM_CD":"1138010800","F_YR":"2025","F_ZONE_NM":"서울특별시 은평구 역촌동 64-58 성림연립 B01호","TYPE":"주택","TYPE2":"재난지원금"},"geometry":{"type":"Polygon","coordinates":[[[126.91444679066535,37.60360673147387],[126.9144632287908,37.60349448117434],[126.91433391546272,37.603483664030826],[126.91420528058946,37.60347374823008],[126.9141901976532,37.60358888264073],[126.91431905921301,37.60359879862528],[126.91444679066535,37.60360673147387]]]}},{"type":"Feature","properties":{"PNU":1138010300102810100,"피해위치(":"서울특별시 은평구 불광동 281-89 지하1층 몰디브태닝","피해일시":"20250813 - 1200","F_SHIM":0.1,"F_AREA":231.70270291,"F_AVR_HGT":"27.79379806518555","ADM_CD":"1138010300","F_YR":"2025","F_ZONE_NM":"서울특별시 은평구 불광동 281-89 지하1층 몰디브태닝","TYPE":"소상공인","TYPE2":"재난지원금"},"geometry":{"type":"Polygon","coordinates":[[[126.93024021510769,37.61095897845],[126.93034809119665,37.61101913901953],[126.93045823473427,37.6110770484015],[126.93051901006677,37.61100365498834],[126.93041158594419,37.610944485926765],[126.93030427713812,37.610883334677204],[126.93024021510769,37.61095897845]]]}},{"type":"Feature","properties":{"PNU":1138010700105830000,"피해위치(":"서울특별시 은평구 응암동 583-51 지층 뒤","피해일시":"20250822 - 1412","F_SHIM":0.1,"F_AREA":166.03406619,"F_AVR_HGT":"14.942345237731933","ADM_CD":"1138010700","F_YR":"2025","F_ZONE_NM":"서울특별시 은평구 응암동 583-51 지층 뒤","TYPE":"주택","TYPE2":"재난지원금"},"geometry":{"type":"Polygon","coordinates":[[[126.91651115105206,37.592448205367965],[126.9165030412479,37.59241071858167],[126.91650932321787,37.59236288084087],[126.91651912652246,37.59230513480793],[126.91637507565055,37.59232674471104],[126.91640549077455,37.592464166747895],[126.91651115105206,37.592448205367965]]]}},{"type":"Feature","properties":{"PNU":1138010700105940100,"피해위치(":"서울특별시 은평구 응암동 594-63 지층","피해일시":"20250813 - 1200","F_SHIM":0.1,"F_AREA":175.72721479,"F_AVR_HGT":"14.590073204040527","ADM_CD":"1138010700","F_YR":"2025","F_ZONE_NM":"서울특별시 은평구 응암동 594-63 지층","TYPE":"주택","TYPE2":"재난지원금"},"geometry":{"type":"Polygon","coordinates":[[[126.91503065954336,37.58650513569286],[126.9150711149889,37.58647390114064],[126.915168455254,37.58640045199391],[126.91511588791037,37.58633157826059],[126.91510560028723,37.58631832624778],[126.91496939346408,37.586419767493105],[126.91500621771068,37.586473853597106],[126.91503065954336,37.58650513569286]]]}},{"type":"Feature","properties":{"PNU":1138010800100340000,"피해위치(":"서울특별시 은평구 역촌동 34-11 b02호","피해일시":"20250813 - 1200","F_SHIM":0.1,"F_AREA":151.20099645,"F_AVR_HGT":"18.296643829345705","ADM_CD":"1138010800","F_YR":"2025","F_ZONE_NM":"서울특별시 은평구 역촌동 34-11 b02호","TYPE":"주택","TYPE2":"재난지원금"},"geometry":{"type":"Polygon","coordinates":[[[126.91713718989608,37.60307854744118],[126.91715088829676,37.602981971894415],[126.91699168111711,37.60296924422618],[126.91697866330486,37.60306464896459],[126.91713718989608,37.60307854744118]]]}},{"type":"Feature","properties":{"PNU":1138010800100630000,"피해위치(":"서울특별시 은평구 역촌동 63-61 1층","피해일시":"20250813 - 1200","F_SHIM":0.1,"F_AREA":164.40422859,"F_AVR_HGT":"18.482789611816408","ADM_CD":"1138010800","F_YR":"2025","F_ZONE_NM":"서울특별시 은평구 역촌동 63-61 1층","TYPE":"소상공인","TYPE2":"재난지원금"},"geometry":{"type":"Polygon","coordinates":[[[126.91506659306118,37.602912349316306],[126.91507848866584,37.60281018659568],[126.91493678661998,37.60280015390293],[126.91491178622653,37.60281632621913],[126.91490149644159,37.60290069569391],[126.91506659306118,37.602912349316306]]]}},{"type":"Feature","properties":{"PNU":1138010800100660100,"피해위치(":"서울특별시 은평구 역촌동 66-39 B1층","피해일시":"20250813 - 1200","F_SHIM":0.1,"F_AREA":135.04757376,"F_AVR_HGT":"18.482789611816408","ADM_CD":"1138010800","F_YR":"2025","F_ZONE_NM":"서울특별시 은평구 역촌동 66-39 B1층","TYPE":"주택","TYPE2":"재난지원금"},"geometry":{"type":"Polygon","coordinates":[[[126.91467887677943,37.602884764913036],[126.91469372322106,37.60277746880085],[126.91469680331905,37.60275809993925],[126.91458798481467,37.602750361488816],[126.91458547740847,37.60276414467683],[126.91457119273554,37.6028751352183],[126.91467887677943,37.602884764913036]]]}},{"type":"Feature","properties":{"PNU":1138010700105850000,"피해위치(":"서울특별시 은평구 응암동 585-31 지층 좌","피해일시":"20250813 - 1100","F_SHIM":0.1,"F_AREA":144.56318543,"F_AVR_HGT":"14.323570823669433","ADM_CD":"1138010700","F_YR":"2025","F_ZONE_NM":"서울특별시 은평구 응암동 585-31 지층 좌","TYPE":"주택","TYPE2":"재난지원금"},"geometry":{"type":"Polygon","coordinates":[[[126.91545455036793,37.59093261468041],[126.91556141119221,37.590855568271536],[126.91547601183095,37.59078063424009],[126.91547091241806,37.59078432455942],[126.91536688557346,37.590858489805306],[126.91545455036793,37.59093261468041]]]}},{"type":"Feature","properties":{"PNU":1138010700105850000,"피해위치(":"서울특별시 은평구 응암동 585-32 지층 가호","피해일시":"20250813 - 1200","F_SHIM":0.1,"F_AREA":124.37748885,"F_AVR_HGT":"14.323570823669433","ADM_CD":"1138010700","F_YR":"2025","F_ZONE_NM":"서울특별시 은평구 응암동 585-32 지층 가호","TYPE":"주택","TYPE2":"재난지원금"},"geometry":{"type":"Polygon","coordinates":[[[126.91565331367642,37.590789232600514],[126.9155700672441,37.59071285862704],[126.91547601183095,37.59078063424009],[126.91556141119221,37.590855568271536],[126.91565331367642,37.590789232600514]]]}},{"type":"Feature","properties":{"PNU":1138010700105890000,"피해위치(":"서울특별시 은평구 응암동 589-26 지층좌(시온교회)","피해일시":"20250813 - 1140","F_SHIM":0.1,"F_AREA":138.91886581,"F_AVR_HGT":"14.502810096740722","ADM_CD":"1138010700","F_YR":"2025","F_ZONE_NM":"서울특별시 은평구 응암동 589-26 지층좌(시온교회)","TYPE":"주택","TYPE2":"재난지원금"},"geometry":{"type":"Polygon","coordinates":[[[126.91565592295979,37.59029198112257],[126.91566068161984,37.59028919153164],[126.91567764558654,37.59020784495981],[126.915557198006,37.590187124760234],[126.91552600947209,37.59033044869321],[126.91565592295979,37.59029198112257]]]}},{"type":"Feature","properties":{"PNU":1138010900103490000,"피해위치(":"서울특별시 은평구 신사동 349-3 지층","피해일시":"20250813 - 1200","F_SHIM":0.1,"F_AREA":113.05747604,"F_AVR_HGT":"15.871092414855957","ADM_CD":"1138010900","F_YR":"2025","F_ZONE_NM":"서울특별시 은평구 신사동 349-3 지층","TYPE":"주택","TYPE2":"재난지원금"},"geometry":{"type":"Polygon","coordinates":[[[126.91235565600807,37.59179444873144],[126.91248634575805,37.591773194048336],[126.9124564241645,37.59170298479513],[126.9124345978455,37.591680714011346],[126.91233954211985,37.59172938548873],[126.91231178360262,37.59174432085414],[126.91235565600807,37.59179444873144]]]}},{"type":"Feature","properties":{"PNU":1138010800100390000,"피해위치(":"서울특별시 은평구 역촌동 39-38 B2호","피해일시":"20250813 - 1200","F_SHIM":0.1,"F_AREA":137.04621347,"F_AVR_HGT":"17.85084686279297","ADM_CD":"1138010800","F_YR":"2025","F_ZONE_NM":"서울특별시 은평구 역촌동 39-38 B2호","TYPE":"주택","TYPE2":"재난지원금"},"geometry":{"type":"Polygon","coordinates":[[[126.91809057687382,37.601168330801116],[126.91810212491758,37.60106923083942],[126.91796216935461,37.6010594913262],[126.91795110464169,37.60115152791026],[126.91795028170453,37.60115832073892],[126.91809057687382,37.601168330801116]]]}},{"type":"Feature","properties":{"PNU":1138010800100480000,"피해위치(":"서울특별시 은평구 역촌동 48-27 B02호","피해일시":"20250813 - 1200","F_SHIM":0.1,"F_AREA":176.03633172,"F_AVR_HGT":"19.656392669677736","ADM_CD":"1138010800","F_YR":"2025","F_ZONE_NM":"서울특별시 은평구 역촌동 48-27 B02호","TYPE":"주택","TYPE2":"재난지원금"},"geometry":{"type":"Polygon","coordinates":[[[126.91329997315573,37.60637279655762],[126.91345126140094,37.60638390152523],[126.91346280516014,37.606294352516585],[126.91346691994151,37.606262280623014],[126.91345706789517,37.6062617326832],[126.91333498564455,37.6062612811374],[126.91331210993741,37.606260723453886],[126.91331084621632,37.606275949107285],[126.91330867288316,37.60629423741997],[126.91329997315573,37.60637279655762]]]}},{"type":"Feature","properties":{"PNU":1138010800100830100,"피해위치(":"서울특별시 은평구 역촌동 83-33 지층 101호","피해일시":"20250813 - 1200","F_SHIM":0.1,"F_AREA":151.26013224,"F_AVR_HGT":"17.689494705200197","ADM_CD":"1138010800","F_YR":"2025","F_ZONE_NM":"서울특별시 은평구 역촌동 83-33 지층 101호","TYPE":"주택","TYPE2":"재난지원금"},"geometry":{"type":"Polygon","coordinates":[[[126.9152952990617,37.60099090050501],[126.91544974809047,37.60100146463471],[126.91545649356513,37.600945698708884],[126.91546459792285,37.6008899337729],[126.9154690500207,37.60085894320478],[126.91546939648849,37.60085308706808],[126.91544675056322,37.600851088393426],[126.91544149673855,37.60088991692782],[126.91543886946084,37.60090964653858],[126.91530525470107,37.60090107977705],[126.9152952990617,37.60099090050501]]]}},{"type":"Feature","properties":{"PNU":1138010700105870100,"피해위치(":"서울특별시 은평구 응암동 587-25 지층 나호","피해일시":"20250813 - 1200","F_SHIM":0.1,"F_AREA":144.42921961,"F_AVR_HGT":"14.16219482421875","ADM_CD":"1138010700","F_YR":"2025","F_ZONE_NM":"서울특별시 은평구 응암동 587-25 지층 나호","TYPE":"주택","TYPE2":"재난지원금"},"geometry":{"type":"Polygon","coordinates":[[[126.91447773867559,37.58977449365429],[126.91445893978235,37.589680416991236],[126.91431206319665,37.589701661910816],[126.91430764640386,37.58970255963238],[126.91432440718005,37.58979654471516],[126.91447773867559,37.58977449365429]]]}},{"type":"Feature","properties":{"PNU":1138010700105900000,"피해위치(":"서울특별시 은평구 응암동 590-31 지하상가","피해일시":"20250813 - 1200","F_SHIM":0.1,"F_AREA":117.2006465,"F_AVR_HGT":"14.16219482421875","ADM_CD":"1138010700","F_YR":"2025","F_ZONE_NM":"서울특별시 은평구 응암동 590-31 지하상가","TYPE":"소상공인","TYPE2":"재난지원금"},"geometry":{"type":"Polygon","coordinates":[[[126.91537308210046,37.589706405328535],[126.91525379874446,37.58965874622561],[126.91522000210814,37.589707104399835],[126.91523512692699,37.589748020160734],[126.91533595911346,37.589791971774986],[126.91537308210046,37.589706405328535]]]}},{"type":"Feature","properties":{"PNU":1138010400104000000,"피해위치(":"서울특별시 은평구 갈현동 400-7 1층","피해일시":"20250813 - 1200","F_SHIM":0.1,"F_AREA":340.32581111,"F_AVR_HGT":"25.794210052490236","ADM_CD":"1138010400","F_YR":"2025","F_ZONE_NM":"서울특별시 은평구 갈현동 400-7 1층","TYPE":"소상공인","TYPE2":"재난지원금"},"geometry":{"type":"Polygon","coordinates":[[[126.91857393776733,37.619382553846194],[126.91863144774108,37.619308263392334],[126.9186672916438,37.619262428673196],[126.91869462794243,37.6192277601261],[126.91866734603003,37.61921341539072],[126.91861481987559,37.619185808508625],[126.91855727959992,37.61918549777729],[126.91846843553337,37.6192225556685],[126.91835794727331,37.61926833774937],[126.91854801354947,37.61936956150806],[126.91857393776733,37.619382553846194]]]}},{"type":"Feature","properties":{"PNU":1138010400104110100,"피해위치(":"서울특별시 은평구 갈현동 411-22","피해일시":"20250813 - 1200","F_SHIM":0.1,"F_AREA":309.77340918,"F_AVR_HGT":"34.045850372314455","ADM_CD":"1138010400","F_YR":"2025","F_ZONE_NM":"서울특별시 은평구 갈현동 411-22","TYPE":"소상공인","TYPE2":"재난지원금"},"geometry":{"type":"Polygon","coordinates":[[[126.91811051267084,37.623576017937694],[126.91811966880516,37.62369459330861],[126.91825243394305,37.62368928118842],[126.91824248466999,37.623570705267845],[126.91823276348653,37.62345077803575],[126.91810067812139,37.62345636090863],[126.91811051267084,37.623576017937694]]]}},{"type":"Feature","properties":{"PNU":1138010700107510000,"피해위치(":"서울특별시 은평구 응암동 751-16","피해일시":"20250813 - 1200","F_SHIM":0.1,"F_AREA":127.04318907,"F_AVR_HGT":"19.41535530090332","ADM_CD":"1138010700","F_YR":"2025","F_ZONE_NM":"서울특별시 은평구 응암동 751-16","TYPE":"주택","TYPE2":"재난지원금"},"geometry":{"type":"Polygon","coordinates":[[[126.91867236997317,37.586701909977904],[126.91867606678669,37.58663532976829],[126.91866067003149,37.5866343278784],[126.91866271697022,37.5866262204486],[126.91849866611967,37.58662232105],[126.91847595226069,37.58668528393689],[126.91867236997317,37.586701909977904]]]}},{"type":"Feature","properties":{"PNU":1138010200101560000,"피해위치(":"서울특별시 은평구 녹번동 156-21 지층","피해일시":"20250813 - 1200","F_SHIM":0.1,"F_AREA":133.45395186,"F_AVR_HGT":"20.48727951049805","ADM_CD":"1138010200","F_YR":"2025","F_ZONE_NM":"서울특별시 은평구 녹번동 156-21 지층","TYPE":"주택","TYPE2":"재난지원금"},"geometry":{"type":"Polygon","coordinates":[[[126.92434811767616,37.60244979431072],[126.92434811429797,37.60245306487601],[126.92430404658629,37.602578083452826],[126.924347976099,37.60258686072625],[126.92440560495852,37.60259870126608],[126.92444502860785,37.60247457159208],[126.92444299552243,37.60246943466263],[126.92434811767616,37.60244979431072]]]}},{"type":"Feature","properties":{"PNU":1138010700105840000,"피해위치(":"서울특별시 은평구 응암동 584-56 지하 우측","피해일시":"20250813 - 1200","F_SHIM":0.1,"F_AREA":130.02369267,"F_AVR_HGT":"14.33714256286621","ADM_CD":"1138010700","F_YR":"2025","F_ZONE_NM":"서울특별시 은평구 응암동 584-56 지하 우측","TYPE":"주택","TYPE2":"재난지원금"},"geometry":{"type":"Polygon","coordinates":[[[126.91599758240085,37.59192250648876],[126.91601887463304,37.59201672883564],[126.91601907741216,37.59201762996685],[126.91615748905441,37.59199601641889],[126.91613143928744,37.59190337638765],[126.91599758240085,37.59192250648876]]]}},{"type":"Feature","properties":{"PNU":1138011000101880000,"피해위치(":"서울특별시 은평구 증산동 188-12 상가 지하1층","피해일시":"20250813 - 1200","F_SHIM":0.1,"F_AREA":1172.84316732,"F_AVR_HGT":"13.649833297729492","ADM_CD":"1138011000","F_YR":"2025","F_ZONE_NM":"서울특별시 은평구 증산동 188-12 상가 지하1층","TYPE":"소상공인","TYPE2":"재난지원금"},"geometry":{"type":"Polygon","coordinates":[[[126.90754083273974,37.58454283093604],[126.90765264880466,37.584666264802905],[126.90772331269353,37.584743175024876],[126.90778221596987,37.58480908384392],[126.90781753710003,37.58481109405344],[126.90792472076272,37.58474675862705],[126.90793840271849,37.58476055455044],[126.90795230964666,37.58477552193162],[126.90802399222218,37.58485297337102],[126.90813128662096,37.58479052991449],[126.90808108777841,37.58473498949137],[126.90804649024747,37.584697571207464],[126.90801856452354,37.5846665551942],[126.9080026231995,37.584648793154216],[126.90796248592308,37.58460515365717],[126.90793670799587,37.58457684228249],[126.907892613078,37.584529325386356],[126.90778034248777,37.58440706266397],[126.90777683662962,37.5844039965295],[126.90754083273974,37.58454283093604]]]}},{"type":"Feature","properties":{"PNU":1138010800100230000,"피해위치(":"서울특별시 은평구 역촌동 23-9 지하2호","피해일시":"20250813 - 1200","F_SHIM":0.1,"F_AREA":157.49568314,"F_AVR_HGT":"18.717252349853517","ADM_CD":"1138010800","F_YR":"2025","F_ZONE_NM":"서울특별시 은평구 역촌동 23-9 지하2호","TYPE":"주택","TYPE2":"재난지원금"},"geometry":{"type":"Polygon","coordinates":[[[126.91748072171787,37.604836249013466],[126.91749568375518,37.60472363686893],[126.91735311756108,37.60471317399164],[126.91733951529106,37.60482488610567],[126.91748072171787,37.604836249013466]]]}},{"type":"Feature","properties":{"PNU":1138010800100110100,"피해위치(":"서울특별시 은평구 역촌동 11-53 B02호","피해일시":"20250813 - 1200","F_SHIM":0.1,"F_AREA":188.75746936,"F_AVR_HGT":"19.706746673583986","ADM_CD":"1138010800","F_YR":"2025","F_ZONE_NM":"서울특별시 은평구 역촌동 11-53 B02호","TYPE":"주택","TYPE2":"재난지원금"},"geometry":{"type":"Polygon","coordinates":[[[126.91652266037633,37.60741552537818],[126.91653581267616,37.607302641808005],[126.916367989746,37.607289546706156],[126.91636582195842,37.60730360046106],[126.91635279867741,37.607402428786585],[126.91652266037633,37.60741552537818]]]}},{"type":"Feature","properties":{"PNU":1138010800100110100,"피해위치(":"서울특별시 은평구 역촌동 11-38 지층 1호","피해일시":"20250813 - 1200","F_SHIM":0.1,"F_AREA":158.58751081,"F_AVR_HGT":"19.706746673583986","ADM_CD":"1138010800","F_YR":"2025","F_ZONE_NM":"서울특별시 은평구 역촌동 11-38 지층 1호","TYPE":"주택","TYPE2":"재난지원금"},"geometry":{"type":"Polygon","coordinates":[[[126.91708352747109,37.6071729331225],[126.9170914191563,37.60710446413519],[126.91709999246771,37.60703410357187],[126.91698391874257,37.60702699283043],[126.91696711510579,37.607164650845675],[126.91708352747109,37.6071729331225]]]}},{"type":"Feature","properties":{"PNU":1138010500100070000,"피해위치(":"서울특별시 은평구 구산동 7-9 지하 101호","피해일시":"20250813 - 1200","F_SHIM":0.1,"F_AREA":146.18340007,"F_AVR_HGT":"21.374545669555665","ADM_CD":"1138010500","F_YR":"2025","F_ZONE_NM":"서울특별시 은평구 구산동 7-9 지하 101호","TYPE":"주택","TYPE2":"재난지원금"},"geometry":{"type":"Polygon","coordinates":[[[126.91431955663231,37.61093396353753],[126.91432648241243,37.610919282657534],[126.91426669118604,37.610815355310876],[126.91415746452589,37.610856088966806],[126.91419261483534,37.61091801240425],[126.91422177704133,37.61096758795625],[126.91431955663231,37.61093396353753]]]}},{"type":"Feature","properties":{"PNU":1138011400103350000,"피해위치(":"서울특별시 은평구 진관동 335-4 진관동다육이농장","피해일시":"20250813 - 1200","F_SHIM":0.1,"F_AREA":214.37486083,"F_AVR_HGT":"49.794507598876955","ADM_CD":"1138011400","F_YR":"2025","F_ZONE_NM":"서울특별시 은평구 진관동 335-4 진관동다육이농장","TYPE":"소상공인","TYPE2":"재난지원금"},"geometry":{"type":"Polygon","coordinates":[[[126.93873449969122,37.64726243482137],[126.93878123867732,37.64719749931867],[126.9388192834343,37.647095889454036],[126.93885548392467,37.64703139880677],[126.93888817647519,37.64696123013662],[126.93882718952666,37.64699165073349],[126.93870060222149,37.64714844331762],[126.93866606226462,37.64725915486741],[126.9387169372396,37.64726143440023],[126.93873449969122,37.64726243482137]]]}},{"type":"Feature","properties":{"PNU":1138010600100790000,"피해위치(":"서울특별시 은평구 대조동 79-5 지층 우측","피해일시":"20250813 - 1200","F_SHIM":0.1,"F_AREA":373.41521048,"F_AVR_HGT":"25.71726188659668","ADM_CD":"1138010600","F_YR":"2025","F_ZONE_NM":"서울특별시 은평구 대조동 79-5 지층 우측","TYPE":"주택","TYPE2":"재난지원금"},"geometry":{"type":"Polygon","coordinates":[[[126.92654359103238,37.61044087601558],[126.92653453528717,37.610436185158164],[126.92661937976898,37.61030730857161],[126.92644481111208,37.61023638050202],[126.92643642315547,37.610243402822434],[126.92640811920393,37.610233564113074],[126.92632624747489,37.610334241720096],[126.92635089944204,37.6103717382572],[126.92636492163881,37.61039310045042],[126.92648051535201,37.61043317758465],[126.92653270040292,37.61045888872762],[126.92654359103238,37.61044087601558]]]}},{"type":"Feature","properties":{"PNU":1138010200102800000,"피해위치(":"서울특별시 은평구 녹번동 280-1 (상가동) 진로상가 B02호","피해일시":"20250813 - 1200","F_SHIM":0.1,"F_AREA":8595.92120969,"F_AVR_HGT":"83.64508972167968","ADM_CD":"1138010200","F_YR":"2025","F_ZONE_NM":"서울특별시 은평구 녹번동 280-1 (상가동) 진로상가 B02호","TYPE":"소상공인","TYPE2":"재난지원금"},"geometry":{"type":"Polygon","coordinates":[[[126.93741121268248,37.60060647990139],[126.93747588541704,37.60059218937872],[126.93752071361084,37.60060987296328],[126.93761874155852,37.60065497523155],[126.93762551651385,37.6006777737722],[126.93781113522255,37.60065796238066],[126.93781816675289,37.600645532608716],[126.93782665750787,37.600648240140224],[126.93784651503263,37.600600859141714],[126.93786847797583,37.600607628361274],[126.93791385445162,37.60064648519566],[126.93800162249727,37.60063896420206],[126.93801167615797,37.60040165065178],[126.93818154060489,37.60039723701085],[126.93860044365354,37.59982776937573],[126.93850446149777,37.599774379962874],[126.93834596200048,37.59959806290814],[126.93789509275643,37.59953997760426],[126.9377590269252,37.599616848153346],[126.93764620686431,37.59978878486048],[126.93742683994924,37.59981434396836],[126.93747632078659,37.599952131163974],[126.93736962760595,37.59997694036189],[126.93743525524333,37.60016897553415],[126.93746339787378,37.6002321497323],[126.93745688184269,37.600435768392316],[126.93741121268248,37.60060647990139]]]}},{"type":"Feature","properties":{"PNU":1138010300103100300,"피해위치(":"서울특별시 은평구 불광동 310-253 1층, 두드림마을","피해일시":"20250813 - 1200","F_SHIM":0.1,"F_AREA":8.48274228,"F_AVR_HGT":"29.326652145385744","ADM_CD":"1138010300","F_YR":"2025","F_ZONE_NM":"서울특별시 은평구 불광동 310-253 1층, 두드림마을","TYPE":"소상공인","TYPE2":"재난지원금"},"geometry":{"type":"Polygon","coordinates":[[[126.92198460389523,37.61968645986018],[126.92202230848123,37.61969981977153],[126.92203297261254,37.619684059802985],[126.92199130906677,37.6196655616405],[126.92198460389523,37.61968645986018]]]}},{"type":"Feature","properties":{"PNU":1138010400104780000,"피해위치(":"서울특별시 은평구 갈현동 478-6 B01호","피해일시":"20250813 - 1200","F_SHIM":0.1,"F_AREA":217.80396857,"F_AVR_HGT":"23.61208305358887","ADM_CD":"1138010400","F_YR":"2025","F_ZONE_NM":"서울특별시 은평구 갈현동 478-6 B01호","TYPE":"주택","TYPE2":"재난지원금"},"geometry":{"type":"Polygon","coordinates":[[[126.91572208742834,37.61540241603978],[126.91584005086337,37.615353218094825],[126.91590498156697,37.615326235794825],[126.91585240698828,37.61524537966924],[126.91584331667583,37.61523140786851],[126.91565889476537,37.6153066228583],[126.91570343142327,37.6153742017783],[126.91572208742834,37.61540241603978]]]}},{"type":"Feature","properties":{"PNU":1138010300104860000,"피해위치(":"서울특별시 은평구 불광동 486-2 지층","피해일시":"20250813 - 1200","F_SHIM":0.1,"F_AREA":417.30644089,"F_AVR_HGT":"29.326652145385744","ADM_CD":"1138010300","F_YR":"2025","F_ZONE_NM":"서울특별시 은평구 불광동 486-2 지층","TYPE":"소상공인","TYPE2":"재난지원금"},"geometry":{"type":"Polygon","coordinates":[[[126.92171440182153,37.619938182466264],[126.92159874532375,37.61985017754999],[126.92149845675097,37.619786167031194],[126.92147242047746,37.619771436368474],[126.92146878550976,37.61978107438977],[126.92142731911262,37.61989565092084],[126.921428688722,37.619896543820644],[126.92142621687623,37.619898929740216],[126.92137323093942,37.619950033395405],[126.9213674332772,37.61996949062719],[126.92146206746989,37.6199828533306],[126.92152861420888,37.619992935374924],[126.92163567778576,37.61999235919221],[126.92168669164654,37.61998459122653],[126.92171440182153,37.619938182466264]]]}},{"type":"Feature","properties":{"PNU":1138010700105830000,"피해위치(":"서울특별시 은평구 응암동 583-16 b01호","피해일시":"20250813 - 1100","F_SHIM":0.1,"F_AREA":92.96482882,"F_AVR_HGT":"14.650294876098632","ADM_CD":"1138010700","F_YR":"2025","F_ZONE_NM":"서울특별시 은평구 응암동 583-16 b01호","TYPE":"주택","TYPE2":"재난지원금"},"geometry":{"type":"Polygon","coordinates":[[[126.91621723460193,37.59222833336607],[126.91619694829475,37.592145338049846],[126.91608845902093,37.59216012582254],[126.91610942097599,37.592246275091036],[126.91621723460193,37.59222833336607]]]}},{"type":"Feature","properties":{"PNU":1138010700105940000,"피해위치(":"서울특별시 은평구 응암동 594-14 지층 101호","피해일시":"20250813 - 1200","F_SHIM":0.1,"F_AREA":127.33853615,"F_AVR_HGT":"14.590073204040527","ADM_CD":"1138010700","F_YR":"2025","F_ZONE_NM":"서울특별시 은평구 응암동 594-14 지층 101호","TYPE":"주택","TYPE2":"재난지원금"},"geometry":{"type":"Polygon","coordinates":[[[126.9145584706445,37.58675481217145],[126.91467706230907,37.586711291793826],[126.91462848458804,37.58661944566085],[126.9145120485118,37.586659273540135],[126.91455265373995,37.58674285181349],[126.9145584706445,37.58675481217145]]]}},{"type":"Feature","properties":{"PNU":1138010300103530000,"피해위치(":"서울특별시 은평구 불광동 353-16 지층 우측","피해일시":"20250813 - 1200","F_SHIM":0.1,"F_AREA":138.15614738,"F_AVR_HGT":"33.619119262695314","ADM_CD":"1138010300","F_YR":"2025","F_ZONE_NM":"서울특별시 은평구 불광동 353-16 지층 우측","TYPE":"주택","TYPE2":"재난지원금"},"geometry":{"type":"Polygon","coordinates":[[[126.92635346696947,37.62064877713692],[126.92639692059694,37.6205784382694],[126.92640746703485,37.620566281752616],[126.92641813154347,37.62054935011605],[126.92633332889861,37.62051226583846],[126.92631001234032,37.620495132360446],[126.92630490253566,37.620507652725884],[126.92625793891547,37.6205765477538],[126.92624386806112,37.620601586023014],[126.92635346696947,37.62064877713692]]]}},{"type":"Feature","properties":{"PNU":1138010800100470000,"피해위치(":"서울특별시 은평구 역촌동 47-16 B02호","피해일시":"20250813 - 1200","F_SHIM":0.1,"F_AREA":139.14574104,"F_AVR_HGT":"19.656392669677736","ADM_CD":"1138010800","F_YR":"2025","F_ZONE_NM":"서울특별시 은평구 역촌동 47-16 B02호","TYPE":"주택","TYPE2":"재난지원금"},"geometry":{"type":"Polygon","coordinates":[[[126.91373664722327,37.60657917675345],[126.91375003696267,37.60646043727273],[126.91363283333703,37.60645215111856],[126.9136197788153,37.60657458486221],[126.91373664722327,37.60657917675345]]]}},{"type":"Feature","properties":{"PNU":1138010700105930000,"피해위치(":"서울특별시 은평구 응암동 593-26 동화아르빌 B01호","피해일시":"20250822 - 1333","F_SHIM":0.1,"F_AREA":213.12623132,"F_AVR_HGT":"13.312471961975097","ADM_CD":"1138010700","F_YR":"2025","F_ZONE_NM":"서울특별시 은평구 응암동 593-26 동화아르빌 B01호","TYPE":"주택","TYPE2":"재난지원금"},"geometry":{"type":"Polygon","coordinates":[[[126.91384962706796,37.58731235802246],[126.9138360696675,37.5872875708643],[126.9138106522483,37.5872388086907],[126.91377835877196,37.5871641831294],[126.91367042107514,37.58719707890551],[126.91369578885076,37.58728800717284],[126.91371912697083,37.587371906240456],[126.91384962706796,37.58731235802246]]]}},{"type":"Feature","properties":{"PNU":1138011000101840000,"피해위치(":"서울특별시 은평구 증산동 184-16 B02호","피해일시":"20250813 - 1200","F_SHIM":0.1,"F_AREA":272.89227237,"F_AVR_HGT":"12.966750717163086","ADM_CD":"1138011000","F_YR":"2025","F_ZONE_NM":"서울특별시 은평구 증산동 184-16 B02호","TYPE":"주택","TYPE2":"재난지원금"},"geometry":{"type":"Polygon","coordinates":[[[126.90534264508466,37.58190273136122],[126.90537550051911,37.58188419781615],[126.90538672056574,37.58189245998351],[126.9054679070469,37.58184694519513],[126.9054174845746,37.581792304417625],[126.9053871842663,37.58176074524317],[126.90531708980075,37.58168527562807],[126.90520310334325,37.58175030594062],[126.90530899041688,37.58186490758302],[126.90534264508466,37.58190273136122]]]}},{"type":"Feature","properties":{"PNU":1138011000101840000,"피해위치(":"서울특별시 은평구 증산동 184-9 지층","피해일시":"20250813 - 1200","F_SHIM":0.1,"F_AREA":3309.53888939,"F_AVR_HGT":"13.251619911193847","ADM_CD":"1138011000","F_YR":"2025","F_ZONE_NM":"서울특별시 은평구 증산동 184-9 지층","TYPE":"소상공인","TYPE2":"재난지원금"},"geometry":{"type":"Polygon","coordinates":[[[126.90520310334325,37.58175030594062],[126.90531708980075,37.58168527562807],[126.90551490436856,37.58157137185446],[126.90507874694902,37.58109520569575],[126.90502985185428,37.581085795488114],[126.90468719821999,37.58131977126424],[126.90466195697506,37.58140336204838],[126.90505752984018,37.58183336609223],[126.90520310334325,37.58175030594062]]]}},{"type":"Feature","properties":{"PNU":1138010300102420000,"피해위치(":"서울특별시 은평구 불광동 242-13 지층1호","피해일시":"20250813 - 1253","F_SHIM":0.1,"F_AREA":141.58113939,"F_AVR_HGT":"35.376397705078126","ADM_CD":"1138010300","F_YR":"2025","F_ZONE_NM":"서울특별시 은평구 불광동 242-13 지층1호","TYPE":"주택","TYPE2":"재난지원금"},"geometry":{"type":"Polygon","coordinates":[[[126.93170691703699,37.61371298371257],[126.93179948508403,37.61367645860281],[126.93183404333298,37.61366170292368],[126.93178089578588,37.613570762536696],[126.93169977331263,37.613600717242406],[126.93165467965343,37.6136178091968],[126.93170691703699,37.61371298371257]]]}},{"type":"Feature","properties":{"PNU":1138010300102420000,"피해위치(":"서울특별시 은평구 불광동 242-12   지층 좌측","피해일시":"20250813 - 1200","F_SHIM":0.1,"F_AREA":190.55792038,"F_AVR_HGT":"31.056546783447267","ADM_CD":"1138010300","F_YR":"2025","F_ZONE_NM":"서울특별시 은평구 불광동 242-12   지층 좌측","TYPE":"주택","TYPE2":"재난지원금"},"geometry":{"type":"Polygon","coordinates":[[[126.93153156812174,37.6137358548721],[126.93152188970993,37.61379053868331],[126.93166136782511,37.61373268824481],[126.93170691703699,37.61371298371257],[126.93165467965343,37.6136178091968],[126.93164563196856,37.613603748535134],[126.93164472706539,37.61360248662585],[126.93155941361289,37.61363270904776],[126.93153981288336,37.61363981517746],[126.93155065457198,37.613673248004226],[126.93153156812174,37.6137358548721]]]}},{"type":"Feature","properties":{"PNU":1138010700105930000,"피해위치(":"서울특별시 은평구 응암동 593-38 지층 101호","피해일시":"20250813 - 1200","F_SHIM":0.1,"F_AREA":167.9510134,"F_AVR_HGT":"13.544816589355468","ADM_CD":"1138010700","F_YR":"2025","F_ZONE_NM":"서울특별시 은평구 응암동 593-38 지층 101호","TYPE":"주택","TYPE2":"재난지원금"},"geometry":{"type":"Polygon","coordinates":[[[126.91395343868908,37.5868390575156],[126.91392441140474,37.586779120469465],[126.9139031149047,37.586788655107036],[126.91381589047121,37.58682715249829],[126.91380873278213,37.58684832033035],[126.91389283673706,37.58696064553497],[126.913979644596,37.586891243989875],[126.91395343868908,37.5868390575156]]]}},{"type":"Feature","properties":{"PNU":1138010700105900000,"피해위치(":"서울특별시 은평구 응암동 590-35 나동","피해일시":"20250813 - 1200","F_SHIM":0.1,"F_AREA":326.80608349,"F_AVR_HGT":"14.502810096740722","ADM_CD":"1138010700","F_YR":"2025","F_ZONE_NM":"서울특별시 은평구 응암동 590-35 나동","TYPE":"소상공인","TYPE2":"재난지원금"},"geometry":{"type":"Polygon","coordinates":[[[126.91590704116815,37.58990978564272],[126.91592325775083,37.58988754308192],[126.91600190780697,37.58992336917777],[126.91604658645775,37.58986375635289],[126.91588045924138,37.58978840372673],[126.91586935190553,37.58979830649935],[126.9158367101559,37.58982720441839],[126.91578819971004,37.58987113724821],[126.91569843350027,37.58995162004741],[126.91572819707329,37.58996425546775],[126.91580775353303,37.58999954176044],[126.9158345742331,37.59001136413084],[126.91586916318191,37.58996300635789],[126.91590704116815,37.58990978564272]]]}},{"type":"Feature","properties":{"PNU":1138010800100810000,"피해위치(":"서울특별시 은평구 역촌동 81-6 203호","피해일시":"20250813 - 1200","F_SHIM":0.1,"F_AREA":354.68750086,"F_AVR_HGT":"19.470893478393556","ADM_CD":"1138010800","F_YR":"2025","F_ZONE_NM":"서울특별시 은평구 역촌동 81-6 203호","TYPE":"주택","TYPE2":"재난지원금"},"geometry":{"type":"Polygon","coordinates":[[[126.9126151866507,37.60206252335119],[126.91276195615114,37.60205695762089],[126.91288766203209,37.602051736285716],[126.91288489851215,37.601994792099305],[126.91288034705684,37.60191766455524],[126.91274478821931,37.601923779455255],[126.91261296808334,37.60192845544334],[126.91261362341668,37.60194872804958],[126.9126151866507,37.60206252335119]]]}},{"type":"Feature","properties":{"PNU":1138010200102210000,"피해위치(":"서울특별시 은평구 녹번동 221-15","피해일시":"20250813 - 1200","F_SHIM":0.1,"F_AREA":28.17804067,"F_AVR_HGT":"32.57060012817383","ADM_CD":"1138010200","F_YR":"2025","F_ZONE_NM":"서울특별시 은평구 녹번동 221-15","TYPE":"주택","TYPE2":"재난지원금"},"geometry":{"type":"Polygon","coordinates":[[[126.93217404398136,37.60147044503392],[126.93217892922961,37.60151438884326],[126.9322524117432,37.601490303666246],[126.93224188848541,37.60145697013011],[126.93217404398136,37.60147044503392]]]}},{"type":"Feature","properties":{"PNU":1138010700105910000,"피해위치(":"서울특별시 은평구 응암동 591-3 해창위너스빌라 B동 101호","피해일시":"20250813 - 1200","F_SHIM":0.1,"F_AREA":844.77754594,"F_AVR_HGT":"14.423204040527343","ADM_CD":"1138010700","F_YR":"2025","F_ZONE_NM":"서울특별시 은평구 응암동 591-3 해창위너스빌라 B동 101호","TYPE":"주택","TYPE2":"재난지원금"},"geometry":{"type":"Polygon","coordinates":[[[126.91511942369323,37.589443763096455],[126.91527332774635,37.58951343166367],[126.91534228398562,37.589412751933445],[126.91539252648911,37.58933953854327],[126.91543267509006,37.58928100382132],[126.91531543496794,37.58922938193471],[126.91513674461001,37.589151856716256],[126.9150462318918,37.5892905420979],[126.9150363859277,37.58928666065039],[126.91499260801774,37.58935023809159],[126.91500062217865,37.5893715973039],[126.91513076356246,37.58942863485261],[126.91511942369323,37.589443763096455]]]}},{"type":"Feature","properties":{"PNU":1138010700107490000,"피해위치(":"서울특별시 은평구 응암동 749-43 지층 우측","피해일시":"20250813 - 1200","F_SHIM":0.1,"F_AREA":165.18943996,"F_AVR_HGT":"19.822244262695314","ADM_CD":"1138010700","F_YR":"2025","F_ZONE_NM":"서울특별시 은평구 응암동 749-43 지층 우측","TYPE":"주택","TYPE2":"재난지원금"},"geometry":{"type":"Polygon","coordinates":[[[126.91843168769562,37.588209359096986],[126.91849499969324,37.58829247445319],[126.91863749383482,37.58823770460566],[126.91864203439981,37.58822716626992],[126.91858800408211,37.588146219876556],[126.91854099613207,37.588165017427485],[126.91843168769562,37.588209359096986]]]}},{"type":"Feature","properties":{"PNU":1138010400104550000,"피해위치(":"서울특별시 은평구 갈현동 455-9 지층","피해일시":"20250813 - 1200","F_SHIM":0.1,"F_AREA":312.4426653,"F_AVR_HGT":"25.010064697265626","ADM_CD":"1138010400","F_YR":"2025","F_ZONE_NM":"서울특별시 은평구 갈현동 455-9 지층","TYPE":"소상공인","TYPE2":"재난지원금"},"geometry":{"type":"Polygon","coordinates":[[[126.91881339353134,37.61801834049744],[126.9186455653789,37.618089949804045],[126.91866855568969,37.61812323014075],[126.91874714968006,37.6182376196951],[126.91879565089079,37.618217111352365],[126.91891305111794,37.61816727927955],[126.91881339353134,37.61801834049744]]]}},{"type":"Feature","properties":{"PNU":1138010300103140000,"피해위치(":"서울특별시 은평구 불광동 314-19 b01호","피해일시":"20250813 - 1200","F_SHIM":0.1,"F_AREA":116.04582585,"F_AVR_HGT":"29.823581314086915","ADM_CD":"1138010300","F_YR":"2025","F_ZONE_NM":"서울특별시 은평구 불광동 314-19 b01호","TYPE":"주택","TYPE2":"재난지원금"},"geometry":{"type":"Polygon","coordinates":[[[126.92366061432537,37.62062767813947],[126.92373785252686,37.620607258808754],[126.9237571145123,37.62060159532926],[126.92376809375726,37.62059844913365],[126.92376754023053,37.620597007200985],[126.9237302615212,37.62050030748069],[126.9236206988021,37.6205287962738],[126.92366061432537,37.62062767813947]]]}},{"type":"Feature","properties":{"PNU":1138010300103670000,"피해위치(":"서울특별시 은평구 불광동 367-9","피해일시":"20250813 - 1200","F_SHIM":0.1,"F_AREA":138.84943376,"F_AVR_HGT":"29.823581314086915","ADM_CD":"1138010300","F_YR":"2025","F_ZONE_NM":"서울특별시 은평구 불광동 367-9","TYPE":"주택","TYPE2":"재난지원금"},"geometry":{"type":"Polygon","coordinates":[[[126.92405745116469,37.620887043110685],[126.92412900052248,37.62092394013419],[126.9241766666387,37.62094442362872],[126.92423039515296,37.62085322560184],[126.92423610154529,37.620844688049225],[126.92420050669423,37.62082760017267],[126.92419486910177,37.62083532688673],[126.9241654658105,37.62082248667197],[126.92411413177405,37.62080008167944],[126.92405745116469,37.620887043110685]]]}},{"type":"Feature","properties":{"PNU":1138010700103970300,"피해위치(":"서울특별시 은평구 응암동 397-282 지하 2호","피해일시":"20250813 - 1200","F_SHIM":0.1,"F_AREA":146.09372596,"F_AVR_HGT":"26.327411270141603","ADM_CD":"1138010700","F_YR":"2025","F_ZONE_NM":"서울특별시 은평구 응암동 397-282 지하 2호","TYPE":"주택","TYPE2":"재난지원금"},"geometry":{"type":"Polygon","coordinates":[[[126.91977370776353,37.592340319475895],[126.91979870452849,37.592447562925145],[126.91993763772606,37.59242503531301],[126.91990497210638,37.59232064271087],[126.91977370776353,37.592340319475895]]]}},{"type":"Feature","properties":{"PNU":1138010700103970300,"피해위치(":"서울특별시 은평구 응암동 397-265 지층 02호","피해일시":"20250813 - 1200","F_SHIM":0.1,"F_AREA":232.4395997,"F_AVR_HGT":"19.319778060913087","ADM_CD":"1138010700","F_YR":"2025","F_ZONE_NM":"서울특별시 은평구 응암동 397-265 지층 02호","TYPE":"주택","TYPE2":"재난지원금"},"geometry":{"type":"Polygon","coordinates":[[[126.91862014045384,37.59214453295166],[126.91864695305472,37.59230772003836],[126.91879577696558,37.59229017414666],[126.91877469760648,37.592143623282894],[126.91862014045384,37.59214453295166]]]}},{"type":"Feature","properties":{"PNU":1138010700105880000,"피해위치(":"서울특별시 은평구 응암동 588-17 지층 뒤쪽","피해일시":"20250813 - 1200","F_SHIM":0.1,"F_AREA":150.67800803,"F_AVR_HGT":"14.16219482421875","ADM_CD":"1138010700","F_YR":"2025","F_ZONE_NM":"서울특별시 은평구 응암동 588-17 지층 뒤쪽","TYPE":"주택","TYPE2":"재난지원금"},"geometry":{"type":"Polygon","coordinates":[[[126.91528227162256,37.590004835238624],[126.91541940323535,37.59002982954691],[126.91543583313877,37.58997980985282],[126.91545901165678,37.58990973014822],[126.915416121277,37.589890868291576],[126.91540396578002,37.5899259978258],[126.91530774013822,37.58991277321164],[126.91528227162256,37.590004835238624]]]}},{"type":"Feature","properties":{"PNU":1138010700103760000,"피해위치(":"서울특별시 은평구 응암동 376-60 지층 1호","피해일시":"20250813 - 1200","F_SHIM":0.1,"F_AREA":186.3916121,"F_AVR_HGT":"15.874965286254882","ADM_CD":"1138010700","F_YR":"2025","F_ZONE_NM":"서울특별시 은평구 응암동 376-60 지층 1호","TYPE":"주택","TYPE2":"재난지원금"},"geometry":{"type":"Polygon","coordinates":[[[126.91795792527672,37.59158888846754],[126.91797413247967,37.591676115229625],[126.91813550679421,37.591653254232156],[126.9181642486052,37.59159823339455],[126.9181575409745,37.591551584694734],[126.91812440608211,37.591555759877295],[126.91795646642053,37.59157717463747],[126.91795792527672,37.59158888846754]]]}},{"type":"Feature","properties":{"PNU":1138010600100090100,"피해위치(":"서울특별시 은평구 대조동 9-53 지층우측","피해일시":"20250824 - 0943","F_SHIM":0.1,"F_AREA":84.21797926,"F_AVR_HGT":"25.0534912109375","ADM_CD":"1138010600","F_YR":"2025","F_ZONE_NM":"서울특별시 은평구 대조동 9-53 지층우측","TYPE":"주택","TYPE2":"재난지원금"},"geometry":{"type":"Polygon","coordinates":[[[126.92728659279112,37.610396116417185],[126.92737319598518,37.61043374178892],[126.92739542877564,37.61039879766981],[126.92742265247382,37.61035610823827],[126.92740691765006,37.61034834991684],[126.92733661499545,37.61031911394505],[126.9273087123553,37.61036117224296],[126.92728659279112,37.610396116417185]]]}},{"type":"Feature","properties":{"PNU":1138010300103660000,"피해위치(":"서울특별시 은평구 불광동 366-1 1층","피해일시":"20250813 - 1200","F_SHIM":0.1,"F_AREA":201.54459923,"F_AVR_HGT":"29.823581314086915","ADM_CD":"1138010300","F_YR":"2025","F_ZONE_NM":"서울특별시 은평구 불광동 366-1 1층","TYPE":"소상공인","TYPE2":"재난지원금"},"geometry":{"type":"Polygon","coordinates":[[[126.92446752926963,37.62107246295305],[126.92444579114259,37.62106271817433],[126.92438477993885,37.62113142307774],[126.92436550054651,37.62115384487392],[126.92438179540324,37.621169622674635],[126.9244784398702,37.621256630367576],[126.92449207454256,37.621248836782314],[126.92456561131388,37.62112742365956],[126.92446752926963,37.62107246295305]]]}},{"type":"Feature","properties":{"PNU":1138010400104160000,"피해위치(":"서울특별시 은평구 갈현동 416-8 1층","피해일시":"20250813 - 1200","F_SHIM":0.1,"F_AREA":146.12935557,"F_AVR_HGT":"39.05912551879883","ADM_CD":"1138010400","F_YR":"2025","F_ZONE_NM":"서울특별시 은평구 갈현동 416-8 1층","TYPE":"소상공인","TYPE2":"재난지원금"},"geometry":{"type":"Polygon","coordinates":[[[126.91890500461625,37.625029946669514],[126.91891065107386,37.625107119496455],[126.91891426649158,37.62515663083735],[126.91893195249808,37.62514339882167],[126.91893636595026,37.625147366219146],[126.91894860305241,37.6251445817468],[126.91904457371513,37.625122664967705],[126.91904808503014,37.62512293771551],[126.91904128268854,37.625025537102815],[126.91890500461625,37.625029946669514]]]}},{"type":"Feature","properties":{"PNU":1138010500103210100,"피해위치(":"서울특별시 은평구 구산동 321-54 지층1호","피해일시":"20250813 - 1200","F_SHIM":0.1,"F_AREA":146.04614558,"F_AVR_HGT":"33.30750427246094","ADM_CD":"1138010500","F_YR":"2025","F_ZONE_NM":"서울특별시 은평구 구산동 321-54 지층1호","TYPE":"주택","TYPE2":"재난지원금"},"geometry":{"type":"Polygon","coordinates":[[[126.90794911857826,37.61544678378067],[126.90804503314283,37.615371808098985],[126.90795293332717,37.61529488146173],[126.90786746100108,37.615352296233226],[126.9078510453244,37.615346336732685],[126.9078781719541,37.61539140729424],[126.90794911857826,37.61544678378067]]]}},{"type":"Feature","properties":{"PNU":1138010500103210100,"피해위치(":"서울특별시 은평구 구산동 321-84 B02호","피해일시":"20250813 - 1200","F_SHIM":0.1,"F_AREA":152.99450978,"F_AVR_HGT":"33.775628662109376","ADM_CD":"1138010500","F_YR":"2025","F_ZONE_NM":"서울특별시 은평구 구산동 321-84 B02호","TYPE":"주택","TYPE2":"재난지원금"},"geometry":{"type":"Polygon","coordinates":[[[126.90826424199935,37.615063936216515],[126.90844482984664,37.61493523853193],[126.90825272336174,37.614945898636584],[126.90818617618288,37.61499558016322],[126.90826424199935,37.615063936216515]]]}},{"type":"Feature","properties":{"PNU":1138010500103230000,"피해위치(":"서울특별시 은평구 구산동 323-4","피해일시":"20250813 - 1200","F_SHIM":0.1,"F_AREA":136.7352217,"F_AVR_HGT":"35.772359466552736","ADM_CD":"1138010500","F_YR":"2025","F_ZONE_NM":"서울특별시 은평구 구산동 323-4","TYPE":"주택","TYPE2":"재난지원금"},"geometry":{"type":"Polygon","coordinates":[[[126.9072614571929,37.61565805710167],[126.90730239429676,37.61561925752546],[126.90722489009343,37.61555486560615],[126.90711594268573,37.61563496578331],[126.9072008030898,37.61570404875196],[126.9072614571929,37.61565805710167]]]}},{"type":"Feature","properties":{"PNU":1138010500103230000,"피해위치(":"서울특별시 은평구 구산동 323-7 지하","피해일시":"20250813 - 1200","F_SHIM":0.1,"F_AREA":134.70795948,"F_AVR_HGT":"33.30750427246094","ADM_CD":"1138010500","F_YR":"2025","F_ZONE_NM":"서울특별시 은평구 구산동 323-7 지하","TYPE":"주택","TYPE2":"재난지원금"},"geometry":{"type":"Polygon","coordinates":[[[126.90795293332717,37.61529488146173],[126.9080049720021,37.615254198380825],[126.9079368578787,37.615198193485874],[126.90783368307544,37.61528235332174],[126.9078226357567,37.61533081731267],[126.9078381392205,37.61534164138879],[126.9078510453244,37.615346336732685],[126.90786746100108,37.615352296233226],[126.90795293332717,37.61529488146173]]]}},{"type":"Feature","properties":{"PNU":1138010500103230100,"피해위치(":"서울특별시 은평구 구산동 323-25 지하1층","피해일시":"20250813 - 1200","F_SHIM":0.1,"F_AREA":106.1245448,"F_AVR_HGT":"33.30750427246094","ADM_CD":"1138010500","F_YR":"2025","F_ZONE_NM":"서울특별시 은평구 구산동 323-25 지하1층","TYPE":"주택","TYPE2":"재난지원금"},"geometry":{"type":"Polygon","coordinates":[[[126.90781507858304,37.61521548578301],[126.90780509203822,37.61514069645397],[126.9077943637452,37.61511546047409],[126.90767305971976,37.61520528194989],[126.90772510752538,37.6152475793224],[126.90777154325524,37.615249237984145],[126.90781507858304,37.61521548578301]]]}},{"type":"Feature","properties":{"PNU":1138010300102420000,"피해위치(":"서울특별시 은평구 불광동 242-19 지하 좌측","피해일시":"20250813 - 1200","F_SHIM":0.1,"F_AREA":135.24789548,"F_AVR_HGT":"35.376397705078126","ADM_CD":"1138010300","F_YR":"2025","F_ZONE_NM":"서울특별시 은평구 불광동 242-19 지하 좌측","TYPE":"주택","TYPE2":"재난지원금"},"geometry":{"type":"Polygon","coordinates":[[[126.93166863360884,37.6135933107707],[126.9318011953817,37.61354293421421],[126.93178502573961,37.61351445365774],[126.93175313717656,37.613460015551325],[126.93163028914174,37.613502685409145],[126.9316174060018,37.61350849811705],[126.93162091158906,37.613514356570626],[126.93166863360884,37.6135933107707]]]}},{"type":"Feature","properties":{"PNU":1138010300101840000,"피해위치(":"서울특별시 은평구 불광동 184-5 1층","피해일시":"20250813 - 1200","F_SHIM":0.1,"F_AREA":228.50190681,"F_AVR_HGT":"45.784951782226564","ADM_CD":"1138010300","F_YR":"2025","F_ZONE_NM":"서울특별시 은평구 불광동 184-5 1층","TYPE":"소상공인","TYPE2":"재난지원금"},"geometry":{"type":"Polygon","coordinates":[[[126.93177563781255,37.62247469843661],[126.93194433402213,37.622562643542146],[126.93199700131844,37.622568170558736],[126.93200710239495,37.62242537122151],[126.93183379364815,37.62242508880976],[126.93179286366737,37.622429515472405],[126.93177563781255,37.62247469843661]]]}},{"type":"Feature","properties":{"PNU":1138010300101890000,"피해위치(":"서울특별시 은평구 불광동 189 1층","피해일시":"20250813 - 1200","F_SHIM":0.1,"F_AREA":204.24836837,"F_AVR_HGT":"45.784951782226564","ADM_CD":"1138010300","F_YR":"2025","F_ZONE_NM":"서울특별시 은평구 불광동 189 1층","TYPE":"소상공인","TYPE2":"재난지원금"},"geometry":{"type":"Polygon","coordinates":[[[126.93213095935961,37.62212929206551],[126.9321493145043,37.622245979738736],[126.93227038955926,37.62223709511163],[126.93235602278104,37.62218991597218],[126.93236618187913,37.622179344423294],[126.93225092612153,37.622118280494114],[126.93213095935961,37.62212929206551]]]}},{"type":"Feature","properties":{"PNU":1138010300102790000,"피해위치(":"서울특별시 은평구 불광동 279-4 지층 우측","피해일시":"20250813 - 1200","F_SHIM":0.1,"F_AREA":88.37959357,"F_AVR_HGT":"33.834283447265626","ADM_CD":"1138010300","F_YR":"2025","F_ZONE_NM":"서울특별시 은평구 불광동 279-4 지층 우측","TYPE":"주택","TYPE2":"재난지원금"},"geometry":{"type":"Polygon","coordinates":[[[126.93177197689282,37.612812401420335],[126.93180624147723,37.61274782131151],[126.93175030746342,37.61273066961441],[126.93172120829637,37.612721642595716],[126.93166959713179,37.612805313216555],[126.93170333591047,37.61281866770249],[126.93175813637689,37.61283689992906],[126.93177197689282,37.612812401420335]]]}},{"type":"Feature","properties":{"PNU":1138010700105940100,"피해위치(":"서울특별시 은평구 응암동 594-96 지층 우","피해일시":"20250822 - 1704","F_SHIM":0.1,"F_AREA":135.71951753,"F_AVR_HGT":"14.590073204040527","ADM_CD":"1138010700","F_YR":"2025","F_ZONE_NM":"서울특별시 은평구 응암동 594-96 지층 우","TYPE":"주택","TYPE2":"재난지원금"},"geometry":{"type":"Polygon","coordinates":[[[126.91542192422632,37.58691708182182],[126.91540074786313,37.586822462937484],[126.91531444716502,37.58684600575707],[126.91530764971559,37.58684969483193],[126.91524344045183,37.58686145082622],[126.91524738006314,37.58688145557508],[126.91525536253093,37.58693011460462],[126.91531355654566,37.58693105810152],[126.91542192422632,37.58691708182182]]]}},{"type":"Feature","properties":{"PNU":1138010900102370300,"피해위치(":"서울특별시 은평구 신사동 237-291 B01호","피해일시":"20250813 - 1200","F_SHIM":0.1,"F_AREA":77.05355008,"F_AVR_HGT":"36.911309814453126","ADM_CD":"1138010900","F_YR":"2025","F_ZONE_NM":"서울특별시 은평구 신사동 237-291 B01호","TYPE":"주택","TYPE2":"재난지원금"},"geometry":{"type":"Polygon","coordinates":[[[126.90673332175291,37.59627994129012],[126.9068167307446,37.59631514660118],[126.9068252187383,37.59631875734541],[126.90686506195277,37.596241394810434],[126.90680394355533,37.59621927168439],[126.90676384729721,37.59622824933937],[126.90673332175291,37.59627994129012]]]}},{"type":"Feature","properties":{"PNU":1138010300102420000,"피해위치(":"서울특별시 은평구 불광동 242-28 지층 안쪽","피해일시":"20250813 - 1200","F_SHIM":0.1,"F_AREA":149.45289892,"F_AVR_HGT":"31.056546783447267","ADM_CD":"1138010300","F_YR":"2025","F_ZONE_NM":"서울특별시 은평구 불광동 242-28 지층 안쪽","TYPE":"주택","TYPE2":"재난지원금"},"geometry":{"type":"Polygon","coordinates":[[[126.93157561960594,37.613380443941516],[126.93169854747711,37.613336999343126],[126.93163941129355,37.613231369351524],[126.93152962677884,37.613269415797696],[126.93152949325427,37.61329103926607],[126.93157561960594,37.613380443941516]]]}},{"type":"Feature","properties":{"PNU":1138010300102420100,"피해위치(":"서울특별시 은평구 불광동 242-33 좌측","피해일시":"20250813 - 1200","F_SHIM":0.1,"F_AREA":138.48468761,"F_AVR_HGT":"35.376397705078126","ADM_CD":"1138010300","F_YR":"2025","F_ZONE_NM":"서울특별시 은평구 불광동 242-33 좌측","TYPE":"주택","TYPE2":"재난지원금"},"geometry":{"type":"Polygon","coordinates":[[[126.9316256034568,37.6132208196953],[126.93176257945562,37.61317287844199],[126.93169913279179,37.61307436368087],[126.93159079594304,37.61313908008422],[126.93158716294245,37.61314835803755],[126.9316256034568,37.6132208196953]]]}},{"type":"Feature","properties":{"PNU":1138010400105480000,"피해위치(":"서울특별시 은평구 갈현동 548 130호","피해일시":"20250813 - 1200","F_SHIM":0.1,"F_AREA":1529.98872124,"F_AVR_HGT":"34.045850372314455","ADM_CD":"1138010400","F_YR":"2025","F_ZONE_NM":"서울특별시 은평구 갈현동 548 130호","TYPE":"소상공인","TYPE2":"재난지원금"},"geometry":{"type":"Polygon","coordinates":[[[126.91771484273586,37.6234735665309],[126.9176452876203,37.62347712103203],[126.91759589672826,37.623479608659004],[126.91750130673151,37.623484046247725],[126.91744874371393,37.6234868919463],[126.91736015770074,37.623490973307334],[126.91731110692129,37.62349319076376],[126.91721889465659,37.62349853080232],[126.91716871141956,37.62350047709672],[126.91715953580739,37.62350074083144],[126.917076416079,37.62357924679275],[126.91707853549934,37.623608259848616],[126.9170804313254,37.623634659903836],[126.91708801464281,37.623740260123185],[126.91718622950683,37.623736095750544],[126.91723641381724,37.6237333385681],[126.91732794539546,37.623729169303914],[126.91737631667507,37.62372695135611],[126.91746852789221,37.623722782467475],[126.91752075084248,37.62372029691001],[126.91761556799273,37.623715589173685],[126.91766303244223,37.623713911051276],[126.91774221621316,37.62371036337614],[126.91776319819805,37.62368722309798],[126.91775649294173,37.62360585989198],[126.91775403373471,37.623576576313106],[126.91774733011566,37.62349377153899],[126.91771484273586,37.6234735665309]]]}},{"type":"Feature","properties":{"PNU":1138011400100660000,"피해위치(":"서울특별시 은평구 진관동 66 B102호","피해일시":"20250813 - 1200","F_SHIM":0.1,"F_AREA":4917.23175006,"F_AVR_HGT":"32.85337600708008","ADM_CD":"1138011400","F_YR":"2025","F_ZONE_NM":"서울특별시 은평구 진관동 66 B102호","TYPE":"소상공인","TYPE2":"재난지원금"},"geometry":{"type":"Polygon","coordinates":[[[126.92046304593829,37.640033394126576],[126.91992096403868,37.63945927831253],[126.91936850996206,37.6398751463334],[126.91939126714743,37.63988984810129],[126.91941323044654,37.63990527009385],[126.91943428645999,37.63992150233037],[126.91945454868647,37.639938364694885],[126.91947390382555,37.63995585710895],[126.91949823676292,37.63998011030771],[126.91987837265775,37.64038266016093],[126.92046304593829,37.640033394126576]]]}},{"type":"Feature","properties":{"PNU":1138011400200270000,"피해위치(":"서울특별시 은평구 진관동 산27-2","피해일시":"20250813 - 1200","F_SHIM":0.1,"F_AREA":163.67491685,"F_AVR_HGT":"49.794507598876955","ADM_CD":"1138011400","F_YR":"2025","F_ZONE_NM":"서울특별시 은평구 진관동 산27-2","TYPE":"주택","TYPE2":"재난지원금"},"geometry":{"type":"Polygon","coordinates":[[[126.93902334102332,37.6468446254205],[126.93905769686118,37.64685820330375],[126.93928156431546,37.64650632829203],[126.93922234622138,37.646508801751075],[126.93914282141289,37.646648546168436],[126.93902334102332,37.6468446254205]]]}},{"type":"Feature","properties":{"PNU":1138010300102810100,"피해위치(":"서울특별시 은평구 불광동 281-132 지층2호","피해일시":"20250823 - 1618","F_SHIM":0.1,"F_AREA":114.33163861,"F_AVR_HGT":"30.19187126159668","ADM_CD":"1138010300","F_YR":"2025","F_ZONE_NM":"서울특별시 은평구 불광동 281-132 지층2호","TYPE":"주택","TYPE2":"재난지원금"},"geometry":{"type":"Polygon","coordinates":[[[126.93136856945591,37.610256618629016],[126.93147520056155,37.6103157863557],[126.93153790079722,37.61024113217576],[126.93143456572062,37.61018170517765],[126.93136856945591,37.610256618629016]]]}},{"type":"Feature","properties":{"PNU":1138010300102810100,"피해위치(":"서울특별시 은평구 불광동 281-75 지층","피해일시":"20250813 - 1200","F_SHIM":0.1,"F_AREA":117.76419006,"F_AVR_HGT":"27.79379806518555","ADM_CD":"1138010300","F_YR":"2025","F_ZONE_NM":"서울특별시 은평구 불광동 281-75 지층","TYPE":"소상공인","TYPE2":"재난지원금"},"geometry":{"type":"Polygon","coordinates":[[[126.93045823473427,37.6110770484015],[126.93034809119665,37.61101913901953],[126.93027643256468,37.611103517749164],[126.93037527032463,37.61114060771042],[126.93040755791468,37.611130716373374],[126.93045823473427,37.6110770484015]]]}},{"type":"Feature","properties":{"PNU":1138010700105830000,"피해위치(":"서울특별시 은평구 응암동 583-49 지층 1","피해일시":"20250813 - 1200","F_SHIM":0.1,"F_AREA":133.81499737,"F_AVR_HGT":"14.650294876098632","ADM_CD":"1138010700","F_YR":"2025","F_ZONE_NM":"서울특별시 은평구 응암동 583-49 지층 1","TYPE":"주택","TYPE2":"재난지원금"},"geometry":{"type":"Polygon","coordinates":[[[126.91640549077455,37.592464166747895],[126.91637507565055,37.59232674471104],[126.91637167788299,37.592327553145964],[126.9162791550893,37.59234100113316],[126.9163084380672,37.59247815208179],[126.91640152716721,37.5924647044804],[126.91640549077455,37.592464166747895]]]}},{"type":"Feature","properties":{"PNU":1138010300102420100,"피해위치(":"서울특별시 은평구 불광동 242-39 지하101호","피해일시":"20250813 - 1200","F_SHIM":0.1,"F_AREA":233.14576971,"F_AVR_HGT":"34.63275299072266","ADM_CD":"1138010300","F_YR":"2025","F_ZONE_NM":"서울특별시 은평구 불광동 242-39 지하101호","TYPE":"주택","TYPE2":"재난지원금"},"geometry":{"type":"Polygon","coordinates":[[[126.93221429778801,37.61520656862463],[126.93222062779923,37.615220267250834],[126.93236246679038,37.615183770631496],[126.93238353892924,37.61517810679853],[126.93232624132565,37.615041394420004],[126.93219549898211,37.61508150143921],[126.9321710274702,37.615088785006755],[126.93219565692421,37.615155381963284],[126.93221429778801,37.61520656862463]]]}},{"type":"Feature","properties":{"PNU":1138010800100270100,"피해위치(":"서울특별시 은평구 역촌동 27-25 1층","피해일시":"20250813 - 1200","F_SHIM":0.1,"F_AREA":248.77620362,"F_AVR_HGT":"21.162955856323244","ADM_CD":"1138010800","F_YR":"2025","F_ZONE_NM":"서울특별시 은평구 역촌동 27-25 1층","TYPE":"소상공인","TYPE2":"재난지원금"},"geometry":{"type":"Polygon","coordinates":[[[126.92171313394476,37.605236519968734],[126.9217604843078,37.60533061453113],[126.92180410401879,37.605418697001525],[126.92192494667995,37.60538026156398],[126.921896841344,37.60532448982119],[126.92188022848924,37.60529204324905],[126.92184869932825,37.605229223501865],[126.9218331041105,37.605198309279515],[126.92171313394476,37.605236519968734]]]}},{"type":"Feature","properties":{"PNU":1138010300102420100,"피해위치(":"서울특별시 은평구 불광동 242-42 지층 101호","피해일시":"20250813 - 1200","F_SHIM":0.1,"F_AREA":183.56540303,"F_AVR_HGT":"34.63275299072266","ADM_CD":"1138010300","F_YR":"2025","F_ZONE_NM":"서울특별시 은평구 불광동 242-42 지층 101호","TYPE":"주택","TYPE2":"재난지원금"},"geometry":{"type":"Polygon","coordinates":[[[126.93245191296317,37.61497290339008],[126.93239778498406,37.614838084956396],[126.93226772561684,37.614874948925916],[126.93232457836753,37.61500256116883],[126.93245191296317,37.61497290339008]]]}},{"type":"Feature","properties":{"PNU":1138010300102420100,"피해위치(":"서울특별시 은평구 불광동 242-48 지층2호","피해일시":"20250813 - 1200","F_SHIM":0.1,"F_AREA":151.26425731,"F_AVR_HGT":"34.63275299072266","ADM_CD":"1138010300","F_YR":"2025","F_ZONE_NM":"서울특별시 은평구 불광동 242-48 지층2호","TYPE":"주택","TYPE2":"재난지원금"},"geometry":{"type":"Polygon","coordinates":[[[126.93219849248779,37.61489484698667],[126.93214381255238,37.61478170571172],[126.93218337608698,37.61476840345485],[126.93217427431836,37.61475134253813],[126.93203040033859,37.61479678447661],[126.93203594105039,37.61480660843093],[126.93208332546716,37.6148845711687],[126.93211002222331,37.614920265716904],[126.93219849248779,37.61489484698667]]]}},{"type":"Feature","properties":{"PNU":1138010500100220000,"피해위치(":"서울특별시 은평구 구산동 22-34 에이동 101호","피해일시":"20250813 - 1200","F_SHIM":0.1,"F_AREA":583.79555511,"F_AVR_HGT":"20.10111198425293","ADM_CD":"1138010500","F_YR":"2025","F_ZONE_NM":"서울특별시 은평구 구산동 22-34 에이동 101호","TYPE":"소상공인","TYPE2":"재난지원금"},"geometry":{"type":"Polygon","coordinates":[[[126.91416518392853,37.607509407246816],[126.91423777291001,37.607852969313655],[126.91426177479737,37.60784968045785],[126.91441548186557,37.60782871102155],[126.91434866536898,37.607535842569554],[126.91430441929633,37.60750571708492],[126.91416518392853,37.607509407246816]]]}},{"type":"Feature","properties":{"PNU":1138010300102440100,"피해위치(":"서울특별시 은평구 불광동 244-81 102호","피해일시":"20250813 - 1200","F_SHIM":0.1,"F_AREA":240.97634521,"F_AVR_HGT":"34.8027587890625","ADM_CD":"1138010300","F_YR":"2025","F_ZONE_NM":"서울특별시 은평구 불광동 244-81 102호","TYPE":"주택","TYPE2":"재난지원금"},"geometry":{"type":"Polygon","coordinates":[[[126.92956035589499,37.61470043093711],[126.92960250196855,37.61468739240458],[126.9297310914727,37.61464890871176],[126.92974004237482,37.61464558052677],[126.92974388333326,37.61464415030319],[126.92968680872472,37.614528330516826],[126.92968240148079,37.61451796655327],[126.92965759064413,37.614524708805206],[126.92953365304281,37.614554906231774],[126.92956035589499,37.61470043093711]]]}},{"type":"Feature","properties":{"PNU":1138010300102440100,"피해위치(":"서울특별시 은평구 불광동 244-93 지하 좌측","피해일시":"20250813 - 1200","F_SHIM":0.1,"F_AREA":211.00351249,"F_AVR_HGT":"34.8027587890625","ADM_CD":"1138010300","F_YR":"2025","F_ZONE_NM":"서울특별시 은평구 불광동 244-93 지하 좌측","TYPE":"주택","TYPE2":"재난지원금"},"geometry":{"type":"Polygon","coordinates":[[[126.92974388333326,37.61464415030319],[126.92990522735124,37.6145945952613],[126.92984632969917,37.614478062669804],[126.92968680872472,37.614528330516826],[126.92974388333326,37.61464415030319]]]}},{"type":"Feature","properties":{"PNU":1138010700105840000,"피해위치(":"서울특별시 은평구 응암동 584-51 B02호","피해일시":"20250822 - 1521","F_SHIM":0.1,"F_AREA":158.13025192,"F_AVR_HGT":"14.762639617919922","ADM_CD":"1138010700","F_YR":"2025","F_ZONE_NM":"서울특별시 은평구 응암동 584-51 B02호","TYPE":"주택","TYPE2":"재난지원금"},"geometry":{"type":"Polygon","coordinates":[[[126.91523501549595,37.592002373399254],[126.91526917198125,37.592133671776836],[126.91538106028828,37.592117085268974],[126.91534618200095,37.59197332578308],[126.91534615948007,37.591973217648494],[126.91523501549595,37.592002373399254]]]}},{"type":"Feature","properties":{"PNU":1138010300102430000,"피해위치(":"서울특별시 은평구 불광동 243-14 지층 102호","피해일시":"20250813 - 1200","F_SHIM":0.1,"F_AREA":169.50254608,"F_AVR_HGT":"35.690789794921876","ADM_CD":"1138010300","F_YR":"2025","F_ZONE_NM":"서울특별시 은평구 불광동 243-14 지층 102호","TYPE":"주택","TYPE2":"재난지원금"},"geometry":{"type":"Polygon","coordinates":[[[126.93204799794748,37.61462993316857],[126.93216004416657,37.614597563759034],[126.93219527757506,37.61458794396485],[126.93214984186213,37.61448502524086],[126.932019208378,37.61453080831298],[126.9320011960574,37.614534762020185],[126.93198794115153,37.61453826803722],[126.93204799794748,37.61462993316857]]]}},{"type":"Feature","properties":{"PNU":1138010300102430000,"피해위치(":"서울특별시 은평구 불광동 243-16 1층","피해일시":"20250813 - 1200","F_SHIM":0.1,"F_AREA":196.0475908,"F_AVR_HGT":"35.690789794921876","ADM_CD":"1138010300","F_YR":"2025","F_ZONE_NM":"서울특별시 은평구 불광동 243-16 1층","TYPE":"주택","TYPE2":"재난지원금"},"geometry":{"type":"Polygon","coordinates":[[[126.93198386271868,37.6145393468114],[126.9319244974832,37.61443497822219],[126.93175239760724,37.614494161155214],[126.93182558993743,37.61458853710776],[126.93198386271868,37.6145393468114]]]}},{"type":"Feature","properties":{"PNU":1138010300102380000,"피해위치(":"서울특별시 은평구 불광동 238-63 지층 2호","피해일시":"20250813 - 1200","F_SHIM":0.1,"F_AREA":171.39851669,"F_AVR_HGT":"32.04724464416504","ADM_CD":"1138010300","F_YR":"2025","F_ZONE_NM":"서울특별시 은평구 불광동 238-63 지층 2호","TYPE":"주택","TYPE2":"재난지원금"},"geometry":{"type":"Polygon","coordinates":[[[126.93161584742978,37.61456859147706],[126.9317461738499,37.61448812090331],[126.93170884151797,37.614440977521056],[126.9316620919158,37.6144115778779],[126.93153643206783,37.6144677246412],[126.93161584742978,37.61456859147706]]]}},{"type":"Feature","properties":{"PNU":1138010300102430000,"피해위치(":"서울특별시 은평구 불광동 243-13 B02호","피해일시":"20250813 - 1200","F_SHIM":0.1,"F_AREA":167.40811805,"F_AVR_HGT":"35.690789794921876","ADM_CD":"1138010300","F_YR":"2025","F_ZONE_NM":"서울특별시 은평구 불광동 243-13 B02호","TYPE":"주택","TYPE2":"재난지원금"},"geometry":{"type":"Polygon","coordinates":[[[126.9320011960574,37.614534762020185],[126.932019208378,37.61453080831298],[126.93214984186213,37.61448502524086],[126.93210168431085,37.614386069212976],[126.93209341361704,37.61438885738882],[126.93209504146006,37.61439221900549],[126.9320934100154,37.61439273160495],[126.9319502051148,37.61443796661667],[126.9320011960574,37.614534762020185]]]}},{"type":"Feature","properties":{"PNU":1138010300102380000,"피해위치(":"서울특별시 은평구 불광동 238-80 지층 1호","피해일시":"20250813 - 1200","F_SHIM":0.1,"F_AREA":133.45886844,"F_AVR_HGT":"32.04724464416504","ADM_CD":"1138010300","F_YR":"2025","F_ZONE_NM":"서울특별시 은평구 불광동 238-80 지층 1호","TYPE":"주택","TYPE2":"재난지원금"},"geometry":{"type":"Polygon","coordinates":[[[126.93137181851485,37.61451474821498],[126.93151742107273,37.61444960364873],[126.93146539861583,37.614378575478824],[126.93132344593009,37.61444079396459],[126.93137181851485,37.61451474821498]]]}},{"type":"Feature","properties":{"PNU":1138010200101580000,"피해위치(":"서울특별시 은평구 녹번동 158-47 A동 101호","피해일시":"20250813 - 1200","F_SHIM":0.1,"F_AREA":823.52868498,"F_AVR_HGT":"21.00264129638672","ADM_CD":"1138010200","F_YR":"2025","F_ZONE_NM":"서울특별시 은평구 녹번동 158-47 A동 101호","TYPE":"소상공인","TYPE2":"재난지원금"},"geometry":{"type":"Polygon","coordinates":[[[126.92348838201654,37.603416551107884],[126.92349017417457,37.60343547292774],[126.92350271921198,37.6035680157625],[126.9236733729419,37.60357461551652],[126.92382158278834,37.603601742654334],[126.92382938354497,37.60358173696588],[126.92386393620322,37.603493112026],[126.92387426837858,37.603467260622516],[126.92389698787322,37.603399431575006],[126.92376939168885,37.6033697052624],[126.92376393802431,37.60338691043795],[126.92373304355267,37.60336634767703],[126.923634428117,37.6033462808288],[126.92359785830119,37.60333832804406],[126.92347829792088,37.603313201732895],[126.92348838201654,37.603416551107884]]]}},{"type":"Feature","properties":{"PNU":1138010300102810100,"피해위치(":"서울특별시 은평구 불광동 281-70 지하 102호","피해일시":"20250813 - 1200","F_SHIM":0.1,"F_AREA":121.02038762,"F_AVR_HGT":"30.229314422607423","ADM_CD":"1138010300","F_YR":"2025","F_ZONE_NM":"서울특별시 은평구 불광동 281-70 지하 102호","TYPE":"주택","TYPE2":"재난지원금"},"geometry":{"type":"Polygon","coordinates":[[[126.93068812030859,37.610865005452126],[126.93079893830279,37.61092832081149],[126.93086311444671,37.61085114513451],[126.93075206709771,37.610790893034256],[126.93068812030859,37.610865005452126]]]}},{"type":"Feature","properties":{"PNU":1138010300106060000,"피해위치(":"서울특별시 은평구 불광동 606-7 지층 02호","피해일시":"20250813 - 1200","F_SHIM":0.1,"F_AREA":167.3618863,"F_AVR_HGT":"35.43721160888672","ADM_CD":"1138010300","F_YR":"2025","F_ZONE_NM":"서울특별시 은평구 불광동 606-7 지층 02호","TYPE":"주택","TYPE2":"재난지원금"},"geometry":{"type":"Polygon","coordinates":[[[126.93250797743795,37.610806078268936],[126.93251192562596,37.61070057563891],[126.93245405421673,37.610697928940084],[126.93245043019093,37.61069774662291],[126.93247348637735,37.61062721325803],[126.93244324855007,37.61062557379707],[126.93243498086905,37.61062556895775],[126.93240952167736,37.610722679863706],[126.93240747281402,37.610733760736935],[126.932365795999,37.610732204655086],[126.93234659030477,37.610802830352654],[126.9324787572607,37.61080615127705],[126.93250797743795,37.610806078268936]]]}},{"type":"Feature","properties":{"PNU":1141011900103120000,"피해위치(":"서울특별시 서대문구 북가좌동 312-2 예원빌라 b01호","피해일시":"20250813 - 1140","F_SHIM":0.5,"F_AREA":211.09223763,"F_AVR_HGT":"14.584845542907715","ADM_CD":"1141011900","F_YR":"2025","F_ZONE_NM":"서울특별시 서대문구 북가좌동 312-2 예원빌라 b01호","TYPE":"주택","TYPE2":"재난지원금"},"geometry":{"type":"Polygon","coordinates":[[[126.91066898819408,37.5801196466415],[126.91060948736518,37.58004334137052],[126.91056559824332,37.579985653461556],[126.91051161769667,37.57997819674443],[126.91044400200275,37.58001180544249],[126.91051019689125,37.58009448592979],[126.91056806967529,37.58016895198412],[126.91066898819408,37.5801196466415]]]}},{"type":"Feature","properties":{"PNU":1141011900103160000,"피해위치(":"서울특별시 서대문구 북가좌동 316-18 B101","피해일시":"20250813 - 1200","F_SHIM":0.5,"F_AREA":113.29592929,"F_AVR_HGT":"16.76238250732422","ADM_CD":"1141011900","F_YR":"2025","F_ZONE_NM":"서울특별시 서대문구 북가좌동 316-18 B101","TYPE":"주택","TYPE2":"재난지원금"},"geometry":{"type":"Polygon","coordinates":[[[126.90903958377571,37.57892924184755],[126.90904028661127,37.57892847655976],[126.90904971302191,37.578922402286075],[126.90906012544173,37.578915436807456],[126.90907973800562,37.578902270736506],[126.90910277242102,37.57888669269775],[126.90912645236688,37.57887090793281],[126.90912940859137,37.578869693914896],[126.90904699675063,37.57879365822488],[126.9089592776353,37.57885319873672],[126.90903958377571,37.57892924184755]]]}},{"type":"Feature","properties":{"PNU":1141011900103430000,"피해위치(":"서울특별시 서대문구 북가좌동 343-20  빌라 B102호","피해일시":"20250813 - 1130","F_SHIM":0.5,"F_AREA":198.05077525,"F_AVR_HGT":"13.140924453735352","ADM_CD":"1141011900","F_YR":"2025","F_ZONE_NM":"서울특별시 서대문구 북가좌동 343-20  빌라 B102호","TYPE":"주택","TYPE2":"재난지원금"},"geometry":{"type":"Polygon","coordinates":[[[126.91072150598914,37.58324291857815],[126.91082606339704,37.58317440691397],[126.91070636496983,37.58305999783288],[126.91060145549834,37.5831294551562],[126.91072150598914,37.58324291857815]]]}},{"type":"Feature","properties":{"PNU":1141011900103310100,"피해위치(":"서울특별시 서대문구 북가좌동 331-25 ㅇㅇ빌라 지하호","피해일시":"20250813 - 1116","F_SHIM":0.5,"F_AREA":120.25860619,"F_AVR_HGT":"13.883034706115723","ADM_CD":"1141011900","F_YR":"2025","F_ZONE_NM":"서울특별시 서대문구 북가좌동 331-25 ㅇㅇ빌라 지하호","TYPE":"주택","TYPE2":"재난지원금"},"geometry":{"type":"Polygon","coordinates":[[[126.91238937997697,37.583956346671016],[126.91228892972062,37.5838660370831],[126.91221243335733,37.583920155498305],[126.91230952295274,37.5840089039059],[126.91238937997697,37.583956346671016]]]}},{"type":"Feature","properties":{"PNU":1141011900103160000,"피해위치(":"서울특별시 서대문구 북가좌동 316-1 B02호","피해일시":"20250813 - 1200","F_SHIM":0.5,"F_AREA":122.15371345,"F_AVR_HGT":"15.1702241897583","ADM_CD":"1141011900","F_YR":"2025","F_ZONE_NM":"서울특별시 서대문구 북가좌동 316-1 B02호","TYPE":"주택","TYPE2":"재난지원금"},"geometry":{"type":"Polygon","coordinates":[[[126.9093381197336,37.57860241729543],[126.90941991020692,37.57867748824457],[126.90944096155529,37.57866336818994],[126.90947916551413,37.57863868392587],[126.90948312015536,37.57863567771457],[126.90949283270575,37.57859021250507],[126.90944727263665,37.578530243368924],[126.9093381197336,37.57860241729543]]]}},{"type":"Feature","properties":{"PNU":1141011900103370000,"피해위치(":"서울특별시 서대문구 북가좌동 337-20  빌라  지하호","피해일시":"20250813 - 1121","F_SHIM":0.5,"F_AREA":115.67006893,"F_AVR_HGT":"19.773353576660156","ADM_CD":"1141011900","F_YR":"2025","F_ZONE_NM":"서울특별시 서대문구 북가좌동 337-20  빌라  지하호","TYPE":"주택","TYPE2":"재난지원금"},"geometry":{"type":"Polygon","coordinates":[[[126.91352443517988,37.58479193423147],[126.91363339282266,37.584745659699145],[126.91358258991642,37.58467083106474],[126.91357604600954,37.58466119465545],[126.91355386688478,37.58467080966495],[126.91346768765352,37.58470819037094],[126.91352443517988,37.58479193423147]]]}},{"type":"Feature","properties":{"PNU":1141011900103390100,"피해위치(":"서울특별시 서대문구 북가좌동 339-42  빌라 지하호","피해일시":"20250813 - 1130","F_SHIM":0.5,"F_AREA":198.71063677,"F_AVR_HGT":"15.12720012664795","ADM_CD":"1141011900","F_YR":"2025","F_ZONE_NM":"서울특별시 서대문구 북가좌동 339-42  빌라 지하호","TYPE":"주택","TYPE2":"재난지원금"},"geometry":{"type":"Polygon","coordinates":[[[126.91377769613479,37.585934527104534],[126.91388525194002,37.585887773785416],[126.91380106115287,37.585763645583825],[126.9137982125585,37.58575980526977],[126.91369305852838,37.585805352977324],[126.91357705297943,37.585855208226604],[126.91358774426119,37.585871515014205],[126.91370129153147,37.5858229012855],[126.91377769613479,37.585934527104534]]]}},{"type":"Feature","properties":{"PNU":1141011900103390100,"피해위치(":"서울특별시 서대문구 북가좌동 339-24 반석빌라 지하동 우측호","피해일시":"20250823 - 1634","F_SHIM":0.5,"F_AREA":160.376371,"F_AVR_HGT":"15.12720012664795","ADM_CD":"1141011900","F_YR":"2025","F_ZONE_NM":"서울특별시 서대문구 북가좌동 339-24 반석빌라 지하동 우측호","TYPE":"주택","TYPE2":"재난지원금"},"geometry":{"type":"Polygon","coordinates":[[[126.91362169934717,37.58568781138474],[126.9135538458927,37.58558350783336],[126.91343197247532,37.58563626875186],[126.91350150005685,37.58574174490144],[126.91362169934717,37.58568781138474]]]}},{"type":"Feature","properties":{"PNU":1141011900103400100,"피해위치(":"서울특별시 서대문구 북가좌동 340-9 동화빌라 지하호","피해일시":"20250813 - 1100","F_SHIM":0.5,"F_AREA":165.21274621,"F_AVR_HGT":"14.303500175476074","ADM_CD":"1141011900","F_YR":"2025","F_ZONE_NM":"서울특별시 서대문구 북가좌동 340-9 동화빌라 지하호","TYPE":"주택","TYPE2":"재난지원금"},"geometry":{"type":"Polygon","coordinates":[[[126.91336993061844,37.58565407095851],[126.91330440391205,37.58555478748895],[126.91324806514658,37.5855368878458],[126.91317790163045,37.58556763103736],[126.91326785756162,37.58569830515018],[126.91336993061844,37.58565407095851]]]}},{"type":"Feature","properties":{"PNU":1141011900103360000,"피해위치(":"서울특별시 서대문구 북가좌동 336-47 건영그린빌라 지층호","피해일시":"20250813 - 1130","F_SHIM":0.5,"F_AREA":197.44057705,"F_AVR_HGT":"17.275165557861328","ADM_CD":"1141011900","F_YR":"2025","F_ZONE_NM":"서울특별시 서대문구 북가좌동 336-47 건영그린빌라 지층호","TYPE":"주택","TYPE2":"재난지원금"},"geometry":{"type":"Polygon","coordinates":[[[126.91394871366121,37.58541180331839],[126.91406507048202,37.58536089380701],[126.9139663813258,37.58522325820978],[126.9138881072167,37.585258104302966],[126.91387310844685,37.58530421460813],[126.91394871366121,37.58541180331839]]]}},{"type":"Feature","properties":{"PNU":1141011900103310000,"피해위치(":"서울특별시 서대문구 북가좌동 331-14   빌라 지하호","피해일시":"20250813 - 1143","F_SHIM":0.5,"F_AREA":125.83198711,"F_AVR_HGT":"13.883034706115723","ADM_CD":"1141011900","F_YR":"2025","F_ZONE_NM":"서울특별시 서대문구 북가좌동 331-14   빌라 지하호","TYPE":"주택","TYPE2":"재난지원금"},"geometry":{"type":"Polygon","coordinates":[[[126.9119847987442,37.58419728839462],[126.91205682441257,37.58426543047492],[126.91216968061543,37.58418756268221],[126.91210032098995,37.58412428801113],[126.9119847987442,37.58419728839462]]]}},{"type":"Feature","properties":{"PNU":1141011900103420000,"피해위치(":"서울특별시 서대문구 북가좌동 342-11 ㅇㅇ연립 지하호","피해일시":"20250813 - 1149","F_SHIM":0.5,"F_AREA":154.80825836,"F_AVR_HGT":"13.883034706115723","ADM_CD":"1141011900","F_YR":"2025","F_ZONE_NM":"서울특별시 서대문구 북가좌동 342-11 ㅇㅇ연립 지하호","TYPE":"주택","TYPE2":"재난지원금"},"geometry":{"type":"Polygon","coordinates":[[[126.9114150364699,37.58417179847655],[126.91150075602252,37.58425324989345],[126.91161432470088,37.58417650039714],[126.91158581571536,37.58414928693892],[126.91152750613958,37.584095696933375],[126.9114150364699,37.58417179847655]]]}},{"type":"Feature","properties":{"PNU":1141011900103420000,"피해위치(":"서울특별시 서대문구 북가좌동 342-5 ㅇㅇ빌라 지하호","피해일시":"20250813 - 1133","F_SHIM":0.5,"F_AREA":160.16078081,"F_AVR_HGT":"13.883034706115723","ADM_CD":"1141011900","F_YR":"2025","F_ZONE_NM":"서울특별시 서대문구 북가좌동 342-5 ㅇㅇ빌라 지하호","TYPE":"주택","TYPE2":"재난지원금"},"geometry":{"type":"Polygon","coordinates":[[[126.91185298597703,37.58415577004379],[126.91176615828275,37.584072948540644],[126.91165028930969,37.584151633552246],[126.91173735579112,37.58423356334546],[126.91185298597703,37.58415577004379]]]}},{"type":"Feature","properties":{"PNU":1141011900103420000,"피해위치(":"서울특별시 서대문구 북가좌동 342-6 ㅇㅇ빌라 지하호","피해일시":"20250813 - 1147","F_SHIM":0.5,"F_AREA":159.83790958,"F_AVR_HGT":"13.883034706115723","ADM_CD":"1141011900","F_YR":"2025","F_ZONE_NM":"서울특별시 서대문구 북가좌동 342-6 ㅇㅇ빌라 지하호","TYPE":"주택","TYPE2":"재난지원금"},"geometry":{"type":"Polygon","coordinates":[[[126.91165028930969,37.584151633552246],[126.91176615828275,37.584072948540644],[126.91168145797603,37.58399117373472],[126.91156413913316,37.58407047923955],[126.91161913201599,37.58412363422838],[126.91165028930969,37.584151633552246]]]}},{"type":"Feature","properties":{"PNU":1141011900103310000,"피해위치(":"서울특별시 서대문구 증가로32안길 23 ㅇㅇ연립 B103호 (북가좌동)","피해일시":"20250813","F_SHIM":0.3,"F_AREA":174.19352998,"F_AVR_HGT":"15.626389312744141","ADM_CD":"1141011900","F_YR":"2025","F_ZONE_NM":"서울특별시 서대문구 증가로32안길 23 ㅇㅇ연립 B103호 (북가좌동)","TYPE":"주택","TYPE2":"풍수해보험금"},"geometry":{"type":"Polygon","coordinates":[[[126.91265422275575,37.58410118154408],[126.91280636156192,37.58399667353254],[126.91273694001042,37.583928038322675],[126.91262271315705,37.584007356216276],[126.91258282796336,37.58403534682443],[126.91265422275575,37.58410118154408]]]}},{"type":"Feature","properties":{"PNU":1141011900103310000,"피해위치(":"서울특별시 서대문구 북가좌동 331-8  빌라  지하호","피해일시":"20250813 - 1142","F_SHIM":0.5,"F_AREA":125.8885591,"F_AVR_HGT":"15.82638931274414","ADM_CD":"1141011900","F_YR":"2025","F_ZONE_NM":"서울특별시 서대문구 북가좌동 331-8  빌라  지하호","TYPE":"주택","TYPE2":"재난지원금"},"geometry":{"type":"Polygon","coordinates":[[[126.91240799131403,37.58409991474691],[126.9124314027862,37.584082210031745],[126.91244530633408,37.5840721565151],[126.91250095847637,37.58405708896686],[126.91241284790063,37.58397673567063],[126.91238937997697,37.583956346671016],[126.91230952295274,37.5840089039059],[126.91240799131403,37.58409991474691]]]}},{"type":"Feature","properties":{"PNU":1141011900103420000,"피해위치(":"서울특별시 서대문구 북가좌동 342-7 ㅇㅇ빌라 지하호","피해일시":"20250813 - 1117","F_SHIM":0.5,"F_AREA":160.43219881,"F_AVR_HGT":"13.883034706115723","ADM_CD":"1141011900","F_YR":"2025","F_ZONE_NM":"서울특별시 서대문구 북가좌동 342-7 ㅇㅇ빌라 지하호","TYPE":"주택","TYPE2":"재난지원금"},"geometry":{"type":"Polygon","coordinates":[[[126.91168145797603,37.58399117373472],[126.91159574965263,37.583909884631396],[126.91147801177586,37.58398933389022],[126.91156413913316,37.58407047923955],[126.91168145797603,37.58399117373472]]]}},{"type":"Feature","properties":{"PNU":1141011900103100000,"피해위치(":"서울특별시 서대문구 북가좌동 310-8 ㅇㅇ빌라 B03호","피해일시":"20250813 - 1100","F_SHIM":0.5,"F_AREA":386.32433825,"F_AVR_HGT":"14.049822807312012","ADM_CD":"1141011900","F_YR":"2025","F_ZONE_NM":"서울특별시 서대문구 북가좌동 310-8 ㅇㅇ빌라 B03호","TYPE":"주택","TYPE2":"재난지원금"},"geometry":{"type":"Polygon","coordinates":[[[126.91059016166432,37.58123562834944],[126.91061597780266,37.58122307947727],[126.91075766674379,37.5811537765376],[126.91069415474412,37.58107027837023],[126.9106278390226,37.580983678617145],[126.91059674430393,37.580998719158345],[126.9104632562569,37.58106452339708],[126.91045839658402,37.581066916271354],[126.91052271303776,37.581149658357326],[126.91059016166432,37.58123562834944]]]}},{"type":"Feature","properties":{"PNU":1141011900103240100,"피해위치(":"서울특별시 서대문구 북가좌동 324-18 임창빌라 지하2호","피해일시":"20250813 - 1130","F_SHIM":0.5,"F_AREA":169.27866548,"F_AVR_HGT":"13.372238159179688","ADM_CD":"1141011900","F_YR":"2025","F_ZONE_NM":"서울특별시 서대문구 북가좌동 324-18 임창빌라 지하2호","TYPE":"주택","TYPE2":"재난지원금"},"geometry":{"type":"Polygon","coordinates":[[[126.91023005388301,37.582092719588026],[126.91037868894139,37.58201998972983],[126.91031324176616,37.58193561591939],[126.91029342916013,37.581945241159154],[126.91016510487,37.582008409150816],[126.9101736388951,37.582019479860534],[126.91021756367172,37.582076510203656],[126.91023005388301,37.582092719588026]]]}},{"type":"Feature","properties":{"PNU":1141011900103110000,"피해위치(":"서울특별시 서대문구 북가좌동 311-21 ㅇㅇ연립 지층102호","피해일시":"20250813 - 1100","F_SHIM":0.5,"F_AREA":167.51920372,"F_AVR_HGT":"13.55466365814209","ADM_CD":"1141011900","F_YR":"2025","F_ZONE_NM":"서울특별시 서대문구 북가좌동 311-21 ㅇㅇ연립 지층102호","TYPE":"주택","TYPE2":"재난지원금"},"geometry":{"type":"Polygon","coordinates":[[[126.91008877152629,37.580948141912835],[126.91002446818277,37.58086447158252],[126.90987549593352,37.58093680431458],[126.90994090889363,37.58102026835893],[126.91008877152629,37.580948141912835]]]}},{"type":"Feature","properties":{"PNU":1141011900103110000,"피해위치(":"서울특별시 서대문구 북가좌동 311-28 백산빌라 지하호","피해일시":"20250813 - 1100","F_SHIM":0.5,"F_AREA":192.75535418,"F_AVR_HGT":"14.049822807312012","ADM_CD":"1141011900","F_YR":"2025","F_ZONE_NM":"서울특별시 서대문구 북가좌동 311-28 백산빌라 지하호","TYPE":"주택","TYPE2":"재난지원금"},"geometry":{"type":"Polygon","coordinates":[[[126.91052383371526,37.58097300290016],[126.91046631033166,37.580899338981055],[126.91042800325354,37.58085000747469],[126.91031090817388,37.580906607104005],[126.91039029922446,37.58101187654983],[126.9104307875668,37.58101783628499],[126.91052383371526,37.58097300290016]]]}},{"type":"Feature","properties":{"PNU":1141011900103240100,"피해위치(":"서울특별시 서대문구 북가좌동 324-17 임창빌라 B01호","피해일시":"20250813 - 1100","F_SHIM":0.5,"F_AREA":167.01918954,"F_AVR_HGT":"13.874510765075684","ADM_CD":"1141011900","F_YR":"2025","F_ZONE_NM":"서울특별시 서대문구 북가좌동 324-17 임창빌라 B01호","TYPE":"주택","TYPE2":"재난지원금"},"geometry":{"type":"Polygon","coordinates":[[[126.91037868894139,37.58201998972983],[126.91052509109124,37.581949177062185],[126.91045970104402,37.581864289813964],[126.91033120785185,37.5819269352851],[126.91031324176616,37.58193561591939],[126.91037868894139,37.58201998972983]]]}},{"type":"Feature","properties":{"PNU":1141011900103100000,"피해위치(":"서울특별시 서대문구 북가좌동 310-28 지하층","피해일시":"20250813 - 1100","F_SHIM":0.5,"F_AREA":117.10538842,"F_AVR_HGT":"13.55466365814209","ADM_CD":"1141011900","F_YR":"2025","F_ZONE_NM":"서울특별시 서대문구 북가좌동 310-28 지하층","TYPE":"주택","TYPE2":"재난지원금"},"geometry":{"type":"Polygon","coordinates":[[[126.91017171435738,37.58132442182165],[126.91028109837065,37.581269564288256],[126.91021516334807,37.581186667653],[126.91014464634658,37.581221805604166],[126.91012712272604,37.581266886386025],[126.91017171435738,37.58132442182165]]]}},{"type":"Feature","properties":{"PNU":1141011900103250000,"피해위치(":"서울특별시 서대문구 북가좌동 325-31 ㅇㅇ빌라 지하호","피해일시":"20250813 - 1130","F_SHIM":0.5,"F_AREA":185.16805159,"F_AVR_HGT":"15.245762825012207","ADM_CD":"1141011900","F_YR":"2025","F_ZONE_NM":"서울특별시 서대문구 북가좌동 325-31 ㅇㅇ빌라 지하호","TYPE":"주택","TYPE2":"재난지원금"},"geometry":{"type":"Polygon","coordinates":[[[126.91166424164255,37.58223588737597],[126.91176990807543,37.582184728693754],[126.91170305690683,37.582099057168236],[126.91166806096815,37.58205352174307],[126.91156418313997,37.58210490694472],[126.91166424164255,37.58223588737597]]]}},{"type":"Feature","properties":{"PNU":1141011900103240100,"피해위치(":"서울특별시 서대문구 북가좌동 324-3 ㅇㅇ빌라 지하호","피해일시":"20250813 - 1130","F_SHIM":0.5,"F_AREA":165.41316075,"F_AVR_HGT":"13.874510765075684","ADM_CD":"1141011900","F_YR":"2025","F_ZONE_NM":"서울특별시 서대문구 북가좌동 324-3 ㅇㅇ빌라 지하호","TYPE":"주택","TYPE2":"재난지원금"},"geometry":{"type":"Polygon","coordinates":[[[126.91053748722493,37.58219159685249],[126.91066558411633,37.58212923016039],[126.91059102477264,37.58203401063259],[126.91046255420534,37.582096521114345],[126.91053748722493,37.58219159685249]]]}},{"type":"Feature","properties":{"PNU":1141011900103240100,"피해위치(":"서울특별시 서대문구 북가좌동 324-42 임창빌라 지하101호","피해일시":"20250813 - 1100","F_SHIM":0.5,"F_AREA":171.46139091,"F_AVR_HGT":"13.874510765075684","ADM_CD":"1141011900","F_YR":"2025","F_ZONE_NM":"서울특별시 서대문구 북가좌동 324-42 임창빌라 지하101호","TYPE":"주택","TYPE2":"재난지원금"},"geometry":{"type":"Polygon","coordinates":[[[126.91029523948092,37.5821781023443],[126.91042485464294,37.58211488115011],[126.91044465612039,37.5821051207321],[126.91037868894139,37.58201998972983],[126.91023005388301,37.582092719588026],[126.91024053193964,37.58210644970426],[126.91029523948092,37.5821781023443]]]}},{"type":"Feature","properties":{"PNU":1141011900103240100,"피해위치(":"서울특별시 서대문구 북가좌동 324-45 D동","피해일시":"20250813 - 1100","F_SHIM":0.5,"F_AREA":167.90508945,"F_AVR_HGT":"13.874510765075684","ADM_CD":"1141011900","F_YR":"2025","F_ZONE_NM":"서울특별시 서대문구 북가좌동 324-45 D동","TYPE":"주택","TYPE2":"재난지원금"},"geometry":{"type":"Polygon","coordinates":[[[126.91044465612039,37.5821051207321],[126.91046255420534,37.582096521114345],[126.91059102477264,37.58203401063259],[126.91052509109124,37.581949177062185],[126.91037868894139,37.58201998972983],[126.91044465612039,37.5821051207321]]]}},{"type":"Feature","properties":{"PNU":1141011900103850000,"피해위치(":"서울특별시 서대문구 북가좌동 385-21 지하층","피해일시":"20250813 - 1100","F_SHIM":0.5,"F_AREA":121.93466783,"F_AVR_HGT":"22.52025604248047","ADM_CD":"1141011900","F_YR":"2025","F_ZONE_NM":"서울특별시 서대문구 북가좌동 385-21 지하층","TYPE":"주택","TYPE2":"재난지원금"},"geometry":{"type":"Polygon","coordinates":[[[126.90613148994818,37.575421558695474],[126.90619537161055,37.57548260709957],[126.90629371440072,37.57541754511654],[126.90621139897937,37.575342156194424],[126.90613401798014,37.57539209846903],[126.90613148994818,37.575421558695474]]]}},{"type":"Feature","properties":{"PNU":1141011900103440000,"피해위치(":"서울특별시 서대문구 북가좌동 344-1 우성빌라 B01호","피해일시":"20250813 - 1130","F_SHIM":0.5,"F_AREA":230.9907776,"F_AVR_HGT":"13.679835319519043","ADM_CD":"1141011900","F_YR":"2025","F_ZONE_NM":"서울특별시 서대문구 북가좌동 344-1 우성빌라 B01호","TYPE":"주택","TYPE2":"재난지원금"},"geometry":{"type":"Polygon","coordinates":[[[126.91019220952157,37.58286910578481],[126.9102748714863,37.58294890693917],[126.9103973676558,37.58286644423684],[126.91042220451308,37.58284972309116],[126.91042834063461,37.582803318052314],[126.91037124537742,37.58274886345507],[126.91019220952157,37.58286910578481]]]}},{"type":"Feature","properties":{"PNU":1141011900103150000,"피해위치(":"서울특별시 서대문구 북가좌동 315-4 ㅇㅇ연립 지층101호","피해일시":"20250813 - 1200","F_SHIM":0.5,"F_AREA":117.64480965,"F_AVR_HGT":"14.13155460357666","ADM_CD":"1141011900","F_YR":"2025","F_ZONE_NM":"서울특별시 서대문구 북가좌동 315-4 ㅇㅇ연립 지층101호","TYPE":"주택","TYPE2":"재난지원금"},"geometry":{"type":"Polygon","coordinates":[[[126.90954655040497,37.579141829176145],[126.9096330000017,37.57910190171395],[126.90963621693786,37.57910041759036],[126.90956970188617,37.5790034106687],[126.90947422472446,37.57904736746555],[126.90954382053732,37.57914308843015],[126.90954655040497,37.579141829176145]]]}},{"type":"Feature","properties":{"PNU":1141011900103150100,"피해위치(":"서울특별시 서대문구 북가좌동 315-34 한오빌라 B01호","피해일시":"20250813 - 1200","F_SHIM":0.5,"F_AREA":150.84107047,"F_AVR_HGT":"14.273368835449219","ADM_CD":"1141011900","F_YR":"2025","F_ZONE_NM":"서울특별시 서대문구 북가좌동 315-34 한오빌라 B01호","TYPE":"주택","TYPE2":"재난지원금"},"geometry":{"type":"Polygon","coordinates":[[[126.90928129679898,37.57940422367904],[126.90921496498395,37.579314839049395],[126.9090891425756,37.579371791053006],[126.90915559414572,37.57946495998823],[126.90928129679898,37.57940422367904]]]}},{"type":"Feature","properties":{"PNU":1141011900103120000,"피해위치(":"서울특별시 서대문구 북가좌동 312-1 성암빌라 지하호","피해일시":"20250813 - 1100","F_SHIM":0.5,"F_AREA":116.9735069,"F_AVR_HGT":"14.584845542907715","ADM_CD":"1141011900","F_YR":"2025","F_ZONE_NM":"서울특별시 서대문구 북가좌동 312-1 성암빌라 지하호","TYPE":"주택","TYPE2":"재난지원금"},"geometry":{"type":"Polygon","coordinates":[[[126.9105627218886,37.58042375574216],[126.91048849134276,37.58032963557929],[126.91038300850964,37.58038020763246],[126.91048443645064,37.580461437706354],[126.9105627218886,37.58042375574216]]]}},{"type":"Feature","properties":{"PNU":1141011900103120000,"피해위치(":"서울특별시 서대문구 북가좌동 312-13 하이팰리스빌라 101호","피해일시":"20250813 - 1100","F_SHIM":0.5,"F_AREA":150.07807194,"F_AVR_HGT":"13.716182708740234","ADM_CD":"1141011900","F_YR":"2025","F_ZONE_NM":"서울특별시 서대문구 북가좌동 312-13 하이팰리스빌라 101호","TYPE":"주택","TYPE2":"재난지원금"},"geometry":{"type":"Polygon","coordinates":[[[126.90996940181736,37.580393402398514],[126.9098868079214,37.58028833740004],[126.90978061972183,37.580341449148435],[126.90986250359441,37.58044382873044],[126.90996940181736,37.580393402398514]]]}},{"type":"Feature","properties":{"PNU":1141011900103130000,"피해위치(":"서울특별시 서대문구 북가좌동 313-13 충우빌라 지하호","피해일시":"20250813 - 1200","F_SHIM":0.5,"F_AREA":206.05924372,"F_AVR_HGT":"13.716182708740234","ADM_CD":"1141011900","F_YR":"2025","F_ZONE_NM":"서울특별시 서대문구 북가좌동 313-13 충우빌라 지하호","TYPE":"주택","TYPE2":"재난지원금"},"geometry":{"type":"Polygon","coordinates":[[[126.90966560567989,37.580335440237164],[126.90959829258603,37.58025125376267],[126.9094170226696,37.58034168861158],[126.90946039008043,37.580399592773546],[126.90951743381805,37.58041111580542],[126.90966560567989,37.580335440237164]]]}},{"type":"Feature","properties":{"PNU":1141011900103120000,"피해위치(":"서울특별시 서대문구 북가좌동 312-12  빌라 지하호","피해일시":"20250813 - 1100","F_SHIM":0.5,"F_AREA":152.25852861,"F_AVR_HGT":"13.716182708740234","ADM_CD":"1141011900","F_YR":"2025","F_ZONE_NM":"서울특별시 서대문구 북가좌동 312-12  빌라 지하호","TYPE":"주택","TYPE2":"재난지원금"},"geometry":{"type":"Polygon","coordinates":[[[126.91018475413279,37.58026038544281],[126.91009408676526,37.580184290053836],[126.90997649145298,37.58024325856439],[126.9100932478715,37.58033336656423],[126.91018475413279,37.58026038544281]]]}},{"type":"Feature","properties":{"PNU":1141011900103190000,"피해위치(":"서울특별시 서대문구 북가좌동 319-2 조운빌라 203호","피해일시":"20250813 - 1200","F_SHIM":0.5,"F_AREA":143.3773414,"F_AVR_HGT":"13.64626693725586","ADM_CD":"1141011900","F_YR":"2025","F_ZONE_NM":"서울특별시 서대문구 북가좌동 319-2 조운빌라 203호","TYPE":"주택","TYPE2":"재난지원금"},"geometry":{"type":"Polygon","coordinates":[[[126.90883660701257,37.579884200143894],[126.90874407227486,37.579799984362865],[126.90864619047956,37.579864661274954],[126.908738686059,37.57995303965696],[126.90883660701257,37.579884200143894]]]}},{"type":"Feature","properties":{"PNU":1141011900103170000,"피해위치(":"서울특별시 서대문구 거북골로24길 8 B1호 (북가좌동, )","피해일시":"20250813","F_SHIM":0.3,"F_AREA":168.84660855,"F_AVR_HGT":"14.820676612854005","ADM_CD":"1141011900","F_YR":"2025","F_ZONE_NM":"서울특별시 서대문구 거북골로24길 8 B1호 (북가좌동, )","TYPE":"주택","TYPE2":"풍수해보험금"},"geometry":{"type":"Polygon","coordinates":[[[126.90760885258025,37.579883265905735],[126.90752907858364,37.57980751958342],[126.90749619594186,37.5797768148204],[126.90739942182405,37.57984206821174],[126.90749117084833,37.57992875312153],[126.90753839938826,37.57993069180957],[126.90760885258025,37.579883265905735]]]}},{"type":"Feature","properties":{"PNU":1141011900103170000,"피해위치(":"서울특별시 서대문구 북가좌동 317-4 충우빌라 지하호","피해일시":"20250813 - 1200","F_SHIM":0.5,"F_AREA":147.49797444,"F_AVR_HGT":"15.020676612854004","ADM_CD":"1141011900","F_YR":"2025","F_ZONE_NM":"서울특별시 서대문구 북가좌동 317-4 충우빌라 지하호","TYPE":"주택","TYPE2":"재난지원금"},"geometry":{"type":"Polygon","coordinates":[[[126.90739942182405,37.57984206821174],[126.90749619594186,37.5797768148204],[126.90744843413862,37.579730898556086],[126.90740058171339,37.57968507229849],[126.90740032163903,37.579684828824895],[126.90739024855048,37.57969182145621],[126.90730527874727,37.579750804309256],[126.90732913664428,37.57977401473048],[126.90737681831583,37.57982059770857],[126.90739007053908,37.57983323109177],[126.90739942182405,37.57984206821174]]]}},{"type":"Feature","properties":{"PNU":1141011900103190000,"피해위치(":"서울특별시 서대문구 북가좌동 319-22 지층","피해일시":"20250813 - 1200","F_SHIM":0.5,"F_AREA":163.56301416,"F_AVR_HGT":"14.273368835449219","ADM_CD":"1141011900","F_YR":"2025","F_ZONE_NM":"서울특별시 서대문구 북가좌동 319-22 지층","TYPE":"주택","TYPE2":"재난지원금"},"geometry":{"type":"Polygon","coordinates":[[[126.90872371677024,37.57976388386846],[126.90883469840203,37.57968866662814],[126.9088190895101,37.57966827406514],[126.90875229006495,37.57960019713598],[126.90863402223029,37.579680976662026],[126.90872371677024,37.57976388386846]]]}},{"type":"Feature","properties":{"PNU":1141011900103200000,"피해위치(":"서울특별시 서대문구 북가좌동 320-17 거성빌라 지층2호","피해일시":"20250813 - 1100","F_SHIM":0.5,"F_AREA":173.97739485,"F_AVR_HGT":"13.716182708740234","ADM_CD":"1141011900","F_YR":"2025","F_ZONE_NM":"서울특별시 서대문구 북가좌동 320-17 거성빌라 지층2호","TYPE":"주택","TYPE2":"재난지원금"},"geometry":{"type":"Polygon","coordinates":[[[126.90926510994339,37.580531254592294],[126.90939043017605,37.580469878179976],[126.90940256289976,37.58042670338558],[126.9093581077249,37.580369591221206],[126.90920042415593,37.58044661945395],[126.90926510994339,37.580531254592294]]]}},{"type":"Feature","properties":{"PNU":1141011900103400100,"피해위치(":"서울특별시 서대문구 북가좌동 340-21 ㅇㅇ빌라 ㅇㅇ호","피해일시":"20250813 - 1123","F_SHIM":0.5,"F_AREA":98.22571574,"F_AVR_HGT":"13.944816589355469","ADM_CD":"1141011900","F_YR":"2025","F_ZONE_NM":"서울특별시 서대문구 북가좌동 340-21 ㅇㅇ빌라 ㅇㅇ호","TYPE":"주택","TYPE2":"재난지원금"},"geometry":{"type":"Polygon","coordinates":[[[126.91379362374248,37.586775824850456],[126.91398396475952,37.58669232769851],[126.91390852913473,37.58668040576216],[126.91380765795385,37.58666432935927],[126.91379362374248,37.586775824850456]]]}},{"type":"Feature","properties":{"PNU":1141011900103400100,"피해위치(":"서울특별시 서대문구 북가좌동 340-16 ㅇㅇ빌라 ㅇㅇ호","피해일시":"20250813 - 1130","F_SHIM":0.5,"F_AREA":138.71937767,"F_AVR_HGT":"13.944816589355469","ADM_CD":"1141011900","F_YR":"2025","F_ZONE_NM":"서울특별시 서대문구 북가좌동 340-16 ㅇㅇ빌라 ㅇㅇ호","TYPE":"주택","TYPE2":"재난지원금"},"geometry":{"type":"Polygon","coordinates":[[[126.9136184609195,37.58672806847532],[126.9136218054302,37.58673384628038],[126.91375785003733,37.586676185344025],[126.91374918192237,37.586662700161746],[126.91371598343372,37.58667446035891],[126.91371318099645,37.58666985424036],[126.91366023471795,37.58658721252764],[126.91359460210896,37.586615454594394],[126.91355557865448,37.586631868500966],[126.9136184609195,37.58672806847532]]]}},{"type":"Feature","properties":{"PNU":1141011900103400100,"피해위치(":"서울특별시 서대문구 북가좌동 340-1  빌라 지하호","피해일시":"20250813 - 1117","F_SHIM":0.5,"F_AREA":151.4599835,"F_AVR_HGT":"13.944816589355469","ADM_CD":"1141011900","F_YR":"2025","F_ZONE_NM":"서울특별시 서대문구 북가좌동 340-1  빌라 지하호","TYPE":"주택","TYPE2":"재난지원금"},"geometry":{"type":"Polygon","coordinates":[[[126.91398396475952,37.58669232769851],[126.91400622307137,37.586683235241935],[126.91401992520812,37.5866423586934],[126.9140152484562,37.58663335438519],[126.91381928773053,37.58656601349083],[126.91381687174687,37.58662767511958],[126.91381667731949,37.58663899134853],[126.9138154246865,37.58665479369727],[126.91390852913473,37.58668040576216],[126.91398396475952,37.58669232769851]]]}},{"type":"Feature","properties":{"PNU":1141011900103390100,"피해위치(":"서울특별시 서대문구 북가좌동 339-23 수도빌라 ㅇㅇ호","피해일시":"20250813 - 1130","F_SHIM":0.5,"F_AREA":152.54383214,"F_AVR_HGT":"17.275165557861328","ADM_CD":"1141011900","F_YR":"2025","F_ZONE_NM":"서울특별시 서대문구 북가좌동 339-23 수도빌라 ㅇㅇ호","TYPE":"주택","TYPE2":"재난지원금"},"geometry":{"type":"Polygon","coordinates":[[[126.91352574474429,37.58555502476411],[126.91345379997243,37.58544485268875],[126.9133736365687,37.58547807525622],[126.91335682150495,37.585518354762655],[126.91341107647452,37.585604006893604],[126.91352574474429,37.58555502476411]]]}},{"type":"Feature","properties":{"PNU":1141011900103380000,"피해위치(":"서울특별시 서대문구 북가좌동 338-8 ㅇㅇ연립 지하호","피해일시":"20250813 - 1100","F_SHIM":0.5,"F_AREA":135.59399076,"F_AVR_HGT":"14.900839805603027","ADM_CD":"1141011900","F_YR":"2025","F_ZONE_NM":"서울특별시 서대문구 북가좌동 338-8 ㅇㅇ연립 지하호","TYPE":"주택","TYPE2":"재난지원금"},"geometry":{"type":"Polygon","coordinates":[[[126.91322366640227,37.58490444094681],[126.9133153571198,37.58485000888469],[126.91330673272203,37.584838100423056],[126.91332619853098,37.584825257905464],[126.91327255146547,37.58474310200238],[126.91325810495304,37.58475274075603],[126.9131655659255,37.58481612793477],[126.91316787261891,37.584818607371105],[126.91322366640227,37.58490444094681]]]}},{"type":"Feature","properties":{"PNU":1141011900103370000,"피해위치(":"서울특별시 서대문구 북가좌동 337-22 ㅇㅇ빌라 지하호","피해일시":"20250813 - 1115","F_SHIM":0.5,"F_AREA":90.483079,"F_AVR_HGT":"17.275165557861328","ADM_CD":"1141011900","F_YR":"2025","F_ZONE_NM":"서울특별시 서대문구 북가좌동 337-22 ㅇㅇ빌라 지하호","TYPE":"주택","TYPE2":"재난지원금"},"geometry":{"type":"Polygon","coordinates":[[[126.91367775309385,37.5848114466331],[126.91363339282266,37.584745659699145],[126.91352443517988,37.58479193423147],[126.91356566628345,37.58485176336081],[126.91356992722197,37.5848580013545],[126.91367775309385,37.5848114466331]]]}},{"type":"Feature","properties":{"PNU":1141011900103380000,"피해위치(":"서울특별시 서대문구 북가좌동 338-9  빌라 지하호","피해일시":"20250813 - 1135","F_SHIM":0.5,"F_AREA":117.61732296,"F_AVR_HGT":"17.275165557861328","ADM_CD":"1141011900","F_YR":"2025","F_ZONE_NM":"서울특별시 서대문구 북가좌동 338-9  빌라 지하호","TYPE":"주택","TYPE2":"재난지원금"},"geometry":{"type":"Polygon","coordinates":[[[126.91332619853098,37.584825257905464],[126.91342866320144,37.58476470710227],[126.91336895365164,37.5846774651601],[126.91327255146547,37.58474310200238],[126.91332619853098,37.584825257905464]]]}},{"type":"Feature","properties":{"PNU":1141011900103380000,"피해위치(":"서울특별시 서대문구 북가좌동 338-3  빌라 지하호","피해일시":"20250813 - 1113","F_SHIM":0.5,"F_AREA":172.80922375,"F_AVR_HGT":"17.275165557861328","ADM_CD":"1141011900","F_YR":"2025","F_ZONE_NM":"서울특별시 서대문구 북가좌동 338-3  빌라 지하호","TYPE":"주택","TYPE2":"재난지원금"},"geometry":{"type":"Polygon","coordinates":[[[126.91355658820117,37.585196545685804],[126.9134970096906,37.58511297993253],[126.91359812994112,37.585011703443286],[126.91358123125183,37.58498851751179],[126.91339284138897,37.585177728111226],[126.91344324947204,37.585251466334036],[126.91355658820117,37.585196545685804]]]}},{"type":"Feature","properties":{"PNU":1141011900103410000,"피해위치(":"서울특별시 서대문구 북가좌동 341-8 그린빌라 지하호","피해일시":"20250813 - 1113","F_SHIM":0.5,"F_AREA":361.84130083,"F_AVR_HGT":"14.900839805603027","ADM_CD":"1141011900","F_YR":"2025","F_ZONE_NM":"서울특별시 서대문구 북가좌동 341-8 그린빌라 지하호","TYPE":"주택","TYPE2":"재난지원금"},"geometry":{"type":"Polygon","coordinates":[[[126.91244450955136,37.58502598416673],[126.91263414261847,37.58489743936052],[126.9125139399347,37.584783518295254],[126.91232509847993,37.58491289241565],[126.91242115694477,37.58500355002708],[126.91244450955136,37.58502598416673]]]}},{"type":"Feature","properties":{"PNU":1141011900103370000,"피해위치(":"서울특별시 서대문구 북가좌동 337-24 ㅇㅇ빌라 ㅇㅇ호","피해일시":"20250813 - 1100","F_SHIM":0.5,"F_AREA":109.38491661,"F_AVR_HGT":"17.275165557861328","ADM_CD":"1141011900","F_YR":"2025","F_ZONE_NM":"서울특별시 서대문구 북가좌동 337-24 ㅇㅇ빌라 ㅇㅇ호","TYPE":"주택","TYPE2":"재난지원금"},"geometry":{"type":"Polygon","coordinates":[[[126.91373207312978,37.58488977366384],[126.91367775309385,37.5848114466331],[126.91356992722197,37.5848580013545],[126.91361898822724,37.58493153127599],[126.9136232481896,37.584938607183375],[126.91373207312978,37.58488977366384]]]}},{"type":"Feature","properties":{"PNU":1141011900103370000,"피해위치(":"서울특별시 서대문구 북가좌동 337-11 지하층","피해일시":"20250813 - 1132","F_SHIM":0.5,"F_AREA":126.19022221,"F_AVR_HGT":"15.82638931274414","ADM_CD":"1141011900","F_YR":"2025","F_ZONE_NM":"서울특별시 서대문구 북가좌동 337-11 지하층","TYPE":"주택","TYPE2":"재난지원금"},"geometry":{"type":"Polygon","coordinates":[[[126.91331654561392,37.584485588190454],[126.91342686200991,37.58443890941792],[126.91336064734666,37.584347806394405],[126.91325441884736,37.584393893512],[126.91331654561392,37.584485588190454]]]}},{"type":"Feature","properties":{"PNU":1141011900103420000,"피해위치(":"서울특별시 서대문구 증가로32길 15  빌라 지하호 (북가좌동)","피해일시":"20250813","F_SHIM":0.3,"F_AREA":181.35179887,"F_AVR_HGT":"13.683034706115723","ADM_CD":"1141011900","F_YR":"2025","F_ZONE_NM":"서울특별시 서대문구 증가로32길 15  빌라 지하호 (북가좌동)","TYPE":"주택","TYPE2":"풍수해보험금"},"geometry":{"type":"Polygon","coordinates":[[[126.91197950017933,37.584433666928646],[126.91207597190174,37.58436730139368],[126.91195936734316,37.58425658998893],[126.91186196751629,37.58432276551804],[126.91197950017933,37.584433666928646]]]}},{"type":"Feature","properties":{"PNU":1141011900103430000,"피해위치(":"서울특별시 서대문구 북가좌동 343-14 뉴태광빌라 지하호","피해일시":"20250813 - 1130","F_SHIM":0.5,"F_AREA":190.54503433,"F_AVR_HGT":"13.140924453735352","ADM_CD":"1141011900","F_YR":"2025","F_ZONE_NM":"서울특별시 서대문구 북가좌동 343-14 뉴태광빌라 지하호","TYPE":"주택","TYPE2":"재난지원금"},"geometry":{"type":"Polygon","coordinates":[[[126.91036261373479,37.5833563373698],[126.91043050857829,37.58342135985078],[126.91046252348924,37.583423177510895],[126.91057774140441,37.58334930441706],[126.9105811242689,37.58332323249893],[126.91051366977867,37.58325914746796],[126.91050824308111,37.58326220663554],[126.91050392517117,37.58326585229841],[126.91049568867176,37.58327062117178],[126.91036261373479,37.5833563373698]]]}},{"type":"Feature","properties":{"PNU":1141011900103390100,"피해위치(":"서울특별시 서대문구 북가좌동 339-28 신안빌라 지하호","피해일시":"20250813 - 1134","F_SHIM":0.5,"F_AREA":173.53698211,"F_AVR_HGT":"13.944816589355469","ADM_CD":"1141011900","F_YR":"2025","F_ZONE_NM":"서울특별시 서대문구 북가좌동 339-28 신안빌라 지하호","TYPE":"주택","TYPE2":"재난지원금"},"geometry":{"type":"Polygon","coordinates":[[[126.91414930163268,37.58647734898975],[126.91407253474743,37.586364759098494],[126.9139515758914,37.58641889072088],[126.91398962202082,37.58647310418595],[126.91402761822519,37.58653132698522],[126.91414930163268,37.58647734898975]]]}},{"type":"Feature","properties":{"PNU":1141011900103390000,"피해위치(":"서울특별시 서대문구 북가좌동 339-1 ㅇㅇ빌라 지하호","피해일시":"20250813 - 1130","F_SHIM":0.5,"F_AREA":166.78050626,"F_AVR_HGT":"14.990073204040527","ADM_CD":"1141011900","F_YR":"2025","F_ZONE_NM":"서울특별시 서대문구 북가좌동 339-1 ㅇㅇ빌라 지하호","TYPE":"주택","TYPE2":"재난지원금"},"geometry":{"type":"Polygon","coordinates":[[[126.91448621299007,37.58647347135525],[126.91454571461215,37.58644983731899],[126.91456632526335,37.58640683046015],[126.9145050292063,37.58631856082389],[126.9143852037685,37.58637197293858],[126.91446395406449,37.58648319459188],[126.91448621299007,37.58647347135525]]]}},{"type":"Feature","properties":{"PNU":1141011900103400100,"피해위치(":"서울특별시 서대문구 북가좌동 340-30 동우빌라 지하호","피해일시":"20250813 - 1130","F_SHIM":0.5,"F_AREA":256.07365246,"F_AVR_HGT":"15.12720012664795","ADM_CD":"1141011900","F_YR":"2025","F_ZONE_NM":"서울특별시 서대문구 북가좌동 340-30 동우빌라 지하호","TYPE":"주택","TYPE2":"재난지원금"},"geometry":{"type":"Polygon","coordinates":[[[126.91357761747972,37.58637628444061],[126.91378839824914,37.58628896462618],[126.91372431748466,37.58619151147442],[126.91351267494542,37.586280109932495],[126.91356985286323,37.586364773075125],[126.91357761747972,37.58637628444061]]]}},{"type":"Feature","properties":{"PNU":1141011900103390100,"피해위치(":"서울특별시 서대문구 북가좌동 339-36  빌라 지하호","피해일시":"20250813 - 1136","F_SHIM":0.5,"F_AREA":191.97791182,"F_AVR_HGT":"15.12720012664795","ADM_CD":"1141011900","F_YR":"2025","F_ZONE_NM":"서울특별시 서대문구 북가좌동 339-36  빌라 지하호","TYPE":"주택","TYPE2":"재난지원금"},"geometry":{"type":"Polygon","coordinates":[[[126.91388465832748,37.58610441524635],[126.91382407407417,37.58601829913568],[126.91378547438164,37.58596335540378],[126.91368051201,37.58600934472359],[126.91376640584443,37.586139123449364],[126.91379558905932,37.58614304640576],[126.91388465832748,37.58610441524635]]]}},{"type":"Feature","properties":{"PNU":1141011900103400100,"피해위치(":"서울특별시 서대문구 북가좌동 340-17  빌라 지하호","피해일시":"20250813 - 1130","F_SHIM":0.5,"F_AREA":135.24880539,"F_AVR_HGT":"13.944816589355469","ADM_CD":"1141011900","F_YR":"2025","F_ZONE_NM":"서울특별시 서대문구 북가좌동 340-17  빌라 지하호","TYPE":"주택","TYPE2":"재난지원금"},"geometry":{"type":"Polygon","coordinates":[[[126.91381687174687,37.58662767511958],[126.91381928773053,37.58656601349083],[126.91381782301809,37.58652132353882],[126.91370595179518,37.586568758329534],[126.91366023471795,37.58658721252764],[126.91371318099645,37.58666985424036],[126.91381687174687,37.58662767511958]]]}},{"type":"Feature","properties":{"PNU":1141011900103400100,"피해위치(":"서울특별시 서대문구 북가좌동 340-2   빌라  호","피해일시":"20250813 - 1125","F_SHIM":0.5,"F_AREA":137.31926982,"F_AVR_HGT":"13.944816589355469","ADM_CD":"1141011900","F_YR":"2025","F_ZONE_NM":"서울특별시 서대문구 북가좌동 340-2   빌라  호","TYPE":"주택","TYPE2":"재난지원금"},"geometry":{"type":"Polygon","coordinates":[[[126.91381928773053,37.58656601349083],[126.9140152484562,37.58663335438519],[126.91391693900184,37.58647951934383],[126.91381782301809,37.58652132353882],[126.91381928773053,37.58656601349083]]]}},{"type":"Feature","properties":{"PNU":1141011900103150000,"피해위치(":"서울특별시 서대문구 거북골로20길 17-8   빌라 101호 (북가좌동)","피해일시":"20250813","F_SHIM":0.3,"F_AREA":103.77604772,"F_AVR_HGT":"13.93155460357666","ADM_CD":"1141011900","F_YR":"2025","F_ZONE_NM":"서울특별시 서대문구 거북골로20길 17-8   빌라 101호 (북가좌동)","TYPE":"주택","TYPE2":"풍수해보험금"},"geometry":{"type":"Polygon","coordinates":[[[126.90929755711512,37.57919939716032],[126.90939566685368,37.57915069436438],[126.90942551563252,37.579135752271064],[126.90938738097617,37.57908559164018],[126.90936831234787,37.57907995460286],[126.90925207538908,37.579139986627666],[126.90925314913208,37.57914139300544],[126.90929755711512,37.57919939716032]]]}},{"type":"Feature","properties":{"PNU":1141011900103240100,"피해위치(":"서울특별시 서대문구 북가좌동 324-2 임창빌라 지하호","피해일시":"20250813 - 1130","F_SHIM":0.5,"F_AREA":167.95108729,"F_AVR_HGT":"13.874510765075684","ADM_CD":"1141011900","F_YR":"2025","F_ZONE_NM":"서울특별시 서대문구 북가좌동 324-2 임창빌라 지하호","TYPE":"주택","TYPE2":"재난지원금"},"geometry":{"type":"Polygon","coordinates":[[[126.91049934553267,37.58221042508357],[126.91042485464294,37.58211488115011],[126.91029523948092,37.5821781023443],[126.91036773764405,37.58227370788883],[126.91049934553267,37.58221042508357]]]}},{"type":"Feature","properties":{"PNU":1138010700101190000,"피해위치(":"서울특별시 은평구 응암동 119-1 지층","피해일시":"20250813 - 1200","F_SHIM":0.1,"F_AREA":332.7675334,"F_AVR_HGT":"18.505620574951173","ADM_CD":"1138010700","F_YR":"2025","F_ZONE_NM":"서울특별시 은평구 응암동 119-1 지층","TYPE":"소상공인","TYPE2":"재난지원금"},"geometry":{"type":"Polygon","coordinates":[[[126.91896832587389,37.59603136078776],[126.91885209948806,37.59587045384708],[126.91869473477263,37.59594557567405],[126.91880960342584,37.59610531053731],[126.91896832587389,37.59603136078776]]]}},{"type":"Feature","properties":{"PNU":1138010600101790100,"피해위치(":"서울특별시 은평구 대조동 179-49 지하 우측","피해일시":"20250813 - 1200","F_SHIM":0.1,"F_AREA":357.4991383,"F_AVR_HGT":"21.778274154663087","ADM_CD":"1138010600","F_YR":"2025","F_ZONE_NM":"서울특별시 은평구 대조동 179-49 지하 우측","TYPE":"소상공인","TYPE2":"재난지원금"},"geometry":{"type":"Polygon","coordinates":[[[126.92264727129954,37.606994063207885],[126.92270838549324,37.606925629395505],[126.92283322541377,37.60678200604867],[126.92272480532657,37.60671228779885],[126.92253408732736,37.606931189065456],[126.92264727129954,37.606994063207885]]]}},{"type":"Feature","properties":{"PNU":1141011900103110000,"피해위치(":"서울특별시 서대문구 북가좌동 311-14 ㅇㅇ빌라 102호","피해일시":"20250813 - 1100","F_SHIM":0.5,"F_AREA":165.76500583,"F_AVR_HGT":"13.55466365814209","ADM_CD":"1141011900","F_YR":"2025","F_ZONE_NM":"서울특별시 서대문구 북가좌동 311-14 ㅇㅇ빌라 102호","TYPE":"주택","TYPE2":"재난지원금"},"geometry":{"type":"Polygon","coordinates":[[[126.9099755770147,37.58106414623491],[126.91000606282712,37.581102741080585],[126.91015331238239,37.58103211872603],[126.91008877152629,37.580948141912835],[126.90994090889363,37.58102026835893],[126.9099755770147,37.58106414623491]]]}},{"type":"Feature","properties":{"PNU":1141011900103130000,"피해위치(":"서울특별시 서대문구 거북골로20길 43-29   빌라 지하호 (북가좌동)","피해일시":"20250813","F_SHIM":0.3,"F_AREA":130.79124046,"F_AVR_HGT":"13.516182708740235","ADM_CD":"1141011900","F_YR":"2025","F_ZONE_NM":"서울특별시 서대문구 거북골로20길 43-29   빌라 지하호 (북가좌동)","TYPE":"주택","TYPE2":"풍수해보험금"},"geometry":{"type":"Polygon","coordinates":[[[126.90977822727955,37.58027988290974],[126.90971200234911,37.58019453507272],[126.90959829258603,37.58025125376267],[126.90966560567989,37.580335440237164],[126.90977822727955,37.58027988290974]]]}},{"type":"Feature","properties":{"PNU":1141011900103130000,"피해위치(":"서울특별시 서대문구 북가좌동 313-29 ㅇㅇ빌라 ㅇㅇ호","피해일시":"20250813 - 1100","F_SHIM":0.5,"F_AREA":161.86490421,"F_AVR_HGT":"13.716182708740234","ADM_CD":"1141011900","F_YR":"2025","F_ZONE_NM":"서울특별시 서대문구 북가좌동 313-29 ㅇㅇ빌라 ㅇㅇ호","TYPE":"주택","TYPE2":"재난지원금"},"geometry":{"type":"Polygon","coordinates":[[[126.91036339394631,37.579986281359815],[126.91038477944775,37.579976810486656],[126.9103220043925,37.57989358296785],[126.91025774618407,37.57981056149482],[126.91015772969935,37.57986296657904],[126.91013719141031,37.57987396073367],[126.91020133614268,37.579957135351236],[126.91030551776996,37.57990559839589],[126.91036339394631,37.579986281359815]]]}},{"type":"Feature","properties":{"PNU":1141011900103140000,"피해위치(":"서울특별시 서대문구 북가좌동 314-15 ㅇㅇ연립 지하호","피해일시":"20250813 - 1200","F_SHIM":0.5,"F_AREA":127.9799525,"F_AVR_HGT":"14.273368835449219","ADM_CD":"1141011900","F_YR":"2025","F_ZONE_NM":"서울특별시 서대문구 북가좌동 314-15 ㅇㅇ연립 지하호","TYPE":"주택","TYPE2":"재난지원금"},"geometry":{"type":"Polygon","coordinates":[[[126.90921872770198,37.57962326759257],[126.90927193371762,37.57959752295472],[126.90932178670573,37.57957340645918],[126.9092541790924,37.579481056613005],[126.90914829885861,37.57953287062086],[126.90916248408604,37.57955107263059],[126.90921872770198,37.57962326759257]]]}},{"type":"Feature","properties":{"PNU":1141011900103150100,"피해위치(":"서울특별시 서대문구 북가좌동 315-25 ㅇㅇ연립 지하호","피해일시":"20250909 - 1359","F_SHIM":0.5,"F_AREA":175.588838,"F_AVR_HGT":"14.273368835449219","ADM_CD":"1141011900","F_YR":"2025","F_ZONE_NM":"서울특별시 서대문구 북가좌동 315-25 ㅇㅇ연립 지하호","TYPE":"주택","TYPE2":"재난지원금"},"geometry":{"type":"Polygon","coordinates":[[[126.90878368108459,37.579300427645514],[126.90877791639706,37.57929321522713],[126.90871795447788,37.579207403226334],[126.90863949096455,37.579261130400155],[126.90859004622139,37.57929378827975],[126.90858121812744,37.57933758728094],[126.9086216728608,37.57937886627133],[126.90878368108459,37.579300427645514]]]}},{"type":"Feature","properties":{"PNU":1141011900103120000,"피해위치(":"서울특별시 서대문구 북가좌동 312-15 마당빌라 B01호","피해일시":"20250813 - 1200","F_SHIM":0.5,"F_AREA":216.84663532,"F_AVR_HGT":"13.716182708740234","ADM_CD":"1141011900","F_YR":"2025","F_ZONE_NM":"서울특별시 서대문구 북가좌동 312-15 마당빌라 B01호","TYPE":"주택","TYPE2":"재난지원금"},"geometry":{"type":"Polygon","coordinates":[[[126.9097257426217,37.5805385152135],[126.90974650661222,37.580528305165195],[126.909650869194,37.58040633637472],[126.909631918822,37.58041472782626],[126.90955331388734,37.58045407574832],[126.90953820036016,37.580500059312136],[126.90961117243408,37.58059483680929],[126.9097257426217,37.5805385152135]]]}},{"type":"Feature","properties":{"PNU":1141011900103310000,"피해위치(":"서울특별시 서대문구 북가좌동 331-1 태영아트빌라 지하호","피해일시":"20250813 - 1131","F_SHIM":0.5,"F_AREA":208.35571761,"F_AVR_HGT":"15.82638931274414","ADM_CD":"1141011900","F_YR":"2025","F_ZONE_NM":"서울특별시 서대문구 북가좌동 331-1 태영아트빌라 지하호","TYPE":"주택","TYPE2":"재난지원금"},"geometry":{"type":"Polygon","coordinates":[[[126.91300989561675,37.584249498691364],[126.91301645072609,37.58420176038383],[126.91292073728523,37.58410682382227],[126.91280452495036,37.58418007676662],[126.91292073706725,37.584288525570514],[126.91300989561675,37.584249498691364]]]}},{"type":"Feature","properties":{"PNU":1135010500111080100,"피해위치(":"서울특별시 노원구 상계동 1108-9 동일로241다길 8-7빌라 b01호","피해일시":"20250813 - 1234","F_SHIM":0.15,"F_AREA":111.83195213,"F_AVR_HGT":"27.718344116210936","ADM_CD":"1135010500","F_YR":"2025","F_ZONE_NM":"서울특별시 노원구 상계동 1108-9 동일로241다길 8-7빌라 b01호","TYPE":"주택","TYPE2":"재난지원금"},"geometry":{"type":"Polygon","coordinates":[[[127.05232193531157,37.677103607638784],[127.05243349019617,37.67710406408467],[127.052434292729,37.67700115477959],[127.05232621660122,37.67699857054345],[127.05232193531157,37.677103607638784]]]}},{"type":"Feature","properties":{"PNU":1138010300104320000,"피해위치(":"서울특별시 은평구 불광동 432-1 지층","피해일시":"20250813 - 1200","F_SHIM":0.1,"F_AREA":487.45693474,"F_AVR_HGT":"33.727498626708986","ADM_CD":"1138010300","F_YR":"2025","F_ZONE_NM":"서울특별시 은평구 불광동 432-1 지층","TYPE":"소상공인","TYPE2":"재난지원금"},"geometry":{"type":"Polygon","coordinates":[[[126.92697140333267,37.62288675249593],[126.9271605199248,37.622825154709105],[126.92718012276495,37.622818770104196],[126.92716055133313,37.62279362044082],[126.92715895640836,37.622791366986625],[126.92701904472179,37.62259351370049],[126.92686525877916,37.622666485963755],[126.92697033820161,37.62288710320513],[126.92697140333267,37.62288675249593]]]}},{"type":"Feature","properties":{"PNU":1138010400103900000,"피해위치(":"서울특별시 은평구 갈현동 390-1 지하1층","피해일시":"20250813 - 1200","F_SHIM":0.1,"F_AREA":325.48802018,"F_AVR_HGT":"52.45221481323242","ADM_CD":"1138010400","F_YR":"2025","F_ZONE_NM":"서울특별시 은평구 갈현동 390-1 지하1층","TYPE":"소상공인","TYPE2":"재난지원금"},"geometry":{"type":"Polygon","coordinates":[[[126.91975870684774,37.6265441862454],[126.91959923854208,37.62651677598087],[126.9195419166713,37.626725042524065],[126.91958846092786,37.62673777865392],[126.91961745268037,37.62674509670991],[126.91971389896383,37.62670434926203],[126.91975870684774,37.6265441862454]]]}},{"type":"Feature","properties":{"PNU":1138010300103290000,"피해위치(":"서울특별시 은평구 불광동 329-25 1층","피해일시":"20250813 - 1200","F_SHIM":0.1,"F_AREA":271.28513976,"F_AVR_HGT":"37.05656967163086","ADM_CD":"1138010300","F_YR":"2025","F_ZONE_NM":"서울특별시 은평구 불광동 329-25 1층","TYPE":"주택","TYPE2":"재난지원금"},"geometry":{"type":"Polygon","coordinates":[[[126.92525821283073,37.61801059008508],[126.92512691457688,37.61793207482146],[126.92510291682487,37.617917553500085],[126.92503835734264,37.61791489883478],[126.9250120452561,37.617948218054195],[126.92500361115066,37.617999298174226],[126.92499905350745,37.61802560384633],[126.92518825486545,37.618092227737456],[126.92525821283073,37.61801059008508]]]}},{"type":"Feature","properties":{"PNU":1138010400103980000,"피해위치(":"서울특별시 은평구 갈현동 398-7","피해일시":"20250813 - 1200","F_SHIM":0.1,"F_AREA":235.38636172,"F_AVR_HGT":"26.256545639038087","ADM_CD":"1138010400","F_YR":"2025","F_ZONE_NM":"서울특별시 은평구 갈현동 398-7","TYPE":"소상공인","TYPE2":"재난지원금"},"geometry":{"type":"Polygon","coordinates":[[[126.92004292566243,37.618999264114784],[126.92010705064394,37.618912859319074],[126.9201799439845,37.618814648680306],[126.92015255737397,37.618771526906194],[126.91994699254836,37.61885950085952],[126.9199841996934,37.61891277450345],[126.92004292566243,37.618999264114784]]]}},{"type":"Feature","properties":{"PNU":1138010700105760000,"피해위치(":"서울특별시 은평구 응암동 576-48 지층","피해일시":"20250813 - 1200","F_SHIM":0.1,"F_AREA":113.69666176,"F_AVR_HGT":"16.493516540527345","ADM_CD":"1138010700","F_YR":"2025","F_ZONE_NM":"서울특별시 은평구 응암동 576-48 지층","TYPE":"소상공인","TYPE2":"재난지원금"},"geometry":{"type":"Polygon","coordinates":[[[126.91752460467828,37.59017872035631],[126.9174782981577,37.59013622399183],[126.91747144379546,37.590129939248776],[126.91747164023883,37.590126416538745],[126.91747329338274,37.590096153641966],[126.91747963427271,37.59009588786111],[126.91747874681022,37.59007957940736],[126.91747629041095,37.59004885408229],[126.91743809913368,37.590079550461226],[126.91739367508819,37.590115017604454],[126.91736883453494,37.59015437292695],[126.91737976632967,37.59019970024601],[126.91752460467828,37.59017872035631]]]}},{"type":"Feature","properties":{"PNU":1150010900105880000,"피해위치(":"서울특별시 강서구 방화동 588-5 B102호","피해일시":"20250823 - 1414","F_SHIM":0.5,"F_AREA":90.60507701,"F_AVR_HGT":"8.554537773132324","ADM_CD":"1150010900","F_YR":"2025","F_ZONE_NM":"서울특별시 강서구 방화동 588-5 B102호","TYPE":"주택","TYPE2":"재난지원금"},"geometry":{"type":"Polygon","coordinates":[[[126.80897294137908,37.5672513772403],[126.80896800047779,37.567174478946974],[126.80884749586295,37.56717985946973],[126.80885147810216,37.56725536868347],[126.80897294137908,37.5672513772403]]]}},{"type":"Feature","properties":{"PNU":1150010900105890000,"피해위치(":"서울특별시 강서구 방화동 589-20 지층 01호","피해일시":"20250822 - 2013","F_SHIM":0.5,"F_AREA":227.61314179,"F_AVR_HGT":"8.341501235961914","ADM_CD":"1150010900","F_YR":"2025","F_ZONE_NM":"서울특별시 강서구 방화동 589-20 지층 01호","TYPE":"주택","TYPE2":"재난지원금"},"geometry":{"type":"Polygon","coordinates":[[[126.80944639077691,37.56768427979665],[126.80944570347874,37.56752875030187],[126.80929755795951,37.56752942821031],[126.80929601512388,37.56768494506489],[126.80944639077691,37.56768427979665]]]}},{"type":"Feature","properties":{"PNU":1150010900106000000,"피해위치(":"서울특별시 강서구 방화동 600-31 지층 01호","피해일시":"20250813 - 1101","F_SHIM":0.5,"F_AREA":119.16846967,"F_AVR_HGT":"9.703636169433594","ADM_CD":"1150010900","F_YR":"2025","F_ZONE_NM":"서울특별시 강서구 방화동 600-31 지층 01호","TYPE":"주택","TYPE2":"재난지원금"},"geometry":{"type":"Polygon","coordinates":[[[126.81094639411415,37.5675024316143],[126.81094924031109,37.56748265053287],[126.81094911425299,37.567412166112526],[126.81081383567576,37.56741403797457],[126.81081544912807,37.56750486908474],[126.81094639411415,37.5675024316143]]]}},{"type":"Feature","properties":{"PNU":1150010900106000000,"피해위치(":"서울특별시 강서구 방화동 600-44 지층1호","피해일시":"20250813 - 1100","F_SHIM":0.5,"F_AREA":171.09043541,"F_AVR_HGT":"9.703636169433594","ADM_CD":"1150010900","F_YR":"2025","F_ZONE_NM":"서울특별시 강서구 방화동 600-44 지층1호","TYPE":"주택","TYPE2":"재난지원금"},"geometry":{"type":"Polygon","coordinates":[[[126.81055010135577,37.5675739603526],[126.81055046992923,37.56745618392369],[126.81040204864927,37.56745409674196],[126.81040169103122,37.56751432714645],[126.8104022806016,37.56757154077703],[126.81055010135577,37.5675739603526]]]}},{"type":"Feature","properties":{"PNU":1150010900106000000,"피해위치(":"서울특별시 강서구 방화동 600-34 지층","피해일시":"20250813 - 2023","F_SHIM":0.5,"F_AREA":116.21896819,"F_AVR_HGT":"9.703636169433594","ADM_CD":"1150010900","F_YR":"2025","F_ZONE_NM":"서울특별시 강서구 방화동 600-34 지층","TYPE":"주택","TYPE2":"재난지원금"},"geometry":{"type":"Polygon","coordinates":[[[126.8109517562891,37.56722814376808],[126.81095577246336,37.56716230611388],[126.8109559322666,37.56714400732393],[126.81086874492534,37.56714287548401],[126.8108132364082,37.56714293900603],[126.8108144818004,37.56722718331034],[126.8109517562891,37.56722814376808]]]}},{"type":"Feature","properties":{"PNU":1150010900106000000,"피해위치(":"서울특별시 강서구 방화동 600-45 지층 02호","피해일시":"20250813 - 1100","F_SHIM":0.5,"F_AREA":179.06639095,"F_AVR_HGT":"9.703636169433594","ADM_CD":"1150010900","F_YR":"2025","F_ZONE_NM":"서울특별시 강서구 방화동 600-45 지층 02호","TYPE":"주택","TYPE2":"재난지원금"},"geometry":{"type":"Polygon","coordinates":[[[126.81040204864927,37.56745409674196],[126.81055046992923,37.56745618392369],[126.8105508225988,37.56733133471826],[126.81052115654802,37.5673308993067],[126.81040372664071,37.567333385213125],[126.81040151531681,37.5674236064771],[126.81040204864927,37.56745409674196]]]}},{"type":"Feature","properties":{"PNU":1150010900106000000,"피해위치(":"서울특별시 강서구 방화동 600-36 B02호","피해일시":"20250823 - 1034","F_SHIM":0.5,"F_AREA":138.12595226,"F_AVR_HGT":"9.703636169433594","ADM_CD":"1150010900","F_YR":"2025","F_ZONE_NM":"서울특별시 강서구 방화동 600-36 B02호","TYPE":"주택","TYPE2":"재난지원금"},"geometry":{"type":"Polygon","coordinates":[[[126.8106197701744,37.567507427008024],[126.81076659881143,37.5675038080951],[126.81076497086744,37.567409805486456],[126.8106181295485,37.567409595182134],[126.8106197701744,37.567507427008024]]]}},{"type":"Feature","properties":{"PNU":1150010900105960100,"피해위치(":"서울특별시 강서구 방화동 596-19 지층 2호","피해일시":"20250813 - 1100","F_SHIM":0.5,"F_AREA":135.9829051,"F_AVR_HGT":"9.703636169433594","ADM_CD":"1150010900","F_YR":"2025","F_ZONE_NM":"서울특별시 강서구 방화동 596-19 지층 2호","TYPE":"주택","TYPE2":"재난지원금"},"geometry":{"type":"Polygon","coordinates":[[[126.81095837925376,37.56759198204058],[126.81109575417405,37.56758487865975],[126.81109006121171,37.56756688577664],[126.81106157242645,37.56747746190962],[126.81094924031109,37.56748265053287],[126.81094639411415,37.5675024316143],[126.81095737549842,37.567577222252964],[126.81095837925376,37.56759198204058]]]}},{"type":"Feature","properties":{"PNU":1150010900106000000,"피해위치(":"서울특별시 강서구 방화동 600-47 지층","피해일시":"20250909 - 1430","F_SHIM":0.5,"F_AREA":129.25807235,"F_AVR_HGT":"8.592567443847656","ADM_CD":"1150010900","F_YR":"2025","F_ZONE_NM":"서울특별시 강서구 방화동 600-47 지층","TYPE":"주택","TYPE2":"재난지원금"},"geometry":{"type":"Polygon","coordinates":[[[126.81025335274396,37.567510726253836],[126.81040169103122,37.56751432714645],[126.81040204864927,37.56745409674196],[126.81040151531681,37.5674236064771],[126.81025264552467,37.567424311441435],[126.81025335274396,37.567510726253836]]]}},{"type":"Feature","properties":{"PNU":1150010900106000000,"피해위치(":"서울특별시 강서구 방화동 600-32 지층 좌측","피해일시":"20250813 - 1104","F_SHIM":0.5,"F_AREA":124.11142229,"F_AVR_HGT":"9.703636169433594","ADM_CD":"1150010900","F_YR":"2025","F_ZONE_NM":"서울특별시 강서구 방화동 600-32 지층 좌측","TYPE":"주택","TYPE2":"재난지원금"},"geometry":{"type":"Polygon","coordinates":[[[126.81081383567576,37.56741403797457],[126.81094911425299,37.567412166112526],[126.81094945857018,37.567405859758885],[126.81095043565163,37.567320006278784],[126.81081315702086,37.56732060452027],[126.81081383567576,37.56741403797457]]]}},{"type":"Feature","properties":{"PNU":1150010900105880000,"피해위치(":"서울특별시 강서구 방화동 588-19 지층","피해일시":"20250821 - 1745","F_SHIM":0.5,"F_AREA":133.01485617,"F_AVR_HGT":"8.554537773132324","ADM_CD":"1150010900","F_YR":"2025","F_ZONE_NM":"서울특별시 강서구 방화동 588-19 지층","TYPE":"주택","TYPE2":"재난지원금"},"geometry":{"type":"Polygon","coordinates":[[[126.8088563971464,37.56736268426715],[126.80898362615565,37.56735707143517],[126.80897885897386,37.56725664865502],[126.80897294137908,37.5672513772403],[126.80885147810216,37.56725536868347],[126.8088563971464,37.56736268426715]]]}},{"type":"Feature","properties":{"PNU":1150010900105880000,"피해위치(":"서울특별시 강서구 방화동 588-22 지층","피해일시":"20250813 - 1100","F_SHIM":0.5,"F_AREA":92.99920553,"F_AVR_HGT":"8.554537773132324","ADM_CD":"1150010900","F_YR":"2025","F_ZONE_NM":"서울특별시 강서구 방화동 588-22 지층","TYPE":"주택","TYPE2":"재난지원금"},"geometry":{"type":"Polygon","coordinates":[[[126.80896800047779,37.567174478946974],[126.80896414703952,37.56709725807062],[126.80884309390768,37.5671003131479],[126.80884749586295,37.56717985946973],[126.80896800047779,37.567174478946974]]]}},{"type":"Feature","properties":{"PNU":1138010700105780100,"피해위치(":"서울특별시 은평구 응암동 578-48 오른쪽","피해일시":"20250813 - 1200","F_SHIM":0.1,"F_AREA":133.53401755,"F_AVR_HGT":"16.227212524414064","ADM_CD":"1138010700","F_YR":"2025","F_ZONE_NM":"서울특별시 은평구 응암동 578-48 오른쪽","TYPE":"주택","TYPE2":"재난지원금"},"geometry":{"type":"Polygon","coordinates":[[[126.9175339432002,37.59214593649558],[126.91751738285417,37.592071052914285],[126.91735477959806,37.592078235060946],[126.91736883314763,37.59216699203625],[126.9175339432002,37.59214593649558]]]}},{"type":"Feature","properties":{"PNU":1138010700105770000,"피해위치(":"서울특별시 은평구 응암동 577-1 지층","피해일시":"20250813 - 1200","F_SHIM":0.1,"F_AREA":192.38719079,"F_AVR_HGT":"14.68515453338623","ADM_CD":"1138010700","F_YR":"2025","F_ZONE_NM":"서울특별시 은평구 응암동 577-1 지층","TYPE":"소상공인","TYPE2":"재난지원금"},"geometry":{"type":"Polygon","coordinates":[[[126.91746724286817,37.5918016048813],[126.91744643413588,37.591708815700834],[126.91738677510729,37.59171849481602],[126.91734736412452,37.59172549439781],[126.91734815265649,37.59172909889766],[126.91723615264407,37.59174523669976],[126.91725756597394,37.59183381875115],[126.91746724286817,37.5918016048813]]]}},{"type":"Feature","properties":{"PNU":1138010300103560100,"피해위치(":"서울특별시 은평구 불광동 356-10 지하 좌측호","피해일시":"20250813 - 1200","F_SHIM":0.1,"F_AREA":105.28574018,"F_AVR_HGT":"31.865071868896486","ADM_CD":"1138010300","F_YR":"2025","F_ZONE_NM":"서울특별시 은평구 불광동 356-10 지하 좌측호","TYPE":"소상공인","TYPE2":"재난지원금"},"geometry":{"type":"Polygon","coordinates":[[[126.92587513102733,37.62143448637541],[126.92598506600088,37.62148636313586],[126.92603497743798,37.6214155780555],[126.92593048470638,37.62135865933977],[126.92588261822483,37.62142340912224],[126.92587513102733,37.62143448637541]]]}},{"type":"Feature","properties":{"PNU":1138010300103560100,"피해위치(":"서울특별시 은평구 불광동 356-26","피해일시":"20250813 - 1200","F_SHIM":0.1,"F_AREA":74.59158842,"F_AVR_HGT":"31.865071868896486","ADM_CD":"1138010300","F_YR":"2025","F_ZONE_NM":"서울특별시 은평구 불광동 356-26","TYPE":"소상공인","TYPE2":"재난지원금"},"geometry":{"type":"Polygon","coordinates":[[[126.92600339953768,37.621502772702776],[126.92606644390698,37.62155065505972],[126.92612508283115,37.621474379544836],[126.92605807295732,37.62142748576071],[126.92600339953768,37.621502772702776]]]}},{"type":"Feature","properties":{"PNU":1138010300103560100,"피해위치(":"서울특별시 은평구 불광동 356-20 지층","피해일시":"20250813 - 1200","F_SHIM":0.1,"F_AREA":228.12294358,"F_AVR_HGT":"31.865071868896486","ADM_CD":"1138010300","F_YR":"2025","F_ZONE_NM":"서울특별시 은평구 불광동 356-20 지층","TYPE":"소상공인","TYPE2":"재난지원금"},"geometry":{"type":"Polygon","coordinates":[[[126.9255650222265,37.62140410435896],[126.92557591175752,37.62138897490559],[126.92561754329554,37.62132935682246],[126.9256817437226,37.62124236344139],[126.92555876774131,37.62120552436713],[126.92554651557798,37.621223986567756],[126.92550341434925,37.621280810642546],[126.92544953439332,37.62135510676293],[126.9255650222265,37.62140410435896]]]}},{"type":"Feature","properties":{"PNU":1138010300103560100,"피해위치(":"서울특별시 은평구 불광동 356-19 지하1층","피해일시":"20250813 - 1200","F_SHIM":0.1,"F_AREA":224.21296177,"F_AVR_HGT":"31.865071868896486","ADM_CD":"1138010300","F_YR":"2025","F_ZONE_NM":"서울특별시 은평구 불광동 356-19 지하1층","TYPE":"소상공인","TYPE2":"재난지원금"},"geometry":{"type":"Polygon","coordinates":[[[126.92557591175752,37.62138897490559],[126.9256886799102,37.62143923200195],[126.92579859235245,37.62128983001849],[126.92575863273058,37.62126475713036],[126.9256817437226,37.62124236344139],[126.92561754329554,37.62132935682246],[126.92557591175752,37.62138897490559]]]}},{"type":"Feature","properties":{"PNU":1138010400104610000,"피해위치(":"서울특별시 은평구 갈현동 461-1 영보빌딩 지하1층","피해일시":"20250813 - 1200","F_SHIM":0.1,"F_AREA":507.6328014,"F_AVR_HGT":"23.46345672607422","ADM_CD":"1138010400","F_YR":"2025","F_ZONE_NM":"서울특별시 은평구 갈현동 461-1 영보빌딩 지하1층","TYPE":"소상공인","TYPE2":"재난지원금"},"geometry":{"type":"Polygon","coordinates":[[[126.91837041488047,37.61651477034326],[126.9185638495736,37.61643237665225],[126.91857884704363,37.61639049159591],[126.9184784371941,37.61623833545778],[126.91825055452671,37.616335030302324],[126.91837041488047,37.61651477034326]]]}},{"type":"Feature","properties":{"PNU":1138010300103100000,"피해위치(":"서울특별시 은평구 불광동 310-89 310-95, 은풍신발","피해일시":"20250813 - 1200","F_SHIM":0.1,"F_AREA":30.03223037,"F_AVR_HGT":"27.245179748535158","ADM_CD":"1138010300","F_YR":"2025","F_ZONE_NM":"서울특별시 은평구 불광동 310-89 310-95, 은풍신발","TYPE":"소상공인","TYPE2":"재난지원금"},"geometry":{"type":"Polygon","coordinates":[[[126.92133083090158,37.6192251300445],[126.92137874934598,37.619240965787945],[126.92140174145649,37.61920013996818],[126.92134211541634,37.61918021484004],[126.92132144906162,37.61920698693812],[126.92131219343833,37.61921897269398],[126.92133083090158,37.6192251300445]]]}},{"type":"Feature","properties":{"PNU":1138010300103100000,"피해위치(":"서울특별시 은평구 불광동 310-11 1층 장수떡집","피해일시":"20250813 - 1200","F_SHIM":0.1,"F_AREA":69.03019248,"F_AVR_HGT":"27.666200256347658","ADM_CD":"1138010300","F_YR":"2025","F_ZONE_NM":"서울특별시 은평구 불광동 310-11 1층 장수떡집","TYPE":"소상공인","TYPE2":"재난지원금"},"geometry":{"type":"Polygon","coordinates":[[[126.92133083090158,37.6192251300445],[126.92130366374953,37.61923001291331],[126.92130627256445,37.61922663601092],[126.92129566308068,37.619223078937125],[126.92128905050919,37.61923144454754],[126.92129992055109,37.61923496575982],[126.92145821593644,37.6192859786376],[126.92149897685785,37.61930086344682],[126.92163508130687,37.61934295034376],[126.92164866973843,37.619325390428216],[126.92164173998454,37.619323223385436],[126.92160306019306,37.6193111240636],[126.9215703364357,37.61930083072468],[126.92153489516711,37.61928966158403],[126.9215087389742,37.61928129176687],[126.9215067234811,37.61928064169463],[126.9214990009877,37.619278347968766],[126.92143910188297,37.61925947685153],[126.92141233388502,37.61925126877425],[126.92137874934598,37.619240965787945],[126.92133083090158,37.6192251300445]]]}},{"type":"Feature","properties":{"PNU":1138010600102220000,"피해위치(":"서울특별시 은평구 대조동 222-20 지층","피해일시":"20250813 - 1200","F_SHIM":0.1,"F_AREA":251.67319997,"F_AVR_HGT":"22.17674026489258","ADM_CD":"1138010600","F_YR":"2025","F_ZONE_NM":"서울특별시 은평구 대조동 222-20 지층","TYPE":"소상공인","TYPE2":"재난지원금"},"geometry":{"type":"Polygon","coordinates":[[[126.91806722755322,37.61345374432701],[126.91804662994456,37.61333831408712],[126.91786312738235,37.613357284952336],[126.917827524262,37.61339248806894],[126.91784068230972,37.613475838146165],[126.91806722755322,37.61345374432701]]]}},{"type":"Feature","properties":{"PNU":1147010100111830000,"피해위치(":"서울 양천구 신정3동 1183-14번지 한 건물 전체","피해일시":"20250708","F_SHIM":0.3,"F_AREA":388.06238865,"F_AVR_HGT":"14.92682056427002","ADM_CD":"1147010100","F_YR":"2025","F_ZONE_NM":"서울 양천구 신정3동 1183-14번지 한 건물 전체","TYPE":"주택","TYPE2":"풍수해보험금"},"geometry":{"type":"Polygon","coordinates":[[[126.85322648753255,37.519037832675906],[126.85327659653868,37.51892446030064],[126.85295981042398,37.518839639074635],[126.85291129142234,37.518949589536106],[126.85322648753255,37.519037832675906]]]}},{"type":"Feature","properties":{"PNU":1138010200100340000,"피해위치(":"서울특별시 은평구 녹번동 34-2 1층 102호","피해일시":"20250813 - 1200","F_SHIM":0.1,"F_AREA":255.59632837,"F_AVR_HGT":"44.553025817871095","ADM_CD":"1138010200","F_YR":"2025","F_ZONE_NM":"서울특별시 은평구 녹번동 34-2 1층 102호","TYPE":"소상공인","TYPE2":"재난지원금"},"geometry":{"type":"Polygon","coordinates":[[[126.93462882845436,37.604213191927634],[126.93463384815024,37.6041720198693],[126.93465193476526,37.60408211205675],[126.93463552538947,37.60406948900284],[126.9346254600514,37.60405434679117],[126.93450914434175,37.604067795548566],[126.93449358971264,37.60411229525567],[126.93445542862976,37.604109120139356],[126.9344366615666,37.60419983841882],[126.93443371126013,37.604206413914625],[126.93461852361602,37.60421255539923],[126.93462882845436,37.604213191927634]]]}},{"type":"Feature","properties":{"PNU":1138010700100740000,"피해위치(":"서울특별시 은평구 응암동 74-3 지층","피해일시":"20250813 - 1200","F_SHIM":0.1,"F_AREA":343.24451029,"F_AVR_HGT":"29.20842514038086","ADM_CD":"1138010700","F_YR":"2025","F_ZONE_NM":"서울특별시 은평구 응암동 74-3 지층","TYPE":"소상공인","TYPE2":"재난지원금"},"geometry":{"type":"Polygon","coordinates":[[[126.9304955240892,37.60117304154723],[126.93066675261072,37.601153539068264],[126.93063871430401,37.60095027848286],[126.93047289147324,37.60096597301777],[126.9304955240892,37.60117304154723]]]}},{"type":"Feature","properties":{"PNU":1150010100102410000,"피해위치(":"서울특별시 강서구 염창동 241-31 B01호 바비디","피해일시":"20250813 - 0930","F_SHIM":0.5,"F_AREA":222.96344851,"F_AVR_HGT":"14.296231269836426","ADM_CD":"1150010100","F_YR":"2025","F_ZONE_NM":"서울특별시 강서구 염창동 241-31 B01호 바비디","TYPE":"소상공인","TYPE2":"재난지원금"},"geometry":{"type":"Polygon","coordinates":[[[126.86564161863554,37.5553660917352],[126.86574310373067,37.555445225255596],[126.865866645868,37.55534355542699],[126.86579768962312,37.55523770001393],[126.86566927397776,37.55534332851956],[126.86564161863554,37.5553660917352]]]}},{"type":"Feature","properties":{"PNU":1150010800100120000,"피해위치(":"서울특별시 강서구 공항동 12-69 b01호","피해일시":"20250821 - 2114","F_SHIM":0.5,"F_AREA":121.48742844,"F_AVR_HGT":"10.62541675567627","ADM_CD":"1150010800","F_YR":"2025","F_ZONE_NM":"서울특별시 강서구 공항동 12-69 b01호","TYPE":"주택","TYPE2":"재난지원금"},"geometry":{"type":"Polygon","coordinates":[[[126.81500563043133,37.56182781806968],[126.81501721310448,37.56174895486839],[126.81502039610821,37.561707045935],[126.81493536311899,37.56170232556486],[126.81489410313657,37.56179972022694],[126.81489183889117,37.56181811482246],[126.81496364738138,37.56182483254312],[126.81500563043133,37.56182781806968]]]}},{"type":"Feature","properties":{"PNU":1150010300103670100,"피해위치(":"서울특별시 강서구 화곡동 367-107 지층 2호","피해일시":"20250821 - 1456","F_SHIM":0.5,"F_AREA":167.96849218,"F_AVR_HGT":"26.75046157836914","ADM_CD":"1150010300","F_YR":"2025","F_ZONE_NM":"서울특별시 강서구 화곡동 367-107 지층 2호","TYPE":"주택","TYPE2":"재난지원금"},"geometry":{"type":"Polygon","coordinates":[[[126.84115835349832,37.53678455793607],[126.84119237510009,37.53673209430393],[126.84120450552092,37.53671030676056],[126.84115418521154,37.53669158790583],[126.84101821537509,37.53664100169839],[126.84098600775732,37.536691710812114],[126.84097122654659,37.53671497235671],[126.84115835349832,37.53678455793607]]]}},{"type":"Feature","properties":{"PNU":1150010300111310000,"피해위치(":"서울특별시 강서구 화곡동 1131 지층 1호","피해일시":"20250813 - 1100","F_SHIM":0.5,"F_AREA":207.97409634,"F_AVR_HGT":"23.280502319335938","ADM_CD":"1150010300","F_YR":"2025","F_ZONE_NM":"서울특별시 강서구 화곡동 1131 지층 1호","TYPE":"주택","TYPE2":"재난지원금"},"geometry":{"type":"Polygon","coordinates":[[[126.85418074251002,37.55225267255425],[126.8541400927762,37.552177938772445],[126.8540878461587,37.552165043456284],[126.85394170836722,37.55221911852246],[126.85399599733753,37.552315439110544],[126.85418074251002,37.55225267255425]]]}},{"type":"Feature","properties":{"PNU":1150010200105240000,"피해위치(":"서울특별시 강서구 등촌동 524-16 5호","피해일시":"20250909 - 1136","F_SHIM":0.5,"F_AREA":118.7809618,"F_AVR_HGT":"21.37270164489746","ADM_CD":"1150010200","F_YR":"2025","F_ZONE_NM":"서울특별시 강서구 등촌동 524-16 5호","TYPE":"주택","TYPE2":"재난지원금"},"geometry":{"type":"Polygon","coordinates":[[[126.86147517681381,37.54626020456316],[126.8615413254422,37.54621987354751],[126.86152276281685,37.54616184574734],[126.86150574669301,37.54610584700693],[126.86143627885673,37.546148183276024],[126.8613934535682,37.546175675760466],[126.86147517681381,37.54626020456316]]]}},{"type":"Feature","properties":{"PNU":1150010800106600100,"피해위치(":"서울특별시 강서구 공항동 660-2 B102호","피해일시":"20250823 - 1112","F_SHIM":0.5,"F_AREA":165.48224902,"F_AVR_HGT":"8.945701599121094","ADM_CD":"1150010800","F_YR":"2025","F_ZONE_NM":"서울특별시 강서구 공항동 660-2 B102호","TYPE":"주택","TYPE2":"재난지원금"},"geometry":{"type":"Polygon","coordinates":[[[126.81599586588554,37.557940316279435],[126.81599272198245,37.5578206600552],[126.81585172155786,37.5578230512952],[126.81585483150644,37.557942617370635],[126.81599586588554,37.557940316279435]]]}},{"type":"Feature","properties":{"PNU":1150010800100120000,"피해위치(":"서울특별시 강서구 공항동 12-38 102호","피해일시":"20250813 - 2107","F_SHIM":0.5,"F_AREA":238.81857566,"F_AVR_HGT":"9.506662368774414","ADM_CD":"1150010800","F_YR":"2025","F_ZONE_NM":"서울특별시 강서구 공항동 12-38 102호","TYPE":"주택","TYPE2":"재난지원금"},"geometry":{"type":"Polygon","coordinates":[[[126.81585005735167,37.56191935585589],[126.81586027096655,37.56183539983719],[126.81582559125827,37.561831146697706],[126.81577540146377,37.56182857201713],[126.81570649032173,37.561817309360364],[126.81562502649363,37.56178816030949],[126.81560753052625,37.561787375932774],[126.81559248568006,37.56190244444685],[126.81571319887946,37.5619097252439],[126.81585005735167,37.56191935585589]]]}},{"type":"Feature","properties":{"PNU":1150010800100120000,"피해위치(":"서울특별시 강서구 공항동 12-42","피해일시":"20250813 - 1149","F_SHIM":0.5,"F_AREA":102.20821461,"F_AVR_HGT":"9.506662368774414","ADM_CD":"1150010800","F_YR":"2025","F_ZONE_NM":"서울특별시 강서구 공항동 12-42","TYPE":"주택","TYPE2":"재난지원금"},"geometry":{"type":"Polygon","coordinates":[[[126.81585005735167,37.56191935585589],[126.81597616458721,37.561928572980285],[126.815985565023,37.56184842685207],[126.81586027096655,37.56183539983719],[126.81585005735167,37.56191935585589]]]}},{"type":"Feature","properties":{"PNU":1150010800100120000,"피해위치(":"서울특별시 강서구 공항동 12-72 b01호","피해일시":"20250813 - 1100","F_SHIM":0.5,"F_AREA":160.14241081,"F_AVR_HGT":"10.62541675567627","ADM_CD":"1150010800","F_YR":"2025","F_ZONE_NM":"서울특별시 강서구 공항동 12-72 b01호","TYPE":"주택","TYPE2":"재난지원금"},"geometry":{"type":"Polygon","coordinates":[[[126.81530323955491,37.56172432280662],[126.8154145777276,37.56172836358596],[126.81542530918205,37.561577456000066],[126.81538991507574,37.56157835525806],[126.81530476503129,37.56159797966549],[126.81530323955491,37.56172432280662]]]}},{"type":"Feature","properties":{"PNU":1150010800100120000,"피해위치(":"서울특별시 강서구 공항동 12-73 지층 2호","피해일시":"20250813 - 1100","F_SHIM":0.5,"F_AREA":128.85204285,"F_AVR_HGT":"10.62541675567627","ADM_CD":"1150010800","F_YR":"2025","F_ZONE_NM":"서울특별시 강서구 공항동 12-73 지층 2호","TYPE":"주택","TYPE2":"재난지원금"},"geometry":{"type":"Polygon","coordinates":[[[126.81518402129528,37.561716800683044],[126.81530323955491,37.56172432280662],[126.81530476503129,37.56159797966549],[126.81522623592824,37.56161765950728],[126.81518330586495,37.56161777196341],[126.81518402129528,37.561716800683044]]]}},{"type":"Feature","properties":{"PNU":1150010800106640000,"피해위치(":"서울특별시 강서구 공항동 664-10","피해일시":"20250813 - 1143","F_SHIM":0.5,"F_AREA":169.59336244,"F_AVR_HGT":"8.31027364730835","ADM_CD":"1150010800","F_YR":"2025","F_ZONE_NM":"서울특별시 강서구 공항동 664-10","TYPE":"주택","TYPE2":"재난지원금"},"geometry":{"type":"Polygon","coordinates":[[[126.81444434096542,37.556810821640944],[126.81458434336524,37.556808520597905],[126.81458103013364,37.55668507989476],[126.81456790153463,37.55668523930711],[126.81444102796466,37.55668738093449],[126.81444434096542,37.556810821640944]]]}},{"type":"Feature","properties":{"PNU":1150010500112630000,"피해위치(":"서울특별시 강서구 마곡동 1263","피해일시":"20250813 - 1101","F_SHIM":0.5,"F_AREA":203.31233125,"F_AVR_HGT":"11.202675819396973","ADM_CD":"1150010500","F_YR":"2025","F_ZONE_NM":"서울특별시 강서구 마곡동 1263","TYPE":"주택","TYPE2":"재난지원금"},"geometry":{"type":"Polygon","coordinates":[[[126.81773336482863,37.572243083636536],[126.81770764441657,37.57228070482669],[126.81774502621285,37.57230215243783],[126.81791957158913,37.572249094619316],[126.81791930002419,37.57214759807746],[126.81781785239748,37.572147593439105],[126.81773336482863,37.572243083636536]]]}},{"type":"Feature","properties":{"PNU":1150010800106890000,"피해위치(":"서울특별시 강서구 공항동 689-6 지층2호","피해일시":"20250813 - 1139","F_SHIM":0.5,"F_AREA":170.98241167,"F_AVR_HGT":"9.111845016479492","ADM_CD":"1150010800","F_YR":"2025","F_ZONE_NM":"서울특별시 강서구 공항동 689-6 지층2호","TYPE":"주택","TYPE2":"재난지원금"},"geometry":{"type":"Polygon","coordinates":[[[126.81131945361254,37.55677843941754],[126.81141603367182,37.55685085424043],[126.81155799843914,37.55674431555331],[126.81154962815458,37.55674250010984],[126.81152745753366,37.55673795949541],[126.81150631394337,37.556730086871326],[126.81148517081515,37.55672203404642],[126.81146504854304,37.55671308187219],[126.81144594689864,37.55670332044759],[126.81143575194939,37.55669806028195],[126.81131945361254,37.55677843941754]]]}},{"type":"Feature","properties":{"PNU":1150010800100600000,"피해위치(":"서울특별시 강서구 공항동 60-93 지층 102호","피해일시":"20250822 - 2038","F_SHIM":0.5,"F_AREA":151.8817682,"F_AVR_HGT":"12.816614151000977","ADM_CD":"1150010800","F_YR":"2025","F_ZONE_NM":"서울특별시 강서구 공항동 60-93 지층 102호","TYPE":"주택","TYPE2":"재난지원금"},"geometry":{"type":"Polygon","coordinates":[[[126.80958921746767,37.55952957399875],[126.80963163339389,37.55948233204422],[126.80967918878572,37.55944785641805],[126.80973719711427,37.55940637905227],[126.80974196783994,37.55938198803853],[126.80960572779581,37.559362818897895],[126.80957886275068,37.55941441987771],[126.80956631540491,37.55943928477635],[126.80956078401613,37.559477811051764],[126.80958921746767,37.55952957399875]]]}},{"type":"Feature","properties":{"PNU":1150010800100410000,"피해위치(":"서울특별시 강서구 공항동 41-34 102호","피해일시":"20250813 - 1141","F_SHIM":0.5,"F_AREA":126.37233634,"F_AVR_HGT":"9.305639266967773","ADM_CD":"1150010800","F_YR":"2025","F_ZONE_NM":"서울특별시 강서구 공항동 41-34 102호","TYPE":"주택","TYPE2":"재난지원금"},"geometry":{"type":"Polygon","coordinates":[[[126.81202107104657,37.559672686548375],[126.81197575726893,37.5596447102099],[126.81193629699796,37.55962035621543],[126.81190106340291,37.55959845968347],[126.81185953400434,37.55964476685009],[126.81183514170782,37.55966800019412],[126.81194617075481,37.55973916736998],[126.81202107104657,37.559672686548375]]]}},{"type":"Feature","properties":{"PNU":1150010600106740100,"피해위치(":"서울특별시 강서구 내발산동 674-36 지층 2호","피해일시":"20250813 - 1100","F_SHIM":0.5,"F_AREA":199.42582269,"F_AVR_HGT":"23.97559928894043","ADM_CD":"1150010600","F_YR":"2025","F_ZONE_NM":"서울특별시 강서구 내발산동 674-36 지층 2호","TYPE":"주택","TYPE2":"재난지원금"},"geometry":{"type":"Polygon","coordinates":[[[126.84075692968787,37.55327913688384],[126.84095921724942,37.55325373390752],[126.84098386200532,37.55321313278316],[126.84094787023628,37.55316226803174],[126.84074048781676,37.55318883533887],[126.84075692968787,37.55327913688384]]]}},{"type":"Feature","properties":{"PNU":1150010600106750000,"피해위치(":"서울특별시 강서구 내발산동 675-15 B02호","피해일시":"20250813 - 1144","F_SHIM":0.5,"F_AREA":188.30807477,"F_AVR_HGT":"15.28128433227539","ADM_CD":"1150010600","F_YR":"2025","F_ZONE_NM":"서울특별시 강서구 내발산동 675-15 B02호","TYPE":"주택","TYPE2":"재난지원금"},"geometry":{"type":"Polygon","coordinates":[[[126.83859461643044,37.55317692022879],[126.83857472089181,37.55305756571292],[126.83845195598678,37.55307292029559],[126.83841658109041,37.5530773583676],[126.83843759704516,37.5531965793084],[126.83849390263319,37.55318952121956],[126.83859461643044,37.55317692022879]]]}},{"type":"Feature","properties":{"PNU":1150010900105560000,"피해위치(":"서울특별시 강서구 방화동 556-12 101호","피해일시":"20250814 - 1100","F_SHIM":0.5,"F_AREA":184.19619558,"F_AVR_HGT":"11.13255786895752","ADM_CD":"1150010900","F_YR":"2025","F_ZONE_NM":"서울특별시 강서구 방화동 556-12 101호","TYPE":"주택","TYPE2":"재난지원금"},"geometry":{"type":"Polygon","coordinates":[[[126.80952092031424,37.57195129366956],[126.80967693127393,37.57195471875044],[126.80968069953406,37.57180071927648],[126.80968071198603,37.571800277813395],[126.80952232861712,37.57186569324721],[126.80952092031424,37.57195129366956]]]}},{"type":"Feature","properties":{"PNU":1150010600106510000,"피해위치(":"서울특별시 강서구 내발산동 651-3 나동 지층 2호","피해일시":"20250813 - 1100","F_SHIM":0.5,"F_AREA":577.95765753,"F_AVR_HGT":"10.564909934997559","ADM_CD":"1150010600","F_YR":"2025","F_ZONE_NM":"서울특별시 강서구 내발산동 651-3 나동 지층 2호","TYPE":"주택","TYPE2":"재난지원금"},"geometry":{"type":"Polygon","coordinates":[[[126.84105690802116,37.55756996576032],[126.84120814270115,37.55755494447003],[126.84117675398188,37.557361910013114],[126.8412026766271,37.55735933234337],[126.84117420793564,37.55717685242527],[126.84101606879615,37.55719259408991],[126.84104465030194,37.55737506518872],[126.84102574603585,37.55737693157223],[126.84105690802116,37.55756996576032]]]}},{"type":"Feature","properties":{"PNU":1150010600106510000,"피해위치(":"서울특별시 강서구 내발산동 651-4 마동 지층 1호","피해일시":"20250813 - 1100","F_SHIM":0.5,"F_AREA":290.7619829,"F_AVR_HGT":"10.564909934997559","ADM_CD":"1150010600","F_YR":"2025","F_ZONE_NM":"서울특별시 강서구 내발산동 651-4 마동 지층 1호","TYPE":"주택","TYPE2":"재난지원금"},"geometry":{"type":"Polygon","coordinates":[[[126.84120814270115,37.55755494447003],[126.84128472231615,37.5575472908998],[126.84135937751391,37.557539832887215],[126.84132787504291,37.55734688841423],[126.8412026766271,37.55735933234337],[126.84117675398188,37.557361910013114],[126.84120814270115,37.55755494447003]]]}},{"type":"Feature","properties":{"PNU":1150010600106510000,"피해위치(":"서울특별시 강서구 내발산동 651-9 지층 2호","피해일시":"20250813 - 1100","F_SHIM":0.5,"F_AREA":133.87399832,"F_AVR_HGT":"10.564909934997559","ADM_CD":"1150010600","F_YR":"2025","F_ZONE_NM":"서울특별시 강서구 내발산동 651-9 지층 2호","TYPE":"주택","TYPE2":"재난지원금"},"geometry":{"type":"Polygon","coordinates":[[[126.84192176066719,37.55719354240589],[126.84191264938615,37.55713549738757],[126.84186800445059,37.55710777666962],[126.84175106999375,37.557119421464215],[126.84176513803251,37.557209359202716],[126.84192176066719,37.55719354240589]]]}},{"type":"Feature","properties":{"PNU":1150010600106510000,"피해위치(":"서울특별시 강서구 내발산동 651-13 다동 지층 1호","피해일시":"20250813 - 1100","F_SHIM":0.5,"F_AREA":287.30258147,"F_AVR_HGT":"10.564909934997559","ADM_CD":"1150010600","F_YR":"2025","F_ZONE_NM":"서울특별시 강서구 내발산동 651-13 다동 지층 1호","TYPE":"주택","TYPE2":"재난지원금"},"geometry":{"type":"Polygon","coordinates":[[[126.84132787504291,37.55734688841423],[126.84136081606145,37.5573435994398],[126.84133223381548,37.557161119404945],[126.84117420793564,37.55717685242527],[126.8412026766271,37.55735933234337],[126.84132787504291,37.55734688841423]]]}},{"type":"Feature","properties":{"PNU":1150010600106510100,"피해위치(":"서울특별시 강서구 내발산동 651-17 지하1층","피해일시":"20250813 - 1613","F_SHIM":0.5,"F_AREA":244.83204197,"F_AVR_HGT":"10.029848098754883","ADM_CD":"1150010600","F_YR":"2025","F_ZONE_NM":"서울특별시 강서구 내발산동 651-17 지하1층","TYPE":"소상공인","TYPE2":"재난지원금"},"geometry":{"type":"Polygon","coordinates":[[[126.84063418921144,37.55741586203275],[126.84072350361404,37.55740697380235],[126.84076889663814,37.55740244056465],[126.84074031563989,37.557220041480434],[126.84060549536197,37.55723346276287],[126.84063418921144,37.55741586203275]]]}},{"type":"Feature","properties":{"PNU":1150010500103270000,"피해위치(":"서울특별시 강서구 마곡동 327-26 한길자원환경","피해일시":"20250813 - 1512","F_SHIM":0.5,"F_AREA":306.7581838,"F_AVR_HGT":"12.222990036010742","ADM_CD":"1150010500","F_YR":"2025","F_ZONE_NM":"서울특별시 강서구 마곡동 327-26 한길자원환경","TYPE":"소상공인","TYPE2":"재난지원금"},"geometry":{"type":"Polygon","coordinates":[[[126.82338435880843,37.572216498640486],[126.82351359969793,37.57214383980378],[126.82361932610851,37.57212484419007],[126.82332033989306,37.57198605582132],[126.82332140676323,37.57198962533825],[126.82335477292655,37.57223383402617],[126.82338435880843,37.572216498640486]]]}},{"type":"Feature","properties":{"PNU":1150010600107000000,"피해위치(":"서울특별시 강서구 내발산동 700-4 지층 1호","피해일시":"20250813 - 1100","F_SHIM":0.5,"F_AREA":111.86029119,"F_AVR_HGT":"14.162418365478516","ADM_CD":"1150010600","F_YR":"2025","F_ZONE_NM":"서울특별시 강서구 내발산동 700-4 지층 1호","TYPE":"주택","TYPE2":"재난지원금"},"geometry":{"type":"Polygon","coordinates":[[[126.83510992902755,37.55199722439726],[126.83510969069266,37.55190081815876],[126.83499199443389,37.551902003722546],[126.83499200408914,37.55191292373193],[126.83499211744595,37.55199931078821],[126.83510992902755,37.55199722439726]]]}},{"type":"Feature","properties":{"PNU":1150010600106700000,"피해위치(":"서울특별시 강서구 내발산동 670-10 지층","피해일시":"20250813 - 1139","F_SHIM":0.5,"F_AREA":196.89469479,"F_AVR_HGT":"10.646743774414062","ADM_CD":"1150010600","F_YR":"2025","F_ZONE_NM":"서울특별시 강서구 내발산동 670-10 지층","TYPE":"주택","TYPE2":"재난지원금"},"geometry":{"type":"Polygon","coordinates":[[[126.83788705285221,37.55427331103009],[126.83792463341078,37.55426967805464],[126.83790934109922,37.55417267436509],[126.83785240681651,37.55417705536322],[126.83770095950067,37.55418863029555],[126.8377327687568,37.55428823375241],[126.83788705285221,37.55427331103009]]]}},{"type":"Feature","properties":{"PNU":1150010600106720000,"피해위치(":"서울특별시 강서구 내발산동 672-17","피해일시":"20250813 - 1141","F_SHIM":0.5,"F_AREA":150.58774278,"F_AVR_HGT":"31.932998657226562","ADM_CD":"1150010600","F_YR":"2025","F_ZONE_NM":"서울특별시 강서구 내발산동 672-17","TYPE":"주택","TYPE2":"재난지원금"},"geometry":{"type":"Polygon","coordinates":[[[126.84103912515903,37.5535126968433],[126.8411564870264,37.553457445425934],[126.84113690029832,37.553429695374966],[126.84108660198291,37.553358529959425],[126.84097599882415,37.553396833873464],[126.84099403473431,37.55343001481022],[126.84103912515903,37.5535126968433]]]}},{"type":"Feature","properties":{"PNU":1150010600106780000,"피해위치(":"서울특별시 강서구 내발산동 678-16 지층 1호","피해일시":"20250821 - 1640","F_SHIM":0.5,"F_AREA":168.67287129,"F_AVR_HGT":"11.15197467803955","ADM_CD":"1150010600","F_YR":"2025","F_ZONE_NM":"서울특별시 강서구 내발산동 678-16 지층 1호","TYPE":"주택","TYPE2":"재난지원금"},"geometry":{"type":"Polygon","coordinates":[[[126.83593544035152,37.553704588889055],[126.83606722879445,37.553677924131705],[126.8360281167996,37.55355534376136],[126.8360058917041,37.55355983557848],[126.83598826336406,37.55356338779637],[126.83589632857885,37.5535819994662],[126.83593544035152,37.553704588889055]]]}},{"type":"Feature","properties":{"PNU":1150010600106780000,"피해위치(":"서울특별시 강서구 내발산동 678-17 지층 3호","피해일시":"20250813 - 1100","F_SHIM":0.5,"F_AREA":278.33309749,"F_AVR_HGT":"11.15197467803955","ADM_CD":"1150010600","F_YR":"2025","F_ZONE_NM":"서울특별시 강서구 내발산동 678-17 지층 3호","TYPE":"주택","TYPE2":"재난지원금"},"geometry":{"type":"Polygon","coordinates":[[[126.83596884271994,37.55380932169076],[126.8362234526429,37.55375788049147],[126.83620681799768,37.55370605030929],[126.83618973308666,37.55365313830653],[126.83606722879445,37.553677924131705],[126.83593544035152,37.553704588889055],[126.83594975874617,37.55374953230194],[126.83596884271994,37.55380932169076]]]}},{"type":"Feature","properties":{"PNU":1150010600106780000,"피해위치(":"서울특별시 강서구 내발산동 678-24 지층 1호","피해일시":"20250813 - 1100","F_SHIM":0.5,"F_AREA":170.46079703,"F_AVR_HGT":"10.68301010131836","ADM_CD":"1150010600","F_YR":"2025","F_ZONE_NM":"서울특별시 강서구 내발산동 678-24 지층 1호","TYPE":"주택","TYPE2":"재난지원금"},"geometry":{"type":"Polygon","coordinates":[[[126.83598826336406,37.55356338779637],[126.83593813756366,37.55340618494637],[126.83583316531922,37.553384143657496],[126.83589632857885,37.5535819994662],[126.83598826336406,37.55356338779637]]]}},{"type":"Feature","properties":{"PNU":1150010600106780000,"피해위치(":"서울특별시 강서구 내발산동 678-27 지층 1호","피해일시":"20250813 - 1100","F_SHIM":0.5,"F_AREA":344.19912094,"F_AVR_HGT":"10.68301010131836","ADM_CD":"1150010600","F_YR":"2025","F_ZONE_NM":"서울특별시 강서구 내발산동 678-27 지층 1호","TYPE":"주택","TYPE2":"재난지원금"},"geometry":{"type":"Polygon","coordinates":[[[126.83593309584847,37.55336783176198],[126.83595207431297,37.55334736987159],[126.83586531041246,37.553075068249925],[126.83574269221603,37.55310056536369],[126.83576079791939,37.55315736213366],[126.83582042029632,37.55334422995722],[126.83593309584847,37.55336783176198]]]}},{"type":"Feature","properties":{"PNU":1150010600106820000,"피해위치(":"서울특별시 강서구 내발산동 682-8 지층 2호","피해일시":"20250813 - 1100","F_SHIM":0.5,"F_AREA":133.38407841,"F_AVR_HGT":"10.690521240234375","ADM_CD":"1150010600","F_YR":"2025","F_ZONE_NM":"서울특별시 강서구 내발산동 682-8 지층 2호","TYPE":"주택","TYPE2":"재난지원금"},"geometry":{"type":"Polygon","coordinates":[[[126.83334888178365,37.553497129688594],[126.83344731942381,37.55349078271541],[126.8334302014503,37.55335269972879],[126.83335164444597,37.55336054361559],[126.83333077360838,37.55338177724287],[126.83334888178365,37.553497129688594]]]}},{"type":"Feature","properties":{"PNU":1150011000104210000,"피해위치(":"서울특별시 강서구 개화동 421-57 지층","피해일시":"20250813 - 1100","F_SHIM":0.5,"F_AREA":266.08678684,"F_AVR_HGT":"34.596683502197266","ADM_CD":"1150011000","F_YR":"2025","F_ZONE_NM":"서울특별시 강서구 개화동 421-57 지층","TYPE":"주택","TYPE2":"재난지원금"},"geometry":{"type":"Polygon","coordinates":[[[126.7992039655786,37.582241220856446],[126.7992996416687,37.58224542119801],[126.79931952081779,37.58224579762319],[126.79936269371814,37.582248187093015],[126.79937829156866,37.582249249934854],[126.79937901049068,37.582222023410864],[126.79938569443595,37.58209058119883],[126.79930722653876,37.5820906810718],[126.79921480306423,37.58208110743231],[126.7992090532742,37.58216426746971],[126.79920486186967,37.582223779330434],[126.7992039655786,37.582241220856446]]]}},{"type":"Feature","properties":{"PNU":1150010600106880000,"피해위치(":"서울특별시 강서구 내발산동 688-1 101호","피해일시":"20250813 - 1124","F_SHIM":0.5,"F_AREA":181.67242814,"F_AVR_HGT":"13.06689739227295","ADM_CD":"1150010600","F_YR":"2025","F_ZONE_NM":"서울특별시 강서구 내발산동 688-1 101호","TYPE":"주택","TYPE2":"재난지원금"},"geometry":{"type":"Polygon","coordinates":[[[126.83115093292723,37.55297347734192],[126.83115877742006,37.552957721342594],[126.83116230162852,37.55295069870853],[126.83120732326172,37.55285977271728],[126.83106635964495,37.55281551994184],[126.83103526529503,37.55287821996596],[126.83102053086454,37.55290798540658],[126.83101002573476,37.55292921557144],[126.83115093292723,37.55297347734192]]]}},{"type":"Feature","properties":{"PNU":1150010600106890000,"피해위치(":"서울특별시 강서구 내발산동 689-26 나동 지층 2호","피해일시":"20250813 - 1100","F_SHIM":0.5,"F_AREA":247.26857869,"F_AVR_HGT":"12.773467063903809","ADM_CD":"1150010600","F_YR":"2025","F_ZONE_NM":"서울특별시 강서구 내발산동 689-26 나동 지층 2호","TYPE":"주택","TYPE2":"재난지원금"},"geometry":{"type":"Polygon","coordinates":[[[126.83085502977846,37.55256210870722],[126.83087003691739,37.55253185714519],[126.83094425444223,37.55238199465601],[126.8308729193544,37.55235959209614],[126.83082314992956,37.55234396007168],[126.83075881224964,37.55247376272462],[126.83073391366254,37.5525240920353],[126.83085502977846,37.55256210870722]]]}},{"type":"Feature","properties":{"PNU":1150010900102810100,"피해위치(":"서울특별시 강서구 방화동 281-56 지층 1호","피해일시":"20250813 - 1100","F_SHIM":0.5,"F_AREA":166.63244354,"F_AVR_HGT":"9.505921363830566","ADM_CD":"1150010900","F_YR":"2025","F_ZONE_NM":"서울특별시 강서구 방화동 281-56 지층 1호","TYPE":"주택","TYPE2":"재난지원금"},"geometry":{"type":"Polygon","coordinates":[[[126.8148367459723,37.57267525605481],[126.81490137397729,37.572574213505895],[126.81476625570787,37.5725172467215],[126.814713078865,37.57260644132706],[126.81470720628654,37.5726190728728],[126.8148367459723,37.57267525605481]]]}},{"type":"Feature","properties":{"PNU":1150010900102810100,"피해위치(":"서울특별시 강서구 방화동 281-62 지층 1호(우측)","피해일시":"20250813 - 1100","F_SHIM":0.5,"F_AREA":164.49638159,"F_AVR_HGT":"9.505921363830566","ADM_CD":"1150010900","F_YR":"2025","F_ZONE_NM":"서울특별시 강서구 방화동 281-62 지층 1호(우측)","TYPE":"주택","TYPE2":"재난지원금"},"geometry":{"type":"Polygon","coordinates":[[[126.81490658178183,37.5727009724912],[126.81501330014854,37.572748397857296],[126.81504339964923,37.57276200524638],[126.81505171975253,37.57274837745509],[126.81510185747278,37.57266577311989],[126.81496636313591,37.572605147966804],[126.81490522772283,37.57269924045727],[126.81490658178183,37.5727009724912]]]}},{"type":"Feature","properties":{"PNU":1150010900102810100,"피해위치(":"서울특별시 강서구 방화동 281-64","피해일시":"20250814 - 1100","F_SHIM":0.5,"F_AREA":175.96926047,"F_AVR_HGT":"9.505921363830566","ADM_CD":"1150010900","F_YR":"2025","F_ZONE_NM":"서울특별시 강서구 방화동 281-64","TYPE":"주택","TYPE2":"재난지원금"},"geometry":{"type":"Polygon","coordinates":[[[126.81524197507245,37.57272911738049],[126.81530132123892,37.57263969801249],[126.8152236104396,37.57258977790056],[126.81521585615963,37.57258531479199],[126.81516670431819,37.572563072955845],[126.81510185747278,37.57266577311989],[126.81524197507245,37.57272911738049]]]}},{"type":"Feature","properties":{"PNU":1150010900102810000,"피해위치(":"서울특별시 강서구 방화동 281-31 카페오냥","피해일시":"20250813 - 1646","F_SHIM":0.5,"F_AREA":175.03415884,"F_AVR_HGT":"9.062586784362793","ADM_CD":"1150010900","F_YR":"2025","F_ZONE_NM":"서울특별시 강서구 방화동 281-31 카페오냥","TYPE":"소상공인","TYPE2":"재난지원금"},"geometry":{"type":"Polygon","coordinates":[[[126.81575260287121,37.57239143038968],[126.81574631805803,37.57228754578274],[126.81572023502567,37.57228845978323],[126.81557319778477,37.57229489559231],[126.81557737349438,37.57239558739467],[126.8156016901477,37.57239488688092],[126.81575260287121,37.57239143038968]]]}},{"type":"Feature","properties":{"PNU":1150010900106080000,"피해위치(":"서울특별시 강서구 방화동 608-15 지층1호","피해일시":"20250823 - 1204","F_SHIM":0.5,"F_AREA":143.64287842,"F_AVR_HGT":"12.48863410949707","ADM_CD":"1150010900","F_YR":"2025","F_ZONE_NM":"서울특별시 강서구 방화동 608-15 지층1호","TYPE":"주택","TYPE2":"재난지원금"},"geometry":{"type":"Polygon","coordinates":[[[126.8155352944086,37.56687920255052],[126.81552466901223,37.56687340147482],[126.81544376841549,37.56696603063438],[126.81543529968765,37.56697599121548],[126.81547031880575,37.566999463059915],[126.81546104860706,37.56700854842225],[126.81548957244951,37.567031298245226],[126.8156302530531,37.56693684408682],[126.8155352944086,37.56687920255052]]]}},{"type":"Feature","properties":{"PNU":1150010400114560000,"피해위치(":"서울특별시 강서구 가양동 1456-12   라동 지하 서서울공업사","피해일시":"20250813 - 1507","F_SHIM":0.5,"F_AREA":1490.3185841,"F_AVR_HGT":"16.646507263183594","ADM_CD":"1150010400","F_YR":"2025","F_ZONE_NM":"서울특별시 강서구 가양동 1456-12   라동 지하 서서울공업사","TYPE":"소상공인","TYPE2":"재난지원금"},"geometry":{"type":"Polygon","coordinates":[[[126.8417009566605,37.57263337309728],[126.84212432841642,37.5729261083828],[126.84212618970093,37.57287072724888],[126.8421291707467,37.57269359730287],[126.8422867695232,37.57268110605337],[126.84216603817629,37.57255075058739],[126.84211228580075,37.57248977132461],[126.84206227306998,37.5724269050157],[126.84201611317592,37.57236215181826],[126.84199016382487,37.57232175255377],[126.8417009566605,37.57263337309728]]]}},{"type":"Feature","properties":{"PNU":1138010300102850000,"피해위치(":"서울특별시 은평구 불광동 285-30 미도다방","피해일시":"20250813 - 1200","F_SHIM":0.1,"F_AREA":173.03909262,"F_AVR_HGT":"29.646123504638673","ADM_CD":"1138010300","F_YR":"2025","F_ZONE_NM":"서울특별시 은평구 불광동 285-30 미도다방","TYPE":"소상공인","TYPE2":"재난지원금"},"geometry":{"type":"Polygon","coordinates":[[[126.9314386933358,37.60918643819184],[126.93143325056316,37.60919346261771],[126.93154520017917,37.6092557868857],[126.93164418000254,37.60913907829048],[126.93158712816918,37.609109131903416],[126.93156300337972,37.60911100966784],[126.9315137345991,37.60911467447914],[126.93149572600794,37.609116015268434],[126.9314386933358,37.60918643819184]]]}},{"type":"Feature","properties":{"PNU":1138010300102810200,"피해위치(":"서울특별시 은평구 불광동 281-178 1층 롯데리아","피해일시":"20250813 - 1200","F_SHIM":0.1,"F_AREA":372.69566861,"F_AVR_HGT":"29.646123504638673","ADM_CD":"1138010300","F_YR":"2025","F_ZONE_NM":"서울특별시 은평구 불광동 281-178 1층 롯데리아","TYPE":"소상공인","TYPE2":"재난지원금"},"geometry":{"type":"Polygon","coordinates":[[[126.93106237238798,37.609668050157865],[126.9311969624726,37.60974190281126],[126.93125223721731,37.60967481259727],[126.93125194929453,37.60963174550031],[126.93115190714332,37.609576401656724],[126.93112601629268,37.609565340181135],[126.93099722298156,37.60949385148083],[126.93091980559892,37.60958629997897],[126.93106237238798,37.609668050157865]]]}},{"type":"Feature","properties":{"PNU":1138010300102810100,"피해위치(":"서울특별시 은평구 불광동 281-100 청춘약국","피해일시":"20250813 - 1200","F_SHIM":0.1,"F_AREA":166.34176926,"F_AVR_HGT":"27.98540267944336","ADM_CD":"1138010300","F_YR":"2025","F_ZONE_NM":"서울특별시 은평구 불광동 281-100 청춘약국","TYPE":"소상공인","TYPE2":"재난지원금"},"geometry":{"type":"Polygon","coordinates":[[[126.93029020194837,37.610322465165524],[126.93042796512812,37.61039471685564],[126.93049996327369,37.61030970754058],[126.93037035559311,37.610236379672465],[126.93029020194837,37.610322465165524]]]}},{"type":"Feature","properties":{"PNU":1150010900106170000,"피해위치(":"서울특별시 강서구 방화동 617-8 지층","피해일시":"20250813 - 1137","F_SHIM":0.5,"F_AREA":215.25356766,"F_AVR_HGT":"8.34874153137207","ADM_CD":"1150010900","F_YR":"2025","F_ZONE_NM":"서울특별시 강서구 방화동 617-8 지층","TYPE":"소상공인","TYPE2":"재난지원금"},"geometry":{"type":"Polygon","coordinates":[[[126.80749504507392,37.564591802298004],[126.80747044620291,37.564484066842674],[126.80743751915422,37.564484553315005],[126.80729756981327,37.564491323858974],[126.80727013115926,37.56448788199755],[126.80727610953157,37.56454372602515],[126.80728319715794,37.56459520208773],[126.80749504507392,37.564591802298004]]]}},{"type":"Feature","properties":{"PNU":1150010900105500000,"피해위치(":"서울특별시 강서구 방화동 550-10 골든빌라 가동 b03호","피해일시":"20250821 - 1156","F_SHIM":0.5,"F_AREA":350.56374683,"F_AVR_HGT":"10.0992431640625","ADM_CD":"1150010900","F_YR":"2025","F_ZONE_NM":"서울특별시 강서구 방화동 550-10 골든빌라 가동 b03호","TYPE":"주택","TYPE2":"재난지원금"},"geometry":{"type":"Polygon","coordinates":[[[126.80868473957841,37.569463325213825],[126.80855402810809,37.569518684511564],[126.80853328775837,37.569559447289286],[126.80849572901515,37.56956864803394],[126.80860060658935,37.56968572247289],[126.80881067959525,37.56957279350053],[126.80874934677136,37.56952622949173],[126.80869706936338,37.56947532847451],[126.80868473957841,37.569463325213825]]]}},{"type":"Feature","properties":{"PNU":1150011000105580000,"피해위치(":"서울특별시 강서구 개화동 558-90   1층~지하","피해일시":"20250813 - 1420","F_SHIM":0.5,"F_AREA":282.52331222,"F_AVR_HGT":"26.301969528198242","ADM_CD":"1150011000","F_YR":"2025","F_ZONE_NM":"서울특별시 강서구 개화동 558-90   1층~지하","TYPE":"소상공인","TYPE2":"재난지원금"},"geometry":{"type":"Polygon","coordinates":[[[126.80251033756456,37.577352401987],[126.80256139379198,37.57727558893678],[126.80239742001913,37.577206035712386],[126.80230637629055,37.577343570708514],[126.80246774824339,37.577412488981444],[126.80251033756456,37.577352401987]]]}},{"type":"Feature","properties":{"PNU":1150010500113900000,"피해위치(":"서울특별시 강서구 마곡동 1390 지하 1호","피해일시":"20250909 - 1416","F_SHIM":0.5,"F_AREA":224.23273212,"F_AVR_HGT":"9.997870445251465","ADM_CD":"1150010500","F_YR":"2025","F_ZONE_NM":"서울특별시 강서구 마곡동 1390 지하 1호","TYPE":"주택","TYPE2":"재난지원금"},"geometry":{"type":"Polygon","coordinates":[[[126.81812655478903,37.57154686311534],[126.81821423833475,37.571546278496626],[126.81829406621742,37.571545618552555],[126.81829252761625,37.5714251182264],[126.81815745537835,37.57142304348293],[126.81811264794328,37.57144325509159],[126.81808747373262,37.571484517204176],[126.81807957680333,37.571519733507685],[126.81812633588459,37.57152072515641],[126.81812655478903,37.57154686311534]]]}},{"type":"Feature","properties":{"PNU":1150010500114470000,"피해위치(":"서울특별시 강서구 마곡동 1447 지층","피해일시":"20250813 - 1100","F_SHIM":0.5,"F_AREA":160.27728605,"F_AVR_HGT":"9.436732292175293","ADM_CD":"1150010500","F_YR":"2025","F_ZONE_NM":"서울특별시 강서구 마곡동 1447 지층","TYPE":"주택","TYPE2":"재난지원금"},"geometry":{"type":"Polygon","coordinates":[[[126.8194048216019,37.570475442373535],[126.81950766279842,37.57052516423998],[126.81961955030796,37.57044377936061],[126.81948332542562,37.570376499951536],[126.8194048216019,37.570475442373535]]]}},{"type":"Feature","properties":{"PNU":1150010500113790000,"피해위치(":"서울특별시 강서구 마곡동 1379 b01호","피해일시":"20250813 - 1147","F_SHIM":0.5,"F_AREA":201.79693208,"F_AVR_HGT":"11.202675819396973","ADM_CD":"1150010500","F_YR":"2025","F_ZONE_NM":"서울특별시 강서구 마곡동 1379 b01호","TYPE":"주택","TYPE2":"재난지원금"},"geometry":{"type":"Polygon","coordinates":[[[126.81813370153044,37.5719007186407],[126.81830038240511,37.571901518019104],[126.81829965430413,37.57177823490989],[126.81827042763813,37.571777910244],[126.81813170373796,37.571778316525304],[126.81813370153044,37.5719007186407]]]}},{"type":"Feature","properties":{"PNU":1150010800100550100,"피해위치(":"서울특별시 강서구 공항동 55-125 B03호","피해일시":"20250823 - 1139","F_SHIM":0.5,"F_AREA":245.20094151,"F_AVR_HGT":"11.190950393676758","ADM_CD":"1150010800","F_YR":"2025","F_ZONE_NM":"서울특별시 강서구 공항동 55-125 B03호","TYPE":"주택","TYPE2":"재난지원금"},"geometry":{"type":"Polygon","coordinates":[[[126.81130489908443,37.55930315693618],[126.81132846803166,37.55924764897277],[126.81138543083749,37.55916289464122],[126.81133713841434,37.559158212817636],[126.81118311322037,37.5591409719937],[126.81116568886527,37.559290264698646],[126.81122496646469,37.55929671221411],[126.81130489908443,37.55930315693618]]]}},{"type":"Feature","properties":{"PNU":1138010200100790000,"피해위치(":"서울특별시 은평구 녹번동 79-2 1층","피해일시":"20250813 - 1200","F_SHIM":0.1,"F_AREA":1483.09337361,"F_AVR_HGT":"29.20842514038086","ADM_CD":"1138010200","F_YR":"2025","F_ZONE_NM":"서울특별시 은평구 녹번동 79-2 1층","TYPE":"소상공인","TYPE2":"재난지원금"},"geometry":{"type":"Polygon","coordinates":[[[126.93033449446783,37.60199318138985],[126.9303953982313,37.60189618224899],[126.93041207988855,37.60185943219792],[126.93044346823352,37.60183827800555],[126.93049694211174,37.60181371336146],[126.93052332171641,37.601819946014025],[126.93055672185075,37.60182672347167],[126.93051436582456,37.60147270180414],[126.93046011552576,37.60148041760894],[126.93032536857848,37.6014687137282],[126.93029476403161,37.60149932868453],[126.93018828879413,37.60152827603558],[126.93021456362625,37.60176281776897],[126.9301784173429,37.60178577099076],[126.93019714211755,37.60198138569369],[126.93026843721947,37.602031613500266],[126.93031823488944,37.60206227696879],[126.93033449446783,37.60199318138985]]]}},{"type":"Feature","properties":{"PNU":1150010300109730000,"피해위치(":"서울특별시 강서구 화곡동 973-1 지층 101호","피해일시":"20250822 - 1602","F_SHIM":0.5,"F_AREA":195.93915976,"F_AVR_HGT":"14.538060188293457","ADM_CD":"1150010300","F_YR":"2025","F_ZONE_NM":"서울특별시 강서구 화곡동 973-1 지층 101호","TYPE":"주택","TYPE2":"재난지원금"},"geometry":{"type":"Polygon","coordinates":[[[126.8479698059834,37.54883165588044],[126.84785460833498,37.54868754578995],[126.84775386271735,37.54873586090317],[126.84775907774909,37.54874221967587],[126.84784587391907,37.54885760536817],[126.84789622362152,37.54886679791217],[126.8479698059834,37.54883165588044]]]}},{"type":"Feature","properties":{"PNU":1150010900106480000,"피해위치(":"서울특별시 강서구 방화동 648-25   b01호","피해일시":"20250821 - 1500","F_SHIM":0.5,"F_AREA":184.62167646,"F_AVR_HGT":"7.699786186218262","ADM_CD":"1150010900","F_YR":"2025","F_ZONE_NM":"서울특별시 강서구 방화동 648-25   b01호","TYPE":"주택","TYPE2":"재난지원금"},"geometry":{"type":"Polygon","coordinates":[[[126.8061895121626,37.56755675370661],[126.80634605953057,37.56755491329435],[126.80634745436356,37.56745847395418],[126.80634810324497,37.567435364710626],[126.80619056243209,37.567436293485564],[126.8061895121626,37.56755675370661]]]}},{"type":"Feature","properties":{"PNU":1150010900106480000,"피해위치(":"서울특별시 강서구 방화동 648-26 b02호","피해일시":"20250822 - 1537","F_SHIM":0.5,"F_AREA":178.75930885,"F_AVR_HGT":"7.699786186218262","ADM_CD":"1150010900","F_YR":"2025","F_ZONE_NM":"서울특별시 강서구 방화동 648-26 b02호","TYPE":"주택","TYPE2":"재난지원금"},"geometry":{"type":"Polygon","coordinates":[[[126.80619056243209,37.567436293485564],[126.80634810324497,37.567435364710626],[126.80635047288199,37.56735141465968],[126.8063515622593,37.56731999003381],[126.80619498777781,37.56731939774423],[126.80619056243209,37.567436293485564]]]}},{"type":"Feature","properties":{"PNU":1150010900106480000,"피해위치(":"서울특별시 강서구 방화동 648-35 지층 3호","피해일시":"20250813 - 1100","F_SHIM":0.5,"F_AREA":171.60045769,"F_AVR_HGT":"8.16739273071289","ADM_CD":"1150010900","F_YR":"2025","F_ZONE_NM":"서울특별시 강서구 방화동 648-35 지층 3호","TYPE":"주택","TYPE2":"재난지원금"},"geometry":{"type":"Polygon","coordinates":[[[126.80634675879509,37.567564555010826],[126.80651029134256,37.567566555122205],[126.80651303544064,37.56746046843797],[126.80634745436356,37.56745847395418],[126.80634605953057,37.56755491329435],[126.80634675879509,37.567564555010826]]]}},{"type":"Feature","properties":{"PNU":1150010900106480000,"피해위치(":"서울특별시 강서구 방화동 648-37 b02호","피해일시":"20250821 - 1510","F_SHIM":0.5,"F_AREA":172.73346044,"F_AVR_HGT":"8.16739273071289","ADM_CD":"1150010900","F_YR":"2025","F_ZONE_NM":"서울특별시 강서구 방화동 648-37 b02호","TYPE":"주택","TYPE2":"재난지원금"},"geometry":{"type":"Polygon","coordinates":[[[126.8065801161601,37.5675718420949],[126.80673848103355,37.5675718782161],[126.80673993581522,37.56746091505963],[126.80658217359552,37.5674599158796],[126.8065801161601,37.5675718420949]]]}},{"type":"Feature","properties":{"PNU":1150010900106480000,"피해위치(":"서울특별시 강서구 방화동 648-46 지층2호","피해일시":"20250824 - 1742","F_SHIM":0.5,"F_AREA":168.08082681,"F_AVR_HGT":"8.16739273071289","ADM_CD":"1150010900","F_YR":"2025","F_ZONE_NM":"서울특별시 강서구 방화동 648-46 지층2호","TYPE":"주택","TYPE2":"재난지원금"},"geometry":{"type":"Polygon","coordinates":[[[126.80690728194219,37.56716732509287],[126.8069109137061,37.56705482482676],[126.80675992570579,37.567052053096425],[126.80675861748642,37.56706325921734],[126.80675477650657,37.5671647310519],[126.80690728194219,37.56716732509287]]]}},{"type":"Feature","properties":{"PNU":1150010900106190000,"피해위치(":"서울특별시 강서구 방화동 619-6 공항동물병원","피해일시":"20250813 - 1618","F_SHIM":0.5,"F_AREA":245.54968042,"F_AVR_HGT":"10.748230934143066","ADM_CD":"1150010900","F_YR":"2025","F_ZONE_NM":"서울특별시 강서구 방화동 619-6 공항동물병원","TYPE":"소상공인","TYPE2":"재난지원금"},"geometry":{"type":"Polygon","coordinates":[[[126.80744453239228,37.563072465053146],[126.80749029545949,37.56298407228452],[126.80737159864725,37.56294524281745],[126.80732773212063,37.56293083596482],[126.80732086155558,37.56293968137375],[126.80722603499663,37.563114542226685],[126.80725306671023,37.563121947774775],[126.80730798183949,37.56311823594695],[126.8073434158203,37.56304995431061],[126.80744453239228,37.563072465053146]]]}},{"type":"Feature","properties":{"PNU":1150010900106480000,"피해위치(":"서울특별시 강서구 방화동 648-52 지하 102호","피해일시":"20250823 - 1226","F_SHIM":0.5,"F_AREA":171.06993694,"F_AVR_HGT":"8.16739273071289","ADM_CD":"1150010900","F_YR":"2025","F_ZONE_NM":"서울특별시 강서구 방화동 648-52 지하 102호","TYPE":"주택","TYPE2":"재난지원금"},"geometry":{"type":"Polygon","coordinates":[[[126.80713705035895,37.5670002281255],[126.80713821180915,37.56694964862359],[126.80714067274342,37.56688684486593],[126.80698749422076,37.56688649347582],[126.80698448934201,37.56700172477131],[126.80713705035895,37.5670002281255]]]}},{"type":"Feature","properties":{"PNU":1150010900106480000,"피해위치(":"서울특별시 강서구 방화동 648-59 b01호","피해일시":"20250813 - 1108","F_SHIM":0.5,"F_AREA":161.40251763,"F_AVR_HGT":"8.16739273071289","ADM_CD":"1150010900","F_YR":"2025","F_ZONE_NM":"서울특별시 강서구 방화동 648-59 b01호","TYPE":"주택","TYPE2":"재난지원금"},"geometry":{"type":"Polygon","coordinates":[[[126.80728888311535,37.56736641388531],[126.80729194464286,37.56726406679636],[126.80721076741226,37.56726301422084],[126.80713035926505,37.567262197112356],[126.80712762635768,37.56733818185797],[126.80712574027348,37.567362703619075],[126.80721084267589,37.56736477181854],[126.80728888311535,37.56736641388531]]]}},{"type":"Feature","properties":{"PNU":1150010900106450000,"피해위치(":"서울특별시 강서구 방화동 645-20   101호","피해일시":"20250813 - 1341","F_SHIM":0.5,"F_AREA":176.02753597,"F_AVR_HGT":"7.852869510650635","ADM_CD":"1150010900","F_YR":"2025","F_ZONE_NM":"서울특별시 강서구 방화동 645-20   101호","TYPE":"소상공인","TYPE2":"재난지원금"},"geometry":{"type":"Polygon","coordinates":[[[126.806246727022,37.56656487963391],[126.80639291524393,37.56656748190966],[126.80639067096753,37.566442835640935],[126.8062456191367,37.566442938203586],[126.806246727022,37.56656487963391]]]}},{"type":"Feature","properties":{"PNU":1150010900106450000,"피해위치(":"서울특별시 강서구 방화동 645-26 지층","피해일시":"20250813 - 1423","F_SHIM":0.5,"F_AREA":173.51284105,"F_AVR_HGT":"8.386682987213135","ADM_CD":"1150010900","F_YR":"2025","F_ZONE_NM":"서울특별시 강서구 방화동 645-26 지층","TYPE":"주택","TYPE2":"재난지원금"},"geometry":{"type":"Polygon","coordinates":[[[126.80639046186648,37.56618885602493],[126.8065309223508,37.56619133153456],[126.8065304157084,37.56608606836456],[126.8064978601663,37.56606100319047],[126.80639001346695,37.566061338567025],[126.80639046186648,37.56618885602493]]]}},{"type":"Feature","properties":{"PNU":1150010900106450000,"피해위치(":"서울특별시 강서구 방화동 645-27 나동 b01호","피해일시":"20250821 - 1513","F_SHIM":0.5,"F_AREA":247.83757686,"F_AVR_HGT":"7.852869510650635","ADM_CD":"1150010900","F_YR":"2025","F_ZONE_NM":"서울특별시 강서구 방화동 645-27 나동 b01호","TYPE":"주택","TYPE2":"재난지원금"},"geometry":{"type":"Polygon","coordinates":[[[126.80624630632461,37.566240379408235],[126.80639084747625,37.56624063639517],[126.806391054908,37.566200164394154],[126.80639046186648,37.56618885602493],[126.80639001346695,37.566061338567025],[126.80628165704566,37.566061817160154],[126.8062460834304,37.56609160803631],[126.80624621869903,37.56620023127491],[126.80624630632461,37.566240379408235]]]}},{"type":"Feature","properties":{"PNU":1150010900106450000,"피해위치(":"서울특별시 강서구 방화동 645-29 파밀리스 B01","피해일시":"20250823 - 1146","F_SHIM":0.5,"F_AREA":168.84532746,"F_AVR_HGT":"8.386682987213135","ADM_CD":"1150010900","F_YR":"2025","F_ZONE_NM":"서울특별시 강서구 방화동 645-29 파밀리스 B01","TYPE":"주택","TYPE2":"재난지원금"},"geometry":{"type":"Polygon","coordinates":[[[126.80686569299922,37.566528988273454],[126.80686488554514,37.56640429933147],[126.80672370760787,37.56640768846145],[126.806724867788,37.56652723334946],[126.80686569299922,37.566528988273454]]]}},{"type":"Feature","properties":{"PNU":1150010900106450000,"피해위치(":"서울특별시 강서구 방화동 645-30 b01호","피해일시":"20250821 - 1539","F_SHIM":0.5,"F_AREA":333.87408469,"F_AVR_HGT":"8.386682987213135","ADM_CD":"1150010900","F_YR":"2025","F_ZONE_NM":"서울특별시 강서구 방화동 645-30 b01호","TYPE":"주택","TYPE2":"재난지원금"},"geometry":{"type":"Polygon","coordinates":[[[126.80672370760787,37.56640768846145],[126.8067242488067,37.56629112864557],[126.80657958163889,37.56629141245089],[126.80657932182385,37.566408495302994],[126.80657947993606,37.56652591220801],[126.806724867788,37.56652723334946],[126.80672370760787,37.56640768846145]]]}},{"type":"Feature","properties":{"PNU":1150010900106450000,"피해위치(":"서울특별시 강서구 방화동 645-39 지층 우측","피해일시":"20250823 - 1150","F_SHIM":0.5,"F_AREA":186.73987296,"F_AVR_HGT":"8.386682987213135","ADM_CD":"1150010900","F_YR":"2025","F_ZONE_NM":"서울특별시 강서구 방화동 645-39 지층 우측","TYPE":"주택","TYPE2":"재난지원금"},"geometry":{"type":"Polygon","coordinates":[[[126.80691447154155,37.56637462146564],[126.80709605156699,37.56637363220117],[126.80709686742371,37.56626875863819],[126.80707898276025,37.56626908958121],[126.80691586662329,37.56626909113827],[126.80691447154155,37.56637462146564]]]}},{"type":"Feature","properties":{"PNU":1150010900102600100,"피해위치(":"서울특별시 강서구 방화동 260-35 지층 2호","피해일시":"20250813 - 1100","F_SHIM":0.5,"F_AREA":181.79447845,"F_AVR_HGT":"8.69640064239502","ADM_CD":"1150010900","F_YR":"2025","F_ZONE_NM":"서울특별시 강서구 방화동 260-35 지층 2호","TYPE":"주택","TYPE2":"재난지원금"},"geometry":{"type":"Polygon","coordinates":[[[126.81561527531323,37.570385834499774],[126.81576492472533,37.57038806122368],[126.81576611256833,37.57029718056711],[126.8157679366876,37.57026459474878],[126.81561673680609,37.570262347567876],[126.81561570083865,37.570314819400686],[126.81561527531323,37.570385834499774]]]}},{"type":"Feature","properties":{"PNU":1150010900102510100,"피해위치(":"서울특별시 강서구 방화동 251-20 지층","피해일시":"20250813 - 1100","F_SHIM":0.5,"F_AREA":97.89963024,"F_AVR_HGT":"9.455933570861816","ADM_CD":"1150010900","F_YR":"2025","F_ZONE_NM":"서울특별시 강서구 방화동 251-20 지층","TYPE":"주택","TYPE2":"재난지원금"},"geometry":{"type":"Polygon","coordinates":[[[126.81502300776219,37.56945432529912],[126.81502393705979,37.56947204016743],[126.81503281751267,37.56951046326156],[126.81506362270204,37.5695265314601],[126.81517145936279,37.569523133805504],[126.81516135415596,37.569471959825485],[126.81515753495742,37.56944653695945],[126.81502300776219,37.56945432529912]]]}},{"type":"Feature","properties":{"PNU":1150010500113450000,"피해위치(":"서울특별시 강서구 마곡동 1345 지층 102호","피해일시":"20250813 - 1100","F_SHIM":0.5,"F_AREA":199.22963455,"F_AVR_HGT":"9.606890678405762","ADM_CD":"1150010500","F_YR":"2025","F_ZONE_NM":"서울특별시 강서구 마곡동 1345 지층 102호","TYPE":"주택","TYPE2":"재난지원금"},"geometry":{"type":"Polygon","coordinates":[[[126.81746756029935,37.571886320420084],[126.81750491809667,37.57189901048264],[126.81754735507234,37.57191307794756],[126.81756030269499,37.57189093385579],[126.81760906231926,37.57180578551091],[126.81761300723242,37.57179888108971],[126.81750479064956,37.57176216845962],[126.81745984517285,37.57174632212507],[126.81740381492872,37.571864975767326],[126.81746756029935,37.571886320420084]]]}},{"type":"Feature","properties":{"PNU":1150010900102500100,"피해위치(":"서울특별시 강서구 방화동 250-40","피해일시":"20250813 - 1144","F_SHIM":0.5,"F_AREA":139.45157445,"F_AVR_HGT":"10.127206802368164","ADM_CD":"1150010900","F_YR":"2025","F_ZONE_NM":"서울특별시 강서구 방화동 250-40","TYPE":"주택","TYPE2":"재난지원금"},"geometry":{"type":"Polygon","coordinates":[[[126.81471441023788,37.56923150091865],[126.81486707268579,37.56923194959177],[126.8148774129479,37.56913892102787],[126.81471642176841,37.56914217125672],[126.81471626902236,37.56921693490264],[126.81471441023788,37.56923150091865]]]}},{"type":"Feature","properties":{"PNU":1138010700105770000,"피해위치(":"서울특별시 은평구 응암동 577-40 지층","피해일시":"20250813 - 1200","F_SHIM":0.1,"F_AREA":360.06742046,"F_AVR_HGT":"14.737551307678222","ADM_CD":"1138010700","F_YR":"2025","F_ZONE_NM":"서울특별시 은평구 응암동 577-40 지층","TYPE":"소상공인","TYPE2":"재난지원금"},"geometry":{"type":"Polygon","coordinates":[[[126.91729151870754,37.59104376973869],[126.91726334358526,37.590927162237264],[126.91717070651005,37.590943223700954],[126.91711940565547,37.590951566187854],[126.9170914343443,37.59095551051682],[126.9170126137326,37.590968968882535],[126.91695780150911,37.59097848006511],[126.91698371480747,37.59109229296652],[126.9171438450123,37.59106736016674],[126.91729151870754,37.59104376973869]]]}},{"type":"Feature","properties":{"PNU":1150010800100120000,"피해위치(":"서울특별시 강서구 공항동 12-7 101호","피해일시":"20250814 - 1100","F_SHIM":0.5,"F_AREA":140.3627423,"F_AVR_HGT":"10.62541675567627","ADM_CD":"1150010800","F_YR":"2025","F_ZONE_NM":"서울특별시 강서구 공항동 12-7 101호","TYPE":"주택","TYPE2":"재난지원금"},"geometry":{"type":"Polygon","coordinates":[[[126.81557218468603,37.56190088980808],[126.81559248568006,37.56190244444685],[126.81560753052625,37.561787375932774],[126.81548527232037,37.561773380233035],[126.8154713782239,37.56188986509595],[126.81557218468603,37.56190088980808]]]}},{"type":"Feature","properties":{"PNU":1150010500111700000,"피해위치(":"서울특별시 강서구 마곡동 1170 102동B01호","피해일시":"20250813 - 1639","F_SHIM":0.5,"F_AREA":1109.74248121,"F_AVR_HGT":"12.318109512329102","ADM_CD":"1150010500","F_YR":"2025","F_ZONE_NM":"서울특별시 강서구 마곡동 1170 102동B01호","TYPE":"소상공인","TYPE2":"재난지원금"},"geometry":{"type":"Polygon","coordinates":[[[126.8186647126944,37.572871742432284],[126.81866459919,37.57286723732489],[126.81862941703375,37.572867245898244],[126.81848658608435,37.572893738795585],[126.81831809889503,37.57292702118697],[126.81833162506962,37.57322325042643],[126.81867737667045,37.57321560544523],[126.8186647126944,37.572871742432284]]]}},{"type":"Feature","properties":{"PNU":1150010900105960100,"피해위치(":"서울특별시 강서구 방화동 596-9 지층 01호","피해일시":"20250822 - 1514","F_SHIM":0.5,"F_AREA":155.17870211,"F_AVR_HGT":"9.86046028137207","ADM_CD":"1150010900","F_YR":"2025","F_ZONE_NM":"서울특별시 강서구 방화동 596-9 지층 01호","TYPE":"주택","TYPE2":"재난지원금"},"geometry":{"type":"Polygon","coordinates":[[[126.81099321617165,37.56810431243447],[126.81105117329979,37.56817421441509],[126.81114212035675,37.568077279754625],[126.81107946560401,37.56802078593629],[126.8109421310812,37.56804281871582],[126.81099321617165,37.56810431243447]]]}},{"type":"Feature","properties":{"PNU":1150010900105960100,"피해위치(":"서울특별시 강서구 방화동 596-10 지층 1호","피해일시":"20250823 - 0945","F_SHIM":0.5,"F_AREA":180.10545175,"F_AVR_HGT":"9.86046028137207","ADM_CD":"1150010900","F_YR":"2025","F_ZONE_NM":"서울특별시 강서구 방화동 596-10 지층 1호","TYPE":"주택","TYPE2":"재난지원금"},"geometry":{"type":"Polygon","coordinates":[[[126.81094767940175,37.568313087713214],[126.81093014411725,37.5683004996505],[126.81096101884617,37.56826651020022],[126.81084499291276,37.56819721718097],[126.81077250394367,37.56829530766571],[126.81081206489958,37.568317328624445],[126.81087705102287,37.568387314120386],[126.81094767940175,37.568313087713214]]]}},{"type":"Feature","properties":{"PNU":1150010900105920000,"피해위치(":"서울특별시 강서구 방화동 592-51 지층 2호","피해일시":"20250813 - 1100","F_SHIM":0.5,"F_AREA":150.73041734,"F_AVR_HGT":"11.533811569213867","ADM_CD":"1150010900","F_YR":"2025","F_ZONE_NM":"서울특별시 강서구 방화동 592-51 지층 2호","TYPE":"주택","TYPE2":"재난지원금"},"geometry":{"type":"Polygon","coordinates":[[[126.81106296024409,37.568706257183294],[126.81116639692235,37.568594449347366],[126.8110826825306,37.56854010196804],[126.81097389996113,37.56865315347576],[126.81103081948267,37.56868617639365],[126.81106296024409,37.568706257183294]]]}},{"type":"Feature","properties":{"PNU":1150010500113550000,"피해위치(":"서울특별시 강서구 마곡동 1355 101호","피해일시":"20250821 - 1910","F_SHIM":0.5,"F_AREA":256.49915811,"F_AVR_HGT":"8.828306198120117","ADM_CD":"1150010500","F_YR":"2025","F_ZONE_NM":"서울특별시 강서구 마곡동 1355 101호","TYPE":"주택","TYPE2":"재난지원금"},"geometry":{"type":"Polygon","coordinates":[[[126.81724575284329,37.57149482015653],[126.81723568684629,37.5714913716864],[126.81718301249656,37.571580261873095],[126.8174223008299,37.57166688667839],[126.81746434314981,37.57158826907746],[126.81747279400324,37.57157187528744],[126.81737927974642,37.57154069949709],[126.81726614501368,37.57150178957919],[126.81724575284329,37.57149482015653]]]}},{"type":"Feature","properties":{"PNU":1150010500113560000,"피해위치(":"서울특별시 강서구 마곡동 1356 지층 2호","피해일시":"20250822 - 1629","F_SHIM":0.5,"F_AREA":259.53513762,"F_AVR_HGT":"9.606890678405762","ADM_CD":"1150010500","F_YR":"2025","F_ZONE_NM":"서울특별시 강서구 마곡동 1356 지층 2호","TYPE":"주택","TYPE2":"재난지원금"},"geometry":{"type":"Polygon","coordinates":[[[126.8177108095791,37.57164221669838],[126.81766680725596,37.57163872443556],[126.81759559790625,37.571614593223785],[126.8175046317015,37.57158291694985],[126.81747279400324,37.57157187528744],[126.81746434314981,37.57158826907746],[126.8174223008299,37.57166688667839],[126.81745134276524,37.5716778609265],[126.81750473477284,37.571697459523506],[126.81764388598253,37.57174879829805],[126.8177108095791,37.57164221669838]]]}},{"type":"Feature","properties":{"PNU":1150010800100120000,"피해위치(":"서울특별시 강서구 공항동 12-65 b01호","피해일시":"20250821 - 2115","F_SHIM":0.5,"F_AREA":136.74645143,"F_AVR_HGT":"10.62541675567627","ADM_CD":"1150010800","F_YR":"2025","F_ZONE_NM":"서울특별시 강서구 공항동 12-65 b01호","TYPE":"주택","TYPE2":"재난지원금"},"geometry":{"type":"Polygon","coordinates":[[[126.8154713782239,37.56188986509595],[126.81548527232037,37.561773380233035],[126.8153617838198,37.561767139973554],[126.81535157076043,37.56187794539177],[126.81544402844382,37.561887326261186],[126.8154713782239,37.56188986509595]]]}},{"type":"Feature","properties":{"PNU":1150010800100120000,"피해위치(":"서울특별시 강서구 공항동 12-66 지층 102호","피해일시":"20250821 - 2111","F_SHIM":0.5,"F_AREA":119.36500623,"F_AVR_HGT":"10.62541675567627","ADM_CD":"1150010800","F_YR":"2025","F_ZONE_NM":"서울특별시 강서구 공항동 12-66 지층 102호","TYPE":"주택","TYPE2":"재난지원금"},"geometry":{"type":"Polygon","coordinates":[[[126.81532046546896,37.5618745536783],[126.81535157076043,37.56187794539177],[126.8153617838198,37.561767139973554],[126.81524971771894,37.56175996255791],[126.81523842785349,37.56186224292138],[126.81532046546896,37.5618745536783]]]}},{"type":"Feature","properties":{"PNU":1150010900102500100,"피해위치(":"서울특별시 강서구 방화동 250-36","피해일시":"20250813 - 1100","F_SHIM":0.5,"F_AREA":129.4305987,"F_AVR_HGT":"9.455933570861816","ADM_CD":"1150010900","F_YR":"2025","F_ZONE_NM":"서울특별시 강서구 방화동 250-36","TYPE":"주택","TYPE2":"재난지원금"},"geometry":{"type":"Polygon","coordinates":[[[126.81455734446092,37.56945301218533],[126.81455638606516,37.56946056994686],[126.81467093105842,37.569463292062586],[126.81467161476364,37.56934818307106],[126.81455524623564,37.56934598064083],[126.81455734446092,37.56945301218533]]]}},{"type":"Feature","properties":{"PNU":1150010200100100000,"피해위치(":"서울특별시 강서구 등촌동 10-13 지하2호","피해일시":"20250813 - 1150","F_SHIM":0.5,"F_AREA":641.02056792,"F_AVR_HGT":"9.350494384765625","ADM_CD":"1150010200","F_YR":"2025","F_ZONE_NM":"서울특별시 강서구 등촌동 10-13 지하2호","TYPE":"소상공인","TYPE2":"재난지원금"},"geometry":{"type":"Polygon","coordinates":[[[126.84774291754091,37.564792194126866],[126.84764861535103,37.564679808173445],[126.84741392770813,37.564804189811824],[126.84719334265907,37.5649229312103],[126.84719885189797,37.564924361971975],[126.8473989720765,37.56497631303881],[126.84774291754091,37.564792194126866]]]}},{"type":"Feature","properties":{"PNU":1150010900102490100,"피해위치(":"서울특별시 강서구 방화동 249-142 반지하","피해일시":"20250822 - 1740","F_SHIM":0.5,"F_AREA":120.979446,"F_AVR_HGT":"14.411956787109375","ADM_CD":"1150010900","F_YR":"2025","F_ZONE_NM":"서울특별시 강서구 방화동 249-142 반지하","TYPE":"주택","TYPE2":"재난지원금"},"geometry":{"type":"Polygon","coordinates":[[[126.81331006599889,37.56885906411045],[126.81335722091163,37.56881450438139],[126.81326028366587,37.56872872906927],[126.81319862589326,37.56867552657122],[126.81317969552344,37.56868635326693],[126.81323898086454,37.5687377229881],[126.81325802042036,37.568755475761016],[126.8132102031462,37.56881134177969],[126.81328559354948,37.5688771439421],[126.81331006599889,37.56885906411045]]]}},{"type":"Feature","properties":{"PNU":1150010900105620000,"피해위치(":"서울특별시 강서구 방화동 562-5   지하 승리노래연습장","피해일시":"20250813 - 1432","F_SHIM":0.5,"F_AREA":541.66056514,"F_AVR_HGT":"13.395880699157715","ADM_CD":"1150010900","F_YR":"2025","F_ZONE_NM":"서울특별시 강서구 방화동 562-5   지하 승리노래연습장","TYPE":"소상공인","TYPE2":"재난지원금"},"geometry":{"type":"Polygon","coordinates":[[[126.81053871855958,37.57302987533935],[126.81078848729177,37.57307161635737],[126.81087699291943,37.57293575544117],[126.81049961371923,37.572810593122334],[126.81051708820478,37.57286510403068],[126.81055027066506,37.57296552757243],[126.81053871855958,37.57302987533935]]]}},{"type":"Feature","properties":{"PNU":1150010900105910000,"피해위치(":"서울특별시 강서구 방화동 591-7","피해일시":"20250821 - 1420","F_SHIM":0.5,"F_AREA":158.21597595,"F_AVR_HGT":"8.341501235961914","ADM_CD":"1150010900","F_YR":"2025","F_ZONE_NM":"서울특별시 강서구 방화동 591-7","TYPE":"주택","TYPE2":"재난지원금"},"geometry":{"type":"Polygon","coordinates":[[[126.80918923091755,37.56844219483578],[126.80917330004367,37.56833399639846],[126.8091581302571,37.56833480960164],[126.80902887103841,37.56834136534513],[126.80904183932154,37.5684219076848],[126.80905432455059,37.56845703949653],[126.80918923091755,37.56844219483578]]]}},{"type":"Feature","properties":{"PNU":1150010900105500000,"피해위치(":"서울특별시 강서구 방화동 550-8 가동 b02호","피해일시":"20250821 - 1412","F_SHIM":0.5,"F_AREA":310.96740356,"F_AVR_HGT":"10.0992431640625","ADM_CD":"1150010900","F_YR":"2025","F_ZONE_NM":"서울특별시 강서구 방화동 550-8 가동 b02호","TYPE":"주택","TYPE2":"재난지원금"},"geometry":{"type":"Polygon","coordinates":[[[126.80880695872817,37.569892286309766],[126.80875694424431,37.56981528743219],[126.80870274970545,37.56973957011696],[126.80868574903074,37.56972599151176],[126.80866689612029,37.569737150972486],[126.80868505112728,37.56975960618439],[126.80854541086484,37.56983145696096],[126.80865021188403,37.56996961431316],[126.80880695872817,37.569892286309766]]]}},{"type":"Feature","properties":{"PNU":1150010900105500000,"피해위치(":"서울특별시 강서구 방화동 550-17 골든빌라 나동 b01호","피해일시":"20250821 - 1131","F_SHIM":0.5,"F_AREA":312.84005778,"F_AVR_HGT":"10.0992431640625","ADM_CD":"1150010900","F_YR":"2025","F_ZONE_NM":"서울특별시 강서구 방화동 550-17 골든빌라 나동 b01호","TYPE":"주택","TYPE2":"재난지원금"},"geometry":{"type":"Polygon","coordinates":[[[126.80850433631497,37.569803756557874],[126.8086020027498,37.569754443007376],[126.8086167479459,37.569698921272],[126.80861368812411,37.56970031280196],[126.80860060658935,37.56968572247289],[126.80849572901515,37.56956864803394],[126.80836053021058,37.56963453231395],[126.80850433631497,37.569803756557874]]]}},{"type":"Feature","properties":{"PNU":1150010900105690000,"피해위치(":"서울특별시 강서구 방화동 569-32 지층 1호","피해일시":"20250822 - 1559","F_SHIM":0.5,"F_AREA":143.83924735,"F_AVR_HGT":"13.264322280883789","ADM_CD":"1150010900","F_YR":"2025","F_ZONE_NM":"서울특별시 강서구 방화동 569-32 지층 1호","TYPE":"주택","TYPE2":"재난지원금"},"geometry":{"type":"Polygon","coordinates":[[[126.8123772227866,37.57290606630174],[126.81250911882158,37.57292519824509],[126.81254294512702,37.57282115244449],[126.81241097909454,37.57279843450141],[126.8123772227866,37.57290606630174]]]}},{"type":"Feature","properties":{"PNU":1150010900106470000,"피해위치(":"서울특별시 강서구 방화동 647-12 b02호","피해일시":"20250813 - 1100","F_SHIM":0.5,"F_AREA":163.51135981,"F_AVR_HGT":"8.644386291503906","ADM_CD":"1150010900","F_YR":"2025","F_ZONE_NM":"서울특별시 강서구 방화동 647-12 b02호","TYPE":"주택","TYPE2":"재난지원금"},"geometry":{"type":"Polygon","coordinates":[[[126.807497943333,37.567061782518856],[126.80750061724976,37.566942928698616],[126.80737158223161,37.566942473320836],[126.80736024360026,37.56694132844151],[126.80735728492043,37.567060785451346],[126.807497943333,37.567061782518856]]]}},{"type":"Feature","properties":{"PNU":1150010900105520000,"피해위치(":"서울특별시 강서구 방화동 552-6   가동 b01호","피해일시":"20250821 - 1406","F_SHIM":0.5,"F_AREA":95.03193261,"F_AVR_HGT":"9.740616798400879","ADM_CD":"1150010900","F_YR":"2025","F_ZONE_NM":"서울특별시 강서구 방화동 552-6   가동 b01호","TYPE":"주택","TYPE2":"재난지원금"},"geometry":{"type":"Polygon","coordinates":[[[126.80859297837056,37.57073861194943],[126.80853158852197,37.570634862128124],[126.80844083570119,37.57066718530248],[126.80848403567593,37.57073994753474],[126.80859297837056,37.57073861194943]]]}},{"type":"Feature","properties":{"PNU":1150010500111680000,"피해위치(":"서울특별시 강서구 마곡동 1168 B01호 매일향","피해일시":"20250813 - 1449","F_SHIM":0.5,"F_AREA":1044.7396554,"F_AVR_HGT":"12.318109512329102","ADM_CD":"1150010500","F_YR":"2025","F_ZONE_NM":"서울특별시 강서구 마곡동 1168 B01호 매일향","TYPE":"소상공인","TYPE2":"재난지원금"},"geometry":{"type":"Polygon","coordinates":[[[126.81815882867352,37.57296380446971],[126.81769159989219,37.57309770326488],[126.81767455069168,37.573144338796006],[126.81766111194811,37.57317739307414],[126.81766479239828,37.573241260711484],[126.81770963414897,37.573239816877425],[126.81770829052039,37.57316011354116],[126.8177381669528,37.573121958234715],[126.81798888881782,37.57305383726069],[126.81799292836921,37.57307296246917],[126.81796773780286,37.573097574292284],[126.81797589956219,37.573171332707496],[126.81798182042272,37.573231077301294],[126.81799169217187,37.57323075928259],[126.81833162506962,37.57322325042643],[126.81831809889503,37.57292702118697],[126.81827750882651,37.57293504004169],[126.81823187321068,37.57294640271855],[126.81815882867352,37.57296380446971]]]}},{"type":"Feature","properties":{"PNU":1138010700105840000,"피해위치(":"서울특별시 은평구 응암동 584-38","피해일시":"20250813 - 1200","F_SHIM":0.1,"F_AREA":132.1094294,"F_AVR_HGT":"14.33714256286621","ADM_CD":"1138010700","F_YR":"2025","F_ZONE_NM":"서울특별시 은평구 응암동 584-38","TYPE":"소상공인","TYPE2":"재난지원금"},"geometry":{"type":"Polygon","coordinates":[[[126.91574687228909,37.59154892061722],[126.91584408359523,37.59149439155909],[126.91584251556343,37.591479434079766],[126.91575813269817,37.59140585247429],[126.91566837526898,37.59147705509554],[126.91574301967776,37.59155144057405],[126.91574687228909,37.59154892061722]]]}},{"type":"Feature","properties":{"PNU":1150010900105530000,"피해위치(":"서울특별시 강서구 방화동 553-33 지층 101호","피해일시":"20250813 - 1100","F_SHIM":0.5,"F_AREA":163.30525827,"F_AVR_HGT":"9.538220405578613","ADM_CD":"1150010900","F_YR":"2025","F_ZONE_NM":"서울특별시 강서구 방화동 553-33 지층 101호","TYPE":"주택","TYPE2":"재난지원금"},"geometry":{"type":"Polygon","coordinates":[[[126.80905668696298,37.57096155204975],[126.80916840401137,37.57092471257904],[126.80917462043283,37.57079628708112],[126.80905907259107,37.57079546808798],[126.80905668696298,37.57096155204975]]]}},{"type":"Feature","properties":{"PNU":1150010900101320100,"피해위치(":"서울특별시 강서구 방화동 132-30 B02호","피해일시":"20250813 - 1100","F_SHIM":0.5,"F_AREA":200.3397837,"F_AVR_HGT":"16.013973236083984","ADM_CD":"1150010900","F_YR":"2025","F_ZONE_NM":"서울특별시 강서구 방화동 132-30 B02호","TYPE":"주택","TYPE2":"재난지원금"},"geometry":{"type":"Polygon","coordinates":[[[126.81856596110042,37.57795607828593],[126.818378184085,37.577859688016986],[126.81836766841836,37.57788231347031],[126.81834921204737,37.57792544204324],[126.81833956608375,37.57794887072032],[126.81852470737978,37.578044518155735],[126.81856596110042,37.57795607828593]]]}},{"type":"Feature","properties":{"PNU":1150010900105570000,"피해위치(":"서울특별시 강서구 방화동 557-21 B03호","피해일시":"20250823 - 1041","F_SHIM":0.5,"F_AREA":210.22707204,"F_AVR_HGT":"10.14853286743164","ADM_CD":"1150010900","F_YR":"2025","F_ZONE_NM":"서울특별시 강서구 방화동 557-21 B03호","TYPE":"주택","TYPE2":"재난지원금"},"geometry":{"type":"Polygon","coordinates":[[[126.80902469548295,37.57229519399375],[126.80908973691643,37.572410364979426],[126.80925236270478,37.57235092157189],[126.80922387904016,37.57227727361302],[126.80906269099559,37.57227073109101],[126.80903067051096,37.572269507606904],[126.80902671287826,37.57227224015259],[126.80902469548295,37.57229519399375]]]}},{"type":"Feature","properties":{"PNU":1150010900104950000,"피해위치(":"서울특별시 강서구 방화동 495-7 지하1층 힐링예술터","피해일시":"20250813 - 1624","F_SHIM":0.5,"F_AREA":28.52828307,"F_AVR_HGT":"12.35037899017334","ADM_CD":"1150010900","F_YR":"2025","F_ZONE_NM":"서울특별시 강서구 방화동 495-7 지하1층 힐링예술터","TYPE":"소상공인","TYPE2":"재난지원금"},"geometry":{"type":"Polygon","coordinates":[[[126.80664365228967,37.573206194214734],[126.80676898585747,37.573175956707615],[126.80677259083765,37.57315220365047],[126.80663710527877,37.573186046368384],[126.80664365228967,37.573206194214734]]]}},{"type":"Feature","properties":{"PNU":1150010900106160000,"피해위치(":"서울특별시 강서구 방화동 616-4","피해일시":"20250823 - 1425","F_SHIM":0.5,"F_AREA":122.3522888,"F_AVR_HGT":"8.979183197021484","ADM_CD":"1150010900","F_YR":"2025","F_ZONE_NM":"서울특별시 강서구 방화동 616-4","TYPE":"주택","TYPE2":"재난지원금"},"geometry":{"type":"Polygon","coordinates":[[[126.80804278315777,37.5654290696893],[126.80804077896292,37.56535059040906],[126.80789737210668,37.56535005799802],[126.80790214266969,37.56544857076501],[126.80797663989675,37.56543649353805],[126.80804278315777,37.5654290696893]]]}},{"type":"Feature","properties":{"PNU":1138010900100290000,"피해위치(":"서울특별시 은평구 신사동 29-30 지하","피해일시":"20250813 - 1200","F_SHIM":0.1,"F_AREA":462.12696635,"F_AVR_HGT":"29.29247055053711","ADM_CD":"1138010900","F_YR":"2025","F_ZONE_NM":"서울특별시 은평구 신사동 29-30 지하","TYPE":"소상공인","TYPE2":"재난지원금"},"geometry":{"type":"Polygon","coordinates":[[[126.9094897798163,37.59646556288116],[126.90980312819627,37.59635003038109],[126.90974388804041,37.59618077960855],[126.90968097886949,37.59623307782832],[126.90949209880968,37.596329516163514],[126.90945893143011,37.596413101579415],[126.9094897798163,37.59646556288116]]]}},{"type":"Feature","properties":{"PNU":1138010100100760000,"피해위치(":"서울특별시 은평구 수색동 76-31 1층 반지층","피해일시":"20250813 - 1200","F_SHIM":0.1,"F_AREA":155.25349575,"F_AVR_HGT":"13.453006362915039","ADM_CD":"1138010100","F_YR":"2025","F_ZONE_NM":"서울특별시 은평구 수색동 76-31 1층 반지층","TYPE":"소상공인","TYPE2":"재난지원금"},"geometry":{"type":"Polygon","coordinates":[[[126.89872187208886,37.5804845590846],[126.89876096029238,37.58046224866251],[126.89881805320448,37.58043680044109],[126.89889862023311,37.58038245995902],[126.89891062878715,37.58037642478103],[126.89891222065044,37.58037138064299],[126.89892837323181,37.58031544344998],[126.89889868949147,37.58033199579309],[126.89885586225284,37.58035664557338],[126.89887196663581,37.580335846800466],[126.89885839443542,37.58032637464562],[126.89886224864343,37.58032268395456],[126.8988527454456,37.58031799056315],[126.89871111813339,37.58040147881157],[126.89871993340198,37.58041247851728],[126.89874604380351,37.58044241398592],[126.8987098926268,37.58046941208808],[126.89872187208886,37.5804845590846]]]}},{"type":"Feature","properties":{"PNU":1150010900106460000,"피해위치(":"서울특별시 강서구 방화동 646-76 b02호","피해일시":"20250813 - 1127","F_SHIM":0.5,"F_AREA":115.25414304,"F_AVR_HGT":"9.279531478881836","ADM_CD":"1150010900","F_YR":"2025","F_ZONE_NM":"서울특별시 강서구 방화동 646-76 b02호","TYPE":"주택","TYPE2":"재난지원금"},"geometry":{"type":"Polygon","coordinates":[[[126.80758050231427,37.56635511178671],[126.80753978321077,37.56628723659989],[126.80740244600777,37.56633730398746],[126.80744210116585,37.56640949320059],[126.80758050231427,37.56635511178671]]]}},{"type":"Feature","properties":{"PNU":1150010900106460000,"피해위치(":"서울특별시 강서구 방화동 646-85 지층 좌측","피해일시":"20250823 - 1108","F_SHIM":0.5,"F_AREA":118.43445394,"F_AVR_HGT":"9.279531478881836","ADM_CD":"1150010900","F_YR":"2025","F_ZONE_NM":"서울특별시 강서구 방화동 646-85 지층 좌측","TYPE":"주택","TYPE2":"재난지원금"},"geometry":{"type":"Polygon","coordinates":[[[126.80756356579438,37.56623857731353],[126.80772947944261,37.56618106944058],[126.80769627895808,37.56612079295827],[126.80752882909867,37.56617712697787],[126.80756356579438,37.56623857731353]]]}},{"type":"Feature","properties":{"PNU":1150010900106460200,"피해위치(":"서울특별시 강서구 방화동 646-97 지층안쪽","피해일시":"20250823 - 1408","F_SHIM":0.5,"F_AREA":147.44519733,"F_AVR_HGT":"9.279531478881836","ADM_CD":"1150010900","F_YR":"2025","F_ZONE_NM":"서울특별시 강서구 방화동 646-97 지층안쪽","TYPE":"주택","TYPE2":"재난지원금"},"geometry":{"type":"Polygon","coordinates":[[[126.80800779319684,37.56671264883973],[126.80798216588506,37.56665188030199],[126.80796683567962,37.56662295150454],[126.80782031790459,37.56667324759116],[126.80786971048144,37.566761940695855],[126.80800779319684,37.56671264883973]]]}},{"type":"Feature","properties":{"PNU":1150010900106160000,"피해위치(":"서울특별시 강서구 방화동 616-7 A동 B01","피해일시":"20250823 - 1200","F_SHIM":0.5,"F_AREA":134.90173713,"F_AVR_HGT":"8.979183197021484","ADM_CD":"1150010900","F_YR":"2025","F_ZONE_NM":"서울특별시 강서구 방화동 616-7 A동 B01","TYPE":"주택","TYPE2":"재난지원금"},"geometry":{"type":"Polygon","coordinates":[[[126.8077566544772,37.56526827878835],[126.80786215996129,37.56526682109771],[126.80787214344939,37.565257926707346],[126.80787252257423,37.565198912657856],[126.80787107907065,37.56515314013268],[126.80774464515001,37.56515472566358],[126.8077566544772,37.56526827878835]]]}},{"type":"Feature","properties":{"PNU":1150010900106160000,"피해위치(":"서울특별시 강서구 방화동 616-15 지층 01호","피해일시":"20250822 - 1340","F_SHIM":0.5,"F_AREA":177.82000774,"F_AVR_HGT":"8.761453628540039","ADM_CD":"1150010900","F_YR":"2025","F_ZONE_NM":"서울특별시 강서구 방화동 616-15 지층 01호","TYPE":"주택","TYPE2":"재난지원금"},"geometry":{"type":"Polygon","coordinates":[[[126.80772717433638,37.5649473257357],[126.80786857762959,37.564934502433374],[126.80785370259876,37.564808592075565],[126.80771602648761,37.56481584436653],[126.80772303511282,37.564906684410424],[126.80772717433638,37.5649473257357]]]}},{"type":"Feature","properties":{"PNU":1150010900106160000,"피해위치(":"서울특별시 강서구 방화동 616-19 지층 1호","피해일시":"20250813 - 1100","F_SHIM":0.5,"F_AREA":184.06140678,"F_AVR_HGT":"8.761453628540039","ADM_CD":"1150010900","F_YR":"2025","F_ZONE_NM":"서울특별시 강서구 방화동 616-19 지층 1호","TYPE":"주택","TYPE2":"재난지원금"},"geometry":{"type":"Polygon","coordinates":[[[126.80788015978436,37.56458780345031],[126.8078770391113,37.5644947083086],[126.80780802447453,37.56449670341129],[126.80768768528633,37.56450102887375],[126.80766492006906,37.564502388029396],[126.80767992763236,37.5645901057771],[126.80788015978436,37.56458780345031]]]}},{"type":"Feature","properties":{"PNU":1150010900106160000,"피해위치(":"서울특별시 강서구 방화동 616-30   지하1층 엔터","피해일시":"20250813 - 1621","F_SHIM":0.5,"F_AREA":159.06697876,"F_AVR_HGT":"8.761453628540039","ADM_CD":"1150010900","F_YR":"2025","F_ZONE_NM":"서울특별시 강서구 방화동 616-30   지하1층 엔터","TYPE":"소상공인","TYPE2":"재난지원금"},"geometry":{"type":"Polygon","coordinates":[[[126.80780802447453,37.56449670341129],[126.80779900714897,37.56440351750288],[126.80779358196214,37.564356819430536],[126.80771251438534,37.56436708378578],[126.8076760900611,37.564363158755285],[126.80768241810192,37.56442831954837],[126.80768768528633,37.56450102887375],[126.80780802447453,37.56449670341129]]]}},{"type":"Feature","properties":{"PNU":1150010900106160000,"피해위치(":"서울특별시 강서구 방화동 616-32 지층 1호","피해일시":"20250821 - 1108","F_SHIM":0.5,"F_AREA":176.15225861,"F_AVR_HGT":"8.761453628540039","ADM_CD":"1150010900","F_YR":"2025","F_ZONE_NM":"서울특별시 강서구 방화동 616-32 지층 1호","TYPE":"주택","TYPE2":"재난지원금"},"geometry":{"type":"Polygon","coordinates":[[[126.80747044620291,37.564484066842674],[126.80755069504568,37.56447969376695],[126.807547189459,37.56440861811674],[126.80754587097158,37.564345267521375],[126.80746141912066,37.56432062188934],[126.80742316497228,37.564315252193424],[126.80742812688183,37.56437028365544],[126.80743535389782,37.56445096094332],[126.80743751915422,37.564484553315005],[126.80747044620291,37.564484066842674]]]}},{"type":"Feature","properties":{"PNU":1150010900106170000,"피해위치(":"서울특별시 강서구 방화동 617-4 지층","피해일시":"20250909 - 1448","F_SHIM":0.5,"F_AREA":195.96136936,"F_AVR_HGT":"8.255756855010986","ADM_CD":"1150010900","F_YR":"2025","F_ZONE_NM":"서울특별시 강서구 방화동 617-4 지층","TYPE":"주택","TYPE2":"재난지원금"},"geometry":{"type":"Polygon","coordinates":[[[126.80749122355567,37.56549797307577],[126.80748056344603,37.56535313085664],[126.80733936588494,37.56534741171163],[126.80734189327262,37.565372301137984],[126.80735276077432,37.565485104601635],[126.80741238610781,37.56549452785963],[126.8074712089193,37.56549916552599],[126.80749122355567,37.56549797307577]]]}},{"type":"Feature","properties":{"PNU":1150010900106170000,"피해위치(":"서울특별시 강서구 방화동 617-6 지층 1호","피해일시":"20250813 - 1100","F_SHIM":0.5,"F_AREA":142.79863926,"F_AVR_HGT":"8.255756855010986","ADM_CD":"1150010900","F_YR":"2025","F_ZONE_NM":"서울특별시 강서구 방화동 617-6 지층 1호","TYPE":"주택","TYPE2":"재난지원금"},"geometry":{"type":"Polygon","coordinates":[[[126.80733048231936,37.5652726511925],[126.80745138779648,37.56527303919073],[126.80744764271499,37.56523758819312],[126.80744468277305,37.5651612696996],[126.80744393493485,37.56515285324848],[126.80731774576132,37.56515607852152],[126.80733048231936,37.5652726511925]]]}},{"type":"Feature","properties":{"PNU":1150010900106170000,"피해위치(":"서울특별시 강서구 방화동 617-11 지층","피해일시":"20250821 - 1426","F_SHIM":0.5,"F_AREA":144.12702949,"F_AVR_HGT":"8.979183197021484","ADM_CD":"1150010900","F_YR":"2025","F_ZONE_NM":"서울특별시 강서구 방화동 617-11 지층","TYPE":"주택","TYPE2":"재난지원금"},"geometry":{"type":"Polygon","coordinates":[[[126.80745138779648,37.56527303919073],[126.8075707828108,37.56527101894775],[126.80757985256773,37.56525658200903],[126.80757011475521,37.56515323177464],[126.80744468277305,37.5651612696996],[126.80744764271499,37.56523758819312],[126.80745138779648,37.56527303919073]]]}},{"type":"Feature","properties":{"PNU":1150010900106170000,"피해위치(":"서울특별시 강서구 방화동 617-19 B동 지층 1호","피해일시":"20250813 - 1100","F_SHIM":0.5,"F_AREA":148.80824841,"F_AVR_HGT":"8.761453628540039","ADM_CD":"1150010900","F_YR":"2025","F_ZONE_NM":"서울특별시 강서구 방화동 617-19 B동 지층 1호","TYPE":"주택","TYPE2":"재난지원금"},"geometry":{"type":"Polygon","coordinates":[[[126.80761546034034,37.56514774716151],[126.80774239143112,37.565142117151666],[126.80773413400165,37.565065816999045],[126.8077296311253,37.565021363901344],[126.80760497219997,37.565028186932956],[126.80761546034034,37.56514774716151]]]}},{"type":"Feature","properties":{"PNU":1150010900105380100,"피해위치(":"서울특별시 강서구 방화동 538-41   지층 인테리어에 반하다","피해일시":"20250813 - 1353","F_SHIM":0.5,"F_AREA":98.91506839,"F_AVR_HGT":"8.646554946899414","ADM_CD":"1150010900","F_YR":"2025","F_ZONE_NM":"서울특별시 강서구 방화동 538-41   지층 인테리어에 반하다","TYPE":"소상공인","TYPE2":"재난지원금"},"geometry":{"type":"Polygon","coordinates":[[[126.8079053242112,37.57074869453256],[126.80786343273061,37.57069977433863],[126.80784228363343,37.5706751697445],[126.80770611392443,37.57072159035856],[126.8076147245741,37.57074601921028],[126.80772507711389,37.57074665990181],[126.8079053242112,37.57074869453256]]]}},{"type":"Feature","properties":{"PNU":1150010800100110100,"피해위치(":"서울특별시 강서구 공항동 11-39","피해일시":"20250814 - 1100","F_SHIM":0.5,"F_AREA":439.2395005,"F_AVR_HGT":"9.506662368774414","ADM_CD":"1150010800","F_YR":"2025","F_ZONE_NM":"서울특별시 강서구 공항동 11-39","TYPE":"주택","TYPE2":"재난지원금"},"geometry":{"type":"Polygon","coordinates":[[[126.81565379746837,37.56161040463151],[126.8155428765437,37.56161614946481],[126.81552936687676,37.56173739215993],[126.81571708212381,37.56176798792626],[126.81579068917706,37.56177969043784],[126.81580766131837,37.561717918367286],[126.8158201860908,37.56166954600069],[126.8158285682535,37.561639475193786],[126.81584309288424,37.56159248448083],[126.81580490473127,37.56156996279087],[126.81574512130973,37.56159313225499],[126.81567818852166,37.56161023579684],[126.81565379746837,37.56161040463151]]]}},{"type":"Feature","properties":{"PNU":1138010300103190000,"피해위치(":"서울특별시 은평구 불광동 319-34 옷가게","피해일시":"20250813 - 1200","F_SHIM":0.1,"F_AREA":13.54000742,"F_AVR_HGT":"29.5953670501709","ADM_CD":"1138010300","F_YR":"2025","F_ZONE_NM":"서울특별시 은평구 불광동 319-34 옷가게","TYPE":"소상공인","TYPE2":"재난지원금"},"geometry":{"type":"Polygon","coordinates":[[[126.92408292841462,37.620120145658085],[126.92402790926052,37.62009100788628],[126.92401384055638,37.62011334295259],[126.92407305801265,37.620135455841705],[126.92408292841462,37.620120145658085]]]}},{"type":"Feature","properties":{"PNU":1138010300102380000,"피해위치(":"서울특별시 은평구 불광동 238-24 지층 3호","피해일시":"20250813 - 1200","F_SHIM":0.1,"F_AREA":234.97024676,"F_AVR_HGT":"35.211446380615236","ADM_CD":"1138010300","F_YR":"2025","F_ZONE_NM":"서울특별시 은평구 불광동 238-24 지층 3호","TYPE":"주택","TYPE2":"재난지원금"},"geometry":{"type":"Polygon","coordinates":[[[126.93203991840508,37.61661848311604],[126.93221512228983,37.61663696614145],[126.93222179567326,37.61652488806805],[126.93224755610638,37.61647174533309],[126.9321338128276,37.6164990683247],[126.93207886565382,37.616513812088506],[126.93204941662954,37.61651397495276],[126.93203333226862,37.616514776365925],[126.93203991840508,37.61661848311604]]]}},{"type":"Feature","properties":{"PNU":1138010300102380000,"피해위치(":"서울특별시 은평구 불광동 238-28 지층 1호","피해일시":"20250813 - 1200","F_SHIM":0.1,"F_AREA":241.55398579,"F_AVR_HGT":"35.211446380615236","ADM_CD":"1138010300","F_YR":"2025","F_ZONE_NM":"서울특별시 은평구 불광동 238-28 지층 1호","TYPE":"주택","TYPE2":"재난지원금"},"geometry":{"type":"Polygon","coordinates":[[[126.93228883159175,37.61654312722191],[126.93246041488437,37.61655728305222],[126.93246099604026,37.61654124593671],[126.93251593912598,37.61640829332957],[126.93251730437962,37.616401716968895],[126.93243405426792,37.61640229894975],[126.93238137602171,37.61641326006413],[126.9323193814168,37.61645511932932],[126.93229544296624,37.616497811773314],[126.93228883159175,37.61654312722191]]]}},{"type":"Feature","properties":{"PNU":1156013200102310000,"피해위치(":"서울 영등포구 도신로  231-8 (신길동)","피해일시":"20250708","F_SHIM":0.3,"F_AREA":139.88050417,"F_AVR_HGT":"18.96075325012207","ADM_CD":"1156013200","F_YR":"2025","F_ZONE_NM":"서울 영등포구 도신로  231-8 (신길동)","TYPE":"주택","TYPE2":"풍수해보험금"},"geometry":{"type":"Polygon","coordinates":[[[126.9097144071708,37.507368017072146],[126.90978502191967,37.507362656932834],[126.90984478933318,37.50735816230152],[126.9098423160026,37.507262762786716],[126.90980566757302,37.50726615813062],[126.9097750585663,37.507269630233324],[126.90970892174096,37.50727573266474],[126.90966935678809,37.507277936383225],[126.90969495573104,37.50732967352921],[126.9097144071708,37.507368017072146]]]}},{"type":"Feature","properties":{"PNU":1159010200100200000,"피해위치(":"서울 동작구 상도2동 20-8번지 건물(동)명 이름없음 지하 1층","피해일시":"20250516","F_SHIM":0.3,"F_AREA":607.17998513,"F_AVR_HGT":"56.15343551635742","ADM_CD":"1159010200","F_YR":"2025","F_ZONE_NM":"서울 동작구 상도2동 20-8번지 건물(동)명 이름없음 지하 1층","TYPE":"주택","TYPE2":"풍수해보험금"},"geometry":{"type":"Polygon","coordinates":[[[126.94744725191977,37.50572827917442],[126.94730730709938,37.50563191639817],[126.94721257204075,37.505591778487194],[126.94713180504671,37.5056601270639],[126.94707011787287,37.50571228444],[126.94712735112124,37.505781948920784],[126.94717735187935,37.50584382542605],[126.94723375012778,37.505911110835726],[126.94744725191977,37.50572827917442]]]}},{"type":"Feature","properties":{"PNU":1159010200100020000,"피해위치(":"서울 동작구 만양로2길 72-3, 지층 101호","피해일시":"20250516","F_SHIM":0.3,"F_AREA":198.71006953,"F_AVR_HGT":"71.41857604980468","ADM_CD":"1159010200","F_YR":"2025","F_ZONE_NM":"서울 동작구 만양로2길 72-3, 지층 101호","TYPE":"주택","TYPE2":"풍수해보험금"},"geometry":{"type":"Polygon","coordinates":[[[126.95131418900924,37.507327391529145],[126.95135010208165,37.50725394845634],[126.95128756331964,37.507212223715456],[126.95124814324194,37.50718576266966],[126.95120285609961,37.50715517254307],[126.95118298222918,37.507141739213324],[126.95113626444434,37.507220529554765],[126.95114517658365,37.50725435680304],[126.95120880991554,37.5072828824712],[126.95131418900924,37.507327391529145]]]}},{"type":"Feature","properties":{"PNU":1130510200101480200,"피해위치(":"서울특별시 강북구 번동 148-201 청포빌라 1동 지층1호","피해일시":"20250821 - 1604","F_SHIM":0.3,"F_AREA":225.78871866,"F_AVR_HGT":"65.01839904785156","ADM_CD":"1130510200","F_YR":"2025","F_ZONE_NM":"서울특별시 강북구 번동 148-201 청포빌라 1동 지층1호","TYPE":"주택","TYPE2":"재난지원금"},"geometry":{"type":"Polygon","coordinates":[[[127.03530314640939,37.62709518132793],[127.03537960311144,37.627002727959734],[127.03522582134202,37.62692071980839],[127.03513938969836,37.62702473548358],[127.03529351117747,37.627106185041754],[127.03530314640939,37.62709518132793]]]}},{"type":"Feature","properties":{"PNU":1150010500113710000,"피해위치(":"서울특별시 강서구 마곡동 1371 가동 b01호","피해일시":"20250822 - 1727","F_SHIM":0.5,"F_AREA":341.34447477,"F_AVR_HGT":"9.997870445251465","ADM_CD":"1150010500","F_YR":"2025","F_ZONE_NM":"서울특별시 강서구 마곡동 1371 가동 b01호","TYPE":"주택","TYPE2":"재난지원금"},"geometry":{"type":"Polygon","coordinates":[[[126.8180555075654,37.57104587628746],[126.81791432845168,37.5710048691557],[126.81774553688935,37.57095634068879],[126.8177031400627,37.57107353809279],[126.81784757234223,37.57110352246191],[126.81798865255746,37.571134150153874],[126.81802051627403,37.571097628636664],[126.8180555075654,37.57104587628746]]]}},{"type":"Feature","properties":{"PNU":1130510100102580400,"피해위치(":"서울특별시 강북구 미아동 258-318 지하1층","피해일시":"20250813 - 1300","F_SHIM":0.3,"F_AREA":167.33301823,"F_AVR_HGT":"66.03922729492187","ADM_CD":"1130510100","F_YR":"2025","F_ZONE_NM":"서울특별시 강북구 미아동 258-318 지하1층","TYPE":"소상공인","TYPE2":"재난지원금"},"geometry":{"type":"Polygon","coordinates":[[[127.02985266056044,37.6258556880555],[127.02985583292524,37.62585713787063],[127.02992523526328,37.625757941373955],[127.02979151029045,37.62570027476576],[127.02977080323394,37.625731048171545],[127.02972450941094,37.62579965080671],[127.02985266056044,37.6258556880555]]]}},{"type":"Feature","properties":{"PNU":1130510100102580200,"피해위치(":"서울특별시 강북구 미아동 258-225 지층 101호","피해일시":"20250822 - 1734","F_SHIM":0.3,"F_AREA":217.98388783,"F_AVR_HGT":"81.78504638671875","ADM_CD":"1130510100","F_YR":"2025","F_ZONE_NM":"서울특별시 강북구 미아동 258-225 지층 101호","TYPE":"주택","TYPE2":"재난지원금"},"geometry":{"type":"Polygon","coordinates":[[[127.03282146741205,37.62272130377468],[127.03299601655141,37.62275936879536],[127.03303666647311,37.622641951260064],[127.03286268308457,37.6226018048849],[127.03285409595728,37.622626539062914],[127.03282146741205,37.62272130377468]]]}},{"type":"Feature","properties":{"PNU":1141011800100090500,"피해위치(":"서울특별시 서대문구 홍은동 9-490 ㅇㅇ빌라 ㅇㅇ동 ㅇㅇ호","피해일시":"20250813 - 1100","F_SHIM":0.5,"F_AREA":173.48692904,"F_AVR_HGT":"44.138099670410156","ADM_CD":"1141011800","F_YR":"2025","F_ZONE_NM":"서울특별시 서대문구 홍은동 9-490 ㅇㅇ빌라 ㅇㅇ동 ㅇㅇ호","TYPE":"주택","TYPE2":"재난지원금"},"geometry":{"type":"Polygon","coordinates":[[[126.94771187515117,37.59886416808494],[126.94770977567468,37.598839065729074],[126.94779096140508,37.59883165157958],[126.94785070819309,37.59882835413221],[126.9478910403343,37.59881712819064],[126.94798458765044,37.59879944831242],[126.94812768293332,37.5987728440175],[126.94817331318208,37.59876352145089],[126.94805793849392,37.59877445223815],[126.94805050337465,37.5986888734609],[126.94793956660331,37.59870134682468],[126.94795384585568,37.5987961908248],[126.94783652251093,37.59880834584866],[126.94775808495521,37.598820680650924],[126.94775641446334,37.59882886982961],[126.94771424113425,37.59883367988373],[126.94761957274952,37.598835528756496],[126.94761563868302,37.59884205008007],[126.94762665048987,37.59885073157906],[126.94771098045547,37.59888005201513],[126.94771187515117,37.59886416808494]]]}},{"type":"Feature","properties":{"PNU":1138010300102380000,"피해위치(":"서울특별시 은평구 불광동 238-2 지층 나호","피해일시":"20250813 - 1200","F_SHIM":0.1,"F_AREA":199.02341722,"F_AVR_HGT":"34.192849731445314","ADM_CD":"1138010300","F_YR":"2025","F_ZONE_NM":"서울특별시 은평구 불광동 238-2 지층 나호","TYPE":"주택","TYPE2":"재난지원금"},"geometry":{"type":"Polygon","coordinates":[[[126.9323115676642,37.61620905692258],[126.93236231352381,37.616205392650265],[126.93240173094095,37.61620388407552],[126.93242345944154,37.61622362827678],[126.93245335324187,37.61623229519031],[126.93248450836693,37.61622429469119],[126.93247456650819,37.61619680896358],[126.93248018393295,37.616123832812406],[126.93246765841975,37.616085443705515],[126.93228242673754,37.61612137440657],[126.9323115676642,37.61620905692258]]]}},{"type":"Feature","properties":{"PNU":1138010300102380000,"피해위치(":"서울특별시 은평구 불광동 238-46 B02호","피해일시":"20250813 - 1200","F_SHIM":0.1,"F_AREA":161.46822761,"F_AVR_HGT":"35.211446380615236","ADM_CD":"1138010300","F_YR":"2025","F_ZONE_NM":"서울특별시 은평구 불광동 238-46 B02호","TYPE":"주택","TYPE2":"재난지원금"},"geometry":{"type":"Polygon","coordinates":[[[126.93242381842043,37.61681494209105],[126.93242892953003,37.61679962841307],[126.93242927032618,37.61679854743585],[126.93244267696677,37.61675386664543],[126.93245095974322,37.61673828452858],[126.93245279848585,37.61670963442084],[126.93237419698994,37.616704723098],[126.93227294390161,37.61669826676661],[126.93225011242349,37.616768529856],[126.93229778538839,37.61678117155738],[126.93242381842043,37.61681494209105]]]}},{"type":"Feature","properties":{"PNU":1150010500108000000,"피해위치(":"서울특별시 강서구 마곡동 800-1  B동 405~407호","피해일시":"20250813 - 1216","F_SHIM":0.5,"F_AREA":4558.02153223,"F_AVR_HGT":"8.059513092041016","ADM_CD":"1150010500","F_YR":"2025","F_ZONE_NM":"서울특별시 강서구 마곡동 800-1  B동 405~407호","TYPE":"소상공인","TYPE2":"재난지원금"},"geometry":{"type":"Polygon","coordinates":[[[126.83053908166002,37.559093642371536],[126.83090574247778,37.559059484682],[126.83104124824477,37.559045444781724],[126.83154364811767,37.55899391173312],[126.83147474051883,37.55853791226009],[126.83097234345698,37.558589535125535],[126.83046847400047,37.55864133391697],[126.83053908166002,37.559093642371536]]]}},{"type":"Feature","properties":{"PNU":1150010500107980000,"피해위치(":"서울특별시 강서구 마곡동 798-2   B110호","피해일시":"20250813 - 0930","F_SHIM":0.5,"F_AREA":2295.94291105,"F_AVR_HGT":"9.275716781616211","ADM_CD":"1150010500","F_YR":"2025","F_ZONE_NM":"서울특별시 강서구 마곡동 798-2   B110호","TYPE":"소상공인","TYPE2":"재난지원금"},"geometry":{"type":"Polygon","coordinates":[[[126.82521688188402,37.559531624752125],[126.82527688026637,37.559525767798135],[126.82539903353575,37.55951144414866],[126.82588581584794,37.559462434656986],[126.82583241293106,37.5591176370099],[126.82516336988674,37.55918637615265],[126.82521688188402,37.559531624752125]]]}},{"type":"Feature","properties":{"PNU":1150010500107980000,"피해위치(":"서울특별시 강서구 마곡동 798-3   401호 프라즈나 요가","피해일시":"20250813 - 0930","F_SHIM":0.5,"F_AREA":2482.41754327,"F_AVR_HGT":"10.084484100341797","ADM_CD":"1150010500","F_YR":"2025","F_ZONE_NM":"서울특별시 강서구 마곡동 798-3   401호 프라즈나 요가","TYPE":"소상공인","TYPE2":"재난지원금"},"geometry":{"type":"Polygon","coordinates":[[[126.82583241293106,37.5591176370099],[126.82588581584794,37.559462434656986],[126.82589261693315,37.559506232812815],[126.82643915854781,37.55945658911958],[126.82652154940058,37.55937559526386],[126.82648292301415,37.559050839767295],[126.82583241293106,37.5591176370099]]]}},{"type":"Feature","properties":{"PNU":1129012300101090000,"피해위치(":"서울특별시 성북구 안암동3가 109-7","피해일시":"20250814 - 1200","F_SHIM":0.1,"F_AREA":134.89579796,"F_AVR_HGT":"34.21977767944336","ADM_CD":"1129012300","F_YR":"2025","F_ZONE_NM":"서울특별시 성북구 안암동3가 109-7","TYPE":"주택","TYPE2":"재난지원금"},"geometry":{"type":"Polygon","coordinates":[[[127.02268443972022,37.583045692527605],[127.02269284709735,37.58303002287372],[127.02266960357893,37.58302772952615],[127.02264355296938,37.5830276260723],[127.02265308656375,37.58295092342861],[127.02262892558458,37.58294702648218],[127.02257537277517,37.582937918068005],[127.02256980896644,37.5829201606262],[127.02256335699329,37.58292451353893],[127.02253308119748,37.582916085703175],[127.02251479587585,37.582951912159956],[127.022516790383,37.58303944259405],[127.02254987981141,37.583028498733995],[127.02268443972022,37.583045692527605]]]}},{"type":"Feature","properties":{"PNU":1138010800100190000,"피해위치(":"서울특별시 은평구 역촌동 19-13 B01호","피해일시":"20250813 - 1200","F_SHIM":0.1,"F_AREA":164.51411609,"F_AVR_HGT":"23.522126770019533","ADM_CD":"1138010800","F_YR":"2025","F_ZONE_NM":"서울특별시 은평구 역촌동 19-13 B01호","TYPE":"주택","TYPE2":"재난지원금"},"geometry":{"type":"Polygon","coordinates":[[[126.91953168247917,37.60654090839052],[126.91958688487696,37.606495537226],[126.9194903496004,37.60641415653441],[126.91948901449317,37.60641302937879],[126.91946842169203,37.60639607660021],[126.91937977789406,37.606471246949646],[126.91950595106238,37.60656251408372],[126.91953168247917,37.60654090839052]]]}},{"type":"Feature","properties":{"PNU":1138010200100820000,"피해위치(":"서울특별시 은평구 녹번동 82-19 반지하","피해일시":"20250813 - 1200","F_SHIM":0.1,"F_AREA":138.61651961,"F_AVR_HGT":"25.113103485107423","ADM_CD":"1138010200","F_YR":"2025","F_ZONE_NM":"서울특별시 은평구 녹번동 82-19 반지하","TYPE":"주택","TYPE2":"재난지원금"},"geometry":{"type":"Polygon","coordinates":[[[126.92664302547685,37.60321389130047],[126.9267443360833,37.60314412937044],[126.92665903031289,37.603063617541224],[126.92665574432861,37.603065507520704],[126.92655749324717,37.603133379255226],[126.92664302547685,37.60321389130047]]]}},{"type":"Feature","properties":{"PNU":1138010200101510000,"피해위치(":"서울특별시 은평구 녹번동 151-76 지층 1호","피해일시":"20250813 - 1200","F_SHIM":0.1,"F_AREA":130.42428056,"F_AVR_HGT":"21.945514297485353","ADM_CD":"1138010200","F_YR":"2025","F_ZONE_NM":"서울특별시 은평구 녹번동 151-76 지층 1호","TYPE":"주택","TYPE2":"재난지원금"},"geometry":{"type":"Polygon","coordinates":[[[126.92507438607686,37.60619823697252],[126.92517533237931,37.606135738108094],[126.92510623451439,37.606040549669544],[126.92508414396599,37.60604738283026],[126.92506008050539,37.60610079548961],[126.92501068279913,37.606121395971],[126.92504945999009,37.60618710270478],[126.92507289187007,37.606197569277874],[126.92507438607686,37.60619823697252]]]}},{"type":"Feature","properties":{"PNU":1132010500100800000,"피해위치(":"서울특별시 도봉구 쌍문동 80-56","피해일시":"20250813 - 1457","F_SHIM":0.3,"F_AREA":141.1480754,"F_AVR_HGT":"32.31182174682617","ADM_CD":"1132010500","F_YR":"2025","F_ZONE_NM":"서울특별시 도봉구 쌍문동 80-56","TYPE":"소상공인","TYPE2":"재난지원금"},"geometry":{"type":"Polygon","coordinates":[[[127.0360055550081,37.65209666457463],[127.0359468082726,37.65199370024988],[127.03586194733053,37.65202588980149],[127.03584236175146,37.6520662591961],[127.03588783761842,37.65214219817839],[127.0360055550081,37.65209666457463]]]}},{"type":"Feature","properties":{"PNU":1132010500100850000,"피해위치(":"서울특별시 도봉구 쌍문동 85-14 지하","피해일시":"20250821 - 1508","F_SHIM":0.3,"F_AREA":132.97244206,"F_AVR_HGT":"41.15262298583984","ADM_CD":"1132010500","F_YR":"2025","F_ZONE_NM":"서울특별시 도봉구 쌍문동 85-14 지하","TYPE":"주택","TYPE2":"재난지원금"},"geometry":{"type":"Polygon","coordinates":[[[127.03433162456953,37.65161980522918],[127.03433004370332,37.65163250942207],[127.03431587856991,37.65163170248258],[127.03430719006076,37.651715856000024],[127.0343784684089,37.65171835890141],[127.0343812913639,37.65169565353515],[127.03438434154923,37.651674299568555],[127.03448021164746,37.65168068776954],[127.03447190795158,37.651660778532644],[127.03447792323603,37.651656443160746],[127.0345289794986,37.65161966008095],[127.03439133893023,37.651609967975176],[127.03438987186911,37.65162375330767],[127.03433162456953,37.65161980522918]]]}},{"type":"Feature","properties":{"PNU":1132010500100810200,"피해위치(":"서울특별시 도봉구 쌍문동 81-263","피해일시":"20250813 - 1200","F_SHIM":0.3,"F_AREA":104.20295669,"F_AVR_HGT":"51.930477905273435","ADM_CD":"1132010500","F_YR":"2025","F_ZONE_NM":"서울특별시 도봉구 쌍문동 81-263","TYPE":"주택","TYPE2":"재난지원금"},"geometry":{"type":"Polygon","coordinates":[[[127.03324468174517,37.65269820958704],[127.03332784563159,37.65266800452452],[127.03335798361854,37.65265610352212],[127.03331228260575,37.6525783616811],[127.03320181335826,37.652619385771736],[127.03324468174517,37.65269820958704]]]}},{"type":"Feature","properties":{"PNU":1135010500100710000,"피해위치(":"서울특별시 노원구 상계동 71-3 101호","피해일시":"20250813 - 1200","F_SHIM":0.15,"F_AREA":317.55128344,"F_AVR_HGT":"59.8290771484375","ADM_CD":"1135010500","F_YR":"2025","F_ZONE_NM":"서울특별시 노원구 상계동 71-3 101호","TYPE":"주택","TYPE2":"재난지원금"},"geometry":{"type":"Polygon","coordinates":[[[127.08459415325012,37.672707337054284],[127.08455199369962,37.67244886886401],[127.08455144867926,37.67243785035991],[127.08451465163995,37.67243454265945],[127.08442377598892,37.672818961213515],[127.08450872761101,37.67276401426476],[127.08453421177455,37.67274636431129],[127.08459415325012,37.672707337054284]]]}},{"type":"Feature","properties":{"PNU":1132010600106830100,"피해위치(":"서울특별시 도봉구 방학동 683-24 B02호","피해일시":"20250813 - 1200","F_SHIM":0.3,"F_AREA":108.29257364,"F_AVR_HGT":"25.8116024017334","ADM_CD":"1132010600","F_YR":"2025","F_ZONE_NM":"서울특별시 도봉구 방학동 683-24 B02호","TYPE":"주택","TYPE2":"재난지원금"},"geometry":{"type":"Polygon","coordinates":[[[127.04146760194833,37.66535061609772],[127.04146653385872,37.66526096961727],[127.0413426550925,37.66526227286283],[127.04134417614877,37.665351468704834],[127.04146760194833,37.66535061609772]]]}},{"type":"Feature","properties":{"PNU":1132010600106850000,"피해위치(":"서울특별시 도봉구 방학동 685-29 B02호","피해일시":"20250813 - 1200","F_SHIM":0.3,"F_AREA":86.23724695,"F_AVR_HGT":"26.085961151123048","ADM_CD":"1132010600","F_YR":"2025","F_ZONE_NM":"서울특별시 도봉구 방학동 685-29 B02호","TYPE":"주택","TYPE2":"재난지원금"},"geometry":{"type":"Polygon","coordinates":[[[127.0402002983385,37.66523616434304],[127.04020014526323,37.66515958166212],[127.04008510715951,37.66516106088265],[127.04008605372191,37.665238093790975],[127.0402002983385,37.66523616434304]]]}},{"type":"Feature","properties":{"PNU":1132010600106570000,"피해위치(":"서울특별시 도봉구 방학동 657-17   3층","피해일시":"20250822 - 1319","F_SHIM":0.3,"F_AREA":426.66914938,"F_AVR_HGT":"26.254938888549805","ADM_CD":"1132010600","F_YR":"2025","F_ZONE_NM":"서울특별시 도봉구 방학동 657-17   3층","TYPE":"소상공인","TYPE2":"재난지원금"},"geometry":{"type":"Polygon","coordinates":[[[127.04160371718008,37.667449116514526],[127.04174459327933,37.66743366192447],[127.04171901091412,37.667284649715555],[127.04159003522842,37.66729865867692],[127.04143091224809,37.66731592120343],[127.04145932765321,37.667465022612326],[127.04160371718008,37.667449116514526]]]}},{"type":"Feature","properties":{"PNU":1138010200101030000,"피해위치(":"서울특별시 은평구 녹번동 103-3 지층 2호","피해일시":"20250813 - 1200","F_SHIM":0.1,"F_AREA":189.02873695,"F_AVR_HGT":"23.862243270874025","ADM_CD":"1138010200","F_YR":"2025","F_ZONE_NM":"서울특별시 은평구 녹번동 103-3 지층 2호","TYPE":"주택","TYPE2":"재난지원금"},"geometry":{"type":"Polygon","coordinates":[[[126.92763706962047,37.605877353406875],[126.92757917217303,37.60584775592127],[126.92745154486218,37.60578661632761],[126.92737952131631,37.60588671528604],[126.9274311401285,37.60590953354163],[126.92742941980259,37.60594272464809],[126.92747495961441,37.60592883305098],[126.92763706962047,37.605877353406875]]]}},{"type":"Feature","properties":{"PNU":1138010900103390100,"피해위치(":"서울특별시 은평구 신사동 339-28 지층","피해일시":"20250813 - 1200","F_SHIM":0.1,"F_AREA":184.24027876,"F_AVR_HGT":"14.498097991943359","ADM_CD":"1138010900","F_YR":"2025","F_ZONE_NM":"서울특별시 은평구 신사동 339-28 지층","TYPE":"주택","TYPE2":"재난지원금"},"geometry":{"type":"Polygon","coordinates":[[[126.91224171054456,37.5892673712822],[126.91240624907323,37.58924668286239],[126.91239696668474,37.58915009029042],[126.9123951816459,37.58912783461938],[126.91226485122843,37.589136475698865],[126.91225726462302,37.589137010553166],[126.91224171054456,37.5892673712822]]]}},{"type":"Feature","properties":{"PNU":1138010900103390100,"피해위치(":"서울특별시 은평구 신사동 339-27 B동 지층02호","피해일시":"20250813 - 1200","F_SHIM":0.1,"F_AREA":425.91696903,"F_AVR_HGT":"15.602876281738281","ADM_CD":"1138010900","F_YR":"2025","F_ZONE_NM":"서울특별시 은평구 신사동 339-27 B동 지층02호","TYPE":"주택","TYPE2":"재난지원금"},"geometry":{"type":"Polygon","coordinates":[[[126.91214183256882,37.58927972929045],[126.91224171054456,37.5892673712822],[126.91225726462302,37.589137010553166],[126.91226485122843,37.589136475698865],[126.91226301346839,37.589063584642645],[126.91226599492401,37.589032052430284],[126.91226725586975,37.58901907920305],[126.91225541456963,37.5889796071164],[126.91206311569294,37.58901802369302],[126.91214183256882,37.58927972929045]]]}},{"type":"Feature","properties":{"PNU":1141011900103760000,"피해위치(":"서울특별시 서대문구 북가좌동 376-13 행복빌라 1호","피해일시":"20250813 - 1100","F_SHIM":0.5,"F_AREA":256.83342172,"F_AVR_HGT":"27.766887664794922","ADM_CD":"1141011900","F_YR":"2025","F_ZONE_NM":"서울특별시 서대문구 북가좌동 376-13 행복빌라 1호","TYPE":"주택","TYPE2":"재난지원금"},"geometry":{"type":"Polygon","coordinates":[[[126.90657458726719,37.57790954896225],[126.90646066887717,37.57783736936525],[126.90645908192947,37.57783898986303],[126.9064413228824,37.57782771323133],[126.906438149101,37.57783086412781],[126.90640045909254,37.577807029704736],[126.90630617893947,37.57789752086233],[126.9063223996392,37.57790780518866],[126.90647268454515,37.578003070444964],[126.90657458726719,37.57790954896225]]]}},{"type":"Feature","properties":{"PNU":1141011900101860100,"피해위치(":"서울특별시 서대문구 북가좌동 186-97  빌라 지층 202호","피해일시":"20250813 - 1100","F_SHIM":0.5,"F_AREA":186.20297241,"F_AVR_HGT":"29.229015350341797","ADM_CD":"1141011900","F_YR":"2025","F_ZONE_NM":"서울특별시 서대문구 북가좌동 186-97  빌라 지층 202호","TYPE":"주택","TYPE2":"재난지원금"},"geometry":{"type":"Polygon","coordinates":[[[126.90728929346714,37.57679523184945],[126.90730253136498,37.576800828531816],[126.90731798835694,37.57664443859817],[126.90719037355386,37.576599098162916],[126.90719030291008,37.576735876887135],[126.90719029208061,37.576753437107726],[126.90725054147906,37.576778875035],[126.90728929346714,37.57679523184945]]]}},{"type":"Feature","properties":{"PNU":1141011900103680000,"피해위치(":"서울특별시 서대문구 북가좌동 368-1 배명하이츠빌라 2호","피해일시":"20250813 - 1100","F_SHIM":0.5,"F_AREA":240.28856568,"F_AVR_HGT":"18.920875549316406","ADM_CD":"1141011900","F_YR":"2025","F_ZONE_NM":"서울특별시 서대문구 북가좌동 368-1 배명하이츠빌라 2호","TYPE":"주택","TYPE2":"재난지원금"},"geometry":{"type":"Polygon","coordinates":[[[126.9062491750215,37.57874521295144],[126.90633092519927,37.578822943914254],[126.90638729756276,37.57882695369371],[126.90650128120035,37.578750912147186],[126.9064223574427,37.57867606673432],[126.90639352427851,37.578648743619404],[126.9062491750215,37.57874521295144]]]}},{"type":"Feature","properties":{"PNU":1141011900103670000,"피해위치(":"서울특별시 서대문구 북가좌동 367-16 연안빌라 지하호","피해일시":"20250813 - 1100","F_SHIM":0.5,"F_AREA":218.71298964,"F_AVR_HGT":"18.920875549316406","ADM_CD":"1141011900","F_YR":"2025","F_ZONE_NM":"서울특별시 서대문구 북가좌동 367-16 연안빌라 지하호","TYPE":"주택","TYPE2":"재난지원금"},"geometry":{"type":"Polygon","coordinates":[[[126.90674241469745,37.57866064695342],[126.9068234862795,37.57873819683448],[126.90698766213353,37.57862903877],[126.90691712800465,37.57854419945537],[126.90674241469745,37.57866064695342]]]}},{"type":"Feature","properties":{"PNU":1141011900103490000,"피해위치(":"서울특별시 서대문구 북가좌동 349-35 지하층","피해일시":"20250813 - 1100","F_SHIM":0.5,"F_AREA":169.35910884,"F_AVR_HGT":"20.226015090942383","ADM_CD":"1141011900","F_YR":"2025","F_ZONE_NM":"서울특별시 서대문구 북가좌동 349-35 지하층","TYPE":"주택","TYPE2":"재난지원금"},"geometry":{"type":"Polygon","coordinates":[[[126.90531482763645,37.57817280643476],[126.90532521756484,37.57816591334537],[126.905233419615,37.578076893134245],[126.90520748549014,37.578093296961725],[126.90521646438889,37.57810083653281],[126.90511821532198,37.57816876279933],[126.90520274609656,37.578248424931324],[126.90531482763645,37.57817280643476]]]}},{"type":"Feature","properties":{"PNU":1141011900103690000,"피해위치(":"서울특별시 서대문구 북가좌동 369-26 B02호","피해일시":"20250813 - 1100","F_SHIM":0.5,"F_AREA":163.61665751,"F_AVR_HGT":"27.766887664794922","ADM_CD":"1141011900","F_YR":"2025","F_ZONE_NM":"서울특별시 서대문구 북가좌동 369-26 B02호","TYPE":"주택","TYPE2":"재난지원금"},"geometry":{"type":"Polygon","coordinates":[[[126.90625093001739,37.57816741182102],[126.90639850638688,37.57802499476975],[126.9063255469591,37.57797880545721],[126.9062539068744,37.5780522681608],[126.90618136524633,37.578122396442154],[126.90622299105304,37.57814927944508],[126.90625093001739,37.57816741182102]]]}},{"type":"Feature","properties":{"PNU":1141011900103800000,"피해위치(":"서울특별시 서대문구 북가좌동 380-3  빌라 지01호","피해일시":"20250813 - 1100","F_SHIM":0.5,"F_AREA":181.84543928,"F_AVR_HGT":"25.87967300415039","ADM_CD":"1141011900","F_YR":"2025","F_ZONE_NM":"서울특별시 서대문구 북가좌동 380-3  빌라 지01호","TYPE":"주택","TYPE2":"재난지원금"},"geometry":{"type":"Polygon","coordinates":[[[126.90605959571138,37.57693750080589],[126.90616462501175,37.57686820971715],[126.90605167144076,37.57676009013733],[126.90597734585035,37.57680967437233],[126.90597230752073,37.57685453942737],[126.90605959571138,37.57693750080589]]]}},{"type":"Feature","properties":{"PNU":1141011900103490000,"피해위치(":"서울특별시 서대문구 북가좌동 349-24  아파트 지하호","피해일시":"20250823 - 1538","F_SHIM":0.5,"F_AREA":150.84523071,"F_AVR_HGT":"14.988089561462402","ADM_CD":"1141011900","F_YR":"2025","F_ZONE_NM":"서울특별시 서대문구 북가좌동 349-24  아파트 지하호","TYPE":"주택","TYPE2":"재난지원금"},"geometry":{"type":"Polygon","coordinates":[[[126.90557047581882,37.578654447534525],[126.90568797346559,37.578575274194854],[126.90560751402616,37.578498138483695],[126.90549033400933,37.578576834479975],[126.90554170127831,37.5786257998094],[126.90557047581882,37.578654447534525]]]}},{"type":"Feature","properties":{"PNU":1130510100107912000,"피해위치(":"서울특별시 강북구 미아동 791-1926 B1호","피해일시":"20250822 - 1815","F_SHIM":0.3,"F_AREA":215.75286804,"F_AVR_HGT":"98.35133819580078","ADM_CD":"1130510100","F_YR":"2025","F_ZONE_NM":"서울특별시 강북구 미아동 791-1926 B1호","TYPE":"주택","TYPE2":"재난지원금"},"geometry":{"type":"Polygon","coordinates":[[[127.01381949050389,37.623731731078614],[127.01385526841798,37.62369582330201],[127.01385358813151,37.62367279443553],[127.01375586525033,37.62360449232399],[127.013695771042,37.62359552478112],[127.01356754874791,37.623631189709265],[127.01359651156203,37.62369017389263],[127.0136106011066,37.623678036252876],[127.01366270770401,37.62367640913942],[127.01374211783313,37.623699646219116],[127.01374212067984,37.623717035127704],[127.01381949050389,37.623731731078614]]]}},{"type":"Feature","properties":{"PNU":1130510300201270000,"피해위치(":"서울특별시 강북구 수유동 산127-1","피해일시":"20250909 - 1518","F_SHIM":0.3,"F_AREA":2809639.63623471,"F_AVR_HGT":"230.36294250488282","ADM_CD":"1130510300","F_YR":"2025","F_ZONE_NM":"서울특별시 강북구 수유동 산127-1","TYPE":"주택","TYPE2":"재난지원금"},"geometry":{"type":"Polygon","coordinates":[[[126.9842008949252,37.63634064994208],[126.98446141481396,37.636547516350724],[126.98474438119365,37.63664834029273],[126.98485562289999,37.63681448733834],[126.98493671006055,37.6371649790799],[126.98508438146683,37.63731444490439],[126.98504471440775,37.63752856571113],[126.98495999719805,37.63780717215566],[126.98523359884473,37.638065952968326],[126.98519222734211,37.6383029313605],[126.98529386448917,37.63841850475224],[126.98539383566738,37.63859019070123],[126.98542083173217,37.63876138009764],[126.98544489448655,37.63887530296072],[126.98540760724768,37.6390878744756],[126.98542832197616,37.6392811279325],[126.98553347586035,37.63970112378332],[126.985676172391,37.64004456852512],[126.98589669236382,37.64019275462331],[126.98595453726305,37.6402239901383],[126.98613257024013,37.64042786858584],[126.98565709196664,37.64074012032499],[126.98526790369726,37.64135038921162],[126.98532948620758,37.641547513425074],[126.98522404984989,37.641636001876485],[126.98527578921073,37.641664200580806],[126.98607740759057,37.64210677799849],[126.98797412512765,37.64160069802404],[126.98823257524184,37.64169430288315],[126.98855247026403,37.64178852660879],[126.9891463103059,37.64236573816955],[126.98945666812834,37.64274647807096],[126.98979719820186,37.64315343855656],[126.99062375483359,37.643969532367514],[126.99161824148906,37.64486293827239],[126.99197746010464,37.64549518303455],[126.99240945701423,37.64590417035187],[126.99294992815274,37.64603746525008],[126.99382309545432,37.64711112870891],[126.99436759841943,37.64785608999813],[126.99490057653462,37.64835021633774],[126.99543563199497,37.64846890368079],[126.99585609913035,37.648982210580954],[126.99642340154077,37.649886635940575],[126.99748740604586,37.650418883444715],[126.99816699728278,37.649688303546014],[126.99876191707287,37.64929423216076],[126.9991695045208,37.649467228340555],[127.00107353706872,37.6492058778562],[127.0024200510674,37.64897801849677],[127.00304813325344,37.649185227472245],[127.00350838425862,37.649239387284396],[127.00465558404599,37.64822770161405],[127.00472058285936,37.648020466384615],[127.00444301289369,37.64804430439975],[127.00403168915801,37.6480935972551],[127.00398602405927,37.6480930576323],[127.00395746929931,37.64809549086053],[127.00398432038864,37.64797259717767],[127.00399632936734,37.647907366263475],[127.00390137562202,37.6479760225889],[127.00383100663886,37.64791755064464],[127.00382477346987,37.647885926508465],[127.00380574760175,37.64786331238032],[127.00379532889058,37.64768973954906],[127.00352186471788,37.64740122493677],[127.00201926699042,37.646818885912396],[127.00121684801596,37.645928667979206],[127.00047121400016,37.645957783253365],[126.99952039796833,37.6459984590495],[126.9985223531193,37.64604618063613],[126.99933307787053,37.64472181721011],[127.00001113669259,37.64514914295672],[127.00077450812347,37.644996876228625],[127.00135309362787,37.64495725352723],[127.00110970887248,37.64477135445224],[127.00091847987848,37.644697635733],[127.00026252369248,37.644417012409235],[127.00051192961438,37.6440261261179],[127.00129515262843,37.64338618451781],[127.00157841670938,37.64314889448034],[127.00137851262971,37.642866068791434],[127.00084942565601,37.64268177216054],[127.00072236631219,37.64263746132876],[127.0002142551788,37.642454630574875],[126.99993848608769,37.6423499066577],[126.99965415247975,37.642225630760485],[126.99893417331329,37.64191596942674],[126.99813935590639,37.642023607055016],[126.9974972291183,37.642043876902754],[126.99706713827285,37.64206829594443],[126.99741635462385,37.642013655351086],[126.99758576767606,37.6419856227217],[126.99815424934911,37.64190516505442],[126.9986598227776,37.64185098463559],[126.99890442324744,37.64181828485085],[126.99904421754533,37.64179850241459],[126.99956969034078,37.64199813272577],[127.00028912959637,37.642276436176324],[127.00137306318037,37.64260540718462],[127.00143193614518,37.64265857388617],[127.00175065179292,37.64302824447412],[127.00181284564003,37.643192870808484],[127.00185468935105,37.64319788913808],[127.00189331506482,37.643177112499004],[127.00191777719468,37.643082446792526],[127.00189951141698,37.64289076404497],[127.00185985401824,37.64274428335812],[127.00172283358091,37.6423646480725],[127.00163757200544,37.642236790559174],[127.00142947780414,37.64235813414644],[127.00060326723458,37.642094090325344],[127.0002158403038,37.641871860717124],[127.00016459369623,37.64184310996482],[126.99954776815528,37.64149183736869],[126.9997026023747,37.641249576146684],[127.00000966159296,37.640778099178085],[126.9991882723707,37.640316443127986],[126.99881089254045,37.64022601299264],[126.99835709901573,37.63997618774483],[126.99808301831153,37.63963047510305],[126.99774998808002,37.63910706918182],[126.99807058191325,37.63954523327857],[126.99814673809826,37.639633441157834],[126.99842222681842,37.63991213900163],[126.998496900972,37.63996541572323],[126.99881804645526,37.640098272609],[126.99856579049253,37.639322335923914],[126.99953459202054,37.63932702327471],[126.99948251502185,37.639078109373834],[126.99955639616812,37.639125123626116],[126.9995869475174,37.63933554739012],[127.00122830512255,37.639769284340595],[127.00131088977857,37.63972270399191],[127.00120154458766,37.63954146315579],[127.00214506268773,37.63979626732307],[127.00248540270788,37.63959424790768],[127.00225550089293,37.63909723442871],[127.00236545396983,37.63876247554261],[127.00237538986488,37.63872758962532],[127.00275226700582,37.63876247214039],[127.0037903464577,37.63885854598281],[127.00390252056181,37.638762454531125],[127.00440100120424,37.63847990590138],[127.00489922553231,37.63837506396004],[127.00529099997294,37.6381697553609],[127.00536373490418,37.63812614570283],[127.00559281296057,37.63815182488892],[127.00582144931009,37.63817744958759],[127.00600985348473,37.63819857049302],[127.00599480639237,37.63817954241954],[127.00599311825137,37.63817947941511],[127.0059162632025,37.63809201540577],[127.0058578512047,37.63797070094251],[127.00580099347475,37.6378825964242],[127.00569814791206,37.63778327634348],[127.00557594721373,37.6376053105042],[127.00555332003694,37.637572362528815],[127.00552132068793,37.63749195136644],[127.0054937632298,37.63742269414786],[127.00547360507224,37.63737203285273],[127.00549969152381,37.63768916708455],[127.00548078141212,37.63767346368137],[127.00547912728312,37.63767360789329],[127.00536439138807,37.637673755842776],[127.00532217741439,37.637683568856175],[127.00523171254198,37.63774024322569],[127.00519654538626,37.63774580335806],[127.00516404010119,37.63773892990723],[127.00492951420655,37.63772062004099],[127.00486200062787,37.6377242889507],[127.0048215891694,37.63776090581677],[127.00475614940751,37.63777657562913],[127.00474125605972,37.6376352937419],[127.00477523380081,37.63763481529157],[127.00479405872868,37.63752017438083],[127.00479651466193,37.637460781868306],[127.00472168923818,37.63736104569839],[127.00469598050731,37.63732009695932],[127.00471745934638,37.637269299259756],[127.0047627504339,37.63715836064513],[127.00476083522302,37.6371467470956],[127.00475508958469,37.63711169021208],[127.0047095895335,37.63710451966813],[127.00471997778803,37.63708110297713],[127.0046900752572,37.63699441171123],[127.00460698221832,37.636952022913164],[127.00454129110122,37.63689929939783],[127.00459582935316,37.636841725513506],[127.00463988813227,37.636795197867734],[127.00472836224355,37.63683013541193],[127.0048563110038,37.636916715822466],[127.00503722662356,37.63701765611089],[127.0051190497598,37.637033006303916],[127.00516447912568,37.636984811613274],[127.00520440817532,37.63705661829524],[127.00537577700462,37.637001608133424],[127.00534920775537,37.6367547591256],[127.00527209178735,37.63639096480395],[127.0054672853287,37.63677106293243],[127.00558086349774,37.63717410244115],[127.00567344505986,37.63730309218999],[127.00568281524058,37.63731318280948],[127.00571752005517,37.63735055413275],[127.00578349668851,37.637421593854036],[127.0058237988087,37.63746499248328],[127.00583613949898,37.63751130228204],[127.00584521654505,37.63754535890337],[127.00585564081697,37.63756193650882],[127.0059554537035,37.6377248475679],[127.0059641897786,37.6377394250565],[127.00599795479924,37.63778068855302],[127.00607400576524,37.637877216379096],[127.00610540281005,37.637915497699595],[127.00622624269965,37.63768643741576],[127.00633012243044,37.637474433197994],[127.00644931294447,37.637510106993396],[127.00645203172962,37.63750499833675],[127.00651025895606,37.637395590176475],[127.00657710530396,37.637415498936555],[127.00653632424307,37.63750073315988],[127.00645204292279,37.63767437311529],[127.00643731630812,37.63770471865484],[127.00632628301966,37.63767129696056],[127.00627258145116,37.63769048995791],[127.00613460177661,37.637951517643806],[127.0061631549593,37.63798727632255],[127.00618117122669,37.638018719728365],[127.0062206014313,37.63806088391289],[127.00625289280659,37.63808538921101],[127.00636698960184,37.63817863575313],[127.00645203274422,37.63820611204369],[127.00645207288318,37.638127726998555],[127.00628008423813,37.63808529801966],[127.00621050847549,37.637910240869964],[127.00622384373324,37.63791270000793],[127.00636503886169,37.63779851340979],[127.00645205066022,37.63779145515119],[127.00652954552966,37.637785172073464],[127.0066696935188,37.63777579587453],[127.00671854125271,37.63768948008096],[127.00680708314579,37.63753301237807],[127.00681367619354,37.63752135343229],[127.00686899192935,37.63742241458585],[127.00690248942786,37.63736250706019],[127.00684878106972,37.63728142150987],[127.00699945848103,37.637188163422806],[127.00695922530863,37.63700995189984],[127.00695889668322,37.63700903291776],[127.00645199695091,37.636978719271355],[127.00645199667824,37.636974592793536],[127.00584955495907,37.636944712982235],[127.00558716382726,37.63677768104848],[127.0052776095361,37.636171450396915],[127.00526128199009,37.636136087536144],[127.00523031565285,37.636077813267775],[127.00520278252978,37.636026467403205],[127.00521937946024,37.63601197916048],[127.00556599909888,37.635712455715],[127.00509962479272,37.635490028346226],[127.004868172245,37.63538263856959],[127.00477614720106,37.63519876956346],[127.00441511055818,37.63477851778311],[127.00446726198818,37.63427632032537],[127.00427500293503,37.63297404205503],[127.00355550442994,37.6327647143409],[127.00342232218216,37.63280317031775],[127.00313751848226,37.63257774977939],[127.00306357124488,37.63241738562688],[127.00259571978624,37.632301687169424],[127.0021536646101,37.632067499044496],[127.0021381212586,37.63204735324869],[127.00164114640702,37.63148433333997],[127.00095113534228,37.63131951601966],[127.00088186217411,37.63107799934602],[127.00039136759177,37.630799295953274],[126.999616806628,37.630715431914375],[126.99878838231369,37.63025208734687],[126.99762738641051,37.62978095998538],[126.9978101846793,37.628611053796696],[126.99857736430117,37.62796949726964],[126.99871488971897,37.62795070619619],[126.9995416493834,37.62783774018034],[126.9998903858591,37.627950728291815],[127.00034447552443,37.62809784555454],[127.00061257087279,37.62801584981755],[127.00127682414902,37.62818608404353],[127.00140905898849,37.628167650211424],[127.00161915274364,37.62805009948543],[127.0019922256744,37.62803915168876],[127.00208316936134,37.62811504075685],[127.00262925048231,37.628298926713185],[127.00272600743304,37.628429684849664],[127.00300095515504,37.62892814833667],[127.00312331401771,37.62897842136261],[127.00335837673246,37.62892829647829],[127.00354355074633,37.62894262802407],[127.003957360489,37.629149818325835],[127.00427627999169,37.62920750999787],[127.00441022244621,37.629377224185085],[127.0049529761573,37.62955071114373],[127.0053250396188,37.629600217531845],[127.00558106339201,37.629395335420426],[127.00580094913283,37.629603291586456],[127.00585632577513,37.629655663463865],[127.00618387319702,37.6295849421563],[127.00645149871347,37.629437981627575],[127.006562989728,37.629384422732834],[127.00690522744125,37.62945926093596],[127.00705076366778,37.62945320863717],[127.00736950031848,37.62900976750088],[127.00766268596115,37.62895674801476],[127.00775226020367,37.628965653999984],[127.00800163411972,37.628991705887614],[127.00837342844913,37.629079485277465],[127.00861883815458,37.62922606003725],[127.00901466896434,37.62927051689048],[127.00911155516235,37.62943585833936],[127.00940783406699,37.62949156445012],[127.00961100663174,37.62966938589711],[127.00970532101736,37.62981577042964],[127.0103038603953,37.62873593124037],[127.01067869451293,37.62838125038598],[127.01077437440802,37.62829904660542],[127.01089967461898,37.628193820381014],[127.01089345290072,37.62817390022866],[127.01085568920952,37.62803056646366],[127.01085397783429,37.62802407954974],[127.0108109299452,37.628019388845736],[127.01083999175216,37.628149190607544],[127.01017639304928,37.62814295231592],[127.01009644828464,37.62813198422804],[127.0101159459606,37.627950426517366],[127.01011720204903,37.62793874973696],[127.00991977106192,37.627914960087224],[127.00988397333359,37.627910070313334],[127.00985711378081,37.627907017894806],[127.00978257442979,37.62791008646608],[127.00888947301473,37.62795258173128],[127.00889066227397,37.627950509405125],[127.00929925378962,37.62723775462224],[127.00971376463735,37.62727099973181],[127.00993619305216,37.6272772188547],[127.01015689938907,37.62728136543225],[127.01020602879387,37.62727555952045],[127.01020927375505,37.627222203293925],[127.01024353872037,37.62720006370715],[127.01002128526903,37.627136849206515],[127.01031749571264,37.62697167800554],[127.01043039433716,37.62661713419639],[127.01001214542471,37.62645679071917],[127.00997327247886,37.626298671638565],[127.0096586771323,37.626138679821295],[127.00969318589794,37.62575972550475],[127.00990243678976,37.62577773942545],[127.00991668506421,37.62575799795349],[127.01015858233156,37.62537861408778],[127.0100425408165,37.625286785686],[127.00995285042524,37.62521580395442],[127.00957880332992,37.62519041345784],[127.00886435388202,37.62502867119005],[127.00849045465047,37.62475307521103],[127.0084249531475,37.62458194699865],[127.00815133982016,37.62428547732526],[127.00801328907694,37.62415042815091],[127.00798217570384,37.62419297411844],[127.00760717650284,37.6242282944392],[127.00729783488308,37.62444584251321],[127.00705300576229,37.62439667877737],[127.00697865767216,37.624180537222344],[127.00691261104096,37.62409189286894],[127.00645114237335,37.6240433412378],[127.0057191245098,37.62398131908147],[127.00558694605077,37.62383934732829],[127.00519020508565,37.62400896075189],[127.00489683377513,37.62382376412214],[127.00456009715687,37.62407673233624],[127.00443347588272,37.62405308481309],[127.0038970611963,37.62422584166696],[127.00349270556741,37.624954273104535],[127.00298102520655,37.62528373271721],[127.00213381862228,37.62543608678138],[127.001760940622,37.625650305004676],[127.00067836864122,37.625709127190625],[127.00020360354834,37.62582385356606],[127.00004016202239,37.62595104289061],[126.99984142257149,37.62605590522012],[126.99927294817344,37.626202304907714],[126.99900276492987,37.626538986416044],[126.99845054565435,37.6271216095952],[126.99787996140483,37.62756804657119],[126.99761999391636,37.62795067508257],[126.99756833144109,37.62805945757675],[126.9971370573589,37.62838601120596],[126.99677556548534,37.62865921910273],[126.99650992137964,37.62908592075659],[126.99605396822052,37.62934630143151],[126.99567526343597,37.62986200355881],[126.99539348007096,37.630249563294775],[126.99474422638193,37.63051753292081],[126.99425802661898,37.63084824425308],[126.99410352182437,37.631120879780056],[126.99369373676191,37.63147384770127],[126.99301546486333,37.63173938219767],[126.991839726304,37.63227492328243],[126.9913671298517,37.63261355232698],[126.99118419912236,37.63263102443378],[126.99093192340352,37.63265175159604],[126.99073426495971,37.63266848288038],[126.98993145344195,37.632796976370145],[126.98983959979135,37.63343831969142],[126.98945808255698,37.63399787885754],[126.98874505905778,37.6339381770763],[126.98857138872586,37.63377693711181],[126.98839919606307,37.63417206908423],[126.98816186017767,37.63449452053084],[126.98740937488168,37.634965824642045],[126.98632466033327,37.63548047269235],[126.98590684627159,37.635796886625776],[126.9853778156361,37.635970019414856],[126.9842008949252,37.63634064994208]],[[127.00083613795097,37.63742511059178],[127.00027425636475,37.6373152948386],[127.0007502102254,37.63667125302498],[127.00055738832889,37.636124538289415],[127.00069541944978,37.63574354283082],[127.00063184050235,37.635600719353064],[126.99995584795607,37.635152719062006],[127.00047045905461,37.63519655734399],[127.00104908144831,37.63524742128271],[127.00129063412828,37.63526835171944],[127.00228506478965,37.635076134829625],[127.00244743655952,37.635085638984144],[127.00331149038108,37.63514094007422],[127.00405754487652,37.635362810236565],[127.00384865655093,37.63543558653023],[127.00338970517228,37.63548056249984],[127.00313401012014,37.63588904261967],[127.00248028470381,37.63631478879881],[127.00242386404781,37.63633443055998],[127.00239157553295,37.636382362820996],[127.0023940685717,37.63642912354943],[127.00234863796982,37.636496697209814],[127.00228723262151,37.63656228880571],[127.00219637230771,37.63684411519655],[127.00167815822492,37.637210995138446],[127.00149507145258,37.636940251447825],[127.00083613795097,37.63742511059178]],[[127.00453314149499,37.62810848956719],[127.00434573226595,37.62795070573797],[127.00428050230352,37.627895783596436],[127.00444380058379,37.627657759002986],[127.00431409422657,37.62739071192503],[127.00448851025611,37.62702092778491],[127.00532088058566,37.62712357950648],[127.00505135045175,37.62663163518951],[127.00535508612974,37.62635839472608],[127.005837564755,37.626111825063695],[127.00634224348357,37.626049701013926],[127.00644333497401,37.626236127489506],[127.00678248818348,37.62695282386102],[127.00674948036307,37.627145833097124],[127.0064513496062,37.62718079491425],[127.00615234694803,37.627226117272855],[127.00614618451486,37.62722712661129],[127.00589891147438,37.627564012156014],[127.00561714405245,37.62752959586078],[127.00546435074189,37.627547665697946],[127.00540760036526,37.62761938552044],[127.00533850000747,37.627649120087675],[127.00525772973637,37.62764236532973],[127.00497476796379,37.62774703168648],[127.00472593022367,37.62795069602339],[127.00453314149499,37.62810848956719]],[[126.99820405073433,37.641803581314896],[126.99800034313851,37.64179488999414],[126.99797666469367,37.64175400295103],[126.99789836384747,37.641691941279646],[126.99776506380864,37.64167016950782],[126.9977550155584,37.64163580592577],[126.99777064643266,37.64150880470786],[126.99789598195886,37.64151067364777],[126.99801879175241,37.64149305424715],[126.9982278799679,37.64151179158024],[126.99835365880588,37.641480350926734],[126.99839568209258,37.64149767783511],[126.99835074531208,37.641784917105475],[126.99820405073433,37.641803581314896]],[[127.00753833663963,37.627861208991334],[127.00750956273158,37.62785814712625],[127.00750989546437,37.627769490765516],[127.00744984876404,37.627678314711176],[127.00749595152284,37.627641372241435],[127.00751146825158,37.62760551248522],[127.0075835131812,37.62757766855025],[127.00762679095651,37.627628571639974],[127.00765805898033,37.62765595978342],[127.0076606698206,37.62772110043821],[127.00760301579025,37.62780047968381],[127.00753833663963,37.627861208991334]]]}},{"type":"Feature","properties":{"PNU":1141011900103690000,"피해위치(":"서울특별시 서대문구 북가좌동 369-25 ㅇㅇ연립 가동 101호","피해일시":"20250813 - 1100","F_SHIM":0.5,"F_AREA":89.88106497,"F_AVR_HGT":"27.766887664794922","ADM_CD":"1141011900","F_YR":"2025","F_ZONE_NM":"서울특별시 서대문구 북가좌동 369-25 ㅇㅇ연립 가동 101호","TYPE":"주택","TYPE2":"재난지원금"},"geometry":{"type":"Polygon","coordinates":[[[126.90620130938855,37.578018078320426],[126.9062539068744,37.5780522681608],[126.9063255469591,37.57797880545721],[126.90625021235536,37.57793099240705],[126.90617506732431,37.57800093838783],[126.90620130938855,37.578018078320426]]]}},{"type":"Feature","properties":{"PNU":1141011900103750000,"피해위치(":"서울특별시 서대문구 북가좌동 375-2 갑자빌라 지하호","피해일시":"20250813 - 1100","F_SHIM":0.5,"F_AREA":223.40773106,"F_AVR_HGT":"20.226015090942383","ADM_CD":"1141011900","F_YR":"2025","F_ZONE_NM":"서울특별시 서대문구 북가좌동 375-2 갑자빌라 지하호","TYPE":"주택","TYPE2":"재난지원금"},"geometry":{"type":"Polygon","coordinates":[[[126.906013211931,37.57771159091205],[126.90611580686144,37.57777663498906],[126.90623041168647,37.57765626565729],[126.90621921969061,37.57764418340444],[126.90614132772451,37.57756032875845],[126.90612171359365,37.57758346826324],[126.906013211931,37.57771159091205]]]}},{"type":"Feature","properties":{"PNU":1130510400101150100,"피해위치(":"서울특별시 강북구 우이동 115-17 B01호","피해일시":"20250822 - 2109","F_SHIM":0.3,"F_AREA":54.51712469,"F_AVR_HGT":"54.112118530273435","ADM_CD":"1130510400","F_YR":"2025","F_ZONE_NM":"서울특별시 강북구 우이동 115-17 B01호","TYPE":"주택","TYPE2":"재난지원금"},"geometry":{"type":"Polygon","coordinates":[[[127.01118244508748,37.657984945255514],[127.01125401415734,37.65800417517759],[127.01129009556605,37.65798738704129],[127.01122379872174,37.657900070067065],[127.01118244508748,37.657984945255514]]]}},{"type":"Feature","properties":{"PNU":1130510400101080000,"피해위치(":"서울특별시 강북구 우이동 108-7 B01호","피해일시":"20250822 - 2241","F_SHIM":0.3,"F_AREA":310.55024489,"F_AVR_HGT":"58.82695083618164","ADM_CD":"1130510400","F_YR":"2025","F_ZONE_NM":"서울특별시 강북구 우이동 108-7 B01호","TYPE":"주택","TYPE2":"재난지원금"},"geometry":{"type":"Polygon","coordinates":[[[127.01111637279755,37.65796837271766],[127.01118244508748,37.657984945255514],[127.01122379872174,37.657900070067065],[127.01112960699876,37.65777313047139],[127.01100415406293,37.6577784563715],[127.01099576939106,37.65779080039567],[127.011001662483,37.65779125040952],[127.01104588082045,37.65795234108436],[127.01111637279755,37.65796837271766]]]}},{"type":"Feature","properties":{"PNU":1132010500100260100,"피해위치(":"서울특별시 도봉구 쌍문동 26-119 한마음그린빌라 B02호","피해일시":"20250813 - 1200","F_SHIM":0.3,"F_AREA":241.6091223,"F_AVR_HGT":"33.07056884765625","ADM_CD":"1132010500","F_YR":"2025","F_ZONE_NM":"서울특별시 도봉구 쌍문동 26-119 한마음그린빌라 B02호","TYPE":"주택","TYPE2":"재난지원금"},"geometry":{"type":"Polygon","coordinates":[[[127.03707759293748,37.66026287115477],[127.03712255966158,37.66020879914843],[127.03716752627743,37.66015463702703],[127.03717317349152,37.660114181583694],[127.03702095497934,37.66008305378401],[127.03693600218057,37.66017885286386],[127.03707759293748,37.66026287115477]]]}},{"type":"Feature","properties":{"PNU":1138010600100330000,"피해위치(":"서울특별시 은평구 대조동 33-42 지층","피해일시":"20250813 - 1200","F_SHIM":0.1,"F_AREA":112.18710418,"F_AVR_HGT":"24.29902801513672","ADM_CD":"1138010600","F_YR":"2025","F_ZONE_NM":"서울특별시 은평구 대조동 33-42 지층","TYPE":"주택","TYPE2":"재난지원금"},"geometry":{"type":"Polygon","coordinates":[[[126.92450013235776,37.60921954091338],[126.92456088621832,37.60917119782559],[126.92450330558916,37.60910764105155],[126.92448948010393,37.60911592106089],[126.92439326184278,37.60917973782797],[126.92446748841691,37.60924555797791],[126.92450013235776,37.60921954091338]]]}},{"type":"Feature","properties":{"PNU":1130510200104660000,"피해위치(":"서울특별시 강북구 번동 466-5 B02호","피해일시":"20250822 - 2251","F_SHIM":0.3,"F_AREA":111.34919895,"F_AVR_HGT":"30.783970642089844","ADM_CD":"1130510200","F_YR":"2025","F_ZONE_NM":"서울특별시 강북구 번동 466-5 B02호","TYPE":"주택","TYPE2":"재난지원금"},"geometry":{"type":"Polygon","coordinates":[[[127.0313702924698,37.641740667071986],[127.0313575817942,37.64168886411282],[127.0313362467115,37.64160354698877],[127.03123292124369,37.64162078171337],[127.03120494873535,37.64165430509678],[127.0313702924698,37.641740667071986]]]}},{"type":"Feature","properties":{"PNU":1130510200104660000,"피해위치(":"서울특별시 강북구 번동 466-21 B01호","피해일시":"20250824 - 1537","F_SHIM":0.3,"F_AREA":131.12210853,"F_AVR_HGT":"30.783970642089844","ADM_CD":"1130510200","F_YR":"2025","F_ZONE_NM":"서울특별시 강북구 번동 466-21 B01호","TYPE":"주택","TYPE2":"재난지원금"},"geometry":{"type":"Polygon","coordinates":[[[127.03141001355786,37.64190283286279],[127.03138084690319,37.64178373109881],[127.03129585148173,37.64173870373172],[127.03123673603332,37.641811067082585],[127.03133555742878,37.641863388911844],[127.03141001355786,37.64190283286279]]]}},{"type":"Feature","properties":{"PNU":1130510300101700000,"피해위치(":"서울특별시 강북구 수유동 170-10 B02호","피해일시":"20250824 - 1543","F_SHIM":0.3,"F_AREA":96.16075109,"F_AVR_HGT":"31.811850357055665","ADM_CD":"1130510300","F_YR":"2025","F_ZONE_NM":"서울특별시 강북구 수유동 170-10 B02호","TYPE":"주택","TYPE2":"재난지원금"},"geometry":{"type":"Polygon","coordinates":[[[127.02692051497607,37.64367646646136],[127.02695427237194,37.64365348428489],[127.02700966624958,37.643615991702404],[127.0269526558332,37.64356473843267],[127.02691900396124,37.64356474568142],[127.02686476522513,37.6436005531472],[127.02684923445074,37.643610809596595],[127.02692051497607,37.64367646646136]]]}},{"type":"Feature","properties":{"PNU":1130510300101660000,"피해위치(":"서울특별시 강북구 수유동 166-76 우이빌라 가동 102호","피해일시":"20250821 - 1139","F_SHIM":0.3,"F_AREA":149.09721436,"F_AVR_HGT":"31.877695846557618","ADM_CD":"1130510300","F_YR":"2025","F_ZONE_NM":"서울특별시 강북구 수유동 166-76 우이빌라 가동 102호","TYPE":"주택","TYPE2":"재난지원금"},"geometry":{"type":"Polygon","coordinates":[[[127.02677754971266,37.64442583938052],[127.02668698878215,37.64434161742533],[127.02668030527097,37.6443463940264],[127.02656951640749,37.64442246001877],[127.02668545186933,37.64448802643978],[127.02677754971266,37.64442583938052]]]}},{"type":"Feature","properties":{"PNU":1130510300100100000,"피해위치(":"서울특별시 강북구 수유동 10-16 B01호","피해일시":"20250822 - 0927","F_SHIM":0.3,"F_AREA":173.81676405,"F_AVR_HGT":"33.7920539855957","ADM_CD":"1130510300","F_YR":"2025","F_ZONE_NM":"서울특별시 강북구 수유동 10-16 B01호","TYPE":"주택","TYPE2":"재난지원금"},"geometry":{"type":"Polygon","coordinates":[[[127.02215356628041,37.63818431933197],[127.02216781041544,37.638070883772215],[127.02215047547999,37.63806944524024],[127.02201134322574,37.63805937853568],[127.02199868470255,37.6381716425309],[127.02215356628041,37.63818431933197]]]}},{"type":"Feature","properties":{"PNU":1168010300101860000,"피해위치(":"서울 강남구 개포2동 186-6번지 지하1층","피해일시":"20250717","F_SHIM":0.3,"F_AREA":418.27114397,"F_AVR_HGT":"20.984717178344727","ADM_CD":"1168010300","F_YR":"2025","F_ZONE_NM":"서울 강남구 개포2동 186-6번지 지하1층","TYPE":"주택","TYPE2":"풍수해보험금"},"geometry":{"type":"Polygon","coordinates":[[[127.0682068466487,37.48884243145993],[127.06843803149036,37.48891636296944],[127.06851851006157,37.48875765120013],[127.06828766492507,37.488683809754],[127.0682068466487,37.48884243145993]]]}},{"type":"Feature","properties":{"PNU":1135010200102710000,"피해위치(":"서울특별시 노원구 월계동 271-13 신정빌라 b01호","피해일시":"20250813 - 1400","F_SHIM":0.15,"F_AREA":326.08733136,"F_AVR_HGT":"23.821209335327147","ADM_CD":"1135010200","F_YR":"2025","F_ZONE_NM":"서울특별시 노원구 월계동 271-13 신정빌라 b01호","TYPE":"주택","TYPE2":"재난지원금"},"geometry":{"type":"Polygon","coordinates":[[[127.05865603078071,37.63405344333224],[127.05865391240732,37.63393529009623],[127.05856536860993,37.63398592285343],[127.05850046399671,37.633911785699475],[127.05838407201782,37.63397586534812],[127.05840734232345,37.63400591976932],[127.05842996841817,37.63402312654952],[127.05851219986268,37.634132853015416],[127.05865603078071,37.63405344333224]]]}},{"type":"Feature","properties":{"PNU":1135010200102710000,"피해위치(":"서울특별시 노원구 월계동 271-33 초안산로2길 114빌라 b02호","피해일시":"20250813 - 1300","F_SHIM":0.15,"F_AREA":129.00919717,"F_AVR_HGT":"31.836279296875","ADM_CD":"1135010200","F_YR":"2025","F_ZONE_NM":"서울특별시 노원구 월계동 271-33 초안산로2길 114빌라 b02호","TYPE":"주택","TYPE2":"재난지원금"},"geometry":{"type":"Polygon","coordinates":[[[127.05804182004239,37.633603691582046],[127.0581629896763,37.63353575378734],[127.0580982542058,37.633459526055745],[127.0579851130535,37.6335223153582],[127.05799395846662,37.63353386166469],[127.05804182004239,37.633603691582046]]]}},{"type":"Feature","properties":{"PNU":1129013600100820100,"피해위치(":"서울특별시 성북구 하월곡동 82-146","피해일시":"20250822 - 1657","F_SHIM":0.1,"F_AREA":88.5797264,"F_AVR_HGT":"28.24189338684082","ADM_CD":"1129013600","F_YR":"2025","F_ZONE_NM":"서울특별시 성북구 하월곡동 82-146","TYPE":"주택","TYPE2":"재난지원금"},"geometry":{"type":"Polygon","coordinates":[[[127.03346151936749,37.608728727144594],[127.03347558424572,37.60872602039123],[127.03357811354938,37.60870258507344],[127.0335462466433,37.6086291907197],[127.03343353900145,37.60865968345198],[127.03346151936749,37.608728727144594]]]}},{"type":"Feature","properties":{"PNU":1150010900106210000,"피해위치(":"서울특별시 강서구 방화동 621-15   1층 육대장","피해일시":"20250813 - 1327","F_SHIM":0.5,"F_AREA":131.56503259,"F_AVR_HGT":"13.04045581817627","ADM_CD":"1150010900","F_YR":"2025","F_ZONE_NM":"서울특별시 강서구 방화동 621-15   1층 육대장","TYPE":"소상공인","TYPE2":"재난지원금"},"geometry":{"type":"Polygon","coordinates":[[[126.8078364385207,37.56212961222461],[126.80791559472127,37.562043499487785],[126.80793233987163,37.56202387639872],[126.80784628082021,37.56197833449191],[126.80780082770109,37.56202610238187],[126.8077531399659,37.562075749651314],[126.80778308879962,37.5620972963652],[126.80780649393233,37.562110786514594],[126.8078364385207,37.56212961222461]]]}},{"type":"Feature","properties":{"PNU":1129013600100830100,"피해위치(":"서울특별시 성북구 하월곡동 83-70 .","피해일시":"20250822 - 1403","F_SHIM":0.1,"F_AREA":78.62889628,"F_AVR_HGT":"28.508794403076173","ADM_CD":"1129013600","F_YR":"2025","F_ZONE_NM":"서울특별시 성북구 하월곡동 83-70 .","TYPE":"주택","TYPE2":"재난지원금"},"geometry":{"type":"Polygon","coordinates":[[[127.03391089395565,37.6084097291091],[127.0339504025817,37.60839771717852],[127.03399076073813,37.608386047374125],[127.03400605609076,37.60837438445713],[127.03397353389582,37.60830526105008],[127.03388389424605,37.60833065731994],[127.03391089395565,37.6084097291091]]]}},{"type":"Feature","properties":{"PNU":1135010500106520000,"피해위치(":"서울특별시 노원구 상계동 652-1 지하1층","피해일시":"20250813 - 1200","F_SHIM":0.15,"F_AREA":653.96462521,"F_AVR_HGT":"25.94683494567871","ADM_CD":"1135010500","F_YR":"2025","F_ZONE_NM":"서울특별시 노원구 상계동 652-1 지하1층","TYPE":"소상공인","TYPE2":"재난지원금"},"geometry":{"type":"Polygon","coordinates":[[[127.05462899128868,37.66710421462414],[127.05468482323928,37.66688146895222],[127.05443963503943,37.66683815230035],[127.05436220561485,37.66713352595625],[127.05462899128868,37.66710421462414]]]}},{"type":"Feature","properties":{"PNU":1135010500110540000,"피해위치(":"서울특별시 노원구 상계동 1054-31 조은주택빌라 101호","피해일시":"20250813 - 1213","F_SHIM":0.15,"F_AREA":235.1736157,"F_AVR_HGT":"26.303326034545897","ADM_CD":"1135010500","F_YR":"2025","F_ZONE_NM":"서울특별시 노원구 상계동 1054-31 조은주택빌라 101호","TYPE":"주택","TYPE2":"재난지원금"},"geometry":{"type":"Polygon","coordinates":[[[127.05174169523953,37.67301662477207],[127.05176911646512,37.67291825397244],[127.05176961399255,37.67291645181633],[127.05179454724627,37.672826695362176],[127.05179813173187,37.672813764884786],[127.05170336154151,37.67280004739678],[127.05167826280272,37.672812491486845],[127.05165499320559,37.672898589262886],[127.05162756153737,37.67299850070307],[127.05174169523953,37.67301662477207]]]}},{"type":"Feature","properties":{"PNU":1135010500110870000,"피해위치(":"서울특별시 노원구 상계동 1087-1 선정빌라 b01호","피해일시":"20250813 - 1250","F_SHIM":0.15,"F_AREA":397.08622717,"F_AVR_HGT":"26.227362060546874","ADM_CD":"1135010500","F_YR":"2025","F_ZONE_NM":"서울특별시 노원구 상계동 1087-1 선정빌라 b01호","TYPE":"주택","TYPE2":"재난지원금"},"geometry":{"type":"Polygon","coordinates":[[[127.05116171304547,37.67422405560225],[127.0512211331661,37.674225111747106],[127.05131706542122,37.674194140922566],[127.0514381308642,37.67415076201327],[127.0514196828741,37.67412555161528],[127.05141878855922,37.67402572430614],[127.05141810554413,37.67402139092015],[127.05112708722854,37.67409292469985],[127.05116171304547,37.67422405560225]]]}},{"type":"Feature","properties":{"PNU":1138010700105950100,"피해위치(":"서울특별시 은평구 응암동 595-34 1층,지하","피해일시":"20250813 - 1200","F_SHIM":0.1,"F_AREA":199.60649969,"F_AVR_HGT":"14.054449653625488","ADM_CD":"1138010700","F_YR":"2025","F_ZONE_NM":"서울특별시 은평구 응암동 595-34 1층,지하","TYPE":"소상공인","TYPE2":"재난지원금"},"geometry":{"type":"Polygon","coordinates":[[[126.9146068890463,37.587567986853706],[126.91472409099855,37.58755230584924],[126.91469107006924,37.5874207377526],[126.9146887029002,37.587411726161136],[126.91455903409718,37.58743838996507],[126.91453790203744,37.587442735163414],[126.914563931965,37.587510472374625],[126.91458741180121,37.58757076556528],[126.9146068890463,37.587567986853706]]]}},{"type":"Feature","properties":{"PNU":1130510300101290000,"피해위치(":"서울특별시 강북구 수유동 129-18 아이파크아파트 가동 B02호","피해일시":"20250822 - 2128","F_SHIM":0.3,"F_AREA":282.04087046,"F_AVR_HGT":"40.409123229980466","ADM_CD":"1130510300","F_YR":"2025","F_ZONE_NM":"서울특별시 강북구 수유동 129-18 아이파크아파트 가동 B02호","TYPE":"주택","TYPE2":"재난지원금"},"geometry":{"type":"Polygon","coordinates":[[[127.01833434460035,37.63638306919334],[127.01816408574473,37.63628585079885],[127.01816387047434,37.63628580578032],[127.01812544802716,37.63631812025715],[127.01804966781496,37.63638188408494],[127.01808103313556,37.63640552134395],[127.01811855143399,37.63643379776473],[127.01816480629881,37.63646870413775],[127.0182268243456,37.63646983961512],[127.01833434460035,37.63638306919334]]]}},{"type":"Feature","properties":{"PNU":1130510400101090000,"피해위치(":"서울특별시 강북구 우이동 109-4 샘마을빌라 B02호","피해일시":"20250823 - 1222","F_SHIM":0.3,"F_AREA":53.4951944,"F_AVR_HGT":"59.37743453979492","ADM_CD":"1130510400","F_YR":"2025","F_ZONE_NM":"서울특별시 강북구 우이동 109-4 샘마을빌라 B02호","TYPE":"주택","TYPE2":"재난지원금"},"geometry":{"type":"Polygon","coordinates":[[[127.01093501085693,37.65767241721038],[127.01099847091982,37.65764655416114],[127.01101841552715,37.65763862398157],[127.0110292949076,37.65763826271548],[127.01096491402565,37.65755186443014],[127.0109484860202,37.65758700375042],[127.01093501085693,37.65767241721038]]]}},{"type":"Feature","properties":{"PNU":1150010800100340100,"피해위치(":"서울특별시 강서구 공항동 34-52","피해일시":"20250814 - 1100","F_SHIM":0.5,"F_AREA":189.79521895,"F_AVR_HGT":"9.874938011169434","ADM_CD":"1150010800","F_YR":"2025","F_ZONE_NM":"서울특별시 강서구 공항동 34-52","TYPE":"주택","TYPE2":"재난지원금"},"geometry":{"type":"Polygon","coordinates":[[[126.81262170653534,37.56015385767805],[126.81269190710087,37.56007495329923],[126.81270999454459,37.56005645790588],[126.81262441522948,37.55997305169803],[126.81259019745539,37.55998349346494],[126.81251012719771,37.56008945668153],[126.81262170653534,37.56015385767805]]]}},{"type":"Feature","properties":{"PNU":1138010300104320000,"피해위치(":"서울특별시 은평구 불광동 432-3 B01, 앞쪽","피해일시":"20250813 - 1200","F_SHIM":0.1,"F_AREA":102.64042277,"F_AVR_HGT":"33.90158233642578","ADM_CD":"1138010300","F_YR":"2025","F_ZONE_NM":"서울특별시 은평구 불광동 432-3 B01, 앞쪽","TYPE":"주택","TYPE2":"재난지원금"},"geometry":{"type":"Polygon","coordinates":[[[126.92624208911356,37.62215253164472],[126.92635889246415,37.62213422610955],[126.92634804652653,37.62210610863254],[126.92633798851982,37.622082947045115],[126.92634401549972,37.62205961550871],[126.92619787730598,37.62207510927194],[126.92621233411433,37.62211692395961],[126.92624208911356,37.62215253164472]]]}},{"type":"Feature","properties":{"PNU":1138010300104310000,"피해위치(":"서울특별시 은평구 불광동 431-2 지층 우측","피해일시":"20250813 - 1200","F_SHIM":0.1,"F_AREA":114.82270116,"F_AVR_HGT":"33.90158233642578","ADM_CD":"1138010300","F_YR":"2025","F_ZONE_NM":"서울특별시 은평구 불광동 431-2 지층 우측","TYPE":"주택","TYPE2":"재난지원금"},"geometry":{"type":"Polygon","coordinates":[[[126.92649194446402,37.62229099115577],[126.9264771171259,37.62227953928511],[126.92642882217129,37.622207069792374],[126.92642545014755,37.622203562835395],[126.92633328419618,37.62225512127882],[126.92635183737892,37.62227864866944],[126.92636618094838,37.6223205533627],[126.92637022379257,37.62235533375482],[126.9264122776952,37.622326168785044],[126.92649194446402,37.62229099115577]]]}},{"type":"Feature","properties":{"PNU":1129013700100550100,"피해위치(":"서울특별시 성북구 상월곡동 55-98","피해일시":"20250814 - 0600","F_SHIM":0.1,"F_AREA":124.32873255,"F_AVR_HGT":"33.37143096923828","ADM_CD":"1129013700","F_YR":"2025","F_ZONE_NM":"서울특별시 성북구 상월곡동 55-98","TYPE":"주택","TYPE2":"재난지원금"},"geometry":{"type":"Polygon","coordinates":[[[127.04568544356506,37.60594334569725],[127.04579560532963,37.60591285121755],[127.0457486604226,37.60581169750253],[127.0456372751273,37.60584121933526],[127.04568544356506,37.60594334569725]]]}}]}