{"type":"FeatureCollection","features":[{"type":"Feature","properties":{"F_DISA_NM":"2018년 8.26~9.1 호우","F_AVR_HGT":76.63,"F_AREA":94.71,"ADM_CD":"1130510100","F_SAT_YMD":"20180826","F_END_YMD":"20180901","F_SAT_TM":"1","F_END_TM":"5","F_RSN_DTL":"침수(공공하수도역류)","F_ZONE_NM":"강북구 미아동258-721","INV_YR":"2018","F_YR":"2018","GU_NAM":"강북구","F_SHIM":0.45},"geometry":{"type":"Polygon","coordinates":[[[127.03147413341077,37.62417469122105],[127.03174850958311,37.62422500404441],[127.03177017238175,37.624151766861544],[127.03180181211897,37.62404401958995],[127.03153034706254,37.62399193121847],[127.03150674810195,37.62406779070242],[127.03147413341077,37.62417469122105]]]}},{"type":"Feature","properties":{"F_DISA_NM":"2018년 8.26~9.1 호우","F_AVR_HGT":76.63,"F_AREA":74.09,"ADM_CD":"1130510100","F_SAT_YMD":"20180826","F_END_YMD":"20180901","F_SAT_TM":"1","F_END_TM":"5","F_RSN_DTL":"침수(기타)","F_ZONE_NM":"강북구 미아동258-720","INV_YR":"2018","F_YR":"2018","GU_NAM":"강북구","F_SHIM":0.45},"geometry":{"type":"Polygon","coordinates":[[[127.03147351797855,37.62436300514679],[127.03169568157966,37.624403582732135],[127.03171369060507,37.624342617839616],[127.03174850958311,37.62422500404441],[127.03147413341077,37.62417469122105],[127.03143064704435,37.62431730932032],[127.0314545020391,37.624342837036465],[127.03147351797855,37.62436300514679]]]}},{"type":"Feature","properties":{"F_DISA_NM":"2020년 7.28~8.11 호우","F_AVR_HGT":88.92,"F_AREA":73.08,"ADM_CD":"1130510100","F_SAT_YMD":"20200728","F_END_YMD":"20200811","F_SAT_TM":"1","F_END_TM":"5","F_RSN_DTL":"침수","F_ZONE_NM":"강북구 미아동258-561","INV_YR":"2018","F_YR":"2018","GU_NAM":"강북구","F_SHIM":0.45},"geometry":{"type":"Polygon","coordinates":[[[127.03355115983703,37.62242971359047],[127.03354438583162,37.62234996067958],[127.03354218846854,37.6223238959243],[127.03339891822948,37.62229358970648],[127.0333643884817,37.62239061655593],[127.03337859432301,37.62239366704394],[127.03355115983703,37.62242971359047]]]}},{"type":"Feature","properties":{"F_DISA_NM":"2018년 8.26~9.1 호우","F_AVR_HGT":32.2,"F_AREA":148.5,"ADM_CD":"1130510300","F_SAT_YMD":"20180826","F_END_YMD":"20180901","F_SAT_TM":"1","F_END_TM":"5","F_RSN_DTL":"침수(기타)","F_ZONE_NM":"강북구 수유동222-50","INV_YR":"2018","F_YR":"2018","GU_NAM":"강북구","F_SHIM":0.45},"geometry":{"type":"Polygon","coordinates":[[[127.02410822631498,37.639493191741295],[127.02419918737505,37.63943172763603],[127.02413084862533,37.63936894262648],[127.02404317240652,37.6394275229251],[127.02410822631498,37.639493191741295]]]}},{"type":"Feature","properties":{"F_DISA_NM":"2018년 8.26~9.1 호우","F_AVR_HGT":32.47,"F_AREA":623.76,"ADM_CD":"1130510300","F_SAT_YMD":"20180826","F_END_YMD":"20180901","F_SAT_TM":"1","F_END_TM":"5","F_RSN_DTL":"침수","F_ZONE_NM":"강북구 수유동222-13","INV_YR":"2018","F_YR":"2018","GU_NAM":"강북구","F_SHIM":0.45},"geometry":{"type":"Polygon","coordinates":[[[127.02388175301026,37.63953657188922],[127.02396093359968,37.63948330909416],[127.02404317240652,37.6394275229251],[127.02413084862533,37.63936894262648],[127.02405967657742,37.63930309479468],[127.02395466917173,37.63937375143465],[127.0239339395101,37.63938763042599],[127.02389837050391,37.63941124278478],[127.02388943965522,37.63947737621847],[127.02388175301026,37.63953657188922]]]}},{"type":"Feature","properties":{"F_DISA_NM":"2018년 8.26~9.1 호우","F_AVR_HGT":32.2,"F_AREA":96.97,"ADM_CD":"1130510300","F_SAT_YMD":"20180826","F_END_YMD":"20180901","F_SAT_TM":"1","F_END_TM":"5","F_RSN_DTL":"침수(기타)","F_ZONE_NM":"강북구 수유동192-42","INV_YR":"2018","F_YR":"2018","GU_NAM":"강북구","F_SHIM":0.45},"geometry":{"type":"Polygon","coordinates":[[[127.02435476724948,37.6394950363413],[127.02442231328686,37.639558091666885],[127.0244985478289,37.639505189474],[127.02451497291453,37.63949419435025],[127.02453071827996,37.63948346964997],[127.02447586508181,37.63943113354799],[127.02446838514021,37.6394241073793],[127.02435476724948,37.6394950363413]]]}},{"type":"Feature","properties":{"F_DISA_NM":"2018년 8.26~9.1 호우","F_AVR_HGT":32.47,"F_AREA":119.94,"ADM_CD":"1130510300","F_SAT_YMD":"20180826","F_END_YMD":"20180901","F_SAT_TM":"1","F_END_TM":"5","F_RSN_DTL":"침수","F_ZONE_NM":"강북구 수유동222-14","INV_YR":"2018","F_YR":"2018","GU_NAM":"강북구","F_SHIM":0.45},"geometry":{"type":"Polygon","coordinates":[[[127.02395466917173,37.63937375143465],[127.02405967657742,37.63930309479468],[127.02395994531994,37.639211033910776],[127.0239061483118,37.63927834714241],[127.02392473805459,37.63930708479361],[127.02395466917173,37.63937375143465]]]}},{"type":"Feature","properties":{"F_DISA_NM":"2018년 8.26~9.1 호우","F_AVR_HGT":32.46,"F_AREA":232.9,"ADM_CD":"1130510300","F_SAT_YMD":"20180826","F_END_YMD":"20180901","F_SAT_TM":"1","F_END_TM":"5","F_RSN_DTL":"침수(기타)","F_ZONE_NM":"강북구 수유동223-3","INV_YR":"2018","F_YR":"2018","GU_NAM":"강북구","F_SHIM":0.45},"geometry":{"type":"Polygon","coordinates":[[[127.02343560007014,37.63883974955468],[127.0234541814977,37.638841187666124],[127.02357439403428,37.63884963444759],[127.02358490676697,37.6387682742152],[127.02342730478722,37.638756401667585],[127.02342007781662,37.63883867126358],[127.02343560007014,37.63883974955468]]]}},{"type":"Feature","properties":{"F_DISA_NM":"2018년 8.26~9.1 호우","F_AVR_HGT":32.46,"F_AREA":121.15,"ADM_CD":"1130510300","F_SAT_YMD":"20180826","F_END_YMD":"20180901","F_SAT_TM":"1","F_END_TM":"5","F_RSN_DTL":"침수(기타)","F_ZONE_NM":"강북구 수유동223-25","INV_YR":"2018","F_YR":"2018","GU_NAM":"강북구","F_SHIM":0.45},"geometry":{"type":"Polygon","coordinates":[[[127.02312515399524,37.63842310470385],[127.02330892815456,37.638438567726375],[127.02332057312582,37.63835387368579],[127.02331932468879,37.63834648590044],[127.0231797388695,37.63833750182942],[127.023135098632,37.63833471698462],[127.02312515399524,37.63842310470385]]]}},{"type":"Feature","properties":{"F_DISA_NM":"2018년 8.26~9.1 호우","F_AVR_HGT":32.85,"F_AREA":95.41,"ADM_CD":"1130510300","F_SAT_YMD":"20180826","F_END_YMD":"20180901","F_SAT_TM":"1","F_END_TM":"5","F_RSN_DTL":"침수(기타)","F_ZONE_NM":"강북구 수유동223-41","INV_YR":"2018","F_YR":"2018","GU_NAM":"강북구","F_SHIM":0.45},"geometry":{"type":"Polygon","coordinates":[[[127.02295798840683,37.63824636339521],[127.02314357371438,37.63825786204544],[127.02315713255074,37.63813055142769],[127.02297234056404,37.63811878236102],[127.02295798840683,37.63824636339521]]]}},{"type":"Feature","properties":{"F_DISA_NM":"2018년 8.26~9.1 호우","F_AVR_HGT":32.85,"F_AREA":126.05,"ADM_CD":"1130510300","F_SAT_YMD":"20180826","F_END_YMD":"20180901","F_SAT_TM":"1","F_END_TM":"5","F_RSN_DTL":"침수(공공하수도역류)","F_ZONE_NM":"강북구 수유동223-47","INV_YR":"2018","F_YR":"2018","GU_NAM":"강북구","F_SHIM":0.45},"geometry":{"type":"Polygon","coordinates":[[[127.0231951639535,37.63819945121369],[127.02333699309565,37.63820939889798],[127.02333989727599,37.638183495255504],[127.02333909834289,37.63816349370085],[127.023349389332,37.638098170922134],[127.02334994791318,37.63807114149088],[127.02321036236961,37.638061346575704],[127.0232003057123,37.63815369862737],[127.0231951639535,37.63819945121369]]]}},{"type":"Feature","properties":{"F_DISA_NM":"2018년 8.26~9.1 호우","F_AVR_HGT":36.5,"F_AREA":113.33,"ADM_CD":"1130510300","F_SAT_YMD":"20180826","F_END_YMD":"20180901","F_SAT_TM":"1","F_END_TM":"5","F_RSN_DTL":"침수","F_ZONE_NM":"강북구 수유동47-19","INV_YR":"2018","F_YR":"2018","GU_NAM":"강북구","F_SHIM":0.45},"geometry":{"type":"Polygon","coordinates":[[[127.02159050560684,37.634961728847415],[127.02160285475307,37.63496253762666],[127.02161008556313,37.63488847599711],[127.0216203954269,37.63488928512166],[127.02162197698804,37.6348724365619],[127.02157065429283,37.63486848099],[127.02148976158735,37.634862277958334],[127.02148128542673,37.63494003380168],[127.02159186139012,37.634947853554344],[127.02159050560684,37.634961728847415]]]}},{"type":"Feature","properties":{"F_DISA_NM":"2018년 8.26~9.1 호우","F_AVR_HGT":30.81,"F_AREA":116.87,"ADM_CD":"1130510200","F_SAT_YMD":"20180826","F_END_YMD":"20180901","F_SAT_TM":"1","F_END_TM":"5","F_RSN_DTL":"침수(공공하수도역류)","F_ZONE_NM":"강북구 번동466-25","INV_YR":"2018","F_YR":"2018","GU_NAM":"강북구","F_SHIM":0.45},"geometry":{"type":"Polygon","coordinates":[[[127.031069276635,37.64184203305196],[127.03113824518823,37.64175840509306],[127.03103897070596,37.641705722814656],[127.03096954891257,37.64178944092709],[127.03102428583206,37.64181834861507],[127.031069276635,37.64184203305196]]]}},{"type":"Feature","properties":{"F_DISA_NM":"2018년 8.26~9.1 호우","F_AVR_HGT":30.81,"F_AREA":234.95,"ADM_CD":"1130510200","F_SAT_YMD":"20180826","F_END_YMD":"20180901","F_SAT_TM":"1","F_END_TM":"5","F_RSN_DTL":"침수(공공하수도역류)","F_ZONE_NM":"강북구 번동466-27","INV_YR":"2018","F_YR":"2018","GU_NAM":"강북구","F_SHIM":0.45},"geometry":{"type":"Polygon","coordinates":[[[127.03086868794432,37.641735948022294],[127.03093947000646,37.64165367119251],[127.03083792967324,37.641600809113456],[127.03076873375753,37.641682995392195],[127.03086868794432,37.641735948022294]]]}},{"type":"Feature","properties":{"F_DISA_NM":"2018년 8.26~9.1 호우","F_AVR_HGT":50.59,"F_AREA":153.75,"ADM_CD":"1130510300","F_SAT_YMD":"20180826","F_END_YMD":"20180901","F_SAT_TM":"1","F_END_TM":"5","F_RSN_DTL":"침수(기타)","F_ZONE_NM":"강북구 수유동527-1","INV_YR":"2018","F_YR":"2018","GU_NAM":"강북구","F_SHIM":0.45},"geometry":{"type":"Polygon","coordinates":[[[127.0113636679239,37.64124107307936],[127.01134448107369,37.64129109692792],[127.01149881915599,37.64127143366702],[127.01162035915158,37.64119067775702],[127.01163506386717,37.64117641402952],[127.01140949426205,37.641121581660556],[127.0113636679239,37.64124107307936]]]}},{"type":"Feature","properties":{"F_DISA_NM":"2018년 8.26~9.1 호우","F_AVR_HGT":75.62,"F_AREA":278.02,"ADM_CD":"1130510300","F_SAT_YMD":"20180826","F_END_YMD":"20180901","F_SAT_TM":"1","F_END_TM":"5","F_RSN_DTL":"침수(공공하수도역류)","F_ZONE_NM":"강북구 수유동530-25","INV_YR":"2018","F_YR":"2018","GU_NAM":"강북구","F_SHIM":0.45},"geometry":{"type":"Polygon","coordinates":[[[127.00768800543379,37.64185252726132],[127.00767543822808,37.64182997646233],[127.0075762006338,37.641749659493314],[127.00749174282853,37.64172995041924],[127.00736776293999,37.64182954161974],[127.0075422272252,37.64196726520389],[127.00768800543379,37.64185252726132]]]}},{"type":"Feature","properties":{"F_DISA_NM":"2020년 7.28~8.11 호우","F_AVR_HGT":63.93,"F_AREA":126.62,"ADM_CD":"1130510300","F_SAT_YMD":"20200728","F_END_YMD":"20200811","F_SAT_TM":"1","F_END_TM":"5","F_RSN_DTL":"침수","F_ZONE_NM":"강북구 수유동560-100","INV_YR":"2018","F_YR":"2018","GU_NAM":"강북구","F_SHIM":0.45},"geometry":{"type":"Polygon","coordinates":[[[127.00862357225834,37.64552220700845],[127.00863498559836,37.64543618108738],[127.00865837277252,37.64543860330177],[127.00866636521468,37.64536383077969],[127.00855486877242,37.64535680986208],[127.00849913302315,37.645486553784586],[127.00853369498337,37.64551574337314],[127.00862357225834,37.64552220700845]]]}},{"type":"Feature","properties":{"F_DISA_NM":"2018년 8.26~9.1 호우","F_AVR_HGT":47.42,"F_AREA":276.63,"ADM_CD":"1130510300","F_SAT_YMD":"20180826","F_END_YMD":"20180901","F_SAT_TM":"1","F_END_TM":"5","F_RSN_DTL":"침수","F_ZONE_NM":"강북구 수유동298-2","INV_YR":"2018","F_YR":"2018","GU_NAM":"강북구","F_SHIM":0.45},"geometry":{"type":"Polygon","coordinates":[[[127.01306689108186,37.642877417288275],[127.01307260969203,37.64285617169393],[127.01308070632768,37.642826060253775],[127.01293022832049,37.642766250034946],[127.01290009741348,37.64281977097142],[127.0130007172669,37.64285318746709],[127.01306689108186,37.642877417288275]]]}},{"type":"Feature","properties":{"F_DISA_NM":"2018년 8.26~9.1 호우","F_AVR_HGT":46.28,"F_AREA":404.33,"ADM_CD":"1130510300","F_SAT_YMD":"20180826","F_END_YMD":"20180901","F_SAT_TM":"1","F_END_TM":"5","F_RSN_DTL":"침수(기타)","F_ZONE_NM":"강북구 수유동555-10","INV_YR":"2018","F_YR":"2018","GU_NAM":"강북구","F_SHIM":0.45},"geometry":{"type":"Polygon","coordinates":[[[127.01172769263056,37.644270721100845],[127.0118650820355,37.64430386507728],[127.01189611667589,37.64422111665623],[127.01175692572305,37.644187198031844],[127.01175112668138,37.64420377650544],[127.01173298200322,37.6442556202744],[127.01172769263056,37.644270721100845]]]}},{"type":"Feature","properties":{"F_DISA_NM":"2018년 8.26~9.1 호우","F_AVR_HGT":58.85,"F_AREA":717.97,"ADM_CD":"1130510300","F_SAT_YMD":"20180826","F_END_YMD":"20180901","F_SAT_TM":"1","F_END_TM":"5","F_RSN_DTL":"침수","F_ZONE_NM":"강북구 수유동560-26","INV_YR":"2018","F_YR":"2018","GU_NAM":"강북구","F_SHIM":0.45},"geometry":{"type":"Polygon","coordinates":[[[127.00979338406265,37.64479578154335],[127.00971915855584,37.64471514931961],[127.0096245490233,37.64473748205482],[127.00963996962795,37.64483624604729],[127.0097834162442,37.6448253342734],[127.00979338406265,37.64479578154335]]]}},{"type":"Feature","properties":{"F_DISA_NM":"2018년 8.26~9.1 호우","F_AVR_HGT":47.98,"F_AREA":266.13,"ADM_CD":"1130510300","F_SAT_YMD":"20180826","F_END_YMD":"20180901","F_SAT_TM":"1","F_END_TM":"5","F_RSN_DTL":"침수(기타)","F_ZONE_NM":"강북구 수유동554-105","INV_YR":"2018","F_YR":"2018","GU_NAM":"강북구","F_SHIM":0.45},"geometry":{"type":"Polygon","coordinates":[[[127.01192135733028,37.6427283761066],[127.01191989447051,37.642800850816414],[127.01191877719899,37.642832754506216],[127.01204963243717,37.64282876959455],[127.01205148944544,37.642820327275494],[127.01207261853156,37.642724164124736],[127.01207703518445,37.64270839663403],[127.01209590142523,37.6426355870012],[127.01192259508294,37.642666695119],[127.01192135733028,37.6427283761066]]]}},{"type":"Feature","properties":{"F_DISA_NM":"2018년 8.26~9.1 호우","F_AVR_HGT":67.45,"F_AREA":193.88,"ADM_CD":"1130510300","F_SAT_YMD":"20180826","F_END_YMD":"20180901","F_SAT_TM":"1","F_END_TM":"5","F_RSN_DTL":"침수(기타)","F_ZONE_NM":"강북구 수유동540-63","INV_YR":"2018","F_YR":"2018","GU_NAM":"강북구","F_SHIM":0.45},"geometry":{"type":"Polygon","coordinates":[[[127.00898518370805,37.64288972907992],[127.00906517722672,37.64277980481345],[127.00893681988255,37.64272273606406],[127.00885896794172,37.642835137797825],[127.00898349539204,37.64288900840521],[127.00898518370805,37.64288972907992]]]}},{"type":"Feature","properties":{"F_DISA_NM":"2018년 8.26~9.1 호우","F_AVR_HGT":46.93,"F_AREA":181.77,"ADM_CD":"1130510300","F_SAT_YMD":"20180826","F_END_YMD":"20180901","F_SAT_TM":"1","F_END_TM":"5","F_RSN_DTL":"침수","F_ZONE_NM":"강북구 수유동569-39","INV_YR":"2018","F_YR":"2018","GU_NAM":"강북구","F_SHIM":0.45},"geometry":{"type":"Polygon","coordinates":[[[127.011654478558,37.64672624867644],[127.01179978930551,37.64673344391751],[127.01180573773007,37.64664840925748],[127.0118138963096,37.64664994020575],[127.01181524898071,37.64659880067327],[127.01170173109521,37.64657439406482],[127.01166162912467,37.6465643606421],[127.01164689465699,37.64661765465565],[127.01166257722075,37.64662040128645],[127.01165705638572,37.646684605331274],[127.011654478558,37.64672624867644]]]}},{"type":"Feature","properties":{"F_DISA_NM":"2018년 8.26~9.1 호우","F_AVR_HGT":63.19,"F_AREA":88.21,"ADM_CD":"1130510300","F_SAT_YMD":"20180826","F_END_YMD":"20180901","F_SAT_TM":"1","F_END_TM":"5","F_RSN_DTL":"침수(기타)","F_ZONE_NM":"강북구 수유동533-12","INV_YR":"2018","F_YR":"2018","GU_NAM":"강북구","F_SHIM":0.45},"geometry":{"type":"Polygon","coordinates":[[[127.00797764763645,37.64374050883052],[127.00810602461426,37.64375174592584],[127.0081216068369,37.643653178199315],[127.00808564316253,37.643649639366906],[127.00799327523,37.643640571633554],[127.00797764763645,37.64374050883052]]]}},{"type":"Feature","properties":{"F_DISA_NM":"2018년 8.26~9.1 호우","F_AVR_HGT":77.33,"F_AREA":273.11,"ADM_CD":"1130510300","F_SAT_YMD":"20180826","F_END_YMD":"20180901","F_SAT_TM":"1","F_END_TM":"5","F_RSN_DTL":"침수(기타)","F_ZONE_NM":"강북구 수유동530-105","INV_YR":"2018","F_YR":"2018","GU_NAM":"강북구","F_SHIM":0.45},"geometry":{"type":"Polygon","coordinates":[[[127.0087053005836,37.64221271635396],[127.0087270275495,37.64216375594011],[127.0087768475125,37.64204987840531],[127.00880669646347,37.64198259160336],[127.00872263392063,37.64195551339479],[127.00855178996076,37.64190375355847],[127.00839932571347,37.64211587956081],[127.0087053005836,37.64221271635396]]]}},{"type":"Feature","properties":{"F_DISA_NM":"2018년 8.26~9.1 호우","F_AVR_HGT":26.24,"F_AREA":92.54,"ADM_CD":"1130510200","F_SAT_YMD":"20180826","F_END_YMD":"20180901","F_SAT_TM":"1","F_END_TM":"5","F_RSN_DTL":"침수(공공하수도역류)","F_ZONE_NM":"강북구 번동427-6","INV_YR":"2018","F_YR":"2018","GU_NAM":"강북구","F_SHIM":0.45},"geometry":{"type":"Polygon","coordinates":[[[127.03764514304922,37.635218288644765],[127.03766063246556,37.635152692701915],[127.03766786865366,37.63512259781932],[127.03761145598699,37.63513775151813],[127.03755209758738,37.63515272589386],[127.03754700008965,37.63515416901515],[127.03750916463801,37.635163460634445],[127.03754285129702,37.63524336710546],[127.03759733885528,37.635229835788756],[127.03760776061979,37.6352273098635],[127.03764514304922,37.635218288644765]]]}},{"type":"Feature","properties":{"F_DISA_NM":"2018년 8.26~9.1 호우","F_AVR_HGT":36.43,"F_AREA":74.09,"ADM_CD":"1130510100","F_SAT_YMD":"20180826","F_END_YMD":"20180901","F_SAT_TM":"1","F_END_TM":"5","F_RSN_DTL":"침수(기타)","F_ZONE_NM":"강북구 미아동360-5","INV_YR":"2018","F_YR":"2018","GU_NAM":"강북구","F_SHIM":0.45},"geometry":{"type":"Polygon","coordinates":[[[127.02490935694428,37.61908240986199],[127.02508504761668,37.619044614817476],[127.02506518975318,37.61896690921018],[127.02492951365025,37.618993740371835],[127.02487651284055,37.619022311955995],[127.02490935694428,37.61908240986199]]]}},{"type":"Feature","properties":{"F_DISA_NM":"2018년 8.26~9.1 호우","F_AVR_HGT":39.4,"F_AREA":94.71,"ADM_CD":"1130510100","F_SAT_YMD":"20180826","F_END_YMD":"20180901","F_SAT_TM":"1","F_END_TM":"5","F_RSN_DTL":"침수(공공하수도역류)","F_ZONE_NM":"강북구 미아동720-6","INV_YR":"2018","F_YR":"2018","GU_NAM":"강북구","F_SHIM":0.45},"geometry":{"type":"Polygon","coordinates":[[[127.02289440673384,37.61995375178859],[127.02298893176707,37.61995756379734],[127.02298755943347,37.61991202849801],[127.02298699411098,37.61987620562022],[127.022898381138,37.619869815735136],[127.02289440673384,37.61995375178859]]]}},{"type":"Feature","properties":{"F_DISA_NM":"2018년 8.26~9.1 호우","F_AVR_HGT":28.99,"F_AREA":201.33,"ADM_CD":"1130510200","F_SAT_YMD":"20180826","F_END_YMD":"20180901","F_SAT_TM":"1","F_END_TM":"5","F_RSN_DTL":"침수(기타)","F_ZONE_NM":"강북구 번동412-47","INV_YR":"2018","F_YR":"2018","GU_NAM":"강북구","F_SHIM":0.45},"geometry":{"type":"Polygon","coordinates":[[[127.03120344991791,37.63632996173843],[127.03119234263855,37.63631897260216],[127.03118543354367,37.636323749522],[127.03112219049999,37.63626213851901],[127.03102523455247,37.63632405998159],[127.03109992476361,37.63639675019433],[127.03120344991791,37.63632996173843]]]}},{"type":"Feature","properties":{"F_DISA_NM":"2018년 8.26~9.1 호우","F_AVR_HGT":72.46,"F_AREA":122.51,"ADM_CD":"1130510300","F_SAT_YMD":"20180826","F_END_YMD":"20180901","F_SAT_TM":"1","F_END_TM":"5","F_RSN_DTL":"침수(공공하수도역류)","F_ZONE_NM":"강북구 수유동596-2","INV_YR":"2018","F_YR":"2018","GU_NAM":"강북구","F_SHIM":0.45},"geometry":{"type":"Polygon","coordinates":[[[127.0055070997451,37.64647538643281],[127.00563028435043,37.64656362382714],[127.0056595053379,37.64653115161982],[127.00563162918932,37.64649907783751],[127.00558361655038,37.64644392173011],[127.00552885496107,37.646468267982996],[127.0055070997451,37.64647538643281]]]}},{"type":"Feature","properties":{"F_DISA_NM":"2018년 8.26~9.1 호우","F_AVR_HGT":48.76,"F_AREA":119.08,"ADM_CD":"1130510300","F_SAT_YMD":"20180826","F_END_YMD":"20180901","F_SAT_TM":"1","F_END_TM":"5","F_RSN_DTL":"침수(공공하수도역류)","F_ZONE_NM":"강북구 수유동472-684","INV_YR":"2018","F_YR":"2018","GU_NAM":"강북구","F_SHIM":0.45},"geometry":{"type":"Polygon","coordinates":[[[127.01673627756149,37.631488775808926],[127.01668377665194,37.63136045618073],[127.01648638333779,37.6314107199492],[127.01653909905588,37.631538372912644],[127.01673627756149,37.631488775808926]]]}},{"type":"Feature","properties":{"F_DISA_NM":"2018년 8.26~9.1 호우","F_AVR_HGT":32.14,"F_AREA":155.25,"ADM_CD":"1130510300","F_SAT_YMD":"20180826","F_END_YMD":"20180901","F_SAT_TM":"1","F_END_TM":"5","F_RSN_DTL":"침수(공공하수도역류)","F_ZONE_NM":"강북구 수유동723-3","INV_YR":"2018","F_YR":"2018","GU_NAM":"강북구","F_SHIM":0.45},"geometry":{"type":"Polygon","coordinates":[[[127.02453068927387,37.64690261540418],[127.02467178149466,37.64696691750681],[127.02471504517358,37.64689879520646],[127.02471674383064,37.64689555135805],[127.02458143226306,37.64683674413385],[127.02457826008566,37.64683845660866],[127.02456625302165,37.64685107262201],[127.02453068927387,37.64690261540418]]]}},{"type":"Feature","properties":{"F_DISA_NM":"2018년 8.26~9.1 호우","F_AVR_HGT":34.82,"F_AREA":207.73,"ADM_CD":"1130510300","F_SAT_YMD":"20180826","F_END_YMD":"20180901","F_SAT_TM":"1","F_END_TM":"5","F_RSN_DTL":"침수","F_ZONE_NM":"강북구 수유동710-11","INV_YR":"2018","F_YR":"2018","GU_NAM":"강북구","F_SHIM":0.45},"geometry":{"type":"Polygon","coordinates":[[[127.02169502449762,37.64837289670417],[127.02175596186974,37.64828008573841],[127.02166891856358,37.64821045518715],[127.02166268500842,37.64820550088323],[127.02165214944979,37.64821496292978],[127.02156514188245,37.64827768567554],[127.0216373366156,37.64833056068116],[127.02169502449762,37.64837289670417]]]}},{"type":"Feature","properties":{"F_DISA_NM":"2018년 8.26~9.1 호우","F_AVR_HGT":44.71,"F_AREA":261.13,"ADM_CD":"1130510300","F_SAT_YMD":"20180826","F_END_YMD":"20180901","F_SAT_TM":"1","F_END_TM":"5","F_RSN_DTL":"침수(공공하수도역류)","F_ZONE_NM":"강북구 수유동572-36","INV_YR":"2018","F_YR":"2018","GU_NAM":"강북구","F_SHIM":0.45},"geometry":{"type":"Polygon","coordinates":[[[127.01134940899,37.64829605242352],[127.01148258967501,37.64832384537482],[127.01151542002039,37.64818087571993],[127.01148380512245,37.64817659875743],[127.01136219516087,37.64815796776876],[127.01134188188031,37.64827239341952],[127.01135379143777,37.64827502327765],[127.01134940899,37.64829605242352]]]}},{"type":"Feature","properties":{"F_DISA_NM":"2018년 8.26~9.1 호우","F_AVR_HGT":34.54,"F_AREA":165.01,"ADM_CD":"1130510300","F_SAT_YMD":"20180826","F_END_YMD":"20180901","F_SAT_TM":"1","F_END_TM":"5","F_RSN_DTL":"침수","F_ZONE_NM":"강북구 수유동249-14","INV_YR":"2018","F_YR":"2018","GU_NAM":"강북구","F_SHIM":0.45},"geometry":{"type":"Polygon","coordinates":[[[127.02078565054418,37.644771972581],[127.02086404851678,37.644685700256794],[127.02091176765478,37.644662384159695],[127.02075779114749,37.64451994694478],[127.02072499480049,37.644587876913576],[127.02071535480268,37.644597491902545],[127.02066409626596,37.64464866669102],[127.02078565054418,37.644771972581]]]}},{"type":"Feature","properties":{"F_DISA_NM":"2018년 8.26~9.1 호우","F_AVR_HGT":35.45,"F_AREA":399.15,"ADM_CD":"1130510300","F_SAT_YMD":"20180826","F_END_YMD":"20180901","F_SAT_TM":"1","F_END_TM":"5","F_RSN_DTL":"침수(기타)","F_ZONE_NM":"강북구 수유동268-37","INV_YR":"2018","F_YR":"2018","GU_NAM":"강북구","F_SHIM":0.45},"geometry":{"type":"Polygon","coordinates":[[[127.01812136997668,37.645611483967805],[127.01810234153712,37.64559419690549],[127.0180168099956,37.64551647264628],[127.01799590304422,37.64550990744901],[127.01793730042334,37.64556486617139],[127.01804528261316,37.64566125557732],[127.01812136997668,37.645611483967805]]]}},{"type":"Feature","properties":{"F_DISA_NM":"2018년 8.26~9.1 호우","F_AVR_HGT":34.4,"F_AREA":191.84,"ADM_CD":"1130510300","F_SAT_YMD":"20180826","F_END_YMD":"20180901","F_SAT_TM":"1","F_END_TM":"5","F_RSN_DTL":"침수(공공하수도역류)","F_ZONE_NM":"강북구 수유동252-39","INV_YR":"2018","F_YR":"2018","GU_NAM":"강북구","F_SHIM":0.45},"geometry":{"type":"Polygon","coordinates":[[[127.0225847337761,37.645630025429895],[127.0226844978373,37.64557379565696],[127.02271350754958,37.645543058143204],[127.02269284473967,37.64551987071892],[127.02255113038974,37.645363216255966],[127.02240962227378,37.645455366237975],[127.02253819896491,37.64559422892469],[127.02255327328706,37.64560918244745],[127.02255659264368,37.64560705555128],[127.02258072171006,37.645626755601604],[127.0225847337761,37.645630025429895]]]}},{"type":"Feature","properties":{"F_DISA_NM":"2018년 8.26~9.1 호우","F_AVR_HGT":36.43,"F_AREA":203.47,"ADM_CD":"1130510300","F_SAT_YMD":"20180826","F_END_YMD":"20180901","F_SAT_TM":"1","F_END_TM":"5","F_RSN_DTL":"침수(기타)","F_ZONE_NM":"강북구 수유동324-5","INV_YR":"2018","F_YR":"2018","GU_NAM":"강북구","F_SHIM":0.45},"geometry":{"type":"Polygon","coordinates":[[[127.01753175444311,37.64560997072294],[127.01760822418653,37.64554554050508],[127.01762550070738,37.6455311765835],[127.01771029716937,37.64546065456087],[127.01759833865346,37.645417242803866],[127.01755381309846,37.64543959307919],[127.01749962337446,37.64546709823222],[127.01740947324878,37.64551286199135],[127.01753175444311,37.64560997072294]]]}},{"type":"Feature","properties":{"F_DISA_NM":"2018년 8.26~9.1 호우","F_AVR_HGT":38.45,"F_AREA":297.6,"ADM_CD":"1130510300","F_SAT_YMD":"20180826","F_END_YMD":"20180901","F_SAT_TM":"1","F_END_TM":"5","F_RSN_DTL":"침수","F_ZONE_NM":"강북구 수유동316-3","INV_YR":"2018","F_YR":"2018","GU_NAM":"강북구","F_SHIM":0.45},"geometry":{"type":"Polygon","coordinates":[[[127.0161549986902,37.64489162075402],[127.01619082763632,37.64489648157816],[127.01622399577143,37.64473862635475],[127.01610757177306,37.64473727132095],[127.01610628081141,37.644741091621256],[127.0160620143332,37.64487207204905],[127.01612782670867,37.64488793011712],[127.0161549986902,37.64489162075402]]]}},{"type":"Feature","properties":{"F_DISA_NM":"2018년 8.26~9.1 호우","F_AVR_HGT":34.61,"F_AREA":239.15,"ADM_CD":"1130510300","F_SAT_YMD":"20180826","F_END_YMD":"20180901","F_SAT_TM":"1","F_END_TM":"5","F_RSN_DTL":"침수","F_ZONE_NM":"강북구 수유동220-3","INV_YR":"2018","F_YR":"2018","GU_NAM":"강북구","F_SHIM":0.45},"geometry":{"type":"Polygon","coordinates":[[[127.02098368558005,37.64197556941845],[127.02106667537382,37.64191295581752],[127.02107693862564,37.64190516066576],[127.02095326308621,37.64179970371945],[127.02085881114124,37.641878221365296],[127.02098368558005,37.64197556941845]]]}},{"type":"Feature","properties":{"F_DISA_NM":"2018년 8.26~9.1 호우","F_AVR_HGT":32.62,"F_AREA":147.47,"ADM_CD":"1130510300","F_SAT_YMD":"20180826","F_END_YMD":"20180901","F_SAT_TM":"1","F_END_TM":"5","F_RSN_DTL":"침수(기타)","F_ZONE_NM":"강북구 수유동189-47","INV_YR":"2018","F_YR":"2018","GU_NAM":"강북구","F_SHIM":0.45},"geometry":{"type":"Polygon","coordinates":[[[127.02432846424185,37.6410878412314],[127.02441840632153,37.641023043555066],[127.0243351059293,37.640946746926524],[127.0242453904734,37.64101154449653],[127.02432846424185,37.6410878412314]]]}},{"type":"Feature","properties":{"F_DISA_NM":"2018년 8.26~9.1 호우","F_AVR_HGT":32.47,"F_AREA":101.67,"ADM_CD":"1130510300","F_SAT_YMD":"20180826","F_END_YMD":"20180901","F_SAT_TM":"1","F_END_TM":"5","F_RSN_DTL":"침수(공공하수도역류)","F_ZONE_NM":"강북구 수유동221-36","INV_YR":"2018","F_YR":"2018","GU_NAM":"강북구","F_SHIM":0.45},"geometry":{"type":"Polygon","coordinates":[[[127.02317057333819,37.6397252411958],[127.02321487461327,37.63972838647961],[127.02322278801388,37.6396678393465],[127.02323047661048,37.63961350899744],[127.0231704263928,37.63960928543726],[127.02310845000424,37.63960479190577],[127.02309341432165,37.63971966926848],[127.02311958722788,37.63972164663055],[127.02317057333819,37.6397252411958]]]}},{"type":"Feature","properties":{"F_DISA_NM":"2018년 8.26~9.1 호우","F_AVR_HGT":40.1,"F_AREA":120.72,"ADM_CD":"1130510300","F_SAT_YMD":"20180826","F_END_YMD":"20180901","F_SAT_TM":"1","F_END_TM":"5","F_RSN_DTL":"침수(공공하수도역류)","F_ZONE_NM":"강북구 수유동345-20","INV_YR":"2018","F_YR":"2018","GU_NAM":"강북구","F_SHIM":0.45},"geometry":{"type":"Polygon","coordinates":[[[127.01636920790399,37.64164879826844],[127.01638914870638,37.641646092826186],[127.01649994970269,37.64159922800489],[127.01648646440486,37.64158805760049],[127.01647116052254,37.64154823635411],[127.01644554575374,37.64150670455374],[127.01629912072774,37.64154503252927],[127.01633022234694,37.64160195236092],[127.01633385339159,37.641628891119254],[127.01636920790399,37.64164879826844]]]}},{"type":"Feature","properties":{"F_DISA_NM":"2018년 8.26~9.1 호우","F_AVR_HGT":31.25,"F_AREA":113.36,"ADM_CD":"1130510300","F_SAT_YMD":"20180826","F_END_YMD":"20180901","F_SAT_TM":"1","F_END_TM":"5","F_RSN_DTL":"침수(기타)","F_ZONE_NM":"강북구 수유동177-43","INV_YR":"2018","F_YR":"2018","GU_NAM":"강북구","F_SHIM":0.45},"geometry":{"type":"Polygon","coordinates":[[[127.02649932367122,37.64071601884923],[127.02652583039966,37.64069853427738],[127.02655856682901,37.64067546231911],[127.02657769893781,37.640661970629104],[127.02648670196606,37.64058087494076],[127.02640911994054,37.64063525629545],[127.02649932367122,37.64071601884923]]]}},{"type":"Feature","properties":{"F_DISA_NM":"2018년 8.26~9.1 호우","F_AVR_HGT":41.44,"F_AREA":131.53,"ADM_CD":"1130510300","F_SAT_YMD":"20180826","F_END_YMD":"20180901","F_SAT_TM":"1","F_END_TM":"5","F_RSN_DTL":"침수(기타)","F_ZONE_NM":"강북구 수유동310-35","INV_YR":"2018","F_YR":"2018","GU_NAM":"강북구","F_SHIM":0.45},"geometry":{"type":"Polygon","coordinates":[[[127.01556433033348,37.64329968476099],[127.01557682498891,37.64328402429633],[127.0153152172577,37.64318027165183],[127.01529400754796,37.64324739690236],[127.01556433033348,37.64329968476099]]]}},{"type":"Feature","properties":{"F_DISA_NM":"2018년 8.26~9.1 호우","F_AVR_HGT":43.3,"F_AREA":157.66,"ADM_CD":"1130510300","F_SAT_YMD":"20180826","F_END_YMD":"20180901","F_SAT_TM":"1","F_END_TM":"5","F_RSN_DTL":"침수(공공하수도역류)","F_ZONE_NM":"강북구 수유동310-33","INV_YR":"2018","F_YR":"2018","GU_NAM":"강북구","F_SHIM":0.45},"geometry":{"type":"Polygon","coordinates":[[[127.01557682498891,37.64328402429633],[127.0156002963507,37.64325461361495],[127.01559587140144,37.64322262946604],[127.01553785370513,37.64319443579827],[127.01555271506551,37.64317151318151],[127.01533117264059,37.643129770034356],[127.0153152172577,37.64318027165183],[127.01557682498891,37.64328402429633]]]}},{"type":"Feature","properties":{"F_DISA_NM":"2018년 8.26~9.1 호우","F_AVR_HGT":41.44,"F_AREA":93.02,"ADM_CD":"1130510300","F_SAT_YMD":"20180826","F_END_YMD":"20180901","F_SAT_TM":"1","F_END_TM":"5","F_RSN_DTL":"침수","F_ZONE_NM":"강북구 수유동313-49","INV_YR":"2018","F_YR":"2018","GU_NAM":"강북구","F_SHIM":0.45},"geometry":{"type":"Polygon","coordinates":[[[127.015565763068,37.64410911308442],[127.01587034256822,37.644047368542815],[127.01587638690215,37.644014914627206],[127.01580903056819,37.643979154028244],[127.01568711097526,37.643970339157576],[127.01556870910672,37.64398909362916],[127.01554072929446,37.64402594690387],[127.015565763068,37.64410911308442]]]}},{"type":"Feature","properties":{"F_DISA_NM":"2018년 8.26~9.1 호우","F_AVR_HGT":33.64,"F_AREA":159.26,"ADM_CD":"1130510300","F_SAT_YMD":"20180826","F_END_YMD":"20180901","F_SAT_TM":"1","F_END_TM":"5","F_RSN_DTL":"침수(공공하수도역류)","F_ZONE_NM":"강북구 수유동29-16","INV_YR":"2018","F_YR":"2018","GU_NAM":"강북구","F_SHIM":0.45},"geometry":{"type":"Polygon","coordinates":[[[127.02149072616588,37.639504527715324],[127.0215057630663,37.639385145665194],[127.02151017219366,37.6393494662132],[127.02151311170613,37.63932604030259],[127.02140536167883,37.63931794971346],[127.02137952885808,37.63931597191376],[127.02137365029957,37.63936489597616],[127.02137014580157,37.63939417833125],[127.02148605384812,37.63940352894071],[127.02147475060282,37.63950344924524],[127.02149072616588,37.639504527715324]]]}},{"type":"Feature","properties":{"F_DISA_NM":"2018년 8.26~9.1 호우","F_AVR_HGT":32.47,"F_AREA":183.9,"ADM_CD":"1130510300","F_SAT_YMD":"20180826","F_END_YMD":"20180901","F_SAT_TM":"1","F_END_TM":"5","F_RSN_DTL":"침수(공공하수도역류)","F_ZONE_NM":"강북구 수유동222-72","INV_YR":"2018","F_YR":"2018","GU_NAM":"강북구","F_SHIM":0.45},"geometry":{"type":"Polygon","coordinates":[[[127.02368431133824,37.63946197032634],[127.02378639675094,37.63946978960993],[127.02379724611782,37.639377977965964],[127.02369810678013,37.6393706987244],[127.02368431133824,37.63946197032634]]]}},{"type":"Feature","properties":{"F_DISA_NM":"2018년 8.26~9.1 호우","F_AVR_HGT":32.47,"F_AREA":138.15,"ADM_CD":"1130510300","F_SAT_YMD":"20180826","F_END_YMD":"20180901","F_SAT_TM":"1","F_END_TM":"5","F_RSN_DTL":"침수(공공하수도역류)","F_ZONE_NM":"강북구 수유동222-73","INV_YR":"2018","F_YR":"2018","GU_NAM":"강북구","F_SHIM":0.45},"geometry":{"type":"Polygon","coordinates":[[[127.02357146252513,37.63945433316188],[127.02368431133824,37.63946197032634],[127.02369810678013,37.6393706987244],[127.02358197228207,37.63936261169863],[127.02357146252513,37.63945433316188]]]}},{"type":"Feature","properties":{"F_DISA_NM":"2018년 8.26~9.1 호우","F_AVR_HGT":32.47,"F_AREA":94.71,"ADM_CD":"1130510300","F_SAT_YMD":"20180826","F_END_YMD":"20180901","F_SAT_TM":"1","F_END_TM":"5","F_RSN_DTL":"침수(기타)","F_ZONE_NM":"강북구 수유동222-68","INV_YR":"2018","F_YR":"2018","GU_NAM":"강북구","F_SHIM":0.45},"geometry":{"type":"Polygon","coordinates":[[[127.02371962657587,37.63934672867881],[127.0238278298775,37.639354096286866],[127.023842644226,37.63926084232341],[127.02382213678442,37.63926003532157],[127.02376084076573,37.63925662317672],[127.02373614116658,37.639255546656784],[127.02371962657587,37.63934672867881]]]}},{"type":"Feature","properties":{"F_DISA_NM":"2018년 8.26~9.1 호우","F_AVR_HGT":31.98,"F_AREA":119.93,"ADM_CD":"1130510300","F_SAT_YMD":"20180826","F_END_YMD":"20180901","F_SAT_TM":"1","F_END_TM":"5","F_RSN_DTL":"기타","F_ZONE_NM":"강북구 수유동171-56","INV_YR":"2018","F_YR":"2018","GU_NAM":"강북구","F_SHIM":0.45},"geometry":{"type":"Polygon","coordinates":[[[127.02656710427527,37.64281915515314],[127.02661468370354,37.64279355730061],[127.02663824673519,37.642780578219984],[127.02657216678001,37.642711307146755],[127.0265015900309,37.64274736118552],[127.02656710427527,37.64281915515314]]]}},{"type":"Feature","properties":{"F_DISA_NM":"2018년 8.26~9.1 호우","F_AVR_HGT":32.6,"F_AREA":74.09,"ADM_CD":"1130510300","F_SAT_YMD":"20180826","F_END_YMD":"20180901","F_SAT_TM":"1","F_END_TM":"5","F_RSN_DTL":"침수","F_ZONE_NM":"강북구 수유동10-37","INV_YR":"2018","F_YR":"2018","GU_NAM":"강북구","F_SHIM":0.45},"geometry":{"type":"Polygon","coordinates":[[[127.02193566953395,37.6387310525365],[127.02209667000713,37.63874228678964],[127.02209700905838,37.638739223407015],[127.02210763317979,37.6386451595023],[127.02194697310597,37.63863500637796],[127.02193566953395,37.6387310525365]]]}},{"type":"Feature","properties":{"F_DISA_NM":"2018년 8.26~9.1 호우","F_AVR_HGT":33.72,"F_AREA":216.84,"ADM_CD":"1130510300","F_SAT_YMD":"20180826","F_END_YMD":"20180901","F_SAT_TM":"1","F_END_TM":"5","F_RSN_DTL":"침수(기타)","F_ZONE_NM":"강북구 수유동23-5","INV_YR":"2018","F_YR":"2018","GU_NAM":"강북구","F_SHIM":0.45},"geometry":{"type":"Polygon","coordinates":[[[127.02173941248584,37.6386432410221],[127.02187661958307,37.63865276779307],[127.02189074908692,37.638532574953345],[127.02175354181804,37.638521606634555],[127.02174323145096,37.638520797522276],[127.02173543087957,37.63858359699258],[127.02172910217533,37.63864270220182],[127.02173941248584,37.6386432410221]]]}},{"type":"Feature","properties":{"F_DISA_NM":"2018년 8.26~9.1 호우","F_AVR_HGT":38.5,"F_AREA":178.21,"ADM_CD":"1130510300","F_SAT_YMD":"20180826","F_END_YMD":"20180901","F_SAT_TM":"1","F_END_TM":"5","F_RSN_DTL":"침수(기타)","F_ZONE_NM":"강북구 수유동125-10","INV_YR":"2018","F_YR":"2018","GU_NAM":"강북구","F_SHIM":0.45},"geometry":{"type":"Polygon","coordinates":[[[127.01888042988655,37.636271512096435],[127.01890280918172,37.636286753347605],[127.01895132353042,37.63624449032831],[127.01900479879598,37.63619650534416],[127.01899589289896,37.636192551370506],[127.01895446506269,37.6361614737612],[127.01886058441309,37.63609281505867],[127.01874903275167,37.636183343638706],[127.0188282721515,37.63623664290444],[127.01888042988655,37.636271512096435]]]}},{"type":"Feature","properties":{"F_DISA_NM":"2018년 8.26~9.1 호우","F_AVR_HGT":32.82,"F_AREA":231.34,"ADM_CD":"1130510300","F_SAT_YMD":"20180826","F_END_YMD":"20180901","F_SAT_TM":"1","F_END_TM":"5","F_RSN_DTL":"침수(기타)","F_ZONE_NM":"강북구 수유동30-66","INV_YR":"2018","F_YR":"2018","GU_NAM":"강북구","F_SHIM":0.45},"geometry":{"type":"Polygon","coordinates":[[[127.02200843690154,37.63925162470031],[127.02212389128518,37.63925980349151],[127.02213394730724,37.63915979324089],[127.0220855676657,37.63915673835954],[127.02201871984911,37.63915224510415],[127.02200843690154,37.63925162470031]]]}},{"type":"Feature","properties":{"F_DISA_NM":"2018년 8.26~9.1 호우","F_AVR_HGT":32.93,"F_AREA":147.06,"ADM_CD":"1130510300","F_SAT_YMD":"20180826","F_END_YMD":"20180901","F_SAT_TM":"1","F_END_TM":"5","F_RSN_DTL":"침수(기타)","F_ZONE_NM":"강북구 수유동10-16","INV_YR":"2018","F_YR":"2018","GU_NAM":"강북구","F_SHIM":0.45},"geometry":{"type":"Polygon","coordinates":[[[127.0221535048431,37.63818394108298],[127.02216774897987,37.63807050551249],[127.02215041404287,37.63806906698033],[127.02201128177616,37.638059000274474],[127.02199862325136,37.63817126428029],[127.0221535048431,37.63818394108298]]]}},{"type":"Feature","properties":{"F_DISA_NM":"2018년 8.26~9.1 호우","F_AVR_HGT":76.43,"F_AREA":301.86,"ADM_CD":"1130510400","F_SAT_YMD":"20180826","F_END_YMD":"20180901","F_SAT_TM":"1","F_END_TM":"5","F_RSN_DTL":"침수","F_ZONE_NM":"강북구 우이동154-28","INV_YR":"2018","F_YR":"2018","GU_NAM":"강북구","F_SHIM":0.45},"geometry":{"type":"Polygon","coordinates":[[[127.01005259184389,37.66172856439846],[127.01011674004542,37.66174063279343],[127.01021318864431,37.661755221505324],[127.01025408557885,37.6616143061553],[127.01023311799221,37.6616065593292],[127.01023413745585,37.66160196428658],[127.01005948667246,37.66156683906997],[127.01002640660553,37.661683157200876],[127.01004565445218,37.66171652788769],[127.01005259184389,37.66172856439846]]]}},{"type":"Feature","properties":{"F_DISA_NM":"2018년 8.26~9.1 호우","F_AVR_HGT":54.19,"F_AREA":123.29,"ADM_CD":"1130510400","F_SAT_YMD":"20180826","F_END_YMD":"20180901","F_SAT_TM":"1","F_END_TM":"5","F_RSN_DTL":"침수","F_ZONE_NM":"강북구 우이동30-19","INV_YR":"2018","F_YR":"2018","GU_NAM":"강북구","F_SHIM":0.45},"geometry":{"type":"Polygon","coordinates":[[[127.01262822588029,37.658785678211004],[127.01263863349983,37.65866053188227],[127.01247453490203,37.658671989607086],[127.01245119221772,37.658692984476346],[127.01247930598528,37.65874866208825],[127.01247534480241,37.6587849717254],[127.01262777359723,37.65879261575661],[127.01262822588029,37.658785678211004]]]}},{"type":"Feature","properties":{"F_DISA_NM":"2018년 8.26~9.1 호우","F_AVR_HGT":47.17,"F_AREA":196.67,"ADM_CD":"1130510400","F_SAT_YMD":"20180826","F_END_YMD":"20180901","F_SAT_TM":"1","F_END_TM":"5","F_RSN_DTL":"침수(공공하수도역류)","F_ZONE_NM":"강북구 우이동100-11","INV_YR":"2018","F_YR":"2018","GU_NAM":"강북구","F_SHIM":0.45},"geometry":{"type":"Polygon","coordinates":[[[127.01257075928974,37.65490275285629],[127.01258390516975,37.654905364451906],[127.01262696741438,37.654901486213646],[127.01263217942284,37.6548957194828],[127.01266594907665,37.65489130152007],[127.01264349521483,37.65478489848806],[127.01256337735238,37.654795177129174],[127.01256542028949,37.654816259753744],[127.01257075928974,37.65490275285629]]]}},{"type":"Feature","properties":{"F_DISA_NM":"2018년 8.26~9.1 호우","F_AVR_HGT":46.12,"F_AREA":95.64,"ADM_CD":"1130510400","F_SAT_YMD":"20180826","F_END_YMD":"20180901","F_SAT_TM":"1","F_END_TM":"5","F_RSN_DTL":"침수(공공하수도역류)","F_ZONE_NM":"강북구 우이동100-35","INV_YR":"2018","F_YR":"2018","GU_NAM":"강북구","F_SHIM":0.45},"geometry":{"type":"Polygon","coordinates":[[[127.01198637719634,37.654278430418195],[127.01211918849826,37.65426160636711],[127.0121625787984,37.65425610651323],[127.01215917673595,37.654239312643824],[127.01214325511368,37.654160785086255],[127.01211917458586,37.654163706411246],[127.01196392612894,37.65418373992213],[127.01198637719634,37.654278430418195]]]}},{"type":"Feature","properties":{"F_DISA_NM":"2018년 8.26~9.1 호우","F_AVR_HGT":54.58,"F_AREA":236.6,"ADM_CD":"1130510400","F_SAT_YMD":"20180826","F_END_YMD":"20180901","F_SAT_TM":"1","F_END_TM":"5","F_RSN_DTL":"침수","F_ZONE_NM":"강북구 우이동115-55","INV_YR":"2018","F_YR":"2018","GU_NAM":"강북구","F_SHIM":0.45},"geometry":{"type":"Polygon","coordinates":[[[127.01134825973904,37.65823582794726],[127.01142274991517,37.65823205564567],[127.0114443115239,37.65819627613632],[127.01143909750321,37.65818933907101],[127.0113571464498,37.6580774448961],[127.01130636656332,37.65800942554124],[127.01128970677887,37.65800501214655],[127.01128234172566,37.658014653183734],[127.01123916978045,37.65806069654654],[127.01122681883444,37.65807458158081],[127.01129537169518,37.65816663749821],[127.01134283037828,37.65822871971052],[127.01134825973904,37.65823582794726]]]}},{"type":"Feature","properties":{"F_DISA_NM":"2018년 8.26~9.1 호우","F_AVR_HGT":60.34,"F_AREA":72.5,"ADM_CD":"1130510400","F_SAT_YMD":"20180826","F_END_YMD":"20180901","F_SAT_TM":"1","F_END_TM":"5","F_RSN_DTL":"침수(공공하수도역류)","F_ZONE_NM":"강북구 우이동108-2","INV_YR":"2018","F_YR":"2018","GU_NAM":"강북구","F_SHIM":0.45},"geometry":{"type":"Polygon","coordinates":[[[127.01067134281624,37.65762367918939],[127.01072166081391,37.6576289910263],[127.01073513848635,37.657561957463884],[127.01074986230951,37.65749150009812],[127.01071053719046,37.65748663790469],[127.01069161281045,37.6574968203904],[127.01067134281624,37.65762367918939]]]}},{"type":"Feature","properties":{"F_DISA_NM":"2018년 8.26~9.1 호우","F_AVR_HGT":26.67,"F_AREA":91.4,"ADM_CD":"1130510200","F_SAT_YMD":"20180826","F_END_YMD":"20180901","F_SAT_TM":"1","F_END_TM":"5","F_RSN_DTL":"침수","F_ZONE_NM":"강북구 번동316-2","INV_YR":"2018","F_YR":"2018","GU_NAM":"강북구","F_SHIM":0.45},"geometry":{"type":"Polygon","coordinates":[[[127.03868222861709,37.62974396212676],[127.03865785765859,37.62955507056987],[127.03862221948064,37.62955746937449],[127.03859310639629,37.629559658893406],[127.03850337286133,37.62955822746498],[127.03848570058216,37.62955850329595],[127.0384621497767,37.62956070004976],[127.03846073378035,37.62956082663011],[127.03847399299902,37.62973090926943],[127.03851390667121,37.62973771717325],[127.03857697723673,37.629747409935916],[127.03859672322601,37.62974824164372],[127.03861023854584,37.629749084316565],[127.03863968242554,37.629751309485805],[127.03865527998938,37.62974772769231],[127.03868222861709,37.62974396212676]]]}},{"type":"Feature","properties":{"F_DISA_NM":"2018년 8.26~9.1 호우","F_AVR_HGT":34.4,"F_AREA":177.84,"ADM_CD":"1130510300","F_SAT_YMD":"20180826","F_END_YMD":"20180901","F_SAT_TM":"1","F_END_TM":"5","F_RSN_DTL":"침수","F_ZONE_NM":"강북구 수유동31-9","INV_YR":"2018","F_YR":"2018","GU_NAM":"강북구","F_SHIM":0.45},"geometry":{"type":"Polygon","coordinates":[[[127.0215435615463,37.64006708901113],[127.02155576809197,37.63995563604673],[127.02141980499297,37.639946288890634],[127.02140917921943,37.64003810026968],[127.02142867240796,37.64005863926476],[127.0215435615463,37.64006708901113]]]}},{"type":"Feature","properties":{"F_DISA_NM":"2018년 8.26~9.1 호우","F_AVR_HGT":59.88,"F_AREA":1711.27,"ADM_CD":"1130510400","F_SAT_YMD":"20180826","F_END_YMD":"20180901","F_SAT_TM":"1","F_END_TM":"5","F_RSN_DTL":"침수(공공하수도역류)","F_ZONE_NM":"강북구 우이동124-17","INV_YR":"2018","F_YR":"2018","GU_NAM":"강북구","F_SHIM":0.45},"geometry":{"type":"Polygon","coordinates":[[[127.01061870057364,37.65900316530934],[127.01066118915327,37.65892189413493],[127.01065574584713,37.658893333667926],[127.01062626035547,37.65873052986983],[127.01058920024009,37.65871800917953],[127.01057548675165,37.658712424191265],[127.01032877277235,37.658740012684866],[127.00974758737472,37.658431290695525],[127.00963549907156,37.65837300540883],[127.00961589555178,37.6583942697533],[127.00965046949158,37.65847445410452],[127.00970861604647,37.65855607837014],[127.00978364645677,37.658617159207374],[127.00981979976582,37.658629770312196],[127.00984665578207,37.658603550063674],[127.010003063493,37.65872589125193],[127.01011764990533,37.65881931400619],[127.01023812636879,37.65888399512909],[127.01034363441936,37.65887137364474],[127.01045368310434,37.65892136944355],[127.01055432304302,37.65895028305915],[127.01061870057364,37.65900316530934]]]}},{"type":"Feature","properties":{"F_DISA_NM":"2018년 8.26~9.1 호우","F_AVR_HGT":34.38,"F_AREA":367.98,"ADM_CD":"1130510300","F_SAT_YMD":"20180826","F_END_YMD":"20180901","F_SAT_TM":"1","F_END_TM":"5","F_RSN_DTL":"침수(기타)","F_ZONE_NM":"강북구 수유동31-63","INV_YR":"2018","F_YR":"2018","GU_NAM":"강북구","F_SHIM":0.45},"geometry":{"type":"Polygon","coordinates":[[[127.02063378867634,37.63974793352532],[127.02072737646141,37.63975503604952],[127.02073427369056,37.63970034560162],[127.02071920449738,37.63969926688161],[127.02072225648223,37.639671606380205],[127.02058085504987,37.639660096796064],[127.02057056588485,37.639742898276374],[127.0206146405531,37.63974640496401],[127.02063378867634,37.63974793352532]]]}},{"type":"Feature","properties":{"F_DISA_NM":"2018년 8.26~9.1 호우","F_AVR_HGT":42.75,"F_AREA":266.69,"ADM_CD":"1130510300","F_SAT_YMD":"20180826","F_END_YMD":"20180901","F_SAT_TM":"1","F_END_TM":"5","F_RSN_DTL":"침수(공공하수도역류)","F_ZONE_NM":"강북구 수유동449-10","INV_YR":"2018","F_YR":"2018","GU_NAM":"강북구","F_SHIM":0.45},"geometry":{"type":"Polygon","coordinates":[[[127.01630052568517,37.635195798432704],[127.01639680572342,37.63515607122139],[127.0163438586793,37.63507324196157],[127.01622800074362,37.63510830450567],[127.01626368557397,37.63515294351536],[127.01630052568517,37.635195798432704]]]}},{"type":"Feature","properties":{"F_DISA_NM":"2019년 9.10.~ 호우","F_AVR_HGT":52.39,"F_AREA":142.98,"ADM_CD":"1130510300","F_SAT_YMD":"20190910","F_END_YMD":"20190910","F_SAT_TM":"1","F_END_TM":"5","F_RSN_DTL":"침수","F_ZONE_NM":"강북구 수유동605-428","INV_YR":"2018","F_YR":"2018","GU_NAM":"강북구","F_SHIM":0.45},"geometry":{"type":"Polygon","coordinates":[[[127.01676747568557,37.629375048529575],[127.01690144515045,37.629261615913116],[127.01687880796169,37.62924707706105],[127.01680094893158,37.629197767579974],[127.01679997456046,37.629197146030684],[127.01677229580247,37.629180337343655],[127.0166564666863,37.62925555697195],[127.01676747568557,37.629375048529575]]]}},{"type":"Feature","properties":{"F_DISA_NM":"2018년 8.26~9.1 호우","F_AVR_HGT":46.02,"F_AREA":213.25,"ADM_CD":"1130510400","F_SAT_YMD":"20180826","F_END_YMD":"20180901","F_SAT_TM":"1","F_END_TM":"5","F_RSN_DTL":"침수(공공하수도역류)","F_ZONE_NM":"강북구 우이동101-6","INV_YR":"2018","F_YR":"2018","GU_NAM":"강북구","F_SHIM":0.45},"geometry":{"type":"Polygon","coordinates":[[[127.01169869932345,37.654625421091716],[127.01184295700223,37.65460928110566],[127.01181630765741,37.65447530844052],[127.01181279269349,37.65446107334081],[127.01166898883032,37.6544790152015],[127.01169869932345,37.654625421091716]]]}},{"type":"Feature","properties":{"F_DISA_NM":"2018년 8.26~9.1 호우","F_AVR_HGT":46.12,"F_AREA":138.3,"ADM_CD":"1130510400","F_SAT_YMD":"20180826","F_END_YMD":"20180901","F_SAT_TM":"1","F_END_TM":"5","F_RSN_DTL":"침수(공공하수도역류)","F_ZONE_NM":"강북구 우이동101-5","INV_YR":"2018","F_YR":"2018","GU_NAM":"강북구","F_SHIM":0.45},"geometry":{"type":"Polygon","coordinates":[[[127.01181279269349,37.65446107334081],[127.01181630765741,37.65447530844052],[127.01195693851007,37.65445781716847],[127.0119290433743,37.654330331656276],[127.01179056610381,37.654349444463186],[127.01181279269349,37.65446107334081]]]}},{"type":"Feature","properties":{"F_DISA_NM":"2018년 8.26~9.1 호우","F_AVR_HGT":46.12,"F_AREA":170.19,"ADM_CD":"1130510400","F_SAT_YMD":"20180826","F_END_YMD":"20180901","F_SAT_TM":"1","F_END_TM":"5","F_RSN_DTL":"침수(공공하수도역류)","F_ZONE_NM":"강북구 우이동100-40","INV_YR":"2018","F_YR":"2018","GU_NAM":"강북구","F_SHIM":0.45},"geometry":{"type":"Polygon","coordinates":[[[127.01255935362245,37.654407217642586],[127.01255232200607,37.654369197151105],[127.0125395080422,37.65431144584427],[127.01239717789865,37.654329838942914],[127.01241713678147,37.65442669192457],[127.01255935362245,37.654407217642586]]]}},{"type":"Feature","properties":{"F_DISA_NM":"2018년 8.26~9.1 호우","F_AVR_HGT":33.6,"F_AREA":497.84,"ADM_CD":"1130510300","F_SAT_YMD":"20180826","F_END_YMD":"20180901","F_SAT_TM":"1","F_END_TM":"5","F_RSN_DTL":"침수","F_ZONE_NM":"강북구 수유동1-7","INV_YR":"2018","F_YR":"2018","GU_NAM":"강북구","F_SHIM":0.45},"geometry":{"type":"Polygon","coordinates":[[[127.02193488951455,37.63753644648256],[127.02210213481469,37.6376059729059],[127.02215842016567,37.63752199195515],[127.02198958830394,37.63745048373486],[127.02193488951455,37.63753644648256]]]}},{"type":"Feature","properties":{"F_DISA_NM":"2018년 8.26~9.1 호우","F_AVR_HGT":33.6,"F_AREA":514.14,"ADM_CD":"1130510300","F_SAT_YMD":"20180826","F_END_YMD":"20180901","F_SAT_TM":"1","F_END_TM":"5","F_RSN_DTL":"침수(기타)","F_ZONE_NM":"강북구 수유동1-37","INV_YR":"2018","F_YR":"2018","GU_NAM":"강북구","F_SHIM":0.45},"geometry":{"type":"Polygon","coordinates":[[[127.02200772441243,37.637069276911426],[127.0220145229465,37.63707206876185],[127.02207420583122,37.63698430314685],[127.0220115460246,37.636958365885086],[127.02196304980514,37.63693810229693],[127.02190415984978,37.63702568752386],[127.02200772441243,37.637069276911426]]]}},{"type":"Feature","properties":{"F_DISA_NM":"2018년 8.26~9.1 호우","F_AVR_HGT":72.07,"F_AREA":154.6,"ADM_CD":"1130510400","F_SAT_YMD":"20180826","F_END_YMD":"20180901","F_SAT_TM":"1","F_END_TM":"5","F_RSN_DTL":"침수(기타)","F_ZONE_NM":"강북구 우이동164-8","INV_YR":"2018","F_YR":"2018","GU_NAM":"강북구","F_SHIM":0.45},"geometry":{"type":"Polygon","coordinates":[[[127.01107758847391,37.6617884005932],[127.0111592845148,37.66165270726746],[127.0110229444991,37.661653889593126],[127.01096390987816,37.66174957776885],[127.01107758847391,37.6617884005932]]]}},{"type":"Feature","properties":{"F_DISA_NM":"2018년 8.26~9.1 호우","F_AVR_HGT":35.6,"F_AREA":282.14,"ADM_CD":"1130510300","F_SAT_YMD":"20180826","F_END_YMD":"20180901","F_SAT_TM":"1","F_END_TM":"5","F_RSN_DTL":"침수(공공하수도역류)","F_ZONE_NM":"강북구 수유동266-11","INV_YR":"2018","F_YR":"2018","GU_NAM":"강북구","F_SHIM":0.45},"geometry":{"type":"Polygon","coordinates":[[[127.01800361795735,37.645811147843354],[127.01804854278232,37.645851676487645],[127.01808466174208,37.64588425973917],[127.0182091586463,37.645799703579435],[127.01812602966218,37.64572533970436],[127.01809724226058,37.64574551661444],[127.01800361795735,37.645811147843354]]]}},{"type":"Feature","properties":{"F_DISA_NM":"2018년 8.26~9.1 호우","F_AVR_HGT":34.4,"F_AREA":103.22,"ADM_CD":"1130510300","F_SAT_YMD":"20180826","F_END_YMD":"20180901","F_SAT_TM":"1","F_END_TM":"5","F_RSN_DTL":"침수(기타)","F_ZONE_NM":"강북구 수유동252-106","INV_YR":"2018","F_YR":"2018","GU_NAM":"강북구","F_SHIM":0.45},"geometry":{"type":"Polygon","coordinates":[[[127.02243523549124,37.645191772020205],[127.02259741985189,37.64509257267536],[127.02250051102122,37.6449850854274],[127.02234837404853,37.645072957592774],[127.02233534844909,37.645090348738236],[127.02234385084677,37.64510566383881],[127.02243523549124,37.645191772020205]]]}},{"type":"Feature","properties":{"F_DISA_NM":"2018년 8.26~9.1 호우","F_AVR_HGT":32.47,"F_AREA":73.08,"ADM_CD":"1130510300","F_SAT_YMD":"20180826","F_END_YMD":"20180901","F_SAT_TM":"1","F_END_TM":"5","F_RSN_DTL":"침수","F_ZONE_NM":"강북구 수유동222-12","INV_YR":"2018","F_YR":"2018","GU_NAM":"강북구","F_SHIM":0.45},"geometry":{"type":"Polygon","coordinates":[[[127.02387955388473,37.639552301521874],[127.02388147525765,37.63953653405376],[127.02388916190262,37.63947733838309],[127.02378639675094,37.63946978960993],[127.02368431133824,37.63946197032634],[127.02357146252513,37.63945433316188],[127.02356343996303,37.639527854415135],[127.02369067853098,37.63953738093682],[127.02381281874456,37.63954726867554],[127.02387955388473,37.639552301521874]]]}},{"type":"Feature","properties":{"F_DISA_NM":"2018년 8.26~9.1 호우","F_AVR_HGT":72.42,"F_AREA":94.71,"ADM_CD":"1130510100","F_SAT_YMD":"20180826","F_END_YMD":"20180901","F_SAT_TM":"1","F_END_TM":"5","F_RSN_DTL":"침수(기타)","F_ZONE_NM":"강북구 미아동791-1382","INV_YR":"2018","F_YR":"2018","GU_NAM":"강북구","F_SHIM":0.45},"geometry":{"type":"Polygon","coordinates":[[[127.01425410849741,37.62576234773709],[127.01419360616897,37.62576213801497],[127.01411781935622,37.625743243579514],[127.01407129175455,37.62585453752464],[127.01406275388618,37.62587463027492],[127.01405320738853,37.62589210128138],[127.01419454323687,37.62594376636947],[127.01422353313852,37.62588745203495],[127.01424081379474,37.62585375354071],[127.01424299746942,37.6258384276442],[127.01425410849741,37.62576234773709]]]}},{"type":"Feature","properties":{"F_DISA_NM":"2018년 8.26~9.1 호우","F_AVR_HGT":55.16,"F_AREA":253.95,"ADM_CD":"1130510100","F_SAT_YMD":"20180826","F_END_YMD":"20180901","F_SAT_TM":"1","F_END_TM":"5","F_RSN_DTL":"침수(기타)","F_ZONE_NM":"강북구 미아동791-1616","INV_YR":"2018","F_YR":"2018","GU_NAM":"강북구","F_SHIM":0.45},"geometry":{"type":"Polygon","coordinates":[[[127.01593903347629,37.6254814897659],[127.01593403647703,37.625474156402824],[127.01582748223369,37.6254508610284],[127.01582304429081,37.62546429517142],[127.01585234326,37.62549110476802],[127.01581744140658,37.625487279838566],[127.01584538121266,37.62551499058101],[127.01583438317351,37.62552183035023],[127.0158477197712,37.62554114573306],[127.01584941926183,37.62554276728988],[127.01584401269102,37.62558523111154],[127.01579278843303,37.62558714739454],[127.01582620713215,37.625654005038456],[127.01591911842895,37.625595421059785],[127.0159254618156,37.625594276041646],[127.01593371435521,37.625565903188594],[127.0159159048164,37.62555484133381],[127.01593793323538,37.6255326925676],[127.0159376144353,37.62552430448705],[127.01593448268716,37.625497068258106],[127.01593903347629,37.6254814897659]]]}},{"type":"Feature","properties":{"F_DISA_NM":"2018년 8.26~9.1 호우","F_AVR_HGT":37.84,"F_AREA":122,"ADM_CD":"1130510300","F_SAT_YMD":"20180826","F_END_YMD":"20180901","F_SAT_TM":"1","F_END_TM":"5","F_RSN_DTL":"침수","F_ZONE_NM":"강북구 수유동130-84","INV_YR":"2018","F_YR":"2018","GU_NAM":"강북구","F_SHIM":0.45},"geometry":{"type":"Polygon","coordinates":[[[127.01926552437058,37.636674029735936],[127.01929591398668,37.63654711342488],[127.0192173408685,37.63653527737655],[127.01918628267373,37.636662166738354],[127.01926552437058,37.636674029735936]]]}},{"type":"Feature","properties":{"F_DISA_NM":"2018년 8.26~9.1 호우","F_AVR_HGT":37.84,"F_AREA":176.65,"ADM_CD":"1130510300","F_SAT_YMD":"20180826","F_END_YMD":"20180901","F_SAT_TM":"1","F_END_TM":"5","F_RSN_DTL":"침수(공공하수도역류)","F_ZONE_NM":"강북구 수유동130-181","INV_YR":"2018","F_YR":"2018","GU_NAM":"강북구","F_SHIM":0.45},"geometry":{"type":"Polygon","coordinates":[[[127.01929591398668,37.63654711342488],[127.01926552437058,37.636674029735936],[127.01934609169994,37.636686099704924],[127.01937330881506,37.636558769403656],[127.01929591398668,37.63654711342488]]]}},{"type":"Feature","properties":{"F_DISA_NM":"2018년 8.26~9.1 호우","F_AVR_HGT":46.07,"F_AREA":305.42,"ADM_CD":"1130510300","F_SAT_YMD":"20180826","F_END_YMD":"20180901","F_SAT_TM":"1","F_END_TM":"5","F_RSN_DTL":"침수","F_ZONE_NM":"강북구 수유동391-289","INV_YR":"2018","F_YR":"2018","GU_NAM":"강북구","F_SHIM":0.45},"geometry":{"type":"Polygon","coordinates":[[[127.01548648546509,37.639434107639154],[127.01558017939645,37.639468063360546],[127.01564511450852,37.63936429003825],[127.0156047204154,37.639349545866345],[127.01554816870977,37.639328893190644],[127.01548648546509,37.639434107639154]]]}},{"type":"Feature","properties":{"F_DISA_NM":"2018년 8.26~9.1 호우","F_AVR_HGT":44.38,"F_AREA":182.86,"ADM_CD":"1130510300","F_SAT_YMD":"20180826","F_END_YMD":"20180901","F_SAT_TM":"1","F_END_TM":"5","F_RSN_DTL":"침수(공공하수도역류)","F_ZONE_NM":"강북구 수유동409-88","INV_YR":"2018","F_YR":"2018","GU_NAM":"강북구","F_SHIM":0.45},"geometry":{"type":"Polygon","coordinates":[[[127.01567394066193,37.637586684914965],[127.01583277723547,37.63755700557123],[127.0158245023369,37.63753495064076],[127.01578778047018,37.637463327359605],[127.01568248556903,37.6374795125934],[127.01564525734206,37.63748523826388],[127.01567394066193,37.637586684914965]]]}},{"type":"Feature","properties":{"F_DISA_NM":"2018년 8.26~9.1 호우","F_AVR_HGT":33.38,"F_AREA":92.54,"ADM_CD":"1130510100","F_SAT_YMD":"20180826","F_END_YMD":"20180901","F_SAT_TM":"1","F_END_TM":"5","F_RSN_DTL":"침수(공공하수도역류)","F_ZONE_NM":"강북구 미아동860-169","INV_YR":"2018","F_YR":"2018","GU_NAM":"강북구","F_SHIM":0.45},"geometry":{"type":"Polygon","coordinates":[[[127.03036516868872,37.61623231224385],[127.03053994635522,37.616288589715495],[127.03058817723715,37.61620854370839],[127.03044337486412,37.61613693327882],[127.0304390048108,37.6161419708333],[127.03040841443497,37.61617726974942],[127.03036516868872,37.61623231224385]]]}},{"type":"Feature","properties":{"F_DISA_NM":"2018년 8.26~9.1 호우","F_AVR_HGT":45.97,"F_AREA":253.95,"ADM_CD":"1130510100","F_SAT_YMD":"20180826","F_END_YMD":"20180901","F_SAT_TM":"1","F_END_TM":"5","F_RSN_DTL":"침수(기타)","F_ZONE_NM":"강북구 미아동734-293","INV_YR":"2018","F_YR":"2018","GU_NAM":"강북구","F_SHIM":0.45},"geometry":{"type":"Polygon","coordinates":[[[127.02066109952335,37.62194363648001],[127.02086096543317,37.62196964221854],[127.02088902150494,37.62187575549197],[127.02089189614166,37.621866123542915],[127.02073044226168,37.62184356236365],[127.02068427061991,37.62183747924493],[127.02067215331807,37.621892981586015],[127.02066133711985,37.62194255526537],[127.02066109952335,37.62194363648001]]]}},{"type":"Feature","properties":{"F_DISA_NM":"2018년 8.26~9.1 호우","F_AVR_HGT":45.68,"F_AREA":169.93,"ADM_CD":"1130510300","F_SAT_YMD":"20180826","F_END_YMD":"20180901","F_SAT_TM":"1","F_END_TM":"5","F_RSN_DTL":"침수(기타)","F_ZONE_NM":"강북구 수유동472-193","INV_YR":"2018","F_YR":"2018","GU_NAM":"강북구","F_SHIM":0.45},"geometry":{"type":"Polygon","coordinates":[[[127.0177423168202,37.63276310477175],[127.01792417205719,37.63277581946709],[127.0179416070332,37.63262001084168],[127.01775970725323,37.63260911615544],[127.0177423168202,37.63276310477175]]]}},{"type":"Feature","properties":{"F_DISA_NM":"2020년 7.28~8.11 호우","F_AVR_HGT":45.33,"F_AREA":117.26,"ADM_CD":"1130510300","F_SAT_YMD":"20200728","F_END_YMD":"20200811","F_SAT_TM":"1","F_END_TM":"5","F_RSN_DTL":"침수","F_ZONE_NM":"강북구 수유동58-79","INV_YR":"2018","F_YR":"2018","GU_NAM":"강북구","F_SHIM":0.45},"geometry":{"type":"Polygon","coordinates":[[[127.01907855121128,37.631008455990106],[127.01910913583406,37.63099637832092],[127.01914276130292,37.63090852788089],[127.01903479298936,37.63088286606177],[127.01901962141864,37.63092061932047],[127.01899290130274,37.63098711550793],[127.01907855121128,37.631008455990106]]]}},{"type":"Feature","properties":{"F_DISA_NM":"2018년 8.26~9.1 호우","F_AVR_HGT":49.1,"F_AREA":154.39,"ADM_CD":"1130510300","F_SAT_YMD":"20180826","F_END_YMD":"20180901","F_SAT_TM":"1","F_END_TM":"5","F_RSN_DTL":"침수(기타)","F_ZONE_NM":"강북구 수유동475-30","INV_YR":"2018","F_YR":"2018","GU_NAM":"강북구","F_SHIM":0.45},"geometry":{"type":"Polygon","coordinates":[[[127.01670153816137,37.630653628924726],[127.01671232320271,37.63065450148619],[127.016727881114,37.63056141035718],[127.01662671539802,37.6305559724295],[127.01661948348907,37.6306469812193],[127.01670153816137,37.630653628924726]]]}},{"type":"Feature","properties":{"F_DISA_NM":"2018년 8.26~9.1 호우","F_AVR_HGT":38.46,"F_AREA":105.95,"ADM_CD":"1135010500","F_SAT_YMD":"20180829","F_END_YMD":"20180901","F_SAT_TM":"00","F_END_TM":"24","F_RSN_DTL":"침수","F_ZONE_NM":"노원구 상계동451-15","INV_YR":"2018","F_YR":"2018","GU_NAM":"노원구","F_SHIM":0.5},"geometry":{"type":"Polygon","coordinates":[[[127.06878306334953,37.66448729319725],[127.06885989612711,37.66442578495756],[127.06891807334597,37.664376738779815],[127.06891895650335,37.66432562605286],[127.06891982413595,37.66428241487138],[127.06872630159174,37.66432141129345],[127.06878306334953,37.66448729319725]]]}},{"type":"Feature","properties":{"F_DISA_NM":"2018년 8.26~9.1 호우","F_AVR_HGT":26.13,"F_AREA":88.64,"ADM_CD":"1135010200","F_SAT_YMD":"20180829","F_END_YMD":"20180901","F_SAT_TM":"23","F_END_TM":"24","F_RSN_DTL":"침수","F_ZONE_NM":"노원구 월계동267-4","INV_YR":"2018","F_YR":"2018","GU_NAM":"노원구","F_SHIM":0.5},"geometry":{"type":"Polygon","coordinates":[[[127.05816520027525,37.633882584061425],[127.05804807084299,37.6337661167252],[127.05796918042581,37.633803346870835],[127.05804691409125,37.633944042446636],[127.05816520027525,37.633882584061425]]]}},{"type":"Feature","properties":{"F_DISA_NM":"2018년 8.26~9.1 호우","F_AVR_HGT":22.38,"F_AREA":62.34,"ADM_CD":"1135010200","F_SAT_YMD":"20180829","F_END_YMD":"20180901","F_SAT_TM":"23","F_END_TM":"24","F_RSN_DTL":"침수","F_ZONE_NM":"노원구 월계동271-19","INV_YR":"2018","F_YR":"2018","GU_NAM":"노원구","F_SHIM":0.5},"geometry":{"type":"Polygon","coordinates":[[[127.0585690981336,37.63382741179131],[127.05865163079378,37.63378305274404],[127.05864971492062,37.63367781942045],[127.05856599455575,37.63372444950634],[127.05850694928344,37.63375676008492],[127.0585690981336,37.63382741179131]]]}},{"type":"Feature","properties":{"F_DISA_NM":"2018년 8.26~9.1 호우","F_AVR_HGT":22.38,"F_AREA":57.42,"ADM_CD":"1135010200","F_SAT_YMD":"20180829","F_END_YMD":"20180901","F_SAT_TM":"23","F_END_TM":"24","F_RSN_DTL":"침수","F_ZONE_NM":"노원구 월계동271-20","INV_YR":"2018","F_YR":"2018","GU_NAM":"노원구","F_SHIM":0.5},"geometry":{"type":"Polygon","coordinates":[[[127.05864971492062,37.63367781942045],[127.0586490396572,37.63363927590043],[127.0586481633422,37.63357488341295],[127.05850694928353,37.633652904329786],[127.05856599455575,37.63372444950634],[127.05864971492062,37.63367781942045]]]}},{"type":"Feature","properties":{"F_DISA_NM":"2018년 8.26~9.1 호우","F_AVR_HGT":26.13,"F_AREA":71.89,"ADM_CD":"1135010200","F_SAT_YMD":"2180828","F_END_YMD":"20180901","F_SAT_TM":"22","F_END_TM":"24","F_RSN_DTL":"침수","F_ZONE_NM":"노원구 월계동271-33","INV_YR":"2018","F_YR":"2018","GU_NAM":"노원구","F_SHIM":0.5},"geometry":{"type":"Polygon","coordinates":[[[127.05804176184796,37.63360331298891],[127.05816293149306,37.63353537518804],[127.05809819601703,37.63345914744903],[127.05798505485434,37.633521936757184],[127.05799390026817,37.6335334830648],[127.05804176184796,37.63360331298891]]]}},{"type":"Feature","properties":{"F_DISA_NM":"2018년 8.26~9.1 호우","F_AVR_HGT":21.45,"F_AREA":61,"ADM_CD":"1135010200","F_SAT_YMD":"20180829","F_END_YMD":"20180901","F_SAT_TM":"23","F_END_TM":"24","F_RSN_DTL":"침수","F_ZONE_NM":"노원구 월계동272-75","INV_YR":"2018","F_YR":"2018","GU_NAM":"노원구","F_SHIM":0.5},"geometry":{"type":"Polygon","coordinates":[[[127.05856655466422,37.63293062433717],[127.05863622061517,37.632891488178274],[127.05863580591303,37.63277890212865],[127.05850143406165,37.63285432491942],[127.05856655466422,37.63293062433717]]]}},{"type":"Feature","properties":{"F_DISA_NM":"2018년 8.26~9.1 호우","F_AVR_HGT":22.38,"F_AREA":142.53,"ADM_CD":"1135010200","F_SAT_YMD":"20180829","F_END_YMD":"20180901","F_SAT_TM":"23","F_END_TM":"24","F_RSN_DTL":"침수","F_ZONE_NM":"노원구 월계동271-13","INV_YR":"2018","F_YR":"2018","GU_NAM":"노원구","F_SHIM":0.5},"geometry":{"type":"Polygon","coordinates":[[[127.05865597263966,37.634053064783366],[127.05865385426655,37.63393491153609],[127.05856531046102,37.63398554429788],[127.05850040584222,37.63391140713672],[127.05838401385262,37.63397548679116],[127.05840728416024,37.63400554121529],[127.05842991025695,37.63402274799718],[127.05851214170838,37.63413247447371],[127.05865597263966,37.634053064783366]]]}},{"type":"Feature","properties":{"F_DISA_NM":"2018년 8.26~9.1 호우","F_AVR_HGT":19.91,"F_AREA":77.64,"ADM_CD":"1135010200","F_SAT_YMD":"20180829","F_END_YMD":"20180901","F_SAT_TM":"23","F_END_TM":"24","F_RSN_DTL":"침수","F_ZONE_NM":"노원구 월계동272-81","INV_YR":"2018","F_YR":"2018","GU_NAM":"노원구","F_SHIM":0.5},"geometry":{"type":"Polygon","coordinates":[[[127.05799647196297,37.632799905328625],[127.05810236443868,37.63274100269481],[127.05802217916322,37.632652619103254],[127.05801505574469,37.632655902075136],[127.05791816591096,37.63270961069373],[127.05799647196297,37.632799905328625]]]}},{"type":"Feature","properties":{"F_DISA_NM":"2018년 8.26~9.1 호우","F_AVR_HGT":19.91,"F_AREA":67.56,"ADM_CD":"1135010200","F_SAT_YMD":"20180828","F_END_YMD":"20180901","F_SAT_TM":"22","F_END_TM":"24","F_RSN_DTL":"침수","F_ZONE_NM":"노원구 월계동272-80","INV_YR":"2018","F_YR":"2018","GU_NAM":"노원구","F_SHIM":0.5},"geometry":{"type":"Polygon","coordinates":[[[127.05843062089113,37.63274101602062],[127.05844093790186,37.632736208829805],[127.05853997864615,37.63268086797218],[127.05845966397567,37.63258681758583],[127.05842017652246,37.63260849615316],[127.05834982001373,37.632648101027655],[127.05843062089113,37.63274101602062]]]}},{"type":"Feature","properties":{"F_DISA_NM":"2018년 8.26~9.1 호우","F_AVR_HGT":19.91,"F_AREA":78.15,"ADM_CD":"1135010200","F_SAT_YMD":"20180829","F_END_YMD":"20180901","F_SAT_TM":"22","F_END_TM":"24","F_RSN_DTL":"침수","F_ZONE_NM":"노원구 월계동272-56","INV_YR":"2018","F_YR":"2018","GU_NAM":"노원구","F_SHIM":0.5},"geometry":{"type":"Polygon","coordinates":[[[127.05810236443868,37.63274100269481],[127.05820983059397,37.63268094595716],[127.05813227238474,37.63259100248482],[127.05802217916322,37.632652619103254],[127.05810236443868,37.63274100269481]]]}},{"type":"Feature","properties":{"F_DISA_NM":"2018년 8.26~9.1 호우","F_AVR_HGT":21.64,"F_AREA":92.81,"ADM_CD":"1135010200","F_SAT_YMD":"20180830","F_END_YMD":"20180901","F_SAT_TM":"01","F_END_TM":"24","F_RSN_DTL":"침수","F_ZONE_NM":"노원구 월계동475-17","INV_YR":"2018","F_YR":"2018","GU_NAM":"노원구","F_SHIM":0.5},"geometry":{"type":"Polygon","coordinates":[[[127.0592390493011,37.61755499234575],[127.05928809523023,37.617513054727304],[127.05933277009133,37.61747249773004],[127.05922714068844,37.6173881996166],[127.0591386026809,37.61746446584285],[127.0592390493011,37.61755499234575]]]}},{"type":"Feature","properties":{"F_DISA_NM":"2018년 8.26~9.1 호우","F_AVR_HGT":25.06,"F_AREA":88.18,"ADM_CD":"1135010200","F_SAT_YMD":"20180830","F_END_YMD":"20180901","F_SAT_TM":"01","F_END_TM":"24","F_RSN_DTL":"침수","F_ZONE_NM":"노원구 월계동474-7","INV_YR":"2018","F_YR":"2018","GU_NAM":"노원구","F_SHIM":0.5},"geometry":{"type":"Polygon","coordinates":[[[127.05964231494785,37.61739869952404],[127.05975658864779,37.61732527633111],[127.05967623981495,37.617240803963234],[127.05966277867087,37.617248748236],[127.0595751771867,37.617275910881695],[127.05953298453963,37.61728915802678],[127.05964231494785,37.61739869952404]]]}},{"type":"Feature","properties":{"F_DISA_NM":"2018년 8.26~9.1 호우","F_AVR_HGT":24.57,"F_AREA":84.39,"ADM_CD":"1135010400","F_SAT_YMD":"20180830","F_END_YMD":"20180901","F_SAT_TM":"01","F_END_TM":"24","F_RSN_DTL":"침수","F_ZONE_NM":"노원구 하계동169-9","INV_YR":"2018","F_YR":"2018","GU_NAM":"노원구","F_SHIM":0.5},"geometry":{"type":"Polygon","coordinates":[[[127.07291271745245,37.63635360558796],[127.07296631882599,37.63636700672209],[127.0730500280295,37.63633867431593],[127.07311209316825,37.63625824243299],[127.07315406989922,37.636129440208755],[127.07316544676196,37.63608440243346],[127.07313097539478,37.63607695425343],[127.07307562949144,37.63625262443062],[127.07292635157836,37.63622831638548],[127.07291271745245,37.63635360558796]]]}},{"type":"Feature","properties":{"F_DISA_NM":"2018년 8.26~9.1 호우","F_AVR_HGT":37.57,"F_AREA":71.28,"ADM_CD":"1135010500","F_SAT_YMD":"20180829","F_END_YMD":"20180901","F_SAT_TM":"00","F_END_TM":"24","F_RSN_DTL":"침수","F_ZONE_NM":"노원구 상계동449-35","INV_YR":"2018","F_YR":"2018","GU_NAM":"노원구","F_SHIM":0.5},"geometry":{"type":"Polygon","coordinates":[[[127.06697335254901,37.66218151949778],[127.06689821433865,37.6621971840481],[127.06683859017429,37.662211263257504],[127.06685476002788,37.66229842351409],[127.06688513972252,37.662292415209606],[127.0670056585932,37.66226551737193],[127.06698833422753,37.66221897367355],[127.06697335254901,37.66218151949778]]]}},{"type":"Feature","properties":{"F_DISA_NM":"2018년 8.26~9.1 호우","F_AVR_HGT":18.16,"F_AREA":196.5,"ADM_CD":"1135010300","F_SAT_YMD":"20180829","F_END_YMD":"20180901","F_SAT_TM":"23","F_END_TM":"24","F_RSN_DTL":"침수","F_ZONE_NM":"노원구 공릉동380-20","INV_YR":"2018","F_YR":"2018","GU_NAM":"노원구","F_SHIM":0.5},"geometry":{"type":"Polygon","coordinates":[[[127.07077914662524,37.62589211088284],[127.07080065543501,37.62587678160838],[127.07080994088126,37.62584866560126],[127.07082444512078,37.6258047253311],[127.0708392882763,37.62575981180205],[127.07087385451491,37.625655277886146],[127.07083172125063,37.62563781463131],[127.07073485339319,37.625597714836765],[127.07071306299405,37.625602484786725],[127.07060087099764,37.62574854521396],[127.07077914662524,37.62589211088284]]]}},{"type":"Feature","properties":{"F_DISA_NM":"2018년 8.26~9.1 호우","F_AVR_HGT":45.01,"F_AREA":59,"ADM_CD":"1135010500","F_SAT_YMD":"20180829","F_END_YMD":"20180901","F_SAT_TM":"23","F_END_TM":"24","F_RSN_DTL":"침수","F_ZONE_NM":"노원구 상계동1388-28","INV_YR":"2018","F_YR":"2018","GU_NAM":"노원구","F_SHIM":0.5},"geometry":{"type":"Polygon","coordinates":[[[127.07857921368914,37.67042899935269],[127.07850955105175,37.67036345404604],[127.0784971838945,37.67035147918345],[127.07849037184016,37.67034058186188],[127.07837096065504,37.67039507845444],[127.07837822524748,37.67040516461274],[127.07843996580792,37.670482607998814],[127.07844757343447,37.67049557704079],[127.07850582235022,37.670594285617156],[127.07853448423705,37.67057985134907],[127.07851267322575,37.67053301502121],[127.07852069013664,37.670503277698174],[127.07857921368914,37.67042899935269]]]}},{"type":"Feature","properties":{"F_DISA_NM":"2018년 8.26~9.1 호우","F_AVR_HGT":84.77,"F_AREA":39.3,"ADM_CD":"1135010500","F_SAT_YMD":"20180830","F_END_YMD":"20180901","F_SAT_TM":"02","F_END_TM":"24","F_RSN_DTL":"침수","F_ZONE_NM":"노원구 상계동19","INV_YR":"2018","F_YR":"2018","GU_NAM":"노원구","F_SHIM":0.5},"geometry":{"type":"Polygon","coordinates":[[[127.08799508428761,37.677711145401325],[127.08793297001034,37.677628202458884],[127.0877577837021,37.67743928887384],[127.08774962379945,37.67743107798103],[127.0876698198616,37.67736218495975],[127.08756699777456,37.67727760474719],[127.0875494890162,37.677262237937825],[127.087475645229,37.677200746420276],[127.08737833612318,37.677345378143364],[127.08745607533905,37.67739346042904],[127.08746835798135,37.67739869513281],[127.08761408159373,37.67743045621437],[127.08774422104335,37.677542631187855],[127.08773546431927,37.67758684825008],[127.08780160202294,37.67769870953211],[127.0878545903616,37.677702923344],[127.08788432607405,37.677743724583536],[127.0879218133161,37.677733759416554],[127.08799508428761,37.677711145401325]]]}},{"type":"Feature","properties":{"F_DISA_NM":"2018년 8.26~9.1 호우","F_AVR_HGT":26.52,"F_AREA":138,"ADM_CD":"1135010500","F_SAT_YMD":"20180829","F_END_YMD":"20180901","F_SAT_TM":"23","F_END_TM":"24","F_RSN_DTL":"침수","F_ZONE_NM":"노원구 상계동1087-26","INV_YR":"2018","F_YR":"2018","GU_NAM":"노원구","F_SHIM":0.5},"geometry":{"type":"Polygon","coordinates":[[[127.05086798578265,37.67412938220892],[127.05108322942348,37.67409334318317],[127.05104240880775,37.673936176751894],[127.05086729801833,37.673963765823515],[127.05081150893176,37.67396808678576],[127.05082780817034,37.67398400014912],[127.05083769038124,37.673997952074316],[127.05086116404755,37.67408116504161],[127.05086798578265,37.67412938220892]]]}},{"type":"Feature","properties":{"F_DISA_NM":"2018년 8.26~9.1 호우","F_AVR_HGT":68.59,"F_AREA":64.6,"ADM_CD":"1135010500","F_SAT_YMD":"20180829","F_END_YMD":"20180901","F_SAT_TM":"02","F_END_TM":"24","F_RSN_DTL":"침수","F_ZONE_NM":"노원구 상계동60","INV_YR":"2018","F_YR":"2018","GU_NAM":"노원구","F_SHIM":0.5},"geometry":{"type":"Polygon","coordinates":[[[127.08079162193762,37.672925992403314],[127.0807362514181,37.67296981684244],[127.08060799713117,37.67306781153445],[127.08055584824965,37.67306072880857],[127.08055512726845,37.67309700242531],[127.0806546989764,37.67311174764728],[127.08068686894136,37.673059325528136],[127.08089691004994,37.672965510310696],[127.08097721570827,37.67282422887483],[127.08094189371754,37.6728117201413],[127.08091378250006,37.672832704685305],[127.08089912667057,37.67284370640787],[127.08088883129601,37.672851389617556],[127.08082649371882,37.672898867723994],[127.08081181538505,37.67291004964513],[127.08079794157663,37.67292098776128],[127.08079162193762,37.672925992403314]]]}},{"type":"Feature","properties":{"F_DISA_NM":"2018년 8.26~9.1 호우","F_AVR_HGT":52.55,"F_AREA":157.13,"ADM_CD":"1135010500","F_SAT_YMD":"20180829","F_END_YMD":"20180901","F_SAT_TM":"23","F_END_TM":"24","F_RSN_DTL":"침수","F_ZONE_NM":"노원구 상계동1387-8","INV_YR":"2018","F_YR":"2018","GU_NAM":"노원구","F_SHIM":0.5},"geometry":{"type":"Polygon","coordinates":[[[127.07784584195264,37.67118620286518],[127.07783405020925,37.67129342620057],[127.07785459065717,37.67131728867635],[127.07807516014653,37.67120110049981],[127.07811922895604,37.67117818719408],[127.07804727371793,37.67108795646949],[127.07800977504077,37.67110690121025],[127.07784584195264,37.67118620286518]]]}},{"type":"Feature","properties":{"F_DISA_NM":"2018년 8.26~9.1 호우","F_AVR_HGT":51.84,"F_AREA":71,"ADM_CD":"1135010500","F_SAT_YMD":"20180829","F_END_YMD":"20180901","F_SAT_TM":"23","F_END_TM":"24","F_RSN_DTL":"침수","F_ZONE_NM":"노원구 상계동1387-9","INV_YR":"2018","F_YR":"2018","GU_NAM":"노원구","F_SHIM":0.5},"geometry":{"type":"Polygon","coordinates":[[[127.07800977504077,37.67110690121025],[127.07792420619118,37.67100487649836],[127.07785866375839,37.67108870936138],[127.07784584195264,37.67118620286518],[127.07800977504077,37.67110690121025]]]}},{"type":"Feature","properties":{"F_DISA_NM":"2018년 8.26~9.1 호우","F_AVR_HGT":52.55,"F_AREA":273.97,"ADM_CD":"1135010500","F_SAT_YMD":"20180829","F_END_YMD":"20180901","F_SAT_TM":"23","F_END_TM":"24","F_RSN_DTL":"침수","F_ZONE_NM":"노원구 상계동1387-7","INV_YR":"2018","F_YR":"2018","GU_NAM":"노원구","F_SHIM":0.5},"geometry":{"type":"Polygon","coordinates":[[[127.07808841223552,37.67097107365944],[127.07809215761037,37.67097584638174],[127.07797739532694,37.67103322266419],[127.07793744993813,37.67098738905573],[127.07792420619118,37.67100487649836],[127.07800977504077,37.67110690121025],[127.07804727371793,37.67108795646949],[127.07811922895604,37.67117818719408],[127.07831340395009,37.67107787281964],[127.07820657142399,37.67091045155961],[127.07808841223552,37.67097107365944]]]}},{"type":"Feature","properties":{"F_DISA_NM":"2018년 8.26~9.1 호우","F_AVR_HGT":51.84,"F_AREA":16.33,"ADM_CD":"1135010500","F_SAT_YMD":"20180829","F_END_YMD":"20180901","F_SAT_TM":"23","F_END_TM":"24","F_RSN_DTL":"침수","F_ZONE_NM":"노원구 상계동1388-4","INV_YR":"2018","F_YR":"2018","GU_NAM":"노원구","F_SHIM":0.5},"geometry":{"type":"Polygon","coordinates":[[[127.07765371187391,37.67140292077048],[127.07772057634944,37.671392156025355],[127.07775862843633,37.67135996672691],[127.07776537042653,37.67130239023888],[127.07763547080488,37.67129977121344],[127.07763642819795,37.6713493240726],[127.07765371187391,37.67140292077048]]]}},{"type":"Feature","properties":{"F_DISA_NM":"2018년 8.26~9.1 호우","F_AVR_HGT":27.72,"F_AREA":62.75,"ADM_CD":"1135010500","F_SAT_YMD":"20180830","F_END_YMD":"20180901","F_SAT_TM":"01","F_END_TM":"24","F_RSN_DTL":"침수","F_ZONE_NM":"노원구 상계동1105-44","INV_YR":"2018","F_YR":"2018","GU_NAM":"노원구","F_SHIM":0.5},"geometry":{"type":"Polygon","coordinates":[[[127.05309810153264,37.67602523515352],[127.05309265567486,37.675936401725515],[127.05296980235983,37.675937896929725],[127.05295591228824,37.6759484353466],[127.05295891194513,37.676024376942706],[127.05309810153264,37.67602523515352]]]}},{"type":"Feature","properties":{"F_DISA_NM":"2018년 8.26~9.1 호우","F_AVR_HGT":25.25,"F_AREA":43.29,"ADM_CD":"1135010500","F_SAT_YMD":"20180830","F_END_YMD":"20180901","F_SAT_TM":"10","F_END_TM":"24","F_RSN_DTL":"침수","F_ZONE_NM":"노원구 상계동581-114","INV_YR":"2018","F_YR":"2018","GU_NAM":"노원구","F_SHIM":0.5},"geometry":{"type":"Polygon","coordinates":[[[127.06189003561512,37.65856618881349],[127.06189970664049,37.658487258511144],[127.06190030907916,37.658475482467985],[127.06178176125945,37.65846796588832],[127.06177326713133,37.658558941607204],[127.06189003561512,37.65856618881349]]]}},{"type":"Feature","properties":{"F_DISA_NM":"2018년 8.26~9.1 호우","F_AVR_HGT":25.25,"F_AREA":44.1,"ADM_CD":"1135010500","F_SAT_YMD":"20180830","F_END_YMD":"20180901","F_SAT_TM":"11","F_END_TM":"24","F_RSN_DTL":"침수","F_ZONE_NM":"노원구 상계동581-112","INV_YR":"2018","F_YR":"2018","GU_NAM":"노원구","F_SHIM":0.5},"geometry":{"type":"Polygon","coordinates":[[[127.06190826210106,37.65840224720101],[127.06201901240536,37.65840924508749],[127.06202649542928,37.65834353318885],[127.06198787007216,37.65829787359166],[127.06192476985332,37.65834108961915],[127.06183103911405,37.65837306810577],[127.06182045829026,37.65837808293196],[127.06190950681763,37.65838591189854],[127.06190826210106,37.65840224720101]]]}},{"type":"Feature","properties":{"F_DISA_NM":"2018년 8.26~9.1 호우","F_AVR_HGT":24.95,"F_AREA":131.16,"ADM_CD":"1135010500","F_SAT_YMD":"20180830","F_END_YMD":"20180901","F_SAT_TM":"10","F_END_TM":"24","F_RSN_DTL":"침수","F_ZONE_NM":"노원구 상계동581-212","INV_YR":"2018","F_YR":"2018","GU_NAM":"노원구","F_SHIM":0.5},"geometry":{"type":"Polygon","coordinates":[[[127.06233505688537,37.65947164661273],[127.06255824501986,37.65946645886282],[127.06255171984346,37.65930353907148],[127.06235561777223,37.65930839750347],[127.06235193068197,37.65933143731572],[127.0623399940807,37.659425063701015],[127.06233505688537,37.65947164661273]]]}},{"type":"Feature","properties":{"F_DISA_NM":"2018년 8.26~9.1 호우","F_AVR_HGT":52.55,"F_AREA":71,"ADM_CD":"1135010500","F_SAT_YMD":"20180829","F_END_YMD":"20180901","F_SAT_TM":"23","F_END_TM":"24","F_RSN_DTL":"침수","F_ZONE_NM":"노원구 상계동1387-5","INV_YR":"2018","F_YR":"2018","GU_NAM":"노원구","F_SHIM":0.5},"geometry":{"type":"Polygon","coordinates":[[[127.07785459065717,37.67131728867635],[127.07800790364982,37.671492338378044],[127.07821489129408,37.67139525936226],[127.0781456557129,37.671304666543946],[127.07815335930401,37.67130069726135],[127.07807516014653,37.67120110049981],[127.07785459065717,37.67131728867635]]]}},{"type":"Feature","properties":{"F_DISA_NM":"2018년 8.26~9.1 호우","F_AVR_HGT":37.57,"F_AREA":58.37,"ADM_CD":"1135010500","F_SAT_YMD":"20180829","F_END_YMD":"20180901","F_SAT_TM":"00","F_END_TM":"24","F_RSN_DTL":"침수","F_ZONE_NM":"노원구 상계동449-28","INV_YR":"2018","F_YR":"2018","GU_NAM":"노원구","F_SHIM":0.5},"geometry":{"type":"Polygon","coordinates":[[[127.0671887919323,37.662312788770805],[127.06729739702698,37.66228333850108],[127.06728991125179,37.66226402579754],[127.06726300138769,37.662194909080796],[127.06715450706143,37.662221313966306],[127.0671887919323,37.662312788770805]]]}},{"type":"Feature","properties":{"F_DISA_NM":"2018년 8.26~9.1 호우","F_AVR_HGT":37.57,"F_AREA":57.08,"ADM_CD":"1135010500","F_SAT_YMD":"20180829","F_END_YMD":"20180901","F_SAT_TM":"00","F_END_TM":"24","F_RSN_DTL":"침수","F_ZONE_NM":"노원구 상계동449-32","INV_YR":"2018","F_YR":"2018","GU_NAM":"노원구","F_SHIM":0.5},"geometry":{"type":"Polygon","coordinates":[[[127.06701968596091,37.66230031420039],[127.06713971691875,37.66227280383454],[127.06710907825519,37.66219053493985],[127.06698833422753,37.66221897367355],[127.0670056585932,37.66226551737193],[127.06701968596091,37.66230031420039]]]}},{"type":"Feature","properties":{"F_DISA_NM":"2018년 8.26~9.1 호우","F_AVR_HGT":19.91,"F_AREA":64.98,"ADM_CD":"1135010200","F_SAT_YMD":"20180829","F_END_YMD":"20180901","F_SAT_TM":"23","F_END_TM":"24","F_RSN_DTL":"침수","F_ZONE_NM":"노원구 월계동271-40","INV_YR":"2018","F_YR":"2018","GU_NAM":"노원구","F_SHIM":0.5},"geometry":{"type":"Polygon","coordinates":[[[127.058122381768,37.63329246388628],[127.05823776326551,37.63322658301192],[127.05817416217522,37.6331520576142],[127.05815817269361,37.63316139942491],[127.05805892738597,37.63321710945689],[127.058122381768,37.63329246388628]]]}},{"type":"Feature","properties":{"F_DISA_NM":"2018년 8.26~9.1 호우","F_AVR_HGT":19.91,"F_AREA":90.9,"ADM_CD":"1135010200","F_SAT_YMD":"20180828","F_END_YMD":"20180901","F_SAT_TM":"22","F_END_TM":"24","F_RSN_DTL":"침수","F_ZONE_NM":"노원구 월계동271-41","INV_YR":"2018","F_YR":"2018","GU_NAM":"노원구","F_SHIM":0.5},"geometry":{"type":"Polygon","coordinates":[[[127.05805892738597,37.63321710945689],[127.05815817269361,37.63316139942491],[127.05809131791074,37.63308370409979],[127.05799199492814,37.63314149537327],[127.05805892738597,37.63321710945689]]]}},{"type":"Feature","properties":{"F_DISA_NM":"2018년 8.26~9.1 호우","F_AVR_HGT":72.89,"F_AREA":216,"ADM_CD":"1135010500","F_SAT_YMD":"20180829","F_END_YMD":"20180901","F_SAT_TM":"23","F_END_TM":"24","F_RSN_DTL":"침수","F_ZONE_NM":"노원구 상계동1375-3","INV_YR":"2018","F_YR":"2018","GU_NAM":"노원구","F_SHIM":0.5},"geometry":{"type":"Polygon","coordinates":[[[127.07956958145742,37.67264798349768],[127.07963509107718,37.672749659882214],[127.07969672894156,37.67272610367651],[127.07983767723263,37.67266951922905],[127.07978005724826,37.672525311838015],[127.07972891658748,37.67250642534207],[127.07958965678478,37.672551566197775],[127.07962997250237,37.672624518248696],[127.07956958145742,37.67264798349768]]]}},{"type":"Feature","properties":{"F_DISA_NM":"2018년 8.26~9.1 호우","F_AVR_HGT":72.89,"F_AREA":74.66,"ADM_CD":"1135010500","F_SAT_YMD":"20180829","F_END_YMD":"20180901","F_SAT_TM":"23","F_END_TM":"24","F_RSN_DTL":"침수","F_ZONE_NM":"노원구 상계동1375-2","INV_YR":"2018","F_YR":"2018","GU_NAM":"노원구","F_SHIM":0.5},"geometry":{"type":"Polygon","coordinates":[[[127.07958965678478,37.672551566197775],[127.0794556090292,37.672594901501085],[127.07943343415506,37.6726348292141],[127.0794701014501,37.67268760195368],[127.07956958145742,37.67264798349768],[127.07962997250237,37.672624518248696],[127.07958965678478,37.672551566197775]]]}},{"type":"Feature","properties":{"F_DISA_NM":"2018년 8.26~9.1 호우","F_AVR_HGT":57.62,"F_AREA":78.53,"ADM_CD":"1135010500","F_SAT_YMD":"20180829","F_END_YMD":"20180901","F_SAT_TM":"23","F_END_TM":"24","F_RSN_DTL":"침수","F_ZONE_NM":"노원구 상계동1376-27","INV_YR":"2018","F_YR":"2018","GU_NAM":"노원구","F_SHIM":0.5},"geometry":{"type":"Polygon","coordinates":[[[127.07977840944608,37.67214348093755],[127.07974033873164,37.67215747125766],[127.0797215596114,37.672192621623395],[127.07976542693505,37.67230161016386],[127.07989424294585,37.67224215058126],[127.07990292309651,37.67219673581686],[127.07979657675453,37.67217338115927],[127.07977840944608,37.67214348093755]]]}},{"type":"Feature","properties":{"F_DISA_NM":"2018년 8.26~9.1 호우","F_AVR_HGT":62,"F_AREA":66.19,"ADM_CD":"1135010500","F_SAT_YMD":"20180829","F_END_YMD":"20180901","F_SAT_TM":"23","F_END_TM":"24","F_RSN_DTL":"침수","F_ZONE_NM":"노원구 상계동1382-19","INV_YR":"2018","F_YR":"2018","GU_NAM":"노원구","F_SHIM":0.5},"geometry":{"type":"Polygon","coordinates":[[[127.07789572142406,37.67163485478243],[127.07783159351278,37.671550925671056],[127.07779323103202,37.67150139700749],[127.0777220924866,37.67154468965392],[127.07773956905854,37.67156513043332],[127.07778405668985,37.671618889723476],[127.07782797782684,37.67167282955728],[127.07789572142406,37.67163485478243]]]}},{"type":"Feature","properties":{"F_DISA_NM":"2018년 8.26~9.1 호우","F_AVR_HGT":21.64,"F_AREA":113.56,"ADM_CD":"1135010200","F_SAT_YMD":"20180830","F_END_YMD":"20180901","F_SAT_TM":"23","F_END_TM":"24","F_RSN_DTL":"침수","F_ZONE_NM":"노원구 월계동479-17","INV_YR":"2018","F_YR":"2018","GU_NAM":"노원구","F_SHIM":0.5},"geometry":{"type":"Polygon","coordinates":[[[127.05908587086573,37.61742687563295],[127.05923173951716,37.61730054996551],[127.05915180096072,37.617233213692614],[127.05912393035825,37.61725329214022],[127.05903824628764,37.61732900730162],[127.05900745205537,37.61734740231241],[127.05900036369648,37.617350135736594],[127.05908587086573,37.61742687563295]]]}},{"type":"Feature","properties":{"F_DISA_NM":"2018년 8.26~9.1 호우","F_AVR_HGT":26.59,"F_AREA":65,"ADM_CD":"1135010500","F_SAT_YMD":"20180829","F_END_YMD":"20180901","F_SAT_TM":"23","F_END_TM":"24","F_RSN_DTL":"침수","F_ZONE_NM":"노원구 상계동1054-36","INV_YR":"2018","F_YR":"2018","GU_NAM":"노원구","F_SHIM":0.5},"geometry":{"type":"Polygon","coordinates":[[[127.05150586186282,37.672856814911164],[127.05161143637989,37.6728734741507],[127.0516348542499,37.67278867371166],[127.05149868325633,37.67276705409377],[127.05150226341277,37.67281520053074],[127.05150583824853,37.6728385071664],[127.05150586186282,37.672856814911164]]]}},{"type":"Feature","properties":{"F_DISA_NM":"2018년 8.26~9.1 호우","F_AVR_HGT":73.84,"F_AREA":130,"ADM_CD":"1135010500","F_SAT_YMD":"20180829","F_END_YMD":"20180901","F_SAT_TM":"02","F_END_TM":"24","F_RSN_DTL":"침수","F_ZONE_NM":"노원구 상계동산152-24","INV_YR":"2018","F_YR":"2018","GU_NAM":"노원구","F_SHIM":0.5},"geometry":{"type":"Polygon","coordinates":[[[127.0782495336107,37.67282950346276],[127.078236615084,37.67274473940229],[127.07823960433228,37.67262051142551],[127.07824419834472,37.672458594738124],[127.07823204776024,37.672437078416415],[127.07797205972217,37.672317976515714],[127.07768570265385,37.67217202407827],[127.0773150269272,37.67198218473652],[127.07728389125847,37.67197235711252],[127.07724780134723,37.67196164970815],[127.07723326820496,37.67195989313177],[127.07718001279787,37.67195596302457],[127.07714318120676,37.67196273492482],[127.07692329180355,37.672015357321584],[127.07690963441786,37.67201653731491],[127.07680712060483,37.67201575587487],[127.07670609086762,37.67201418054425],[127.07666652186535,37.67189171858576],[127.07667024891975,37.67188960793633],[127.07678533469816,37.671869659113156],[127.07682113585064,37.67184148989186],[127.07688676724494,37.6717877770606],[127.07694512799517,37.67174042970563],[127.07695270381099,37.67173329817078],[127.07696056762873,37.671719544305205],[127.07697071110792,37.6716959323445],[127.07700471359205,37.67162667988205],[127.0770809773946,37.67152887556302],[127.07656311564011,37.67117333109907],[127.07626841039769,37.670969267782404],[127.07663423688889,37.67075266688156],[127.07574416015377,37.67079233250505],[127.07586488152313,37.67117377323174],[127.07624358577982,37.6722452764808],[127.07680486271673,37.672675566254476],[127.0782495336107,37.67282950346276]]]}},{"type":"Feature","properties":{"F_DISA_NM":"2018년 8.26~9.1 호우","F_AVR_HGT":83.73,"F_AREA":153.6,"ADM_CD":"1135010500","F_SAT_YMD":"20180830","F_END_YMD":"20180901","F_SAT_TM":"02","F_END_TM":"24","F_RSN_DTL":"침수","F_ZONE_NM":"노원구 상계동72-164","INV_YR":"2018","F_YR":"2018","GU_NAM":"노원구","F_SHIM":0.5},"geometry":{"type":"Polygon","coordinates":[[[127.08414625554384,37.670186239293244],[127.08425638798879,37.67016016904359],[127.08424830633855,37.67010906254426],[127.08419358784342,37.670113659827486],[127.0841947500698,37.67012937197262],[127.08413774234165,37.670134313203896],[127.08413976396085,37.670148195773514],[127.08414625554384,37.670186239293244]]]}},{"type":"Feature","properties":{"F_DISA_NM":"2018년 8.26~9.1 호우","F_AVR_HGT":51.84,"F_AREA":62,"ADM_CD":"1135010500","F_SAT_YMD":"20180829","F_END_YMD":"20180901","F_SAT_TM":"23","F_END_TM":"24","F_RSN_DTL":"침수","F_ZONE_NM":"노원구 상계동1388-10","INV_YR":"2018","F_YR":"2018","GU_NAM":"노원구","F_SHIM":0.5},"geometry":{"type":"Polygon","coordinates":[[[127.07770300445897,37.67105664528205],[127.07779779769194,37.671090370485864],[127.07780084304962,37.67107568266736],[127.07785934682009,37.67098095262607],[127.07775796442877,37.67093245578302],[127.07773952886956,37.67097165999443],[127.07770300445897,37.67105664528205]]]}},{"type":"Feature","properties":{"F_DISA_NM":"2018년 8.26~9.1 호우","F_AVR_HGT":156.19,"F_AREA":98.3,"ADM_CD":"1135010500","F_SAT_YMD":"20180830","F_END_YMD":"20180901","F_SAT_TM":"01","F_END_TM":"24","F_RSN_DTL":"침수","F_ZONE_NM":"노원구 상계동9-1","INV_YR":"2018","F_YR":"2018","GU_NAM":"노원구","F_SHIM":0.5},"geometry":{"type":"Polygon","coordinates":[[[127.08946928392541,37.68431129692052],[127.08970672305317,37.68440823521075],[127.08974798843714,37.68439816754153],[127.09000479539411,37.68405935450022],[127.09003040821402,37.68394746180163],[127.09004227681929,37.68382263246821],[127.08992573233596,37.683762751296214],[127.0898341951189,37.68389271276216],[127.08974199722972,37.683934136297744],[127.08966641002219,37.683948896646896],[127.08961391476005,37.68398201949655],[127.08957527360214,37.68401569058196],[127.08957489834891,37.68411063511043],[127.08953266028813,37.68420888140531],[127.08946928392541,37.68431129692052]]]}},{"type":"Feature","properties":{"F_DISA_NM":"2018년 8.26~9.1 호우","F_AVR_HGT":118.87,"F_AREA":36.3,"ADM_CD":"1135010500","F_SAT_YMD":"20180829","F_END_YMD":"20180901","F_SAT_TM":"02","F_END_TM":"24","F_RSN_DTL":"침수","F_ZONE_NM":"노원구 상계동58-50","INV_YR":"2018","F_YR":"2018","GU_NAM":"노원구","F_SHIM":0.5},"geometry":{"type":"Polygon","coordinates":[[[127.0753401508469,37.67275521893031],[127.07537937424023,37.67287380735286],[127.07544811079076,37.67295459950805],[127.0755010780131,37.67296447699264],[127.07559967408166,37.67293396225789],[127.07560787617751,37.67291804593979],[127.07553715578435,37.67283718304432],[127.07546948452584,37.67267621276395],[127.0754249700458,37.672662915284675],[127.07534322719373,37.67269115788841],[127.0753401508469,37.67275521893031]]]}},{"type":"Feature","properties":{"F_DISA_NM":"2018년 8.26~9.1 호우","F_AVR_HGT":45.01,"F_AREA":67.89,"ADM_CD":"1135010500","F_SAT_YMD":"20180829","F_END_YMD":"20180901","F_SAT_TM":"23","F_END_TM":"24","F_RSN_DTL":"침수","F_ZONE_NM":"노원구 상계동1388-26","INV_YR":"2018","F_YR":"2018","GU_NAM":"노원구","F_SHIM":0.5},"geometry":{"type":"Polygon","coordinates":[[[127.07821402427633,37.670662859502],[127.07824389985106,37.67072626853116],[127.07837044147065,37.67066104585318],[127.07829291590973,37.67055478159018],[127.07825310990327,37.670534175222116],[127.0781674513526,37.67056504416875],[127.07821402427633,37.670662859502]]]}},{"type":"Feature","properties":{"F_DISA_NM":"2018년 8.26~9.1 호우","F_AVR_HGT":82.38,"F_AREA":14.4,"ADM_CD":"1135010500","F_SAT_YMD":"20180829","F_END_YMD":"20180901","F_SAT_TM":"23","F_END_TM":"24","F_RSN_DTL":"침수","F_ZONE_NM":"노원구 상계동1364-4","INV_YR":"2018","F_YR":"2018","GU_NAM":"노원구","F_SHIM":0.5},"geometry":{"type":"Polygon","coordinates":[[[127.08271354477095,37.67449294389264],[127.08279001035001,37.67455316624645],[127.0828751768381,37.67448445348695],[127.08294448716995,37.67442800482819],[127.08284084034783,37.67438924444462],[127.08271354477095,37.67449294389264]]]}},{"type":"Feature","properties":{"F_DISA_NM":"2018년 8.26~9.1 호우","F_AVR_HGT":68.59,"F_AREA":44,"ADM_CD":"1135010500","F_SAT_YMD":"20180829","F_END_YMD":"20180901","F_SAT_TM":"23","F_END_TM":"24","F_RSN_DTL":"침수","F_ZONE_NM":"노원구 상계동1376-7","INV_YR":"2018","F_YR":"2018","GU_NAM":"노원구","F_SHIM":0.5},"geometry":{"type":"Polygon","coordinates":[[[127.08055584821143,37.67306069276972],[127.08060799713117,37.67306781153445],[127.0807362514181,37.67296981684244],[127.08079162193762,37.672925992403314],[127.08079133820678,37.67292565923436],[127.08070860325022,37.67282931079609],[127.08059997960528,37.6729041643489],[127.08061093745789,37.67297596447407],[127.08055584821143,37.67306069276972]]]}},{"type":"Feature","properties":{"F_DISA_NM":"2018년 8.26~9.1 호우","F_AVR_HGT":73.68,"F_AREA":85.84,"ADM_CD":"1135010500","F_SAT_YMD":"20180829","F_END_YMD":"20180901","F_SAT_TM":"23","F_END_TM":"24","F_RSN_DTL":"침수","F_ZONE_NM":"노원구 상계동1365-13","INV_YR":"2018","F_YR":"2018","GU_NAM":"노원구","F_SHIM":0.5},"geometry":{"type":"Polygon","coordinates":[[[127.08194498095875,37.673377438568124],[127.08210383709984,37.67341412584631],[127.08210777029355,37.673382589140395],[127.0821550823673,37.67331903828355],[127.08202209559458,37.67325315093893],[127.08197894877758,37.67331114891477],[127.08196425539789,37.673339809845125],[127.08194498095875,37.673377438568124]]]}},{"type":"Feature","properties":{"F_DISA_NM":"2018년 8.26~9.1 호우","F_AVR_HGT":55.05,"F_AREA":67.74,"ADM_CD":"1135010500","F_SAT_YMD":"20180829","F_END_YMD":"20180901","F_SAT_TM":"02","F_END_TM":"24","F_RSN_DTL":"침수","F_ZONE_NM":"노원구 상계동77-78","INV_YR":"2018","F_YR":"2018","GU_NAM":"노원구","F_SHIM":0.5},"geometry":{"type":"Polygon","coordinates":[[[127.08075301312901,37.668814270807914],[127.0804950593947,37.66874565452367],[127.08067469318391,37.6688899149952],[127.08074271381933,37.66886039851657],[127.08075301312901,37.668814270807914]]]}},{"type":"Feature","properties":{"F_DISA_NM":"2018년 8.26~9.1 호우","F_AVR_HGT":28.55,"F_AREA":135.23,"ADM_CD":"1132010600","F_SAT_YMD":"20180828","F_END_YMD":"20180830","F_SAT_TM":"21","F_END_TM":"3","F_RSN_DTL":"침수","F_ZONE_NM":"도봉구 방학동659-5","INV_YR":"2018","F_YR":"2018","GU_NAM":"도봉구","F_SHIM":0.3},"geometry":{"type":"Polygon","coordinates":[[[127.03816622396666,37.66713716920577],[127.038182664065,37.667148426261356],[127.03824950549811,37.667087049200894],[127.03811787242108,37.66699879474615],[127.0380531843621,37.66705999087145],[127.03816622396666,37.66713716920577]]]}},{"type":"Feature","properties":{"F_DISA_NM":"2018년 8.26~9.1 호우","F_AVR_HGT":27.57,"F_AREA":126.67,"ADM_CD":"1132010600","F_SAT_YMD":"20180828","F_END_YMD":"20180830","F_SAT_TM":"21","F_END_TM":"3","F_RSN_DTL":"침수","F_ZONE_NM":"도봉구 방학동646-9","INV_YR":"2018","F_YR":"2018","GU_NAM":"도봉구","F_SHIM":0.3},"geometry":{"type":"Polygon","coordinates":[[[127.03962222657324,37.66938148196162],[127.03972174365796,37.6693814497763],[127.03974576304451,37.66936234137314],[127.03974560492631,37.66927503716387],[127.03962160550172,37.66927516737659],[127.03962222657324,37.66938148196162]]]}},{"type":"Feature","properties":{"F_DISA_NM":"2018년 8.26~9.1 호우","F_AVR_HGT":29.35,"F_AREA":128.21,"ADM_CD":"1132010600","F_SAT_YMD":"20180828","F_END_YMD":"20180830","F_SAT_TM":"21","F_END_TM":"3","F_RSN_DTL":"침수","F_ZONE_NM":"도봉구 방학동626-14","INV_YR":"2018","F_YR":"2018","GU_NAM":"도봉구","F_SHIM":0.3},"geometry":{"type":"Polygon","coordinates":[[[127.03797690015534,37.669134955181114],[127.0380818810197,37.66918294454037],[127.03813840121774,37.669103731500925],[127.03812932089114,37.6690777863026],[127.03804395362793,37.66903970161461],[127.03797690015534,37.669134955181114]]]}},{"type":"Feature","properties":{"F_DISA_NM":"2018년 8.26~9.1 호우","F_AVR_HGT":27.74,"F_AREA":145.29,"ADM_CD":"1132010600","F_SAT_YMD":"20180828","F_END_YMD":"20180830","F_SAT_TM":"21","F_END_TM":"3","F_RSN_DTL":"침수","F_ZONE_NM":"도봉구 방학동659-24","INV_YR":"2018","F_YR":"2018","GU_NAM":"도봉구","F_SHIM":0.3},"geometry":{"type":"Polygon","coordinates":[[[127.03895433135423,37.66767182945629],[127.03900145183981,37.66761207998303],[127.03898132519546,37.66748270664822],[127.03894155995505,37.66751839780165],[127.0388476413174,37.667602668535544],[127.03893675909045,37.66766354607933],[127.03895433135423,37.66767182945629]]]}},{"type":"Feature","properties":{"F_DISA_NM":"2018년 8.26~9.1 호우","F_AVR_HGT":27.57,"F_AREA":132.59,"ADM_CD":"1132010600","F_SAT_YMD":"20180828","F_END_YMD":"20180830","F_SAT_TM":"21","F_END_TM":"3","F_RSN_DTL":"침수","F_ZONE_NM":"도봉구 방학동646-2","INV_YR":"2018","F_YR":"2018","GU_NAM":"도봉구","F_SHIM":0.3},"geometry":{"type":"Polygon","coordinates":[[[127.03962098857696,37.669176961543386],[127.03962048407763,37.669076953726574],[127.03947664983694,37.669077450580495],[127.03949438265825,37.66917763304781],[127.03962098857696,37.669176961543386]]]}},{"type":"Feature","properties":{"F_DISA_NM":"2018년 8.26~9.1 호우","F_AVR_HGT":26.87,"F_AREA":117.11,"ADM_CD":"1132010600","F_SAT_YMD":"20180828","F_END_YMD":"20180830","F_SAT_TM":"21","F_END_TM":"3","F_RSN_DTL":"침수","F_ZONE_NM":"도봉구 방학동658-43","INV_YR":"2018","F_YR":"2018","GU_NAM":"도봉구","F_SHIM":0.3},"geometry":{"type":"Polygon","coordinates":[[[127.04050153762215,37.66760717906103],[127.04050107402803,37.66758762809961],[127.04049899193284,37.66750744218779],[127.04038043733959,37.667510364414866],[127.04038207683497,37.667611453048686],[127.04050153762215,37.66760717906103]]]}},{"type":"Feature","properties":{"F_DISA_NM":"2018년 8.26~9.1 호우","F_AVR_HGT":27.6,"F_AREA":174.57,"ADM_CD":"1132010600","F_SAT_YMD":"20180828","F_END_YMD":"20180830","F_SAT_TM":"21","F_END_TM":"3","F_RSN_DTL":"침수","F_ZONE_NM":"도봉구 방학동647-3","INV_YR":"2018","F_YR":"2018","GU_NAM":"도봉구","F_SHIM":0.3},"geometry":{"type":"Polygon","coordinates":[[[127.03955490299907,37.668499811686516],[127.03955440052455,37.66840358794342],[127.03936114858048,37.6684018481467],[127.03937615383145,37.66848824663314],[127.03937785906837,37.66849824688497],[127.03952214653212,37.668499642048744],[127.03955490299907,37.668499811686516]]]}},{"type":"Feature","properties":{"F_DISA_NM":"2018년 8.26~9.1 호우","F_AVR_HGT":30.6,"F_AREA":165.02,"ADM_CD":"1132010600","F_SAT_YMD":"20180828","F_END_YMD":"20180830","F_SAT_TM":"21","F_END_TM":"3","F_RSN_DTL":"침수","F_ZONE_NM":"도봉구 방학동627-33","INV_YR":"2018","F_YR":"2018","GU_NAM":"도봉구","F_SHIM":0.3},"geometry":{"type":"Polygon","coordinates":[[[127.03681202409881,37.66859049115249],[127.03690628293567,37.66849910426496],[127.03692712861947,37.66847891621728],[127.03689947182693,37.66847703247191],[127.03682078556719,37.668422907572996],[127.03671508422195,37.66852537977431],[127.03674274856344,37.66854321078073],[127.03681202409881,37.66859049115249]]]}},{"type":"Feature","properties":{"F_DISA_NM":"2018년 8.26~9.1 호우","F_AVR_HGT":27.74,"F_AREA":111.32,"ADM_CD":"1132010600","F_SAT_YMD":"20180828","F_END_YMD":"20180830","F_SAT_TM":"21","F_END_TM":"3","F_RSN_DTL":"침수","F_ZONE_NM":"도봉구 방학동658-1","INV_YR":"2018","F_YR":"2018","GU_NAM":"도봉구","F_SHIM":0.3},"geometry":{"type":"Polygon","coordinates":[[[127.03924212959879,37.667713993413436],[127.03935173227474,37.66771458899636],[127.0393489623495,37.66761665411782],[127.03922530580155,37.667616963998086],[127.03924212959879,37.667713993413436]]]}},{"type":"Feature","properties":{"F_DISA_NM":"2018년 8.26~9.1 호우","F_AVR_HGT":29.68,"F_AREA":164.62,"ADM_CD":"1132010600","F_SAT_YMD":"20180828","F_END_YMD":"20180830","F_SAT_TM":"21","F_END_TM":"3","F_RSN_DTL":"침수","F_ZONE_NM":"도봉구 방학동641-1","INV_YR":"2018","F_YR":"2018","GU_NAM":"도봉구","F_SHIM":0.3},"geometry":{"type":"Polygon","coordinates":[[[127.03729706338096,37.66772973569056],[127.03730148175646,37.66772558987462],[127.03738112616387,37.667651776000326],[127.03736377898836,37.66763979833119],[127.03725584132961,37.66756568099745],[127.03717359091623,37.66764138761924],[127.03729706338096,37.66772973569056]]]}},{"type":"Feature","properties":{"F_DISA_NM":"2018년 8.26~9.1 호우","F_AVR_HGT":29.05,"F_AREA":292.24,"ADM_CD":"1132010600","F_SAT_YMD":"20180828","F_END_YMD":"20180830","F_SAT_TM":"21","F_END_TM":"3","F_RSN_DTL":"침수","F_ZONE_NM":"도봉구 방학동643","INV_YR":"2018","F_YR":"2018","GU_NAM":"도봉구","F_SHIM":0.3},"geometry":{"type":"Polygon","coordinates":[[[127.03818409076365,37.668436006331184],[127.03819386013676,37.668480331161014],[127.03821267929291,37.66848861425959],[127.03829056344665,37.668522917075784],[127.03836067326604,37.66842162584828],[127.03837257712057,37.668427208162164],[127.03844620141656,37.668327988021964],[127.03835210383654,37.66828269850104],[127.0382545588815,37.66837165494335],[127.03818409076365,37.668436006331184]]]}},{"type":"Feature","properties":{"F_DISA_NM":"2018년 8.26~9.1 호우","F_AVR_HGT":27.74,"F_AREA":114.2,"ADM_CD":"1132010600","F_SAT_YMD":"20180828","F_END_YMD":"20180830","F_SAT_TM":"21","F_END_TM":"3","F_RSN_DTL":"침수","F_ZONE_NM":"도봉구 방학동660-14","INV_YR":"2018","F_YR":"2018","GU_NAM":"도봉구","F_SHIM":0.3},"geometry":{"type":"Polygon","coordinates":[[[127.03725695545967,37.66610691503512],[127.03732980210425,37.666042112967176],[127.03733954515567,37.66603337056852],[127.03725178929119,37.66596951817613],[127.03717021994201,37.666043692955036],[127.03725695545967,37.66610691503512]]]}},{"type":"Feature","properties":{"F_DISA_NM":"2018년 8.26~9.1 호우","F_AVR_HGT":28.84,"F_AREA":230.86,"ADM_CD":"1132010600","F_SAT_YMD":"20180828","F_END_YMD":"20180830","F_SAT_TM":"21","F_END_TM":"3","F_RSN_DTL":"침수","F_ZONE_NM":"도봉구 방학동637-12","INV_YR":"2018","F_YR":"2018","GU_NAM":"도봉구","F_SHIM":0.3},"geometry":{"type":"Polygon","coordinates":[[[127.03712734735706,37.666929993242675],[127.03719747601886,37.66686789500518],[127.03705405296121,37.666770993582425],[127.03703681951335,37.66675928612105],[127.0369518499601,37.66683580429297],[127.03694131375431,37.666845357772445],[127.03708145016324,37.66694280090568],[127.03710932012658,37.6669175652533],[127.03712734735706,37.666929993242675]]]}},{"type":"Feature","properties":{"F_DISA_NM":"2018년 8.26~9.1 호우","F_AVR_HGT":27.6,"F_AREA":117.1,"ADM_CD":"1132010600","F_SAT_YMD":"20180828","F_END_YMD":"20180830","F_SAT_TM":"21","F_END_TM":"3","F_RSN_DTL":"침수","F_ZONE_NM":"도봉구 방학동642-30","INV_YR":"2018","F_YR":"2018","GU_NAM":"도봉구","F_SHIM":0.3},"geometry":{"type":"Polygon","coordinates":[[[127.03903846886719,37.667971105955395],[127.03906099309819,37.66790947223816],[127.03893222070715,37.66788005133078],[127.03890052738707,37.66796520332411],[127.03902964025946,37.66799525483846],[127.03903846886719,37.667971105955395]]]}},{"type":"Feature","properties":{"F_DISA_NM":"2018년 8.26~9.1 호우","F_AVR_HGT":27.74,"F_AREA":115.19,"ADM_CD":"1132010600","F_SAT_YMD":"20180828","F_END_YMD":"20180830","F_SAT_TM":"21","F_END_TM":"3","F_RSN_DTL":"침수","F_ZONE_NM":"도봉구 방학동659-27","INV_YR":"2018","F_YR":"2018","GU_NAM":"도봉구","F_SHIM":0.3},"geometry":{"type":"Polygon","coordinates":[[[127.03910792142554,37.66746852110222],[127.0390906436273,37.667369779959365],[127.03897300204507,37.66738486361747],[127.03898993871299,37.66748171284229],[127.03910792142554,37.66746852110222]]]}},{"type":"Feature","properties":{"F_DISA_NM":"2018년 8.26~9.1 호우","F_AVR_HGT":98.55,"F_AREA":2481.15,"ADM_CD":"1132010800","F_SAT_YMD":"20180828","F_END_YMD":"20180830","F_SAT_TM":"21","F_END_TM":"3","F_RSN_DTL":"침수","F_ZONE_NM":"도봉구 도봉동산86-1","INV_YR":"2018","F_YR":"2018","GU_NAM":"도봉구","F_SHIM":0.3},"geometry":{"type":"Polygon","coordinates":[[[127.02272603610938,37.675995171712486],[127.02328157233276,37.675545305417884],[127.02347893419389,37.675199656039915],[127.02325563146879,37.67521609508351],[127.02293657429644,37.67533652328127],[127.02293465561011,37.67536553492358],[127.02283184643909,37.675376725592855],[127.02278548256241,37.6753698865737],[127.0228150266171,37.675621612776496],[127.02272603610938,37.675995171712486]]]}},{"type":"Feature","properties":{"F_DISA_NM":"2018년 8.26~9.1 호우","F_AVR_HGT":60.06,"F_AREA":56659.02,"ADM_CD":"1132010800","F_SAT_YMD":"20180828","F_END_YMD":"20180830","F_SAT_TM":"21","F_END_TM":"3","F_RSN_DTL":"침수","F_ZONE_NM":"도봉구 도봉동산69-7","INV_YR":"2018","F_YR":"2018","GU_NAM":"도봉구","F_SHIM":0.3},"geometry":{"type":"Polygon","coordinates":[[[127.03975957930592,37.68016372888473],[127.0397424736433,37.68040798768661],[127.03921406928305,37.680584387663586],[127.03916286127205,37.68019842801563],[127.03915000462835,37.680105812289305],[127.03914095968858,37.68004105337134],[127.0385638780243,37.68069433191822],[127.03871191330043,37.68157056967541],[127.03921490029786,37.68200287601196],[127.03903872429922,37.68243783077507],[127.03909972388243,37.68245601096551],[127.0391761606626,37.68228849612531],[127.03926559145786,37.682260717641455],[127.03932059491244,37.682303135750416],[127.03933299915343,37.68217330188623],[127.03941030977266,37.682165258437095],[127.03941974805005,37.68222228685519],[127.03948311990004,37.68222415851479],[127.03950522974905,37.682453808842624],[127.03954132017046,37.68253281234798],[127.0395468878038,37.682557767442255],[127.03954406852525,37.682586869705396],[127.0398833076635,37.6826842448895],[127.04013601937285,37.682504328671484],[127.04021738041396,37.68243663910493],[127.04073652107154,37.68208562962995],[127.04086593939249,37.68200233682889],[127.04219502842862,37.681180200565485],[127.04220436908587,37.68105478218952],[127.04057167520205,37.679896414981975],[127.04052109771756,37.67986129384164],[127.04046338488959,37.6798383381458],[127.04039699430083,37.67991314065023],[127.04037221244961,37.67999802029511],[127.04031181847989,37.68005110737063],[127.04024993840747,37.68008049936278],[127.04023491053371,37.68017519635825],[127.04019149944072,37.68018755390237],[127.04014596309345,37.68025514165369],[127.0400140292999,37.68029248498566],[127.03995994373072,37.680269257570075],[127.03991311524915,37.680249721749114],[127.03987374844357,37.68019090114432],[127.03990654712578,37.68013101193641],[127.03985716528602,37.68012801875307],[127.0398144415509,37.680154431084155],[127.03975957930592,37.68016372888473]]]}},{"type":"Feature","properties":{"F_DISA_NM":"2018년 8.26~9.1 호우","F_AVR_HGT":81.21,"F_AREA":50373.77,"ADM_CD":"1132010800","F_SAT_YMD":"20180828","F_END_YMD":"20180830","F_SAT_TM":"21","F_END_TM":"3","F_RSN_DTL":"침수","F_ZONE_NM":"도봉구 도봉동산66-9","INV_YR":"2018","F_YR":"2018","GU_NAM":"도봉구","F_SHIM":0.3},"geometry":{"type":"Polygon","coordinates":[[[127.03584026058813,37.68048493225093],[127.0360260091374,37.68039724060507],[127.03577647187434,37.68033730866551],[127.03573289625079,37.68031411229761],[127.03575038045886,37.68034708276641],[127.03567942448367,37.68051414337051],[127.03567272661077,37.680518136611724],[127.03550156934217,37.68051138371247],[127.03537889586677,37.68130020106862],[127.03552298564071,37.6813110613682],[127.03610127237526,37.681354590337946],[127.03599695905787,37.681558600685484],[127.03593772339363,37.681674572936245],[127.03584869960913,37.681848756544646],[127.0357693026465,37.6820039268017],[127.03573702283839,37.682067184321056],[127.03558814632643,37.68200397926293],[127.03550027189998,37.68196670441843],[127.03550210274246,37.68200400408295],[127.03556275844053,37.68325705667138],[127.03621530409141,37.683763392196845],[127.03663208758157,37.68337999598377],[127.03646663237491,37.68302434191495],[127.03740926362052,37.68277485038232],[127.03742612047522,37.682467794431396],[127.03722240757989,37.682003495928264],[127.03715715064767,37.68185215256343],[127.03778954588559,37.68148868835299],[127.03773158488416,37.68118922342886],[127.03788581954935,37.68084914953713],[127.03772118599424,37.680785411432474],[127.03773599850004,37.680474031299596],[127.03738627041788,37.68022601072601],[127.03716953804485,37.679783969898104],[127.0371133451062,37.67985543387989],[127.03706088795256,37.679916355346194],[127.03700957084928,37.67999097120664],[127.03698125075336,37.68003350556083],[127.03689906450418,37.68003515198784],[127.03682646752168,37.67993876982933],[127.03678572140053,37.679906202902075],[127.03677672842448,37.6798989527727],[127.03678292628155,37.67996446954087],[127.03680903118044,37.6799837335064],[127.03685179886361,37.68004795994476],[127.036832344807,37.68014103608576],[127.03684415875736,37.680192387900995],[127.03691015821673,37.68024075026533],[127.03687495480918,37.680589436621936],[127.0365928606743,37.68096738807561],[127.0364175401029,37.681319899909774],[127.03613048221804,37.681272953805276],[127.0362111502618,37.680685857421665],[127.03634641172809,37.680486342576515],[127.03632075179057,37.68040048760816],[127.0362681507884,37.68039825068768],[127.03607769040713,37.68037181809131],[127.0360260091374,37.68039724060507],[127.03608338643161,37.680480896988534],[127.03601789887227,37.680582563712484],[127.03590975271095,37.68061022807328],[127.03584026058813,37.68048493225093]],[[127.03588151199443,37.68122004950436],[127.03564811219924,37.681005505983464],[127.03579223469511,37.68084220825444],[127.03609016800957,37.68087725918206],[127.03600930712358,37.68105026928032],[127.03608552891045,37.681140524258865],[127.03588151199443,37.68122004950436]]]}},{"type":"Feature","properties":{"F_DISA_NM":"2018년 8.26~9.1 호우","F_AVR_HGT":66.5,"F_AREA":30291.34,"ADM_CD":"1132010800","F_SAT_YMD":"20180828","F_END_YMD":"20180830","F_SAT_TM":"21","F_END_TM":"3","F_RSN_DTL":"침수","F_ZONE_NM":"도봉구 도봉동산89-1","INV_YR":"2018","F_YR":"2018","GU_NAM":"도봉구","F_SHIM":0.3},"geometry":{"type":"Polygon","coordinates":[[[127.02547875776055,37.676706592595735],[127.02555271416303,37.676855598261],[127.02636669558888,37.677098872149074],[127.02657290748293,37.677145228570936],[127.02668373481085,37.67703907052818],[127.02684220001696,37.677016422231084],[127.02720088284505,37.67740862771192],[127.02755612794363,37.677359717181204],[127.02756032279514,37.67736151819837],[127.02759421115748,37.67734583380767],[127.02771574611053,37.6773910356528],[127.02774365504821,37.67745643998537],[127.02780659540886,37.67753282836202],[127.02790510798947,37.677546411038364],[127.02774044318608,37.67734886469746],[127.02770416064078,37.6773255375935],[127.02769575087024,37.677264813977025],[127.02757864547559,37.67724366707267],[127.027590295386,37.677169694732626],[127.02754062904411,37.67712402643955],[127.02745684336527,37.6770813388383],[127.02741329145296,37.677015577479715],[127.0274183837739,37.67699043925412],[127.02739204198923,37.67686656143755],[127.02737614652543,37.67679295554061],[127.02742610917271,37.6767136590744],[127.02756035506418,37.67680507813744],[127.02760422034127,37.67679452707792],[127.0276805036274,37.67677847289022],[127.02770396382495,37.67676540359641],[127.02778036924254,37.67677439632853],[127.02781710741736,37.67680466079125],[127.02789406446122,37.67677067697972],[127.02789798221764,37.67663021462379],[127.02787153720773,37.676536879869616],[127.0279511091602,37.67652550982429],[127.02795657112343,37.67658434205042],[127.02797646132656,37.67673326820564],[127.02801162422921,37.676796328328805],[127.02806041446507,37.67692812951002],[127.02813546235414,37.67694423999296],[127.02819905472924,37.676942153393014],[127.02811888027543,37.67685459705726],[127.0281746110423,37.67674088185756],[127.028121172158,37.67660637885277],[127.02811696238268,37.676562682676234],[127.02778557383589,37.67610335145617],[127.02759090688262,37.675677415185326],[127.02728337357595,37.67534448356233],[127.02682008795601,37.6749910424658],[127.02669491876051,37.67491214410443],[127.02635482419879,37.67481112714267],[127.0255352695392,37.6747831865085],[127.02565234777994,37.67508426743269],[127.0258537458317,37.67533397546589],[127.02610767433175,37.67572278225486],[127.02625265471708,37.675721310392284],[127.02638721781426,37.67575389728193],[127.02649130478837,37.67583496275532],[127.02655038363869,37.675897117287136],[127.02653522532366,37.67599028098322],[127.0266045179921,37.676087120732156],[127.02662436520512,37.67611684857756],[127.02666235591057,37.67616612364049],[127.02677517376371,37.67625196214646],[127.02683968339073,37.6762821308703],[127.0269215671191,37.67640212269752],[127.02693621329057,37.676470323099736],[127.02694579018842,37.67663150486815],[127.0269467129317,37.67667808490389],[127.0270141875234,37.67675870730302],[127.02706996179244,37.67676716436933],[127.02709310861434,37.676831578825485],[127.0271202190279,37.676884550076686],[127.02701355525214,37.676898628333745],[127.02692104606339,37.676868826129386],[127.02677562404804,37.67691165350546],[127.02665932263098,37.67691915641233],[127.02664980045736,37.67691852776112],[127.02550591387094,37.67655306150585],[127.02547875776055,37.676706592595735]],[[127.02729489583541,37.677195617531545],[127.02724962267726,37.67706913100486],[127.02730946623693,37.67704344024639],[127.02738838691744,37.677113428458696],[127.02739917272591,37.67716207855834],[127.02729489583541,37.677195617531545]]]}},{"type":"Feature","properties":{"F_DISA_NM":"2018년 8.26~9.1 호우","F_AVR_HGT":53,"F_AREA":1881.58,"ADM_CD":"1132010800","F_SAT_YMD":"20180828","F_END_YMD":"20180830","F_SAT_TM":"21","F_END_TM":"3","F_RSN_DTL":"침수","F_ZONE_NM":"도봉구 도봉동468-2","INV_YR":"2018","F_YR":"2018","GU_NAM":"도봉구","F_SHIM":0.3},"geometry":{"type":"Polygon","coordinates":[[[127.03093135360659,37.677156286412135],[127.0309512858996,37.67713802775663],[127.03098676409105,37.67710289902735],[127.03101394700941,37.67707405213357],[127.03103361704069,37.677052009448786],[127.03104847116535,37.677034436785405],[127.03091613245101,37.67701944163247],[127.03087759624125,37.67703242522038],[127.03070758334493,37.67708958900843],[127.03012013005034,37.67728695557757],[127.03006368691346,37.67730985392632],[127.02987109658048,37.67731954076666],[127.02981097562596,37.67720999705947],[127.02963561189289,37.6772093182097],[127.02957768722041,37.6772114943333],[127.02957043246647,37.677211766350105],[127.02964676142666,37.67731671136152],[127.02950668762867,37.6774120674668],[127.0291929538228,37.67751863631833],[127.02944527670442,37.677488934892224],[127.02962141587571,37.67743997030896],[127.02994379028536,37.67740259284917],[127.03016788822178,37.677377401532105],[127.03048400211429,37.677274883872684],[127.03084635903727,37.677157668040344],[127.03093135360659,37.677156286412135]]]}},{"type":"Feature","properties":{"F_DISA_NM":"2018년 8.26~9.1 호우","F_AVR_HGT":57.37,"F_AREA":5231.32,"ADM_CD":"1132010800","F_SAT_YMD":"20180828","F_END_YMD":"20180830","F_SAT_TM":"21","F_END_TM":"3","F_RSN_DTL":"침수","F_ZONE_NM":"도봉구 도봉동산66-10","INV_YR":"2018","F_YR":"2018","GU_NAM":"도봉구","F_SHIM":0.3},"geometry":{"type":"Polygon","coordinates":[[[127.03680903118044,37.6799837335064],[127.03679855755622,37.680129423668504],[127.03658498439215,37.68012948735087],[127.03658017309614,37.680022993995586],[127.03657732248635,37.67998776687194],[127.03653854960635,37.679980750814266],[127.03648864973711,37.680177807999904],[127.03649261203918,37.6804079148387],[127.03632075179057,37.68040048760816],[127.03634641172809,37.680486342576515],[127.0362111502618,37.680685857421665],[127.03613048221804,37.681272953805276],[127.0364175401029,37.681319899909774],[127.0365928606743,37.68096738807561],[127.03687495480918,37.680589436621936],[127.03691015821673,37.68024075026533],[127.03684415875736,37.680192387900995],[127.036832344807,37.68014103608576],[127.03685179886361,37.68004795994476],[127.03680903118044,37.6799837335064]],[[127.03665715575889,37.680285153678966],[127.03675784557086,37.680337019576186],[127.03670278412133,37.68040569000747],[127.03659529406806,37.68035706958199],[127.03665715575889,37.680285153678966]]]}},{"type":"Feature","properties":{"F_DISA_NM":"2018년 8.26~9.1 호우","F_AVR_HGT":40.03,"F_AREA":10271.68,"ADM_CD":"1132010600","F_SAT_YMD":"20180828","F_END_YMD":"20180830","F_SAT_TM":"21","F_END_TM":"3","F_RSN_DTL":"침수","F_ZONE_NM":"도봉구 방학동산12-1","INV_YR":"2018","F_YR":"2018","GU_NAM":"도봉구","F_SHIM":0.3},"geometry":{"type":"Polygon","coordinates":[[[127.03549024895902,37.67042525967994],[127.03556829933719,37.67032549951059],[127.03577148502266,37.67022786535559],[127.03585444851151,37.67021450684305],[127.0358233369688,37.67009585779724],[127.03579697533074,37.669953872168605],[127.03577294370933,37.66970232757353],[127.03582578193328,37.669497611216116],[127.03585828412358,37.66943696629385],[127.03585227528782,37.669433634443614],[127.0356272271004,37.669307383344155],[127.03554106274804,37.66925902598691],[127.03554083597578,37.66925884585775],[127.03553528235773,37.66925947814018],[127.03546231356187,37.669315269372596],[127.03543015622053,37.66938708615014],[127.0354127177726,37.669423850850116],[127.035393809012,37.66946764355693],[127.03537920068327,37.669496749170406],[127.03536867097817,37.66952188933167],[127.03533184810371,37.669553614132006],[127.03524856813253,37.669617607036216],[127.03519109716989,37.66960708207316],[127.03511006017868,37.66961836733466],[127.03502234213147,37.66964379970978],[127.03459123253874,37.66977258025942],[127.03454725643766,37.67003306378207],[127.03473716829528,37.6704152030501],[127.03492762092526,37.67048218162959],[127.03511873765238,37.670512940613754],[127.0352159846708,37.67050264178853],[127.03549024895902,37.67042525967994]]]}},{"type":"Feature","properties":{"F_DISA_NM":"2018년 8.26~9.1 호우","F_AVR_HGT":85.18,"F_AREA":1345.23,"ADM_CD":"1132010800","F_SAT_YMD":"20180828","F_END_YMD":"20180830","F_SAT_TM":"21","F_END_TM":"3","F_RSN_DTL":"침수","F_ZONE_NM":"도봉구 도봉동537","INV_YR":"2018","F_YR":"2018","GU_NAM":"도봉구","F_SHIM":0.3},"geometry":{"type":"Polygon","coordinates":[[[127.02504082634991,37.67695237569161],[127.02503469135488,37.676908859985595],[127.02508590075892,37.67682091493575],[127.02514485500885,37.67684883326424],[127.02526954577375,37.67684421327104],[127.02532792926931,37.67685942792289],[127.02532270795953,37.676837805657435],[127.02527974309609,37.67682925508851],[127.02520615075957,37.6767539486592],[127.02507474127027,37.67666099469738],[127.02486677180403,37.676786541391365],[127.02475354800858,37.676848550593995],[127.02468669614426,37.676940282653],[127.02449636253041,37.67691536296464],[127.0244971690281,37.67695752827922],[127.0246173454335,37.67701642835324],[127.02470384602687,37.677046413739134],[127.02479886768162,37.677137933739786],[127.02504082634991,37.67695237569161]]]}},{"type":"Feature","properties":{"F_DISA_NM":"2018년 8.26~9.1 호우","F_AVR_HGT":60.22,"F_AREA":23911.04,"ADM_CD":"1132010800","F_SAT_YMD":"20180828","F_END_YMD":"20180830","F_SAT_TM":"21","F_END_TM":"3","F_RSN_DTL":"침수","F_ZONE_NM":"도봉구 도봉동산79","INV_YR":"2018","F_YR":"2018","GU_NAM":"도봉구","F_SHIM":0.3},"geometry":{"type":"Polygon","coordinates":[[[127.03136134109009,37.67716012467479],[127.03133762786081,37.67716278853743],[127.0313820680641,37.67768252975244],[127.03140474248562,37.6776896416849],[127.03141406529883,37.67775811315549],[127.03136818113282,37.677822544235134],[127.03136841618559,37.677843356616556],[127.03136901004369,37.67791092932587],[127.03146354913859,37.677906850994034],[127.03149766019946,37.67788260619796],[127.03153230939766,37.677787274606125],[127.03160847705668,37.677765181401256],[127.03161938649721,37.67783221089564],[127.03154833183228,37.67788394476692],[127.03150972315582,37.677999369031774],[127.03144980944093,37.678130926077834],[127.03133358460177,37.678333403785096],[127.03112840340948,37.67832913080212],[127.03104611668803,37.67835888348354],[127.03100216888214,37.678448451030974],[127.03092126244361,37.67852928835612],[127.03087207256924,37.678549572461954],[127.03077484790956,37.678645099577565],[127.030782225711,37.67866915368244],[127.03079515717074,37.67869077378596],[127.03050707041487,37.678877886577844],[127.03024859704988,37.67913733944515],[127.03027469986651,37.67921508690501],[127.03056450085253,37.67934944081489],[127.03065910788031,37.67951429521614],[127.03069630004258,37.67953951321664],[127.03087273636451,37.67965911841941],[127.03098231368973,37.679838023976494],[127.03119255365436,37.68000987657259],[127.03158073671575,37.67953136259529],[127.03157719960643,37.679193499284644],[127.03168118171529,37.67898967304104],[127.03183544971996,37.67867483411833],[127.03182692387654,37.67861609297768],[127.03180299906877,37.67860132319207],[127.03211222722246,37.678562681826705],[127.03226017428703,37.67859498823607],[127.03236658379814,37.67851089983038],[127.03250111017584,37.67843662453413],[127.03266308769558,37.678406759728304],[127.0326671661693,37.678400902337536],[127.03276710227124,37.67829005642656],[127.03280444087142,37.67812381730509],[127.03220731015635,37.67822569383303],[127.03196917678295,37.67802952396764],[127.03180373507928,37.677623048230934],[127.03178653885668,37.67714896142231],[127.03181737638208,37.67688100455423],[127.03167171779779,37.67689257431217],[127.03158802910308,37.67695499696741],[127.03149550367382,37.677058623239326],[127.0314405000875,37.6771080645047],[127.03139261983173,37.677140655771886],[127.03136134109009,37.67716012467479]]]}},{"type":"Feature","properties":{"F_DISA_NM":"2018년 8.26~9.1 호우","F_AVR_HGT":48.58,"F_AREA":1898.73,"ADM_CD":"1132010800","F_SAT_YMD":"20180828","F_END_YMD":"20180830","F_SAT_TM":"21","F_END_TM":"3","F_RSN_DTL":"침수","F_ZONE_NM":"도봉구 도봉동산70-4","INV_YR":"2018","F_YR":"2018","GU_NAM":"도봉구","F_SHIM":0.3},"geometry":{"type":"Polygon","coordinates":[[[127.03916286127205,37.68019842801563],[127.03921406928305,37.680584387663586],[127.0397424736433,37.68040798768661],[127.03975957930592,37.68016372888473],[127.03966539680324,37.68020475356429],[127.03961528965837,37.68020224703863],[127.03954448705947,37.68007505276529],[127.03952587872901,37.68004163273436],[127.03943292741161,37.68005157332925],[127.03943299012737,37.680174826155515],[127.03916286127205,37.68019842801563]]]}},{"type":"Feature","properties":{"F_DISA_NM":"2018년 8.26~9.1 호우","F_AVR_HGT":59.34,"F_AREA":3943.33,"ADM_CD":"1132010800","F_SAT_YMD":"20180828","F_END_YMD":"20180830","F_SAT_TM":"21","F_END_TM":"3","F_RSN_DTL":"침수","F_ZONE_NM":"도봉구 도봉동468-1","INV_YR":"2018","F_YR":"2018","GU_NAM":"도봉구","F_SHIM":0.3},"geometry":{"type":"Polygon","coordinates":[[[127.03268619821802,37.67587808681168],[127.032686685611,37.67587800559545],[127.03269422316654,37.675876670165486],[127.03270531985284,37.67587481123057],[127.03271642791177,37.67587304238876],[127.03272757001442,37.67587136363407],[127.0327387234898,37.67586977497251],[127.03274991101279,37.675868285407766],[127.03276110990858,37.675866885936124],[127.03277232018108,37.67586558556732],[127.03278355315817,37.67586436627888],[127.03279479751573,37.67586325510298],[127.0328060645781,37.675862225007414],[127.03281734301729,37.67586129401466],[127.03282862149399,37.67586045311802],[127.03283897052711,37.67585977464195],[127.03285027178421,37.67585919501899],[127.03286160715751,37.67585887666768],[127.03287294263691,37.67585881058736],[127.03288427822243,37.675858996778004],[127.03289559124703,37.67585944425539],[127.03290689304627,37.675860153016494],[127.03291817228103,37.6758611140546],[127.03292939494489,37.67586232737878],[127.03294058370889,37.675863792983],[127.03295171590226,37.67586551087338],[127.03296276885402,37.67586748105588],[127.03297375389977,37.67586970352758],[127.03298465970035,37.67587216928174],[127.03299546358869,37.67587488733419],[127.03300617689264,37.67587783966248],[127.03301677694519,37.67588103528241],[127.03302725241088,37.67588447419707],[127.03303760328602,37.67588814739674],[127.03304551674145,37.675891145518065],[127.03305561841255,37.675895233229724],[127.03306557281846,37.67589954622287],[127.03307535728818,37.67590408450357],[127.03308498315731,37.675908848068815],[127.03309442775105,37.67591382791501],[127.03310369106951,37.675919024042216],[127.03311276177331,37.67592442744378],[127.03312162852698,37.675930038122786],[127.03313029133056,37.675935856079285],[127.03313873884098,37.6759418632969],[127.03314695972264,37.67594805977875],[127.03315495397558,37.67595444552485],[127.0331611567202,37.67595966048768],[127.03316875436238,37.675966352669604],[127.0331761593595,37.67597318004852],[127.03318336037209,37.67598013361774],[127.03319035740408,37.67598722238704],[127.03319715045147,37.675994437346745],[127.03320372817497,37.676001769490234],[127.03321009057836,37.67600922782719],[127.03321624898948,37.676016794335276],[127.03322218073724,37.67602446902049],[127.03322788582537,37.67603226089269],[127.03323336424239,37.6760401429227],[127.03323386332409,37.67604089059507],[127.03323919440727,37.676048835732445],[127.03324451415989,37.67605678988232],[127.0332498112502,37.67606476205745],[127.03325508567065,37.676072734238474],[127.03326034876046,37.67608071543199],[127.03326558918417,37.676088705641085],[127.03327080694177,37.676096704865756],[127.03327600203325,37.67610471310599],[127.0332811857903,37.676112721349064],[127.03328634688503,37.67612074761741],[127.03329148530979,37.67612877389165],[127.03329661240392,37.676136809178416],[127.03330171683197,37.67614485348075],[127.03330679859383,37.67615290679871],[127.03331185768953,37.67616096913227],[127.03331690545457,37.67616904047832],[127.03332193054966,37.67617711183029],[127.03332693298242,37.67618520120758],[127.0333319127451,37.676193290590774],[127.03333688117725,37.67620138898647],[127.03334182694309,37.67620949639784],[127.0333467500428,37.67621761282481],[127.03335166181186,37.67622573826429],[127.03335655091082,37.67623386370972],[127.03336141734363,37.67624199817076],[127.03336626111019,37.676250141647415],[127.03337109354612,37.676258294136616],[127.03337590331581,37.67626645564148],[127.0333806904193,37.67627462616198],[127.03338126896088,37.67627562608429],[127.03338645301085,37.6762842650026],[127.03339136478478,37.67629238143064],[127.03339629923094,37.67630049785236],[127.03340125634156,37.67630859624828],[127.03340623612448,37.67631669463783],[127.03341124990745,37.67632477499858],[127.03341627502326,37.676332846346305],[127.03342133414301,37.67634090867491],[127.03342641593116,37.676348961987394],[127.03343153172337,37.67635700628076],[127.03343665884833,37.67636504156111],[127.03344181997346,37.67637305881261],[127.03344700377089,37.6763810760577],[127.03345221023285,37.67638907527701],[127.03345743936325,37.67639706548018],[127.03346270250151,37.67640505567393],[127.0334679769688,37.67641302784493],[127.03347328543629,37.67642098198704],[127.03347861657609,37.676428936122754],[127.03348397038432,37.67643688124237],[127.03348935819277,37.67644480833308],[127.03349475733405,37.67645272641076],[127.03350019047942,37.67646063546922],[127.03350564629335,37.67646853551155],[127.03351112477183,37.67647641752804],[127.0335166259227,37.676484299538146],[127.03352214973816,37.676492163522354],[127.03352770755774,37.676500018487395],[127.0335332880459,37.67650786443626],[127.03353887986306,37.67651569236235],[127.03354450568817,37.676523520278955],[127.03355015417795,37.67653133016968],[127.03355583667188,37.676539131041174],[127.0335615304949,37.67654691388988],[127.03356724699024,37.67655469673211],[127.03357299748593,37.67656246154538],[127.03357877065017,37.676570217342515],[127.03358456648299,37.67657796412348],[127.03359038498046,37.67658569287855],[127.03359622614646,37.6765934126174],[127.0336020899811,37.67660112334012],[127.03360797648428,37.676608825046614],[127.03361389698779,37.67661650872414],[127.03361982882417,37.676624183388576],[127.03362579466489,37.676631849033704],[127.03363178317026,37.67663949665293],[127.03363778300866,37.67664713525906],[127.03364381685121,37.676654764845864],[127.03365108627074,37.67666237607638],[127.03365793608691,37.67666955495438],[127.03366478590445,37.67667673383196],[127.03367164705502,37.676683903696315],[127.03367849687518,37.67669108257307],[127.03368534669667,37.67669826144944],[127.03369220785122,37.67670543131259],[127.03369905767538,37.676712610188126],[127.03370591883254,37.67671978005044],[127.03371276865929,37.67672695892519],[127.03371962981915,37.67673412878673],[127.03372649098417,37.676741307657515],[127.03373335214663,37.67674847751821],[127.0337402019787,37.67675565639132],[127.0337470631438,37.67676282625118],[127.03375392431028,37.67676999611066],[127.03376078547797,37.676777165969725],[127.03376764665096,37.67678434483809],[127.0337745078214,37.67679151469635],[127.03378138032869,37.676798684551066],[127.03378824150178,37.67680585440848],[127.03379510267615,37.676813024265535],[127.03380196385186,37.67682019412213],[127.03380883636447,37.67682736397524],[127.03381569754275,37.67683453383103],[127.03382257005808,37.676841703683294],[127.03382943123908,37.676848873538304],[127.03383630375309,37.67685603438003],[127.03384316493668,37.67686320423418],[127.03385003745731,37.67687037408482],[127.03385690997526,37.67687753492536],[127.03386378249853,37.676884704775176],[127.0338706436874,37.67689187462769],[127.03387751620934,37.67689903546699],[127.03388438873655,37.67690620531558],[127.03389126126118,37.676913366154025],[127.033898133791,37.676920536001816],[127.03390500631825,37.67692769683946],[127.03391189018248,37.676934857673594],[127.03391876271631,37.676942027520134],[127.03392563524751,37.67694918835655],[127.03393250778007,37.67695634919255],[127.03393939164957,37.67696351002505],[127.03394626418478,37.67697067086024],[127.03395314805692,37.6769778316919],[127.03396002059867,37.67698500153598],[127.03396690447352,37.67699216236682],[127.03397377701398,37.67699932320037],[127.03398066088751,37.677006475020676],[127.03398620648466,37.6770120955572],[127.03399322635735,37.677019175261606],[127.03400026889489,37.6770262369399],[127.0340073340973,37.67703328059213],[127.03401443330023,37.67704030621506],[127.03402154383234,37.677047313815066],[127.03402868836886,37.677054312395484],[127.03403586690597,37.67706129294672],[127.03404305676831,37.6770682464652],[127.03405028063511,37.67707519096416],[127.03405752717077,37.677082126446685],[127.03406480770306,37.67708903489024],[127.03407209956444,37.67709592531079],[127.03407942543033,37.677102806711765],[127.03408677395718,37.67710966107687],[127.03409414515285,37.67711650642551],[127.0341015503491,37.6771233337449],[127.03410896687447,37.67713014304122],[127.03411641740043,37.67713693430828],[127.03412389059127,37.67714370754915],[127.034131386451,37.67715047177354],[127.03413891630726,37.67715720895892],[127.03414645749281,37.677163928121225],[127.03415403268279,37.67717063826393],[127.03416163053369,37.677177321370706],[127.03416925105356,37.677183995461014],[127.03417689423425,37.67719064251537],[127.03418456008379,37.67719728055327],[127.03419225993004,37.67720389155207],[127.03419997110937,37.677210493537565],[127.03420771628929,37.67721707749365],[127.03421548413016,37.67722363441377],[127.03422327463984,37.677230182317366],[127.03423108781445,37.677236712194784],[127.03423892365002,37.677243215036185],[127.03424678215436,37.677249708861105],[127.03425467465932,37.67725618465662],[127.03426257848953,37.67726263341928],[127.0342698924162,37.67726806424734],[127.03427834016952,37.67727407138186],[127.03428695789268,37.67727992530341],[127.03433376156183,37.67725070279535],[127.03439899199111,37.677209978736855],[127.0344830797334,37.67715742862706],[127.03423310955816,37.67685846574409],[127.03401616051363,37.67663400357933],[127.03387543507684,37.67651808721068],[127.03374933785778,37.67641342882197],[127.03358581549291,37.67626670509743],[127.03341877651336,37.676112413930895],[127.03330072604258,37.676001175785125],[127.03317723189392,37.675882911400286],[127.03293019111477,37.67578801501486],[127.03269898161865,37.675870785562196],[127.03268619821802,37.67587808681168]]]}},{"type":"Feature","properties":{"F_DISA_NM":"2018년 8.26~9.1 호우","F_AVR_HGT":61.2,"F_AREA":30397.92,"ADM_CD":"1132010800","F_SAT_YMD":"20180828","F_END_YMD":"20180830","F_SAT_TM":"21","F_END_TM":"3","F_RSN_DTL":"침수","F_ZONE_NM":"도봉구 도봉동산91-4","INV_YR":"2018","F_YR":"2018","GU_NAM":"도봉구","F_SHIM":0.3},"geometry":{"type":"Polygon","coordinates":[[[127.03146940914134,37.67669252005167],[127.0315525255334,37.67664500870437],[127.03163563048386,37.676597497300996],[127.03192971878504,37.676395667266846],[127.03184127667606,37.67633541502723],[127.03194361589526,37.67628381705705],[127.03196040607268,37.67626144159799],[127.03201091951273,37.67621128046649],[127.03202340660462,37.676199807868215],[127.03203437541076,37.676190002458995],[127.03206559396297,37.67616338868431],[127.03208492602963,37.67614781488539],[127.0321057428822,37.67613184427072],[127.03212950646059,37.676114638556434],[127.03214768325716,37.67610145262198],[127.03215880007974,37.676093313960315],[127.03217428017494,37.67608296678307],[127.03218799230744,37.676073557074005],[127.0320805661941,37.67599257858456],[127.03180376142794,37.67601427329394],[127.0316133437399,37.67606189333326],[127.03095623095923,37.675796092275164],[127.03069440088186,37.67584697212966],[127.03057399948996,37.67579997111897],[127.03015297565314,37.67573898817779],[127.02992305610718,37.675644982305876],[127.02897831032188,37.67551654722183],[127.02834426982976,37.67506692794831],[127.02869004417416,37.67581231291596],[127.02914846378701,37.67584464142327],[127.02919381369996,37.676476392169455],[127.02926624617253,37.67647096932459],[127.02932384449717,37.67650708472701],[127.029362505373,37.67652437426441],[127.02940105301171,37.67654193410737],[127.02944300425581,37.67656724148837],[127.02942411399492,37.67667464178001],[127.02942718615442,37.67670545428359],[127.0294340096074,37.67676437621437],[127.02966916963959,37.67691991813216],[127.02968776558353,37.67693432923895],[127.02993627820051,37.677025357864515],[127.0301067746592,37.67704558853057],[127.03019326002067,37.6770301609258],[127.03052948494123,37.67705197232915],[127.0306905545524,37.67702508365497],[127.0309798224249,37.676977530564386],[127.03103661095118,37.67696940762385],[127.03099778459952,37.676821928279715],[127.0311120386038,37.676798294216475],[127.03086393719009,37.676601764182195],[127.03100607056004,37.6765630770555],[127.03126839456118,37.67660787958115],[127.03146940914134,37.67669252005167]]]}},{"type":"Feature","properties":{"F_DISA_NM":"2018년 8.26~9.1 호우","F_AVR_HGT":36.13,"F_AREA":46.01,"ADM_CD":"1132010800","F_SAT_YMD":"20180828","F_END_YMD":"20180830","F_SAT_TM":"21","F_END_TM":"3","F_RSN_DTL":"침수","F_ZONE_NM":"도봉구 도봉동342-3","INV_YR":"2018","F_YR":"2018","GU_NAM":"도봉구","F_SHIM":0.3},"geometry":{"type":"Polygon","coordinates":[[[127.04179638516145,37.69018297417231],[127.04183228846364,37.690114308026885],[127.04176540056734,37.690122439595456],[127.04171566454201,37.69018984907811],[127.04179638516145,37.69018297417231]]]}},{"type":"Feature","properties":{"F_DISA_NM":"2018년 8.26~9.1 호우","F_AVR_HGT":46.84,"F_AREA":210.66,"ADM_CD":"1132010800","F_SAT_YMD":"20180828","F_END_YMD":"20180830","F_SAT_TM":"21","F_END_TM":"3","F_RSN_DTL":"침수","F_ZONE_NM":"도봉구 도봉동282-318","INV_YR":"2018","F_YR":"2018","GU_NAM":"도봉구","F_SHIM":0.3},"geometry":{"type":"Polygon","coordinates":[[[127.0420832996313,37.688439679717256],[127.04222264626173,37.68845747091401],[127.04220331541349,37.68835269479389],[127.0420110207635,37.68833023671981],[127.04199055356966,37.68842871974568],[127.0420832996313,37.688439679717256]]]}},{"type":"Feature","properties":{"F_DISA_NM":"2018년 8.26~9.1 호우","F_AVR_HGT":37.26,"F_AREA":226.91,"ADM_CD":"1132010800","F_SAT_YMD":"20180828","F_END_YMD":"20180830","F_SAT_TM":"21","F_END_TM":"3","F_RSN_DTL":"침수","F_ZONE_NM":"도봉구 도봉동290-5","INV_YR":"2018","F_YR":"2018","GU_NAM":"도봉구","F_SHIM":0.3},"geometry":{"type":"Polygon","coordinates":[[[127.04379296119458,37.68860143410707],[127.04394465567685,37.68860047867093],[127.04394717645623,37.688448033675364],[127.04379684159878,37.68844691639682],[127.04379296119458,37.68860143410707]]]}},{"type":"Feature","properties":{"F_DISA_NM":"2018년 8.26~9.1 호우","F_AVR_HGT":48.9,"F_AREA":330.31,"ADM_CD":"1132010800","F_SAT_YMD":"20180828","F_END_YMD":"20180830","F_SAT_TM":"21","F_END_TM":"3","F_RSN_DTL":"침수","F_ZONE_NM":"도봉구 도봉동554-21","INV_YR":"2018","F_YR":"2018","GU_NAM":"도봉구","F_SHIM":0.3},"geometry":{"type":"Polygon","coordinates":[[[127.04033006040338,37.686659772829316],[127.04034525147802,37.686658416374705],[127.04051371320143,37.686642503728045],[127.04048448266995,37.68646267975513],[127.04030060234645,37.68647760636383],[127.04033006040338,37.686659772829316]]]}},{"type":"Feature","properties":{"F_DISA_NM":"2018년 8.26~9.1 호우","F_AVR_HGT":48.9,"F_AREA":190.29,"ADM_CD":"1132010800","F_SAT_YMD":"20180828","F_END_YMD":"20180830","F_SAT_TM":"21","F_END_TM":"3","F_RSN_DTL":"침수","F_ZONE_NM":"도봉구 도봉동554-19","INV_YR":"2018","F_YR":"2018","GU_NAM":"도봉구","F_SHIM":0.3},"geometry":{"type":"Polygon","coordinates":[[[127.04070891785568,37.68660252605679],[127.0408321262234,37.6865525713123],[127.04079024831823,37.68646933562458],[127.04079011841809,37.686437981907666],[127.04063843425743,37.686450285505884],[127.04070891785568,37.68660252605679]]]}},{"type":"Feature","properties":{"F_DISA_NM":"2018년 8.26~9.1 호우","F_AVR_HGT":39.5,"F_AREA":179.02,"ADM_CD":"1132010800","F_SAT_YMD":"20180828","F_END_YMD":"20180830","F_SAT_TM":"21","F_END_TM":"3","F_RSN_DTL":"침수","F_ZONE_NM":"도봉구 도봉동558-17","INV_YR":"2018","F_YR":"2018","GU_NAM":"도봉구","F_SHIM":0.3},"geometry":{"type":"Polygon","coordinates":[[[127.04460045409034,37.686318264259114],[127.0446002629782,37.686183839583975],[127.04446319825443,37.68618479053707],[127.0444646357323,37.68631840388556],[127.04460045409034,37.686318264259114]]]}},{"type":"Feature","properties":{"F_DISA_NM":"2018년 8.26~9.1 호우","F_AVR_HGT":38.55,"F_AREA":179.98,"ADM_CD":"1132010800","F_SAT_YMD":"20180828","F_END_YMD":"20180830","F_SAT_TM":"21","F_END_TM":"3","F_RSN_DTL":"침수","F_ZONE_NM":"도봉구 도봉동573-20","INV_YR":"2018","F_YR":"2018","GU_NAM":"도봉구","F_SHIM":0.3},"geometry":{"type":"Polygon","coordinates":[[[127.04186475042613,37.68536681613659],[127.04195858164945,37.68529542715724],[127.0419619680579,37.685268396887295],[127.04196196796009,37.685268216693245],[127.04189276997096,37.68518949559459],[127.04176923458662,37.68525819175197],[127.04186475042613,37.68536681613659]]]}},{"type":"Feature","properties":{"F_DISA_NM":"2018년 8.26~9.1 호우","F_AVR_HGT":38.55,"F_AREA":207.13,"ADM_CD":"1132010800","F_SAT_YMD":"20180828","F_END_YMD":"20180830","F_SAT_TM":"21","F_END_TM":"3","F_RSN_DTL":"침수","F_ZONE_NM":"도봉구 도봉동573-22","INV_YR":"2018","F_YR":"2018","GU_NAM":"도봉구","F_SHIM":0.3},"geometry":{"type":"Polygon","coordinates":[[[127.04191135690937,37.685179128072456],[127.04192994389149,37.68516885064436],[127.04208328607733,37.68508365631384],[127.04201057153908,37.6850009722216],[127.0419176369888,37.68505262968845],[127.04183864246853,37.68509644387553],[127.04191135690937,37.685179128072456]]]}},{"type":"Feature","properties":{"F_DISA_NM":"2018년 8.26~9.1 호우","F_AVR_HGT":41.15,"F_AREA":201.66,"ADM_CD":"1132010500","F_SAT_YMD":"20180828","F_END_YMD":"20180830","F_SAT_TM":"21","F_END_TM":"3","F_RSN_DTL":"침수","F_ZONE_NM":"도봉구 쌍문동423-10","INV_YR":"2018","F_YR":"2018","GU_NAM":"도봉구","F_SHIM":0.3},"geometry":{"type":"Polygon","coordinates":[[[127.01342986417211,37.652074147611785],[127.01345205693656,37.651963235290246],[127.01326904383058,37.65194208073175],[127.01324889045509,37.65205245223133],[127.01342986417211,37.652074147611785]]]}},{"type":"Feature","properties":{"F_DISA_NM":"2018년 8.26~9.1 호우","F_AVR_HGT":34.8,"F_AREA":211.11,"ADM_CD":"1132010800","F_SAT_YMD":"20180828","F_END_YMD":"20180830","F_SAT_TM":"21","F_END_TM":"3","F_RSN_DTL":"침수","F_ZONE_NM":"도봉구 도봉동576-19","INV_YR":"2018","F_YR":"2018","GU_NAM":"도봉구","F_SHIM":0.3},"geometry":{"type":"Polygon","coordinates":[[[127.04327412134145,37.68367880806035],[127.04330110125943,37.68367627578895],[127.04328653457672,37.68357690389649],[127.04327287789582,37.683482937501836],[127.0432715124972,37.68347401837652],[127.04323264469198,37.683504304739415],[127.04307841092371,37.68340561280742],[127.0430552952027,37.68342544230243],[127.0430588107717,37.68342760339382],[127.0432163318917,37.683525753606666],[127.04314279686375,37.68359731664112],[127.04316683899064,37.683612264265804],[127.04327412134145,37.68367880806035]]]}},{"type":"Feature","properties":{"F_DISA_NM":"2018년 8.26~9.1 호우","F_AVR_HGT":36.29,"F_AREA":553.57,"ADM_CD":"1132010800","F_SAT_YMD":"20180828","F_END_YMD":"20180830","F_SAT_TM":"21","F_END_TM":"3","F_RSN_DTL":"침수","F_ZONE_NM":"도봉구 도봉동585-7","INV_YR":"2018","F_YR":"2018","GU_NAM":"도봉구","F_SHIM":0.3},"geometry":{"type":"Polygon","coordinates":[[[127.0425642359053,37.680625757355145],[127.04252486452732,37.68056279317453],[127.04239603538713,37.68047229030123],[127.0422770728427,37.680388721354014],[127.04216252009634,37.68049174187022],[127.0422921400079,37.68057764977277],[127.04227559725456,37.68059252151167],[127.04243561026631,37.68069968166525],[127.0425642359053,37.680625757355145]]]}},{"type":"Feature","properties":{"F_DISA_NM":"2018년 8.26~9.1 호우","F_AVR_HGT":36.29,"F_AREA":361.03,"ADM_CD":"1132010800","F_SAT_YMD":"20180828","F_END_YMD":"20180830","F_SAT_TM":"21","F_END_TM":"3","F_RSN_DTL":"침수","F_ZONE_NM":"도봉구 도봉동585-3","INV_YR":"2018","F_YR":"2018","GU_NAM":"도봉구","F_SHIM":0.3},"geometry":{"type":"Polygon","coordinates":[[[127.04252486452732,37.68056279317453],[127.0427035479275,37.68040208778734],[127.0425747188485,37.6803115851067],[127.04239603538713,37.68047229030123],[127.04252486452732,37.68056279317453]]]}},{"type":"Feature","properties":{"F_DISA_NM":"2018년 8.26~9.1 호우","F_AVR_HGT":36.29,"F_AREA":216.16,"ADM_CD":"1132010800","F_SAT_YMD":"20180828","F_END_YMD":"20180830","F_SAT_TM":"21","F_END_TM":"3","F_RSN_DTL":"침수","F_ZONE_NM":"도봉구 도봉동586-2","INV_YR":"2018","F_YR":"2018","GU_NAM":"도봉구","F_SHIM":0.3},"geometry":{"type":"Polygon","coordinates":[[[127.04194775616327,37.68038838419865],[127.04197145785797,37.680405044037094],[127.04206924147458,37.68031725588178],[127.04217958491807,37.68039488160218],[127.04220213287715,37.68037460197898],[127.04209178944028,37.68029697627941],[127.04199788999138,37.68023096736052],[127.04194202989927,37.6802811706052],[127.0418775583793,37.68033903502367],[127.04194775616327,37.68038838419865]]]}},{"type":"Feature","properties":{"F_DISA_NM":"2018년 8.26~9.1 호우","F_AVR_HGT":32.19,"F_AREA":205.52,"ADM_CD":"1132010800","F_SAT_YMD":"20180828","F_END_YMD":"20180830","F_SAT_TM":"21","F_END_TM":"3","F_RSN_DTL":"침수","F_ZONE_NM":"도봉구 도봉동581-8","INV_YR":"2018","F_YR":"2018","GU_NAM":"도봉구","F_SHIM":0.3},"geometry":{"type":"Polygon","coordinates":[[[127.04432154458166,37.6819478481617],[127.04445972327053,37.68172958280698],[127.04443986023212,37.68168733450391],[127.0444061848748,37.68167644500549],[127.04430265734737,37.6818281159928],[127.04426519466286,37.68193417383981],[127.04432154458166,37.6819478481617]]]}},{"type":"Feature","properties":{"F_DISA_NM":"2018년 8.26~9.1 호우","F_AVR_HGT":32.28,"F_AREA":286.71,"ADM_CD":"1132010800","F_SAT_YMD":"20180828","F_END_YMD":"20180830","F_SAT_TM":"21","F_END_TM":"3","F_RSN_DTL":"침수","F_ZONE_NM":"도봉구 도봉동583-12","INV_YR":"2018","F_YR":"2018","GU_NAM":"도봉구","F_SHIM":0.3},"geometry":{"type":"Polygon","coordinates":[[[127.04409869194092,37.6809938907558],[127.04425675010066,37.68104672058867],[127.04432220074267,37.68091938966091],[127.04419766254549,37.68080438079385],[127.04409869194092,37.6809938907558]]]}},{"type":"Feature","properties":{"F_DISA_NM":"2018년 8.26~9.1 호우","F_AVR_HGT":36.29,"F_AREA":533.89,"ADM_CD":"1132010800","F_SAT_YMD":"20180828","F_END_YMD":"20180830","F_SAT_TM":"21","F_END_TM":"3","F_RSN_DTL":"침수","F_ZONE_NM":"도봉구 도봉동585-1","INV_YR":"2018","F_YR":"2018","GU_NAM":"도봉구","F_SHIM":0.3},"geometry":{"type":"Polygon","coordinates":[[[127.04240897164766,37.68090907655948],[127.04267372721833,37.680800777869734],[127.0425642359053,37.680625757355145],[127.04243561026631,37.68069968166525],[127.0422949716424,37.68078036726997],[127.0423209442444,37.68080333304891],[127.04235383790673,37.68083710807802],[127.04238344506972,37.680872686178326],[127.04240897164766,37.68090907655948]]]}},{"type":"Feature","properties":{"F_DISA_NM":"2018년 8.26~9.1 호우","F_AVR_HGT":34.4,"F_AREA":174.14,"ADM_CD":"1132010800","F_SAT_YMD":"20180828","F_END_YMD":"20180830","F_SAT_TM":"21","F_END_TM":"3","F_RSN_DTL":"침수","F_ZONE_NM":"도봉구 도봉동587-24","INV_YR":"2018","F_YR":"2018","GU_NAM":"도봉구","F_SHIM":0.3},"geometry":{"type":"Polygon","coordinates":[[[127.04208946267595,37.6797712604404],[127.04216628235983,37.67969960678754],[127.04210243510197,37.679653589145246],[127.04202770102945,37.67959973675809],[127.04194929509431,37.67967292251662],[127.04208946267595,37.6797712604404]]]}},{"type":"Feature","properties":{"F_DISA_NM":"2018년 8.26~9.1 호우","F_AVR_HGT":36.65,"F_AREA":264.73,"ADM_CD":"1132010800","F_SAT_YMD":"20180828","F_END_YMD":"20180830","F_SAT_TM":"21","F_END_TM":"3","F_RSN_DTL":"침수","F_ZONE_NM":"도봉구 도봉동589-15","INV_YR":"2018","F_YR":"2018","GU_NAM":"도봉구","F_SHIM":0.3},"geometry":{"type":"Polygon","coordinates":[[[127.04082320489208,37.67974249769588],[127.04086176193715,37.67976960407378],[127.04098311506782,37.679662888551356],[127.04108860477271,37.679570143278],[127.04103871636605,37.67955187028776],[127.0409392798033,37.67951550432443],[127.04082320489208,37.67974249769588]]]}},{"type":"Feature","properties":{"F_DISA_NM":"2018년 8.26~9.1 호우","F_AVR_HGT":34.4,"F_AREA":193.94,"ADM_CD":"1132010800","F_SAT_YMD":"20180828","F_END_YMD":"20180830","F_SAT_TM":"21","F_END_TM":"3","F_RSN_DTL":"침수","F_ZONE_NM":"도봉구 도봉동588-2","INV_YR":"2018","F_YR":"2018","GU_NAM":"도봉구","F_SHIM":0.3},"geometry":{"type":"Polygon","coordinates":[[[127.04170441961686,37.67922288098481],[127.04183152853443,37.6792823017144],[127.04191671482783,37.67917046204145],[127.0418579772802,37.679139038246646],[127.0417918706036,37.679106175384604],[127.04170441961686,37.67922288098481]]]}},{"type":"Feature","properties":{"F_DISA_NM":"2018년 8.26~9.1 호우","F_AVR_HGT":45.11,"F_AREA":85.37,"ADM_CD":"1132010800","F_SAT_YMD":"20180828","F_END_YMD":"20180830","F_SAT_TM":"21","F_END_TM":"3","F_RSN_DTL":"침수","F_ZONE_NM":"도봉구 도봉동431-31","INV_YR":"2018","F_YR":"2018","GU_NAM":"도봉구","F_SHIM":0.3},"geometry":{"type":"Polygon","coordinates":[[[127.03691519008677,37.67996339188774],[127.03682618976907,37.67993873195171],[127.03689878675158,37.6800351141101],[127.03698097300074,37.68003346768307],[127.0370092930967,37.679990933328945],[127.03691519008677,37.67996339188774]]]}},{"type":"Feature","properties":{"F_DISA_NM":"2018년 8.26~9.1 호우","F_AVR_HGT":31.56,"F_AREA":174.59,"ADM_CD":"1132010500","F_SAT_YMD":"20180828","F_END_YMD":"20180830","F_SAT_TM":"21","F_END_TM":"3","F_RSN_DTL":"침수","F_ZONE_NM":"도봉구 쌍문동31-43","INV_YR":"2018","F_YR":"2018","GU_NAM":"도봉구","F_SHIM":0.3},"geometry":{"type":"Polygon","coordinates":[[[127.03804116241471,37.65997632156105],[127.0381036045586,37.65996981520014],[127.03818463153834,37.659960419914356],[127.03819729366161,37.65989752797872],[127.03819808409627,37.659891671400594],[127.03822073113692,37.65985283236872],[127.03805492481513,37.659845766136534],[127.03804116241471,37.65997632156105]]]}},{"type":"Feature","properties":{"F_DISA_NM":"2018년 8.26~9.1 호우","F_AVR_HGT":46.19,"F_AREA":711.06,"ADM_CD":"1132010800","F_SAT_YMD":"20180828","F_END_YMD":"20180830","F_SAT_TM":"21","F_END_TM":"3","F_RSN_DTL":"침수","F_ZONE_NM":"도봉구 도봉동423","INV_YR":"2018","F_YR":"2018","GU_NAM":"도봉구","F_SHIM":0.3},"geometry":{"type":"Polygon","coordinates":[[[127.04008738493582,37.67997338919046],[127.0400442199721,37.67997925059865],[127.04002245656028,37.68002692808627],[127.03996840414445,37.680067579514436],[127.03992206127428,37.68011021054429],[127.03990688094993,37.68012985665542],[127.03990626937318,37.6801309740586],[127.03987347069094,37.68019086326643],[127.03991283749653,37.68024968387115],[127.0399596659781,37.68026921969208],[127.04001375154729,37.68029244710763],[127.04014568534086,37.680255103775714],[127.0401912216881,37.68018751602449],[127.04023463278112,37.68017515848035],[127.04024966065485,37.680080461484984],[127.04014330466123,37.68003625867705],[127.04008738493582,37.67997338919046]]]}},{"type":"Feature","properties":{"F_DISA_NM":"2018년 8.26~9.1 호우","F_AVR_HGT":42.64,"F_AREA":29.85,"ADM_CD":"1132010800","F_SAT_YMD":"20180828","F_END_YMD":"20180830","F_SAT_TM":"21","F_END_TM":"3","F_RSN_DTL":"침수","F_ZONE_NM":"도봉구 도봉동441-11","INV_YR":"2018","F_YR":"2018","GU_NAM":"도봉구","F_SHIM":0.3},"geometry":{"type":"Polygon","coordinates":[[[127.03475284595667,37.67721903153314],[127.03475260895604,37.67719596672808],[127.03462734652808,37.67718960505373],[127.03463313971022,37.67721654247719],[127.03475284595667,37.67721903153314]]]}},{"type":"Feature","properties":{"F_DISA_NM":"2018년 8.26~9.1 호우","F_AVR_HGT":32.09,"F_AREA":145.08,"ADM_CD":"1132010800","F_SAT_YMD":"20180828","F_END_YMD":"20180830","F_SAT_TM":"21","F_END_TM":"3","F_RSN_DTL":"침수","F_ZONE_NM":"도봉구 도봉동136-14","INV_YR":"2018","F_YR":"2018","GU_NAM":"도봉구","F_SHIM":0.3},"geometry":{"type":"Polygon","coordinates":[[[127.04225485612483,37.6747940565275],[127.04232058779442,37.67476970756853],[127.04226420032317,37.67467674675639],[127.04222051995673,37.67460468408113],[127.04216632051259,37.674782014044595],[127.04225485612483,37.6747940565275]]]}},{"type":"Feature","properties":{"F_DISA_NM":"2018년 8.26~9.1 호우","F_AVR_HGT":28.48,"F_AREA":143.56,"ADM_CD":"1132010800","F_SAT_YMD":"20180828","F_END_YMD":"20180830","F_SAT_TM":"21","F_END_TM":"3","F_RSN_DTL":"침수","F_ZONE_NM":"도봉구 도봉동602-12","INV_YR":"2018","F_YR":"2018","GU_NAM":"도봉구","F_SHIM":0.3},"geometry":{"type":"Polygon","coordinates":[[[127.04341543177799,37.675107818932965],[127.04345351924725,37.67510879646837],[127.04345514908253,37.67498356079926],[127.04342634295145,37.67495816362945],[127.04330645851279,37.675036230323336],[127.04331972798187,37.675048839228104],[127.04339582914695,37.67512134047145],[127.04341543177799,37.675107818932965]]]}},{"type":"Feature","properties":{"F_DISA_NM":"2018년 8.26~9.1 호우","F_AVR_HGT":26.5,"F_AREA":352.17,"ADM_CD":"1132010800","F_SAT_YMD":"20180828","F_END_YMD":"20180830","F_SAT_TM":"21","F_END_TM":"3","F_RSN_DTL":"침수","F_ZONE_NM":"도봉구 도봉동624-84","INV_YR":"2018","F_YR":"2018","GU_NAM":"도봉구","F_SHIM":0.3},"geometry":{"type":"Polygon","coordinates":[[[127.04623643620354,37.67297193007296],[127.0465236520071,37.67294740449964],[127.04650816067088,37.67282208517678],[127.04622117377536,37.6728494937371],[127.04622322408161,37.67286616094577],[127.04623358870718,37.67294904645893],[127.04623643620354,37.67297193007296]]]}},{"type":"Feature","properties":{"F_DISA_NM":"2018년 8.26~9.1 호우","F_AVR_HGT":26.5,"F_AREA":523.05,"ADM_CD":"1132010800","F_SAT_YMD":"20180828","F_END_YMD":"20180830","F_SAT_TM":"21","F_END_TM":"3","F_RSN_DTL":"침수","F_ZONE_NM":"도봉구 도봉동624-83","INV_YR":"2018","F_YR":"2018","GU_NAM":"도봉구","F_SHIM":0.3},"geometry":{"type":"Polygon","coordinates":[[[127.04622117377536,37.6728494937371],[127.04650816067088,37.67282208517678],[127.04648583445241,37.67264054778791],[127.04619793869153,37.67266336168045],[127.04621274553453,37.67278228440423],[127.04622117377536,37.6728494937371]]]}},{"type":"Feature","properties":{"F_DISA_NM":"2018년 8.26~9.1 호우","F_AVR_HGT":27.42,"F_AREA":211.43,"ADM_CD":"1132010800","F_SAT_YMD":"20180828","F_END_YMD":"20180830","F_SAT_TM":"21","F_END_TM":"3","F_RSN_DTL":"침수","F_ZONE_NM":"도봉구 도봉동617-13","INV_YR":"2018","F_YR":"2018","GU_NAM":"도봉구","F_SHIM":0.3},"geometry":{"type":"Polygon","coordinates":[[[127.04366249187979,37.67281187398613],[127.04363304039592,37.67264601551763],[127.04350541720262,37.67266218841399],[127.04353328028382,37.672825885146395],[127.04366249187979,37.67281187398613]]]}},{"type":"Feature","properties":{"F_DISA_NM":"2018년 8.26~9.1 호우","F_AVR_HGT":27.74,"F_AREA":113.43,"ADM_CD":"1132010600","F_SAT_YMD":"20180828","F_END_YMD":"20180830","F_SAT_TM":"21","F_END_TM":"3","F_RSN_DTL":"침수","F_ZONE_NM":"도봉구 방학동660-6","INV_YR":"2018","F_YR":"2018","GU_NAM":"도봉구","F_SHIM":0.3},"geometry":{"type":"Polygon","coordinates":[[[127.03713547555601,37.66602015010021],[127.03721715821064,37.6659458852133],[127.03712917712207,37.66588464561966],[127.03704681449265,37.6659590908459],[127.03713547555601,37.66602015010021]]]}},{"type":"Feature","properties":{"F_DISA_NM":"2018년 8.26~9.1 호우","F_AVR_HGT":29.4,"F_AREA":173.86,"ADM_CD":"1132010600","F_SAT_YMD":"20180828","F_END_YMD":"20180830","F_SAT_TM":"21","F_END_TM":"3","F_RSN_DTL":"침수","F_ZONE_NM":"도봉구 방학동662-41","INV_YR":"2018","F_YR":"2018","GU_NAM":"도봉구","F_SHIM":0.3},"geometry":{"type":"Polygon","coordinates":[[[127.03533701653056,37.66481896107442],[127.03552326672444,37.664648082966686],[127.03549753094843,37.66463043130142],[127.03539964771555,37.66472019641189],[127.0353298085944,37.66466985203052],[127.0352416681969,37.66475078467661],[127.03533701653056,37.66481896107442]]]}},{"type":"Feature","properties":{"F_DISA_NM":"2018년 8.26~9.1 호우","F_AVR_HGT":27.28,"F_AREA":167.14,"ADM_CD":"1132010600","F_SAT_YMD":"20180828","F_END_YMD":"20180830","F_SAT_TM":"21","F_END_TM":"3","F_RSN_DTL":"침수","F_ZONE_NM":"도봉구 방학동697-14","INV_YR":"2018","F_YR":"2018","GU_NAM":"도봉구","F_SHIM":0.3},"geometry":{"type":"Polygon","coordinates":[[[127.03738985709714,37.66446760577423],[127.03747935466053,37.66438622061916],[127.03735725151172,37.664306071130795],[127.03726832068553,37.664387636217356],[127.03738985709714,37.66446760577423]]]}},{"type":"Feature","properties":{"F_DISA_NM":"2018년 8.26~9.1 호우","F_AVR_HGT":27.94,"F_AREA":183.14,"ADM_CD":"1132010700","F_SAT_YMD":"20180828","F_END_YMD":"20180830","F_SAT_TM":"21","F_END_TM":"3","F_RSN_DTL":"침수","F_ZONE_NM":"도봉구 창동691-19","INV_YR":"2018","F_YR":"2018","GU_NAM":"도봉구","F_SHIM":0.3},"geometry":{"type":"Polygon","coordinates":[[[127.0401868374822,37.652071295752954],[127.04018837970978,37.65198597287526],[127.04017522511464,37.651967417092095],[127.04009215889954,37.651960506767594],[127.0400381037311,37.651956379940636],[127.04001135944588,37.651954316425446],[127.03999735966028,37.65205459955671],[127.04002002473455,37.65205711489395],[127.04006750743396,37.65206115377915],[127.04009708496388,37.65206366684292],[127.0401868374822,37.652071295752954]]]}},{"type":"Feature","properties":{"F_DISA_NM":"2018년 8.26~9.1 호우","F_AVR_HGT":53.96,"F_AREA":135.37,"ADM_CD":"1132010500","F_SAT_YMD":"20180828","F_END_YMD":"20180830","F_SAT_TM":"21","F_END_TM":"3","F_RSN_DTL":"침수","F_ZONE_NM":"도봉구 쌍문동273-41","INV_YR":"2018","F_YR":"2018","GU_NAM":"도봉구","F_SHIM":0.3},"geometry":{"type":"Polygon","coordinates":[[[127.02683915782401,37.65152441917426],[127.02680819422346,37.65144252713915],[127.02665285602734,37.65150400686236],[127.02669186245738,37.65157814883234],[127.02683915782401,37.65152441917426]]]}},{"type":"Feature","properties":{"F_DISA_NM":"2018년 8.26~9.1 호우","F_AVR_HGT":27.55,"F_AREA":118.73,"ADM_CD":"1132010600","F_SAT_YMD":"20180828","F_END_YMD":"20180830","F_SAT_TM":"21","F_END_TM":"3","F_RSN_DTL":"침수","F_ZONE_NM":"도봉구 방학동696-11","INV_YR":"2018","F_YR":"2018","GU_NAM":"도봉구","F_SHIM":0.3},"geometry":{"type":"Polygon","coordinates":[[[127.03695236527385,37.665165902319444],[127.03695814293964,37.665160404646215],[127.03685621870224,37.665091510754195],[127.03678201378739,37.66515901586647],[127.03688631889186,37.6652294407628],[127.03695236527385,37.665165902319444]]]}},{"type":"Feature","properties":{"F_DISA_NM":"2018년 8.26~9.1 호우","F_AVR_HGT":27.55,"F_AREA":120.42,"ADM_CD":"1132010600","F_SAT_YMD":"20180828","F_END_YMD":"20180830","F_SAT_TM":"21","F_END_TM":"3","F_RSN_DTL":"침수","F_ZONE_NM":"도봉구 방학동696-7","INV_YR":"2018","F_YR":"2018","GU_NAM":"도봉구","F_SHIM":0.3},"geometry":{"type":"Polygon","coordinates":[[[127.0368253779087,37.66506476107754],[127.03672390664067,37.66499451547437],[127.03669161884649,37.665023536449524],[127.03664766207399,37.66506301218264],[127.03675015336961,37.66513316744862],[127.0368253779087,37.66506476107754]]]}},{"type":"Feature","properties":{"F_DISA_NM":"2018년 8.26~9.1 호우","F_AVR_HGT":25.57,"F_AREA":152.64,"ADM_CD":"1132010600","F_SAT_YMD":"20180828","F_END_YMD":"20180830","F_SAT_TM":"21","F_END_TM":"3","F_RSN_DTL":"침수","F_ZONE_NM":"도봉구 방학동650-44","INV_YR":"2018","F_YR":"2018","GU_NAM":"도봉구","F_SHIM":0.3},"geometry":{"type":"Polygon","coordinates":[[[127.04183347890671,37.669057620219505],[127.04197435659334,37.66903955253585],[127.04195060896011,37.668931534038016],[127.04180984530339,37.66895050262744],[127.04182961578296,37.66904023276468],[127.04183347890671,37.669057620219505]]]}},{"type":"Feature","properties":{"F_DISA_NM":"2018년 8.26~9.1 호우","F_AVR_HGT":25.64,"F_AREA":131.32,"ADM_CD":"1132010600","F_SAT_YMD":"20180828","F_END_YMD":"20180830","F_SAT_TM":"21","F_END_TM":"3","F_RSN_DTL":"침수","F_ZONE_NM":"도봉구 방학동650-37","INV_YR":"2018","F_YR":"2018","GU_NAM":"도봉구","F_SHIM":0.3},"geometry":{"type":"Polygon","coordinates":[[[127.04170766638266,37.669057843342216],[127.04182961578296,37.66904023276468],[127.04180984530339,37.66895050262744],[127.04179273149475,37.66895276090329],[127.04166636145078,37.6689697422665],[127.04168533907806,37.66906082415668],[127.04170766638266,37.669057843342216]]]}},{"type":"Feature","properties":{"F_DISA_NM":"2018년 8.26~9.1 호우","F_AVR_HGT":38.06,"F_AREA":168.47,"ADM_CD":"1132010600","F_SAT_YMD":"20180828","F_END_YMD":"20180830","F_SAT_TM":"21","F_END_TM":"3","F_RSN_DTL":"침수","F_ZONE_NM":"도봉구 방학동386-26","INV_YR":"2018","F_YR":"2018","GU_NAM":"도봉구","F_SHIM":0.3},"geometry":{"type":"Polygon","coordinates":[[[127.03336071335833,37.66980540598131],[127.03352018779894,37.669797974853026],[127.0335154928944,37.669686796094275],[127.03339988208286,37.66969097186879],[127.03335750465385,37.66972341833116],[127.03336071335833,37.66980540598131]]]}},{"type":"Feature","properties":{"F_DISA_NM":"2018년 8.26~9.1 호우","F_AVR_HGT":25.64,"F_AREA":113.97,"ADM_CD":"1132010600","F_SAT_YMD":"20180828","F_END_YMD":"20180830","F_SAT_TM":"21","F_END_TM":"3","F_RSN_DTL":"침수","F_ZONE_NM":"도봉구 방학동650-7","INV_YR":"2018","F_YR":"2018","GU_NAM":"도봉구","F_SHIM":0.3},"geometry":{"type":"Polygon","coordinates":[[[127.0411794500972,37.669001711309086],[127.04131556813418,37.66898508756859],[127.04129852163234,37.668901122651775],[127.04116331074043,37.668918196554344],[127.04116956179723,37.66895035918295],[127.0411794500972,37.669001711309086]]]}},{"type":"Feature","properties":{"F_DISA_NM":"2018년 8.26~9.1 호우","F_AVR_HGT":25.5,"F_AREA":171.77,"ADM_CD":"1132010600","F_SAT_YMD":"20180828","F_END_YMD":"20180830","F_SAT_TM":"21","F_END_TM":"3","F_RSN_DTL":"침수","F_ZONE_NM":"도봉구 방학동651-17","INV_YR":"2018","F_YR":"2018","GU_NAM":"도봉구","F_SHIM":0.3},"geometry":{"type":"Polygon","coordinates":[[[127.04211332124409,37.66967135698636],[127.04209207323237,37.66957514041111],[127.0419223936168,37.66957258582683],[127.04192176677601,37.66967079206665],[127.04211332124409,37.66967135698636]]]}},{"type":"Feature","properties":{"F_DISA_NM":"2018년 8.26~9.1 호우","F_AVR_HGT":25.78,"F_AREA":193.61,"ADM_CD":"1132010600","F_SAT_YMD":"20180828","F_END_YMD":"20180830","F_SAT_TM":"21","F_END_TM":"3","F_RSN_DTL":"침수","F_ZONE_NM":"도봉구 방학동649-8","INV_YR":"2018","F_YR":"2018","GU_NAM":"도봉구","F_SHIM":0.3},"geometry":{"type":"Polygon","coordinates":[[[127.04174816661532,37.66870482838624],[127.04173327978931,37.668633025925445],[127.04171975676374,37.66856798029367],[127.0417092165042,37.668569335344344],[127.04170978468136,37.66857203806941],[127.04170026451678,37.668573392771755],[127.04157616241048,37.66859118414237],[127.04158593570989,37.668639022482424],[127.04160309562567,37.66872262693374],[127.04174816661532,37.66870482838624]]]}},{"type":"Feature","properties":{"F_DISA_NM":"2018년 8.26~9.1 호우","F_AVR_HGT":25.78,"F_AREA":112.88,"ADM_CD":"1132010600","F_SAT_YMD":"20180828","F_END_YMD":"20180830","F_SAT_TM":"21","F_END_TM":"3","F_RSN_DTL":"침수","F_ZONE_NM":"도봉구 방학동649-2","INV_YR":"2018","F_YR":"2018","GU_NAM":"도봉구","F_SHIM":0.3},"geometry":{"type":"Polygon","coordinates":[[[127.0414086761472,37.66865881385943],[127.04139276319971,37.66857511886011],[127.04125687492217,37.66859606728302],[127.04126721704384,37.668648230127594],[127.0412731265527,37.66867750975416],[127.0414086761472,37.66865881385943]]]}},{"type":"Feature","properties":{"F_DISA_NM":"2018년 8.26~9.1 호우","F_AVR_HGT":29.58,"F_AREA":112.95,"ADM_CD":"1132010500","F_SAT_YMD":"20180828","F_END_YMD":"20180830","F_SAT_TM":"21","F_END_TM":"3","F_RSN_DTL":"침수","F_ZONE_NM":"도봉구 쌍문동710-40","INV_YR":"2018","F_YR":"2018","GU_NAM":"도봉구","F_SHIM":0.3},"geometry":{"type":"Polygon","coordinates":[[[127.03881001761515,37.660919220759034],[127.03880849783833,37.660826330813606],[127.03868270121505,37.66083060508582],[127.03868339571362,37.66085970632938],[127.03868478646395,37.66092142261435],[127.03881001761515,37.660919220759034]]]}},{"type":"Feature","properties":{"F_DISA_NM":"2018년 8.26~9.1 호우","F_AVR_HGT":45.19,"F_AREA":674.93,"ADM_CD":"1132010600","F_SAT_YMD":"20180828","F_END_YMD":"20180830","F_SAT_TM":"21","F_END_TM":"3","F_RSN_DTL":"침수","F_ZONE_NM":"도봉구 방학동412-2","INV_YR":"2018","F_YR":"2018","GU_NAM":"도봉구","F_SHIM":0.3},"geometry":{"type":"Polygon","coordinates":[[[127.02895792999621,37.669561087215364],[127.0288980501897,37.669470192976874],[127.0289015565147,37.669450100470534],[127.0289134233699,37.66935648664485],[127.02892371002281,37.66928098273662],[127.02883904331172,37.66928658840536],[127.02868821616578,37.669383027324876],[127.0286924670552,37.66953970550882],[127.02873284882428,37.6696240272491],[127.02884370839772,37.66964472399677],[127.02895792999621,37.669561087215364]]]}},{"type":"Feature","properties":{"F_DISA_NM":"2018년 8.26~9.1 호우","F_AVR_HGT":26.2,"F_AREA":142.09,"ADM_CD":"1132010800","F_SAT_YMD":"20180828","F_END_YMD":"20180830","F_SAT_TM":"21","F_END_TM":"3","F_RSN_DTL":"침수","F_ZONE_NM":"도봉구 도봉동623-109","INV_YR":"2018","F_YR":"2018","GU_NAM":"도봉구","F_SHIM":0.3},"geometry":{"type":"Polygon","coordinates":[[[127.04560748823857,37.67226454322296],[127.04560691882588,37.672260038574294],[127.04559826088378,37.672186702664824],[127.0454109041529,37.67220362070699],[127.04541888287645,37.67227875882739],[127.04560748823857,37.67226454322296]]]}},{"type":"Feature","properties":{"F_DISA_NM":"2018년 8.26~9.1 호우","F_AVR_HGT":25.78,"F_AREA":111.87,"ADM_CD":"1132010600","F_SAT_YMD":"20180828","F_END_YMD":"20180830","F_SAT_TM":"21","F_END_TM":"3","F_RSN_DTL":"침수","F_ZONE_NM":"도봉구 방학동649-6","INV_YR":"2018","F_YR":"2018","GU_NAM":"도봉구","F_SHIM":0.3},"geometry":{"type":"Polygon","coordinates":[[[127.04158593570989,37.668639022482424],[127.04157616241048,37.66859118414237],[127.04156854846711,37.66855415674255],[127.04143764451703,37.668569697844326],[127.04145378482946,37.6686545640254],[127.04158593570989,37.668639022482424]]]}},{"type":"Feature","properties":{"F_DISA_NM":"2018년 8.26~9.1 호우","F_AVR_HGT":25.5,"F_AREA":82.46,"ADM_CD":"1132010600","F_SAT_YMD":"20180828","F_END_YMD":"20180830","F_SAT_TM":"21","F_END_TM":"3","F_RSN_DTL":"침수","F_ZONE_NM":"도봉구 방학동652-5","INV_YR":"2018","F_YR":"2018","GU_NAM":"도봉구","F_SHIM":0.3},"geometry":{"type":"Polygon","coordinates":[[[127.04232467115028,37.6695987557657],[127.0423075154487,37.66952470174148],[127.04219859655448,37.66953582131551],[127.04221541344192,37.66961230809864],[127.04232467115028,37.6695987557657]]]}},{"type":"Feature","properties":{"F_DISA_NM":"2018년 8.26~9.1 호우","F_AVR_HGT":25.78,"F_AREA":196.46,"ADM_CD":"1132010600","F_SAT_YMD":"20180828","F_END_YMD":"20180830","F_SAT_TM":"21","F_END_TM":"3","F_RSN_DTL":"침수","F_ZONE_NM":"도봉구 방학동649-13","INV_YR":"2018","F_YR":"2018","GU_NAM":"도봉구","F_SHIM":0.3},"geometry":{"type":"Polygon","coordinates":[[[127.04157616241048,37.66859118414237],[127.04170026451678,37.668573392771755],[127.04170978468136,37.66857203806941],[127.0417092165042,37.668569335344344],[127.04169103330275,37.668479965028325],[127.04187667722024,37.66845539520218],[127.04187428485513,37.66843296179568],[127.04175675574771,37.66844849867573],[127.04164240002362,37.66846367397022],[127.04155241143306,37.66847559738483],[127.04156854846711,37.66855415674255],[127.04157616241048,37.66859118414237]]]}},{"type":"Feature","properties":{"F_DISA_NM":"2018년 8.26~9.1 호우","F_AVR_HGT":25.5,"F_AREA":117.4,"ADM_CD":"1132010600","F_SAT_YMD":"20180828","F_END_YMD":"20180830","F_SAT_TM":"21","F_END_TM":"3","F_RSN_DTL":"침수","F_ZONE_NM":"도봉구 방학동651-18","INV_YR":"2018","F_YR":"2018","GU_NAM":"도봉구","F_SHIM":0.3},"geometry":{"type":"Polygon","coordinates":[[[127.0419223936168,37.66957258582683],[127.04209207323237,37.66957514041111],[127.04207525633281,37.66949838331807],[127.04192280787949,37.669500417770024],[127.0419225007599,37.66956114343664],[127.0419223936168,37.66957258582683]]]}},{"type":"Feature","properties":{"F_DISA_NM":"2018년 8.26~9.1 호우","F_AVR_HGT":25.78,"F_AREA":112.81,"ADM_CD":"1132010600","F_SAT_YMD":"20180828","F_END_YMD":"20180830","F_SAT_TM":"21","F_END_TM":"3","F_RSN_DTL":"침수","F_ZONE_NM":"도봉구 방학동649-5","INV_YR":"2018","F_YR":"2018","GU_NAM":"도봉구","F_SHIM":0.3},"geometry":{"type":"Polygon","coordinates":[[[127.04156854846711,37.66855415674255],[127.04155241143306,37.66847559738483],[127.04154062454664,37.66847722313538],[127.04140949500243,37.668494566228375],[127.04140054141692,37.668495650423125],[127.04141008910862,37.668545741287],[127.04143252975864,37.66854303077793],[127.04143764451703,37.668569697844326],[127.04156854846711,37.66855415674255]]]}},{"type":"Feature","properties":{"F_DISA_NM":"2018년 8.26~9.1 호우","F_AVR_HGT":25.63,"F_AREA":163.84,"ADM_CD":"1132010600","F_SAT_YMD":"20180828","F_END_YMD":"20180830","F_SAT_TM":"21","F_END_TM":"3","F_RSN_DTL":"침수","F_ZONE_NM":"도봉구 방학동649-12","INV_YR":"2018","F_YR":"2018","GU_NAM":"도봉구","F_SHIM":0.3},"geometry":{"type":"Polygon","coordinates":[[[127.0417092165042,37.668569335344344],[127.04171975676374,37.66856798029367],[127.04188647431013,37.66854684059745],[127.04188009485237,37.66848737857035],[127.04187667722024,37.66845539520218],[127.04169103330275,37.668479965028325],[127.0417092165042,37.668569335344344]]]}},{"type":"Feature","properties":{"F_DISA_NM":"2018년 8.26~9.1 호우","F_AVR_HGT":34.79,"F_AREA":136.34,"ADM_CD":"1132010600","F_SAT_YMD":"20180828","F_END_YMD":"20180830","F_SAT_TM":"21","F_END_TM":"3","F_RSN_DTL":"침수","F_ZONE_NM":"도봉구 방학동604-22","INV_YR":"2018","F_YR":"2018","GU_NAM":"도봉구","F_SHIM":0.3},"geometry":{"type":"Polygon","coordinates":[[[127.03368614068876,37.66851845824884],[127.03378153916294,37.66843274967489],[127.03369049690157,37.66836970643385],[127.03359373734725,37.66845325297015],[127.03368614068876,37.66851845824884]]]}},{"type":"Feature","properties":{"F_DISA_NM":"2018년 8.26~9.1 호우","F_AVR_HGT":34.73,"F_AREA":166.39,"ADM_CD":"1132010600","F_SAT_YMD":"20180828","F_END_YMD":"20180830","F_SAT_TM":"21","F_END_TM":"3","F_RSN_DTL":"침수","F_ZONE_NM":"도봉구 방학동605-25","INV_YR":"2018","F_YR":"2018","GU_NAM":"도봉구","F_SHIM":0.3},"geometry":{"type":"Polygon","coordinates":[[[127.03258646887376,37.66849631874503],[127.03259802555259,37.66848577431809],[127.03269478426859,37.66839745344262],[127.03259626033713,37.66832972627418],[127.03248896500375,37.668428591219524],[127.03258646887376,37.66849631874503]]]}},{"type":"Feature","properties":{"F_DISA_NM":"2018년 8.26~9.1 호우","F_AVR_HGT":41.88,"F_AREA":164.95,"ADM_CD":"1132010600","F_SAT_YMD":"20180828","F_END_YMD":"20180830","F_SAT_TM":"21","F_END_TM":"3","F_RSN_DTL":"침수","F_ZONE_NM":"도봉구 방학동394-13","INV_YR":"2018","F_YR":"2018","GU_NAM":"도봉구","F_SHIM":0.3},"geometry":{"type":"Polygon","coordinates":[[[127.03179076678649,37.67038082003399],[127.0318504491104,37.670254488342344],[127.03172383453109,37.67023848351552],[127.03169209309479,37.67022758986936],[127.03165823429673,37.67030625343518],[127.03179076678649,37.67038082003399]]]}},{"type":"Feature","properties":{"F_DISA_NM":"2018년 8.26~9.1 호우","F_AVR_HGT":25.97,"F_AREA":180.74,"ADM_CD":"1132010800","F_SAT_YMD":"20180828","F_END_YMD":"20180830","F_SAT_TM":"21","F_END_TM":"3","F_RSN_DTL":"침수","F_ZONE_NM":"도봉구 도봉동623-51","INV_YR":"2018","F_YR":"2018","GU_NAM":"도봉구","F_SHIM":0.3},"geometry":{"type":"Polygon","coordinates":[[[127.04480636955779,37.67174155518539],[127.04486394822358,37.67173720937533],[127.04485459217526,37.67163152875232],[127.04482681223674,37.67161514125679],[127.0447022458436,37.67162158382639],[127.04470554856246,37.6716485216918],[127.04471784807612,37.67174834492808],[127.04480636955779,37.67174155518539]]]}},{"type":"Feature","properties":{"F_DISA_NM":"2018년 8.26~9.1 호우","F_AVR_HGT":41.09,"F_AREA":187.43,"ADM_CD":"1132010600","F_SAT_YMD":"20180828","F_END_YMD":"20180830","F_SAT_TM":"21","F_END_TM":"3","F_RSN_DTL":"침수","F_ZONE_NM":"도봉구 방학동412-3","INV_YR":"2018","F_YR":"2018","GU_NAM":"도봉구","F_SHIM":0.3},"geometry":{"type":"Polygon","coordinates":[[[127.02909920787575,37.66938824769631],[127.02912312355056,37.669387791616366],[127.02926695749473,37.6693846945658],[127.02933301045695,37.66931152002168],[127.02933448081662,37.66930314062813],[127.02933685649079,37.669290886838084],[127.02912309038582,37.66929823493001],[127.02909350768549,37.66929923291835],[127.02909920787575,37.66938824769631]]]}},{"type":"Feature","properties":{"F_DISA_NM":"2018년 8.26~9.1 호우","F_AVR_HGT":34.39,"F_AREA":211.9,"ADM_CD":"1132010600","F_SAT_YMD":"20180828","F_END_YMD":"20180830","F_SAT_TM":"21","F_END_TM":"3","F_RSN_DTL":"침수","F_ZONE_NM":"도봉구 방학동604-11","INV_YR":"2018","F_YR":"2018","GU_NAM":"도봉구","F_SHIM":0.3},"geometry":{"type":"Polygon","coordinates":[[[127.03289814169734,37.6684420877835],[127.03293645098306,37.66843991525242],[127.03301938622572,37.66836322034132],[127.03288435484289,37.66827036601076],[127.03278340465302,37.668363102921795],[127.03289814169734,37.6684420877835]]]}},{"type":"Feature","properties":{"F_DISA_NM":"2018년 8.26~9.1 호우","F_AVR_HGT":40.3,"F_AREA":251.6,"ADM_CD":"1132010600","F_SAT_YMD":"20180828","F_END_YMD":"20180830","F_SAT_TM":"21","F_END_TM":"3","F_RSN_DTL":"침수","F_ZONE_NM":"도봉구 방학동401-5","INV_YR":"2018","F_YR":"2018","GU_NAM":"도봉구","F_SHIM":0.3},"geometry":{"type":"Polygon","coordinates":[[[127.03102669666447,37.67009513500629],[127.03106488700874,37.67007656541089],[127.0310733736536,37.670040434281255],[127.03109752032931,37.67005033892881],[127.03111176922448,37.669967896355914],[127.03093244676931,37.66994532678806],[127.0309067263058,37.6699683980987],[127.03093512224558,37.670118943554186],[127.03094816230268,37.67013218459993],[127.03102669666447,37.67009513500629]]]}},{"type":"Feature","properties":{"F_DISA_NM":"2018년 8.26~9.1 호우","F_AVR_HGT":25.63,"F_AREA":115.58,"ADM_CD":"1132010600","F_SAT_YMD":"20180828","F_END_YMD":"20180830","F_SAT_TM":"21","F_END_TM":"3","F_RSN_DTL":"침수","F_ZONE_NM":"도봉구 방학동655-20","INV_YR":"2018","F_YR":"2018","GU_NAM":"도봉구","F_SHIM":0.3},"geometry":{"type":"Polygon","coordinates":[[[127.04197156284461,37.66827760074986],[127.04208943426708,37.6682668386941],[127.04207317075672,37.66816503434578],[127.04196085395309,37.66817696574617],[127.04197156284461,37.66827760074986]]]}},{"type":"Feature","properties":{"F_DISA_NM":"2018년 8.26~9.1 호우","F_AVR_HGT":25.78,"F_AREA":130.05,"ADM_CD":"1132010600","F_SAT_YMD":"20180828","F_END_YMD":"20180830","F_SAT_TM":"21","F_END_TM":"3","F_RSN_DTL":"침수","F_ZONE_NM":"도봉구 방학동649-21","INV_YR":"2018","F_YR":"2018","GU_NAM":"도봉구","F_SHIM":0.3},"geometry":{"type":"Polygon","coordinates":[[[127.04171888350767,37.66820975376707],[127.04184899375295,37.66819493340208],[127.04183908248649,37.668101776188585],[127.04169650473894,37.668116780984235],[127.04171151662295,37.66821056715287],[127.04171888350767,37.66820975376707]]]}},{"type":"Feature","properties":{"F_DISA_NM":"2018년 8.26~9.1 호우","F_AVR_HGT":34.73,"F_AREA":205.74,"ADM_CD":"1132010600","F_SAT_YMD":"20180828","F_END_YMD":"20180830","F_SAT_TM":"21","F_END_TM":"3","F_RSN_DTL":"침수","F_ZONE_NM":"도봉구 방학동612-16","INV_YR":"2018","F_YR":"2018","GU_NAM":"도봉구","F_SHIM":0.3},"geometry":{"type":"Polygon","coordinates":[[[127.03195763233963,37.66820718026497],[127.03206016956167,37.66811300209042],[127.0321547754674,37.668026033669015],[127.03212903932172,37.66800838127921],[127.03203624619958,37.668093637362695],[127.03196402498632,37.66804085900688],[127.03185378292649,37.66814125579386],[127.03192112627723,37.66818394457637],[127.03195763233963,37.66820718026497]]]}},{"type":"Feature","properties":{"F_DISA_NM":"2018년 8.26~9.1 호우","F_AVR_HGT":37.74,"F_AREA":175.42,"ADM_CD":"1132010600","F_SAT_YMD":"20180828","F_END_YMD":"20180830","F_SAT_TM":"21","F_END_TM":"3","F_RSN_DTL":"침수","F_ZONE_NM":"도봉구 방학동601-12","INV_YR":"2018","F_YR":"2018","GU_NAM":"도봉구","F_SHIM":0.3},"geometry":{"type":"Polygon","coordinates":[[[127.03616074946514,37.66991994148348],[127.03623314534757,37.66985072550019],[127.03622838318283,37.66984721310797],[127.03622237379409,37.66984280010979],[127.03612917158212,37.66977417337143],[127.03610787185318,37.66979418121234],[127.03602539003953,37.66986754454437],[127.03605770594902,37.66989411378152],[127.03613503134095,37.66994454558683],[127.03616074946514,37.66991994148348]]]}},{"type":"Feature","properties":{"F_DISA_NM":"2018년 8.26~9.1 호우","F_AVR_HGT":39.95,"F_AREA":846.28,"ADM_CD":"1132010600","F_SAT_YMD":"20180828","F_END_YMD":"20180830","F_SAT_TM":"21","F_END_TM":"3","F_RSN_DTL":"침수","F_ZONE_NM":"도봉구 방학동391-1","INV_YR":"2018","F_YR":"2018","GU_NAM":"도봉구","F_SHIM":0.3},"geometry":{"type":"Polygon","coordinates":[[[127.03304012600655,37.67077052385538],[127.03308188360293,37.67087862939555],[127.03309492749491,37.670899708662155],[127.03362088239577,37.670688468843444],[127.033555777928,37.67058802810019],[127.03353582997106,37.67059064633624],[127.03338973364268,37.670609426125914],[127.0333233159095,37.67061800329017],[127.03320736819782,37.67063299063721],[127.0332043375468,37.67070290692241],[127.03304012600655,37.67077052385538]]]}},{"type":"Feature","properties":{"F_DISA_NM":"2018년 8.26~9.1 호우","F_AVR_HGT":44.09,"F_AREA":529.71,"ADM_CD":"1132010600","F_SAT_YMD":"20180828","F_END_YMD":"20180830","F_SAT_TM":"21","F_END_TM":"3","F_RSN_DTL":"침수","F_ZONE_NM":"도봉구 방학동155-1","INV_YR":"2018","F_YR":"2018","GU_NAM":"도봉구","F_SHIM":0.3},"geometry":{"type":"Polygon","coordinates":[[[127.03665765544355,37.67039433680787],[127.03692393974667,37.67022469414452],[127.0368966069083,37.6701902851901],[127.03687938094336,37.67019596648235],[127.03672242076006,37.67024817974101],[127.03669748154891,37.67024188037224],[127.03667480956948,37.67023621100336],[127.03665791006709,37.67021315113912],[127.03647861361893,37.67025086506513],[127.0365194706175,37.67036212306819],[127.03650621040757,37.67036501011401],[127.03654150856039,37.67046572837643],[127.03654842191384,37.67046401447586],[127.03665765544355,37.67039433680787]]]}},{"type":"Feature","properties":{"F_DISA_NM":"2018년 8.26~9.1 호우","F_AVR_HGT":34.5,"F_AREA":171.45,"ADM_CD":"1132010500","F_SAT_YMD":"20180828","F_END_YMD":"20180830","F_SAT_TM":"21","F_END_TM":"3","F_RSN_DTL":"침수","F_ZONE_NM":"도봉구 쌍문동31-52","INV_YR":"2018","F_YR":"2018","GU_NAM":"도봉구","F_SHIM":0.3},"geometry":{"type":"Polygon","coordinates":[[[127.03826894702433,37.65926511184604],[127.03828294275112,37.659149152090656],[127.03812971819697,37.65914334340516],[127.03811912102171,37.65925704965246],[127.03823551397316,37.65926359059926],[127.03826894702433,37.65926511184604]]]}},{"type":"Feature","properties":{"F_DISA_NM":"2018년 8.26~9.1 호우","F_AVR_HGT":31.51,"F_AREA":100.29,"ADM_CD":"1132010500","F_SAT_YMD":"20180828","F_END_YMD":"20180830","F_SAT_TM":"21","F_END_TM":"3","F_RSN_DTL":"침수","F_ZONE_NM":"도봉구 쌍문동26-43","INV_YR":"2018","F_YR":"2018","GU_NAM":"도봉구","F_SHIM":0.3},"geometry":{"type":"Polygon","coordinates":[[[127.0365476350768,37.660347074841695],[127.0366605183133,37.66035785296144],[127.03666942949393,37.66026874396305],[127.03655484667513,37.66025850694088],[127.03654841713796,37.660323108697106],[127.0365476350768,37.660347074841695]]]}},{"type":"Feature","properties":{"F_DISA_NM":"2018년 8.26~9.1 호우","F_AVR_HGT":26.28,"F_AREA":128.41,"ADM_CD":"1132010600","F_SAT_YMD":"20180828","F_END_YMD":"20180830","F_SAT_TM":"21","F_END_TM":"3","F_RSN_DTL":"침수","F_ZONE_NM":"도봉구 방학동689-19","INV_YR":"2018","F_YR":"2018","GU_NAM":"도봉구","F_SHIM":0.3},"geometry":{"type":"Polygon","coordinates":[[[127.04035506964226,37.663297383377625],[127.04035104736876,37.66319079951374],[127.04022819282768,37.663193632906726],[127.04023164805884,37.663299856571385],[127.04035506964226,37.663297383377625]]]}},{"type":"Feature","properties":{"F_DISA_NM":"2018년 8.26~9.1 호우","F_AVR_HGT":27.94,"F_AREA":141.59,"ADM_CD":"1132010600","F_SAT_YMD":"20180828","F_END_YMD":"20180830","F_SAT_TM":"21","F_END_TM":"3","F_RSN_DTL":"침수","F_ZONE_NM":"도봉구 방학동672-4","INV_YR":"2018","F_YR":"2018","GU_NAM":"도봉구","F_SHIM":0.3},"geometry":{"type":"Polygon","coordinates":[[[127.03639870748106,37.66226376095761],[127.03652859595793,37.66227921923474],[127.03655155246435,37.66217199653091],[127.03641871722685,37.66215599856619],[127.03639870748106,37.66226376095761]]]}},{"type":"Feature","properties":{"F_DISA_NM":"2018년 8.26~9.1 호우","F_AVR_HGT":39.95,"F_AREA":174.37,"ADM_CD":"1132010600","F_SAT_YMD":"20180828","F_END_YMD":"20180830","F_SAT_TM":"21","F_END_TM":"3","F_RSN_DTL":"침수","F_ZONE_NM":"도봉구 방학동391-2","INV_YR":"2018","F_YR":"2018","GU_NAM":"도봉구","F_SHIM":0.3},"geometry":{"type":"Polygon","coordinates":[[[127.03300437456055,37.670659173194316],[127.0329974607649,37.67066007601192],[127.03304012600655,37.67077052385538],[127.0332043375468,37.67070290692241],[127.03320736819782,37.67063299063721],[127.03316826558725,37.67063804658071],[127.03300437456055,37.670659173194316]]]}},{"type":"Feature","properties":{"F_DISA_NM":"2018년 8.26~9.1 호우","F_AVR_HGT":31.56,"F_AREA":176.14,"ADM_CD":"1132010500","F_SAT_YMD":"20180828","F_END_YMD":"20180830","F_SAT_TM":"21","F_END_TM":"3","F_RSN_DTL":"침수","F_ZONE_NM":"도봉구 쌍문동29-8","INV_YR":"2018","F_YR":"2018","GU_NAM":"도봉구","F_SHIM":0.3},"geometry":{"type":"Polygon","coordinates":[[[127.03820834901941,37.66025440041628],[127.03820255826194,37.66023232835004],[127.03824265779203,37.66019222252447],[127.0382369747701,37.660158798151606],[127.0382316309925,37.66012384201657],[127.03811761806696,37.66012018344625],[127.03811501985307,37.660137302761626],[127.03809099347332,37.66013694982235],[127.03808039556884,37.660249574878144],[127.0381072554446,37.66025028733051],[127.03820834901941,37.66025440041628]]]}},{"type":"Feature","properties":{"F_DISA_NM":"2018년 8.26~9.1 호우","F_AVR_HGT":31.56,"F_AREA":204.33,"ADM_CD":"1132010500","F_SAT_YMD":"20180828","F_END_YMD":"20180830","F_SAT_TM":"21","F_END_TM":"3","F_RSN_DTL":"침수","F_ZONE_NM":"도봉구 쌍문동29-9","INV_YR":"2018","F_YR":"2018","GU_NAM":"도봉구","F_SHIM":0.3},"geometry":{"type":"Polygon","coordinates":[[[127.03808039556884,37.660249574878144],[127.03809099347332,37.66013694982235],[127.03792881515187,37.6601340267699],[127.037899808666,37.66014691964894],[127.03789236871717,37.66022873039755],[127.0379176496865,37.66024530052511],[127.03808039556884,37.660249574878144]]]}},{"type":"Feature","properties":{"F_DISA_NM":"2018년 8.26~9.1 호우","F_AVR_HGT":32.63,"F_AREA":461.51,"ADM_CD":"1132010600","F_SAT_YMD":"20180828","F_END_YMD":"20180830","F_SAT_TM":"21","F_END_TM":"3","F_RSN_DTL":"침수","F_ZONE_NM":"도봉구 방학동616-2","INV_YR":"2018","F_YR":"2018","GU_NAM":"도봉구","F_SHIM":0.3},"geometry":{"type":"Polygon","coordinates":[[[127.03266973957115,37.66759397235595],[127.03270362818384,37.66759207135937],[127.03289011779901,37.66742065684075],[127.03282742142295,37.667377516886205],[127.03274431769283,37.66732041721845],[127.03265175273991,37.66740549354087],[127.0325421927501,37.66750625119107],[127.03266973957115,37.66759397235595]]]}},{"type":"Feature","properties":{"F_DISA_NM":"2018년 8.26~9.1 호우","F_AVR_HGT":37.58,"F_AREA":134.77,"ADM_CD":"1132010600","F_SAT_YMD":"20180828","F_END_YMD":"20180830","F_SAT_TM":"21","F_END_TM":"3","F_RSN_DTL":"침수","F_ZONE_NM":"도봉구 방학동346-2","INV_YR":"2018","F_YR":"2018","GU_NAM":"도봉구","F_SHIM":0.3},"geometry":{"type":"Polygon","coordinates":[[[127.03014610358657,37.667424237724624],[127.03016253145971,37.667406664762225],[127.03017340787862,37.66739512966563],[127.03013735786804,37.66737639817624],[127.0300310216938,37.66732092398168],[127.02996383878944,37.667396802132885],[127.03000147786385,37.66742156981119],[127.03005736986269,37.66745885658896],[127.03011061965776,37.66740388433824],[127.03014610358657,37.667424237724624]]]}},{"type":"Feature","properties":{"F_DISA_NM":"2018년 8.26~9.1 호우","F_AVR_HGT":36.13,"F_AREA":504.7,"ADM_CD":"1132010800","F_SAT_YMD":"20180828","F_END_YMD":"20180830","F_SAT_TM":"21","F_END_TM":"3","F_RSN_DTL":"침수","F_ZONE_NM":"도봉구 도봉동349-3","INV_YR":"2018","F_YR":"2018","GU_NAM":"도봉구","F_SHIM":0.3},"geometry":{"type":"Polygon","coordinates":[[[127.04132003929442,37.6900900657208],[127.04134629410572,37.69031724533761],[127.0413463621175,37.690317218285564],[127.0414451725413,37.690279218023086],[127.04153180937095,37.690247159197206],[127.04160948883714,37.6902141483248],[127.04163739393016,37.690198732257436],[127.04164410077857,37.69018933286367],[127.04169012762999,37.69013957466801],[127.04152914754283,37.690125231892],[127.04151708402675,37.690082584084806],[127.04140503094992,37.690077225222964],[127.04132003929442,37.6900900657208]]]}},{"type":"Feature","properties":{"F_DISA_NM":"2018년 8.26~9.1 호우","F_AVR_HGT":36.13,"F_AREA":364.47,"ADM_CD":"1132010800","F_SAT_YMD":"20180828","F_END_YMD":"20180830","F_SAT_TM":"21","F_END_TM":"3","F_RSN_DTL":"침수","F_ZONE_NM":"도봉구 도봉동349","INV_YR":"2018","F_YR":"2018","GU_NAM":"도봉구","F_SHIM":0.3},"geometry":{"type":"Polygon","coordinates":[[[127.04118572730358,37.69031312795788],[127.04129898919375,37.69037344576073],[127.0413463734889,37.6903172813496],[127.04132003929442,37.6900900657208],[127.04124997796903,37.69010036039485],[127.04125328540769,37.6901369386446],[127.04119365493383,37.69014768025546],[127.04119470028114,37.69019453032021],[127.0411832498895,37.690195795528744],[127.041187800847,37.69022561609002],[127.04111773808245,37.69023347806801],[127.04116237952684,37.69030666684642],[127.04118572730358,37.69031312795788]]]}},{"type":"Feature","properties":{"F_DISA_NM":"2018년 8.26~9.1 호우","F_AVR_HGT":28.27,"F_AREA":167.43,"ADM_CD":"1132010600","F_SAT_YMD":"20180828","F_END_YMD":"20180830","F_SAT_TM":"21","F_END_TM":"3","F_RSN_DTL":"침수","F_ZONE_NM":"도봉구 방학동692-5","INV_YR":"2018","F_YR":"2018","GU_NAM":"도봉구","F_SHIM":0.3},"geometry":{"type":"Polygon","coordinates":[[[127.03517672204636,37.662985976118186],[127.03519990282625,37.66286866271984],[127.0350575459055,37.66285140457911],[127.0350342514905,37.66296853778741],[127.03517672204636,37.662985976118186]]]}},{"type":"Feature","properties":{"F_DISA_NM":"2018년 8.26~9.1 호우","F_AVR_HGT":34.24,"F_AREA":118.66,"ADM_CD":"1132010800","F_SAT_YMD":"20180828","F_END_YMD":"20180830","F_SAT_TM":"21","F_END_TM":"3","F_RSN_DTL":"침수","F_ZONE_NM":"도봉구 도봉동568-6","INV_YR":"2018","F_YR":"2018","GU_NAM":"도봉구","F_SHIM":0.3},"geometry":{"type":"Polygon","coordinates":[[[127.04442218958853,37.68466477852141],[127.04453918556193,37.68466428542282],[127.0445505224062,37.684664281287446],[127.04455024170194,37.68457085076021],[127.04440445649882,37.684582075888244],[127.04442218958853,37.68466477852141]]]}},{"type":"Feature","properties":{"F_DISA_NM":"2018년 8.26~9.1 호우","F_AVR_HGT":48.62,"F_AREA":366.51,"ADM_CD":"1132010600","F_SAT_YMD":"20180828","F_END_YMD":"20180830","F_SAT_TM":"21","F_END_TM":"3","F_RSN_DTL":"침수","F_ZONE_NM":"도봉구 방학동539","INV_YR":"2018","F_YR":"2018","GU_NAM":"도봉구","F_SHIM":0.3},"geometry":{"type":"Polygon","coordinates":[[[127.0204886814367,37.659718033533466],[127.02038497144659,37.65966840647926],[127.02036520417342,37.65992780012777],[127.02043207700376,37.65995788196683],[127.02044151727941,37.65995714165434],[127.02052768510612,37.659877436632016],[127.0205313864064,37.65981488139327],[127.02055472531788,37.65983104110833],[127.02055839045241,37.65976009780373],[127.02053866621904,37.65974163101241],[127.0204886814367,37.659718033533466]]]}},{"type":"Feature","properties":{"F_DISA_NM":"2018년 8.26~9.1 호우","F_AVR_HGT":34.24,"F_AREA":183.93,"ADM_CD":"1132010800","F_SAT_YMD":"20180828","F_END_YMD":"20180830","F_SAT_TM":"21","F_END_TM":"3","F_RSN_DTL":"침수","F_ZONE_NM":"도봉구 도봉동568-37","INV_YR":"2018","F_YR":"2018","GU_NAM":"도봉구","F_SHIM":0.3},"geometry":{"type":"Polygon","coordinates":[[[127.0444318433142,37.68449818558307],[127.04454259336902,37.684479675345095],[127.04457603364402,37.684473896932275],[127.04453448716093,37.68438084184644],[127.04452688167372,37.68436381627866],[127.04449762608036,37.684352294520686],[127.04447654270352,37.68435761792655],[127.04447359196729,37.6843521230815],[127.04438325304149,37.68437882467025],[127.04439426524229,37.68440575968365],[127.0444318433142,37.68449818558307]]]}},{"type":"Feature","properties":{"F_DISA_NM":"2018년 8.26~9.1 호우","F_AVR_HGT":32.14,"F_AREA":245.67,"ADM_CD":"1132010800","F_SAT_YMD":"20180828","F_END_YMD":"20180830","F_SAT_TM":"21","F_END_TM":"3","F_RSN_DTL":"침수","F_ZONE_NM":"도봉구 도봉동562-27","INV_YR":"2018","F_YR":"2018","GU_NAM":"도봉구","F_SHIM":0.3},"geometry":{"type":"Polygon","coordinates":[[[127.04553444586497,37.68293486571119],[127.04558786733863,37.682787446964525],[127.04546744614161,37.68274181268054],[127.04546212003488,37.68274532845052],[127.04544659506757,37.68275569539602],[127.04541113989296,37.68280364023444],[127.04535562504329,37.68286195368114],[127.04553444586497,37.68293486571119]]]}},{"type":"Feature","properties":{"F_DISA_NM":"2018년 8.26~9.1 호우","F_AVR_HGT":35.52,"F_AREA":117.99,"ADM_CD":"1132010700","F_SAT_YMD":"20180828","F_END_YMD":"20180830","F_SAT_TM":"21","F_END_TM":"3","F_RSN_DTL":"침수","F_ZONE_NM":"도봉구 창동448-82","INV_YR":"2018","F_YR":"2018","GU_NAM":"도봉구","F_SHIM":0.3},"geometry":{"type":"Polygon","coordinates":[[[127.0409704534781,37.63967396193432],[127.04097453089841,37.63967134773678],[127.04106242261018,37.639616358698255],[127.0410672928851,37.63961329374308],[127.04099360792017,37.639537726418276],[127.04089269060925,37.639600017669856],[127.0409704534781,37.63967396193432]]]}},{"type":"Feature","properties":{"F_DISA_NM":"2018년 8.26~9.1 호우","F_AVR_HGT":34.31,"F_AREA":165.19,"ADM_CD":"1132010500","F_SAT_YMD":"20180828","F_END_YMD":"20180830","F_SAT_TM":"21","F_END_TM":"3","F_RSN_DTL":"침수","F_ZONE_NM":"도봉구 쌍문동418-9","INV_YR":"2018","F_YR":"2018","GU_NAM":"도봉구","F_SHIM":0.3},"geometry":{"type":"Polygon","coordinates":[[[127.01841586769288,37.64894598206678],[127.01855365957998,37.648954161136054],[127.01857356611835,37.6488429508005],[127.01842394224298,37.64882501588048],[127.01841586769288,37.64894598206678]]]}},{"type":"Feature","properties":{"F_DISA_NM":"2018년 8.26~9.1 호우","F_AVR_HGT":35.44,"F_AREA":140.81,"ADM_CD":"1132010800","F_SAT_YMD":"20180828","F_END_YMD":"20180830","F_SAT_TM":"21","F_END_TM":"3","F_RSN_DTL":"침수","F_ZONE_NM":"도봉구 도봉동569-32","INV_YR":"2018","F_YR":"2018","GU_NAM":"도봉구","F_SHIM":0.3},"geometry":{"type":"Polygon","coordinates":[[[127.04494387519101,37.68518633953907],[127.04498638849698,37.68518605358868],[127.0450884203877,37.68518529516765],[127.04508677525756,37.685086189041144],[127.04506410154609,37.68508637760802],[127.0449413231954,37.6850870535503],[127.04494387519101,37.68518633953907]]]}},{"type":"Feature","properties":{"F_DISA_NM":"2018년 8.26~9.1 호우","F_AVR_HGT":31.93,"F_AREA":219.55,"ADM_CD":"1132010700","F_SAT_YMD":"20180828","F_END_YMD":"20180830","F_SAT_TM":"21","F_END_TM":"3","F_RSN_DTL":"침수","F_ZONE_NM":"도봉구 창동601-29","INV_YR":"2018","F_YR":"2018","GU_NAM":"도봉구","F_SHIM":0.3},"geometry":{"type":"Polygon","coordinates":[[[127.03938368954188,37.64057410757716],[127.03941042048744,37.64055797150461],[127.03943669835324,37.640542105864704],[127.03948540290659,37.64051253815172],[127.03954180984256,37.64047891353933],[127.03960138824226,37.640443485921885],[127.03957146026974,37.6404112405931],[127.03953937863766,37.640377103898345],[127.03950336020965,37.64039936963576],[127.03946881407988,37.64042046361821],[127.03943675941282,37.640439304346856],[127.03941172711899,37.64045363792581],[127.03932757041261,37.640505200817245],[127.03932179382566,37.640508716479125],[127.03935194824082,37.64054078160266],[127.03936838566901,37.64055798499551],[127.03938368954188,37.64057410757716]]]}},{"type":"Feature","properties":{"F_DISA_NM":"2018년 8.26~9.1 호우","F_AVR_HGT":36.13,"F_AREA":168.24,"ADM_CD":"1132010800","F_SAT_YMD":"20180828","F_END_YMD":"20180830","F_SAT_TM":"21","F_END_TM":"3","F_RSN_DTL":"침수","F_ZONE_NM":"도봉구 도봉동349-10","INV_YR":"2018","F_YR":"2018","GU_NAM":"도봉구","F_SHIM":0.3},"geometry":{"type":"Polygon","coordinates":[[[127.04140503094992,37.690077225222964],[127.04151708402675,37.690082584084806],[127.0415108072411,37.69004833135044],[127.04156977172947,37.68995894417131],[127.0414801867263,37.68994737006888],[127.04143274759103,37.68992172651817],[127.04141593904328,37.68991023583312],[127.04141941997887,37.68995308476893],[127.04144045212698,37.6899968918026],[127.04138662079944,37.690017839533546],[127.04140503094992,37.690077225222964]]]}},{"type":"Feature","properties":{"F_DISA_NM":"2018년 8.26~9.1 호우","F_AVR_HGT":31.56,"F_AREA":199.64,"ADM_CD":"1132010500","F_SAT_YMD":"20180828","F_END_YMD":"20180830","F_SAT_TM":"21","F_END_TM":"3","F_RSN_DTL":"침수","F_ZONE_NM":"도봉구 쌍문동29-14","INV_YR":"2018","F_YR":"2018","GU_NAM":"도봉구","F_SHIM":0.3},"geometry":{"type":"Polygon","coordinates":[[[127.03761407437777,37.66009240837952],[127.03781342602505,37.66009703228556],[127.03782164848553,37.65999287713919],[127.0377847063281,37.66000054678149],[127.03771002364466,37.66000552507295],[127.03771081000795,37.65999119934195],[127.03761017022805,37.65998726588559],[127.03761407437777,37.66009240837952]]]}},{"type":"Feature","properties":{"F_DISA_NM":"2018년 8.26~9.1 호우","F_AVR_HGT":37.58,"F_AREA":174.21,"ADM_CD":"1132010600","F_SAT_YMD":"20180828","F_END_YMD":"20180830","F_SAT_TM":"21","F_END_TM":"3","F_RSN_DTL":"침수","F_ZONE_NM":"도봉구 방학동610-20","INV_YR":"2018","F_YR":"2018","GU_NAM":"도봉구","F_SHIM":0.3},"geometry":{"type":"Polygon","coordinates":[[[127.03028022632708,37.667818741197124],[127.03029200803499,37.66780333168568],[127.03012115755436,37.66769165257679],[127.03002143232536,37.667734292736796],[127.02999605660395,37.6677684457424],[127.03009707073298,37.66783554380527],[127.03016369303408,37.66777489216396],[127.03019361060313,37.66776209107914],[127.03028022632708,37.667818741197124]]]}},{"type":"Feature","properties":{"F_DISA_NM":"2018년 8.26~9.1 호우","F_AVR_HGT":67.18,"F_AREA":357.44,"ADM_CD":"1132010500","F_SAT_YMD":"20180828","F_END_YMD":"20180830","F_SAT_TM":"21","F_END_TM":"3","F_RSN_DTL":"침수","F_ZONE_NM":"도봉구 쌍문동532-11","INV_YR":"2018","F_YR":"2018","GU_NAM":"도봉구","F_SHIM":0.3},"geometry":{"type":"Polygon","coordinates":[[[127.01591395668747,37.66044248513178],[127.01591895156062,37.660485370892346],[127.01595839732299,37.66051807143359],[127.01598673101059,37.66052194215166],[127.01597900787907,37.660553369076716],[127.0161448503961,37.6605742422265],[127.0161491295313,37.66054973519922],[127.01615503431748,37.660550752567694],[127.01615727514928,37.66041930016019],[127.01611624745458,37.66041083608584],[127.01609006680314,37.66040543347682],[127.01607487975689,37.66040228194173],[127.01598908433348,37.660384633400746],[127.01592799619564,37.6603720272381],[127.01592550533897,37.6603846411807],[127.01591395668747,37.66044248513178]]]}},{"type":"Feature","properties":{"F_DISA_NM":"2018년 8.26~9.1 호우","F_AVR_HGT":56.28,"F_AREA":163.52,"ADM_CD":"1132010800","F_SAT_YMD":"20180828","F_END_YMD":"20180830","F_SAT_TM":"21","F_END_TM":"3","F_RSN_DTL":"침수","F_ZONE_NM":"도봉구 도봉동475-3","INV_YR":"2018","F_YR":"2018","GU_NAM":"도봉구","F_SHIM":0.3},"geometry":{"type":"Polygon","coordinates":[[[127.03119784362931,37.67782253124885],[127.03136817539617,37.67785069768807],[127.03136810444,37.677843354788585],[127.03136790338021,37.677822506359725],[127.0314137875462,37.67775807528012],[127.03141374206206,37.677757723912784],[127.03131019249744,37.67770834984289],[127.03120500424001,37.67781344765465],[127.03119784362931,37.67782253124885]]]}},{"type":"Feature","properties":{"F_DISA_NM":"2018년 8.26~9.1 호우","F_AVR_HGT":28.18,"F_AREA":112.45,"ADM_CD":"1132010800","F_SAT_YMD":"20180828","F_END_YMD":"20180830","F_SAT_TM":"21","F_END_TM":"3","F_RSN_DTL":"침수","F_ZONE_NM":"도봉구 도봉동605-25","INV_YR":"2018","F_YR":"2018","GU_NAM":"도봉구","F_SHIM":0.3},"geometry":{"type":"Polygon","coordinates":[[[127.04256624929121,37.67307538238049],[127.04256256302084,37.6729681679733],[127.04247664392119,37.67296945919693],[127.04245443723906,37.672987756640524],[127.04245686659777,37.673076952043495],[127.04256624929121,37.67307538238049]]]}},{"type":"Feature","properties":{"F_DISA_NM":"2018년 8.26~9.1 호우","F_AVR_HGT":25.57,"F_AREA":146.79,"ADM_CD":"1132010600","F_SAT_YMD":"20180828","F_END_YMD":"20180830","F_SAT_TM":"21","F_END_TM":"3","F_RSN_DTL":"침수","F_ZONE_NM":"도봉구 방학동650-45","INV_YR":"2018","F_YR":"2018","GU_NAM":"도봉구","F_SHIM":0.3},"geometry":{"type":"Polygon","coordinates":[[[127.04180984530339,37.66895050262744],[127.04195060896011,37.668931534038016],[127.04192992945963,37.668837839950356],[127.04177318704183,37.66886167922212],[127.04179273149475,37.66895276090329],[127.04180984530339,37.66895050262744]]]}},{"type":"Feature","properties":{"F_DISA_NM":"2018년 8.26~9.1 호우","F_AVR_HGT":25.64,"F_AREA":114.78,"ADM_CD":"1132010600","F_SAT_YMD":"20180828","F_END_YMD":"20180830","F_SAT_TM":"21","F_END_TM":"3","F_RSN_DTL":"침수","F_ZONE_NM":"도봉구 방학동650-6","INV_YR":"2018","F_YR":"2018","GU_NAM":"도봉구","F_SHIM":0.3},"geometry":{"type":"Polygon","coordinates":[[[127.04129852163234,37.668901122651775],[127.04128136153626,37.66881661718585],[127.04114683052454,37.66883306015959],[127.04116331074043,37.668918196554344],[127.04129852163234,37.668901122651775]]]}},{"type":"Feature","properties":{"F_DISA_NM":"2018년 8.26~9.1 호우","F_AVR_HGT":25.64,"F_AREA":132.73,"ADM_CD":"1132010600","F_SAT_YMD":"20180828","F_END_YMD":"20180830","F_SAT_TM":"21","F_END_TM":"3","F_RSN_DTL":"침수","F_ZONE_NM":"도봉구 방학동650-21","INV_YR":"2018","F_YR":"2018","GU_NAM":"도봉구","F_SHIM":0.3},"geometry":{"type":"Polygon","coordinates":[[[127.0416115678049,37.668880114106194],[127.04158952464184,37.668779032444135],[127.04146134061284,37.668794662745036],[127.04147827407412,37.66887889796997],[127.04148225161128,37.66889844773283],[127.0416115678049,37.668880114106194]]]}},{"type":"Feature","properties":{"F_DISA_NM":"2018년 8.26~9.1 호우","F_AVR_HGT":25.63,"F_AREA":114.29,"ADM_CD":"1132010600","F_SAT_YMD":"20180828","F_END_YMD":"20180830","F_SAT_TM":"21","F_END_TM":"3","F_RSN_DTL":"침수","F_ZONE_NM":"도봉구 방학동655-22","INV_YR":"2018","F_YR":"2018","GU_NAM":"도봉구","F_SHIM":0.3},"geometry":{"type":"Polygon","coordinates":[[[127.04207508264258,37.66813755401402],[127.04206018106203,37.668038992696076],[127.04194706962694,37.66804831153505],[127.04195789241106,37.668150027670734],[127.04207508264258,37.66813755401402]]]}},{"type":"Feature","properties":{"F_DISA_NM":"2018년 8.26~9.1 호우","F_AVR_HGT":51.07,"F_AREA":119.53,"ADM_CD":"1132010500","F_SAT_YMD":"20180828","F_END_YMD":"20180830","F_SAT_TM":"21","F_END_TM":"3","F_RSN_DTL":"침수","F_ZONE_NM":"도봉구 쌍문동518-12","INV_YR":"2018","F_YR":"2018","GU_NAM":"도봉구","F_SHIM":0.3},"geometry":{"type":"Polygon","coordinates":[[[127.01498730478814,37.658896883061914],[127.01497448417676,37.65881705819196],[127.01495600355325,37.65877282245399],[127.0148714608576,37.65877733692329],[127.01488848265737,37.65890248034164],[127.01498753219518,37.6589010275182],[127.01498730478814,37.658896883061914]]]}},{"type":"Feature","properties":{"F_DISA_NM":"2018년 8.26~9.1 호우","F_AVR_HGT":29.91,"F_AREA":170.26,"ADM_CD":"1132010800","F_SAT_YMD":"20180828","F_END_YMD":"20180830","F_SAT_TM":"21","F_END_TM":"3","F_RSN_DTL":"침수","F_ZONE_NM":"도봉구 도봉동604-6","INV_YR":"2018","F_YR":"2018","GU_NAM":"도봉구","F_SHIM":0.3},"geometry":{"type":"Polygon","coordinates":[[[127.04235240428453,37.67408369650386],[127.04246390369113,37.67401212067641],[127.04238938660417,37.67393069864558],[127.04228434413541,37.67399461391009],[127.04222684188642,37.673934809224185],[127.0422037261693,37.67394968323758],[127.0422806219918,37.67402840164747],[127.04229013919507,37.6740203797074],[127.04235240428453,37.67408369650386]]]}},{"type":"Feature","properties":{"F_DISA_NM":"2018년 8.26~9.1 호우","F_AVR_HGT":29.29,"F_AREA":158.65,"ADM_CD":"1132010800","F_SAT_YMD":"20180828","F_END_YMD":"20180830","F_SAT_TM":"21","F_END_TM":"3","F_RSN_DTL":"침수","F_ZONE_NM":"도봉구 도봉동607-12","INV_YR":"2018","F_YR":"2018","GU_NAM":"도봉구","F_SHIM":0.3},"geometry":{"type":"Polygon","coordinates":[[[127.03995549987056,37.6725330657755],[127.03998552966681,37.672517649361424],[127.04006360715329,37.67247771080437],[127.03998965711261,37.672388808979775],[127.03997740771275,37.672374037028334],[127.03986624085879,37.67243092456894],[127.03995549987056,37.6725330657755]]]}},{"type":"Feature","properties":{"F_DISA_NM":"2018년 8.26~9.1 호우","F_AVR_HGT":38.55,"F_AREA":175.73,"ADM_CD":"1132010800","F_SAT_YMD":"20180828","F_END_YMD":"20180830","F_SAT_TM":"21","F_END_TM":"3","F_RSN_DTL":"침수","F_ZONE_NM":"도봉구 도봉동573-23","INV_YR":"2018","F_YR":"2018","GU_NAM":"도봉구","F_SHIM":0.3},"geometry":{"type":"Polygon","coordinates":[[[127.04202453540678,37.68524531057821],[127.04214499708503,37.685153730566064],[127.04208328607733,37.68508365631384],[127.04192994389149,37.68516885064436],[127.04199517147741,37.68524297813552],[127.04202453540678,37.68524531057821]]]}},{"type":"Feature","properties":{"F_DISA_NM":"2018년 8.26~9.1 호우","F_AVR_HGT":39.58,"F_AREA":164.67,"ADM_CD":"1132010600","F_SAT_YMD":"20180828","F_END_YMD":"20180830","F_SAT_TM":"21","F_END_TM":"3","F_RSN_DTL":"침수","F_ZONE_NM":"도봉구 방학동396-47","INV_YR":"2018","F_YR":"2018","GU_NAM":"도봉구","F_SHIM":0.3},"geometry":{"type":"Polygon","coordinates":[[[127.03191596138439,37.669971566066764],[127.03206490662187,37.66999215986883],[127.03208934438054,37.66988241506612],[127.03194164605068,37.66986155068114],[127.03191596138439,37.669971566066764]]]}},{"type":"Feature","properties":{"F_DISA_NM":"2018년 8.26~9.1 호우","F_AVR_HGT":40.3,"F_AREA":171.87,"ADM_CD":"1132010600","F_SAT_YMD":"20180828","F_END_YMD":"20180830","F_SAT_TM":"21","F_END_TM":"3","F_RSN_DTL":"침수","F_ZONE_NM":"도봉구 방학동399-3","INV_YR":"2018","F_YR":"2018","GU_NAM":"도봉구","F_SHIM":0.3},"geometry":{"type":"Polygon","coordinates":[[[127.03132395096303,37.66996243710355],[127.03134239436501,37.66988242606803],[127.03121385443515,37.66986840331932],[127.03109472248008,37.66985491865589],[127.03111708010576,37.669926630474784],[127.03111844190398,37.6699307746074],[127.03132395096303,37.66996243710355]]]}},{"type":"Feature","properties":{"F_DISA_NM":"2018년 8.26~9.1 호우","F_AVR_HGT":25.5,"F_AREA":87.05,"ADM_CD":"1132010600","F_SAT_YMD":"20180828","F_END_YMD":"20180830","F_SAT_TM":"21","F_END_TM":"3","F_RSN_DTL":"침수","F_ZONE_NM":"도봉구 방학동652-3","INV_YR":"2018","F_YR":"2018","GU_NAM":"도봉구","F_SHIM":0.3},"geometry":{"type":"Polygon","coordinates":[[[127.04235011054436,37.66969001549811],[127.04233976061178,37.66962523914282],[127.04232343441126,37.669617136036734],[127.04221927688225,37.669630055928096],[127.0422358665303,37.66970546161827],[127.04235011054436,37.66969001549811]]]}},{"type":"Feature","properties":{"F_DISA_NM":"2018년 8.26~9.1 호우","F_AVR_HGT":25.57,"F_AREA":102.91,"ADM_CD":"1132010600","F_SAT_YMD":"20180828","F_END_YMD":"20180830","F_SAT_TM":"21","F_END_TM":"3","F_RSN_DTL":"침수","F_ZONE_NM":"도봉구 방학동652-12","INV_YR":"2018","F_YR":"2018","GU_NAM":"도봉구","F_SHIM":0.3},"geometry":{"type":"Polygon","coordinates":[[[127.04245906039407,37.66952852342856],[127.04254315704183,37.6695182231242],[127.0425165673174,37.66939660104929],[127.04243247065477,37.66940663104305],[127.04245906039407,37.66952852342856]]]}},{"type":"Feature","properties":{"F_DISA_NM":"2018년 8.26~9.1 호우","F_AVR_HGT":41.09,"F_AREA":186.94,"ADM_CD":"1132010600","F_SAT_YMD":"20180828","F_END_YMD":"20180830","F_SAT_TM":"21","F_END_TM":"3","F_RSN_DTL":"침수","F_ZONE_NM":"도봉구 방학동407-2","INV_YR":"2018","F_YR":"2018","GU_NAM":"도봉구","F_SHIM":0.3},"geometry":{"type":"Polygon","coordinates":[[[127.02955909607181,37.669512113136456],[127.02957846250168,37.6694705736878],[127.02959238877752,37.66943020679497],[127.02958875592674,37.66941480102512],[127.02939232676998,37.669409982346174],[127.02938270219028,37.66943611282996],[127.0293772873755,37.669505038524726],[127.02955909607181,37.669512113136456]]]}},{"type":"Feature","properties":{"F_DISA_NM":"2018년 8.26~9.1 호우","F_AVR_HGT":30.76,"F_AREA":200.44,"ADM_CD":"1132010800","F_SAT_YMD":"20180828","F_END_YMD":"20180830","F_SAT_TM":"21","F_END_TM":"3","F_RSN_DTL":"침수","F_ZONE_NM":"도봉구 도봉동597-41","INV_YR":"2018","F_YR":"2018","GU_NAM":"도봉구","F_SHIM":0.3},"geometry":{"type":"Polygon","coordinates":[[[127.04334151357266,37.67730918929304],[127.0434860463021,37.67731310223523],[127.0434985455139,37.677164978067985],[127.0433520940438,37.67717539126897],[127.04334151357266,37.67730918929304]]]}},{"type":"Feature","properties":{"F_DISA_NM":"2018년 8.26~9.1 호우","F_AVR_HGT":25.57,"F_AREA":151.46,"ADM_CD":"1132010600","F_SAT_YMD":"20180828","F_END_YMD":"20180830","F_SAT_TM":"21","F_END_TM":"3","F_RSN_DTL":"침수","F_ZONE_NM":"도봉구 방학동650-43","INV_YR":"2018","F_YR":"2018","GU_NAM":"도봉구","F_SHIM":0.3},"geometry":{"type":"Polygon","coordinates":[[[127.04199776342922,37.66914603949013],[127.04197435659334,37.66903955253585],[127.04183347890671,37.669057620219505],[127.04185290823867,37.6691451881331],[127.04185722597173,37.66916482786335],[127.04199776342922,37.66914603949013]]]}},{"type":"Feature","properties":{"F_DISA_NM":"2018년 8.26~9.1 호우","F_AVR_HGT":29.29,"F_AREA":192.21,"ADM_CD":"1132010800","F_SAT_YMD":"20180828","F_END_YMD":"20180830","F_SAT_TM":"21","F_END_TM":"3","F_RSN_DTL":"침수","F_ZONE_NM":"도봉구 도봉동607-5","INV_YR":"2018","F_YR":"2018","GU_NAM":"도봉구","F_SHIM":0.3},"geometry":{"type":"Polygon","coordinates":[[[127.0397869485138,37.67275403896901],[127.03993358654833,37.67268164323809],[127.03985158522151,37.67258616685411],[127.03984580585046,37.672589051843175],[127.03970834821604,37.672659372258316],[127.0397869485138,37.67275403896901]]]}},{"type":"Feature","properties":{"F_DISA_NM":"2018년 8.26~9.1 호우","F_AVR_HGT":48.9,"F_AREA":330.31,"ADM_CD":"1132010800","F_SAT_YMD":"20180828","F_END_YMD":"20180830","F_SAT_TM":"21","F_END_TM":"3","F_RSN_DTL":"침수","F_ZONE_NM":"도봉구 도봉동554-24","INV_YR":"2018","F_YR":"2018","GU_NAM":"도봉구","F_SHIM":0.3},"geometry":{"type":"Polygon","coordinates":[[[127.04003119425572,37.68662329140459],[127.04006916892911,37.68661408910444],[127.04009663980571,37.686681652879756],[127.04019854751525,37.68665603195497],[127.04016864377583,37.686488281124355],[127.03998703065733,37.68650302630717],[127.04003119425572,37.68662329140459]]]}},{"type":"Feature","properties":{"F_DISA_NM":"2018년 8.26~9.1 호우","F_AVR_HGT":51.41,"F_AREA":182.02,"ADM_CD":"1132010500","F_SAT_YMD":"20180828","F_END_YMD":"20180830","F_SAT_TM":"21","F_END_TM":"3","F_RSN_DTL":"침수","F_ZONE_NM":"도봉구 쌍문동81-105","INV_YR":"2018","F_YR":"2018","GU_NAM":"도봉구","F_SHIM":0.3},"geometry":{"type":"Polygon","coordinates":[[[127.03347174377487,37.65344102388499],[127.03336083742997,37.653257345018226],[127.03318465018108,37.65331964982476],[127.03320493754987,37.653326581887555],[127.03330660262824,37.653364845988456],[127.03337721491627,37.65339618088109],[127.03347174377487,37.65344102388499]]]}},{"type":"Feature","properties":{"F_DISA_NM":"2018년 8.26~9.1 호우","F_AVR_HGT":25.85,"F_AREA":132.68,"ADM_CD":"1132010600","F_SAT_YMD":"20180828","F_END_YMD":"20180830","F_SAT_TM":"21","F_END_TM":"3","F_RSN_DTL":"침수","F_ZONE_NM":"도봉구 방학동651-24","INV_YR":"2018","F_YR":"2018","GU_NAM":"도봉구","F_SHIM":0.3},"geometry":{"type":"Polygon","coordinates":[[[127.04178478533314,37.66955992916152],[127.04178641299231,37.669425683669516],[127.04168349573571,37.66942616924103],[127.04168583270065,37.66955617881003],[127.04168594837661,37.6695605034397],[127.04178478533314,37.66955992916152]]]}},{"type":"Feature","properties":{"F_DISA_NM":"2018년 8.26~9.1 호우","F_AVR_HGT":31.56,"F_AREA":172.14,"ADM_CD":"1132010500","F_SAT_YMD":"20180828","F_END_YMD":"20180830","F_SAT_TM":"21","F_END_TM":"3","F_RSN_DTL":"침수","F_ZONE_NM":"도봉구 쌍문동31-39","INV_YR":"2018","F_YR":"2018","GU_NAM":"도봉구","F_SHIM":0.3},"geometry":{"type":"Polygon","coordinates":[[[127.03825005893722,37.65980236868496],[127.03825175752084,37.659799575136],[127.03823845577506,37.65971416691927],[127.03823447789465,37.6596911933141],[127.03808997637776,37.65968069679666],[127.03808187172139,37.65979314089363],[127.03825005893722,37.65980236868496]]]}},{"type":"Feature","properties":{"F_DISA_NM":"2018년 8.26~9.1 호우","F_AVR_HGT":43.66,"F_AREA":111.62,"ADM_CD":"1132010800","F_SAT_YMD":"20180828","F_END_YMD":"20180830","F_SAT_TM":"21","F_END_TM":"3","F_RSN_DTL":"침수","F_ZONE_NM":"도봉구 도봉동366-1","INV_YR":"2018","F_YR":"2018","GU_NAM":"도봉구","F_SHIM":0.3},"geometry":{"type":"Polygon","coordinates":[[[127.03905935217718,37.6897290676223],[127.03898746457675,37.689714945257485],[127.03896048046721,37.689713782565825],[127.03887340732362,37.689713269592204],[127.0387651407733,37.68972862031406],[127.03875889639085,37.68971123357208],[127.03871321089333,37.68972142894417],[127.03862661557476,37.68976974819093],[127.03895267082605,37.68974027355148],[127.03905935217718,37.6897290676223]]]}},{"type":"Feature","properties":{"F_DISA_NM":"2018년 8.26~9.1 호우","F_AVR_HGT":80.65,"F_AREA":124.81,"ADM_CD":"1132010500","F_SAT_YMD":"20180828","F_END_YMD":"20180830","F_SAT_TM":"21","F_END_TM":"3","F_RSN_DTL":"침수","F_ZONE_NM":"도봉구 쌍문동460-245","INV_YR":"2018","F_YR":"2018","GU_NAM":"도봉구","F_SHIM":0.3},"geometry":{"type":"Polygon","coordinates":[[[127.02244019597083,37.65411207143624],[127.0223907625402,37.65402261335977],[127.02227201245377,37.654062997992554],[127.0223200862055,37.65415353752803],[127.02244019597083,37.65411207143624]]]}},{"type":"Feature","properties":{"F_DISA_NM":"2018년 8.26~9.1 호우","F_AVR_HGT":28.88,"F_AREA":353.53,"ADM_CD":"1132010600","F_SAT_YMD":"20180828","F_END_YMD":"20180830","F_SAT_TM":"21","F_END_TM":"3","F_RSN_DTL":"침수","F_ZONE_NM":"도봉구 방학동671-17","INV_YR":"2018","F_YR":"2018","GU_NAM":"도봉구","F_SHIM":0.3},"geometry":{"type":"Polygon","coordinates":[[[127.03525695710651,37.66222030566207],[127.03527233357867,37.66213858293392],[127.03529415381496,37.66202099959721],[127.0351170031303,37.6619996970988],[127.03507991929311,37.66219900307648],[127.03525695710651,37.66222030566207]]]}},{"type":"Feature","properties":{"F_DISA_NM":"2018년 8.26~9.1 호우","F_AVR_HGT":25.52,"F_AREA":108.29,"ADM_CD":"1132010600","F_SAT_YMD":"20180828","F_END_YMD":"20180830","F_SAT_TM":"21","F_END_TM":"3","F_RSN_DTL":"침수","F_ZONE_NM":"도봉구 방학동683-24","INV_YR":"2018","F_YR":"2018","GU_NAM":"도봉구","F_SHIM":0.3},"geometry":{"type":"Polygon","coordinates":[[[127.04146781989246,37.66535027834202],[127.04146675180309,37.66526063185298],[127.04134287302573,37.66526193509834],[127.04134439408178,37.665351130948935],[127.04146781989246,37.66535027834202]]]}},{"type":"Feature","properties":{"F_DISA_NM":"2018년 8.26~9.1 호우","F_AVR_HGT":25.52,"F_AREA":110.34,"ADM_CD":"1132010600","F_SAT_YMD":"20180828","F_END_YMD":"20180830","F_SAT_TM":"21","F_END_TM":"3","F_RSN_DTL":"침수","F_ZONE_NM":"도봉구 방학동683-25","INV_YR":"2018","F_YR":"2018","GU_NAM":"도봉구","F_SHIM":0.3},"geometry":{"type":"Polygon","coordinates":[[[127.04134591644114,37.66544275942572],[127.04146900214452,37.665441456445706],[127.04146781989246,37.66535027834202],[127.04134439408178,37.665351130948935],[127.04134591644114,37.66544275942572]]]}},{"type":"Feature","properties":{"F_DISA_NM":"2018년 8.26~9.1 호우","F_AVR_HGT":25.52,"F_AREA":109.97,"ADM_CD":"1132010600","F_SAT_YMD":"20180828","F_END_YMD":"20180830","F_SAT_TM":"21","F_END_TM":"3","F_RSN_DTL":"침수","F_ZONE_NM":"도봉구 방학동682-14","INV_YR":"2018","F_YR":"2018","GU_NAM":"도봉구","F_SHIM":0.3},"geometry":{"type":"Polygon","coordinates":[[[127.04144063517339,37.664958093824495],[127.04143993290111,37.66491655918699],[127.04143899695744,37.66486196051334],[127.04131398670931,37.66486560664213],[127.04132127903688,37.66493804244635],[127.0413382797067,37.66493785651467],[127.04133863175292,37.66496038073155],[127.04144063517339,37.664958093824495]]]}},{"type":"Feature","properties":{"F_DISA_NM":"2018년 8.26~9.1 호우","F_AVR_HGT":25.52,"F_AREA":103.86,"ADM_CD":"1132010600","F_SAT_YMD":"20180828","F_END_YMD":"20180830","F_SAT_TM":"21","F_END_TM":"3","F_RSN_DTL":"침수","F_ZONE_NM":"도봉구 방학동682-15","INV_YR":"2018","F_YR":"2018","GU_NAM":"도봉구","F_SHIM":0.3},"geometry":{"type":"Polygon","coordinates":[[[127.04130474374146,37.66496075255435],[127.04130427836704,37.66493822837555],[127.04132127903688,37.66493804244635],[127.04131398670931,37.66486560664213],[127.04120019751947,37.66487033003285],[127.04119953954901,37.66491177503229],[127.04120081216823,37.66496042716956],[127.04130474374146,37.66496075255435]]]}},{"type":"Feature","properties":{"F_DISA_NM":"2018년 8.26~9.1 호우","F_AVR_HGT":25.8,"F_AREA":96.95,"ADM_CD":"1132010600","F_SAT_YMD":"20180828","F_END_YMD":"20180830","F_SAT_TM":"21","F_END_TM":"3","F_RSN_DTL":"침수","F_ZONE_NM":"도봉구 방학동683-42","INV_YR":"2018","F_YR":"2018","GU_NAM":"도봉구","F_SHIM":0.3},"geometry":{"type":"Polygon","coordinates":[[[127.04109316322923,37.66564358134296],[127.04117952769862,37.66564310185349],[127.04117834239408,37.665545526840276],[127.04107452353658,37.665545561695865],[127.04107604179161,37.66563007248527],[127.04109304271552,37.66563006678349],[127.04109316322923,37.66564358134296]]]}},{"type":"Feature","properties":{"F_DISA_NM":"2018년 8.26~9.1 호우","F_AVR_HGT":25.85,"F_AREA":86.24,"ADM_CD":"1132010600","F_SAT_YMD":"20180828","F_END_YMD":"20180830","F_SAT_TM":"21","F_END_TM":"3","F_RSN_DTL":"침수","F_ZONE_NM":"도봉구 방학동685-29","INV_YR":"2018","F_YR":"2018","GU_NAM":"도봉구","F_SHIM":0.3},"geometry":{"type":"Polygon","coordinates":[[[127.04020051616908,37.66523582657328],[127.04020036309407,37.665159243885],[127.04008532498005,37.66516072310537],[127.04008627154222,37.665237756021114],[127.04020051616908,37.66523582657328]]]}},{"type":"Feature","properties":{"F_DISA_NM":"2018년 8.26~9.1 호우","F_AVR_HGT":25.52,"F_AREA":106.82,"ADM_CD":"1132010600","F_SAT_YMD":"20180828","F_END_YMD":"20180830","F_SAT_TM":"21","F_END_TM":"3","F_RSN_DTL":"침수","F_ZONE_NM":"도봉구 방학동683-30","INV_YR":"2018","F_YR":"2018","GU_NAM":"도봉구","F_SHIM":0.3},"geometry":{"type":"Polygon","coordinates":[[[127.04129905874295,37.66535168682861],[127.0412975381257,37.665263211756034],[127.04117479292205,37.66526487483198],[127.04117585788059,37.6653492956792],[127.04117597361606,37.665353800507134],[127.04129905874295,37.66535168682861]]]}},{"type":"Feature","properties":{"F_DISA_NM":"2018년 8.26~9.1 호우","F_AVR_HGT":26.06,"F_AREA":186.46,"ADM_CD":"1132010600","F_SAT_YMD":"20180828","F_END_YMD":"20180830","F_SAT_TM":"21","F_END_TM":"3","F_RSN_DTL":"침수","F_ZONE_NM":"도봉구 방학동685-34","INV_YR":"2018","F_YR":"2018","GU_NAM":"도봉구","F_SHIM":0.3},"geometry":{"type":"Polygon","coordinates":[[[127.04026226315155,37.66562827030579],[127.04026075696275,37.66556520266717],[127.04025959814528,37.66551628019533],[127.04019930209405,37.665517200953644],[127.04017697443444,37.665517568661556],[127.040089703855,37.66551894868658],[127.04009112149878,37.665630218430096],[127.04026226315155,37.66562827030579]]]}},{"type":"Feature","properties":{"F_DISA_NM":"2018년 8.26~9.1 호우","F_AVR_HGT":26.47,"F_AREA":124.42,"ADM_CD":"1132010600","F_SAT_YMD":"20180828","F_END_YMD":"20180830","F_SAT_TM":"21","F_END_TM":"3","F_RSN_DTL":"침수","F_ZONE_NM":"도봉구 방학동699-33","INV_YR":"2018","F_YR":"2018","GU_NAM":"도봉구","F_SHIM":0.3},"geometry":{"type":"Polygon","coordinates":[[[127.03909548234134,37.665501520378385],[127.0390960985393,37.6655997262764],[127.03922507764749,37.66559734259241],[127.03922366731217,37.665497965683535],[127.03909548234134,37.665501520378385]]]}},{"type":"Feature","properties":{"F_DISA_NM":"2018년 8.26~9.1 호우","F_AVR_HGT":26.47,"F_AREA":134.93,"ADM_CD":"1132010600","F_SAT_YMD":"20180828","F_END_YMD":"20180830","F_SAT_TM":"21","F_END_TM":"3","F_RSN_DTL":"침수","F_ZONE_NM":"도봉구 방학동699-16","INV_YR":"2018","F_YR":"2018","GU_NAM":"도봉구","F_SHIM":0.3},"geometry":{"type":"Polygon","coordinates":[[[127.03909536282582,37.66548926717888],[127.03909475185225,37.66540142247105],[127.03907945111274,37.66540151744084],[127.03893585063838,37.665402013559806],[127.03893596601245,37.66540606790334],[127.03893646033937,37.665487695932875],[127.03906136085998,37.66548891761484],[127.03909536282582,37.66548926717888]]]}},{"type":"Feature","properties":{"F_DISA_NM":"2018년 8.26~9.1 호우","F_AVR_HGT":27.12,"F_AREA":113.66,"ADM_CD":"1132010600","F_SAT_YMD":"20180828","F_END_YMD":"20180830","F_SAT_TM":"21","F_END_TM":"3","F_RSN_DTL":"침수","F_ZONE_NM":"도봉구 방학동700-48","INV_YR":"2018","F_YR":"2018","GU_NAM":"도봉구","F_SHIM":0.3},"geometry":{"type":"Polygon","coordinates":[[[127.03817070617409,37.66587985971705],[127.03823618569292,37.66581704151687],[127.03812745674021,37.66574355588485],[127.03806220343208,37.665805472982065],[127.03817070617409,37.66587985971705]]]}},{"type":"Feature","properties":{"F_DISA_NM":"2018년 8.26~9.1 호우","F_AVR_HGT":27.55,"F_AREA":100.8,"ADM_CD":"1132010600","F_SAT_YMD":"20180828","F_END_YMD":"20180830","F_SAT_TM":"21","F_END_TM":"3","F_RSN_DTL":"침수","F_ZONE_NM":"도봉구 방학동700-64","INV_YR":"2018","F_YR":"2018","GU_NAM":"도봉구","F_SHIM":0.3},"geometry":{"type":"Polygon","coordinates":[[[127.03761217387365,37.66542549087394],[127.03761977004235,37.66543053400058],[127.037685816895,37.665368887192834],[127.03759307372879,37.665303234629064],[127.03752374119868,37.665367315016475],[127.03761217387365,37.66542549087394]]]}},{"type":"Feature","properties":{"F_DISA_NM":"2018년 8.26~9.1 호우","F_AVR_HGT":40.25,"F_AREA":293.26,"ADM_CD":"1132010600","F_SAT_YMD":"20180828","F_END_YMD":"20180830","F_SAT_TM":"21","F_END_TM":"3","F_RSN_DTL":"침수","F_ZONE_NM":"도봉구 방학동423-2","INV_YR":"2018","F_YR":"2018","GU_NAM":"도봉구","F_SHIM":0.3},"geometry":{"type":"Polygon","coordinates":[[[127.02730343658412,37.66467683464127],[127.02742275845708,37.66461031665809],[127.02737525032362,37.664554016235044],[127.02731356961468,37.66448204195247],[127.02724953946927,37.66449854375018],[127.02720126377906,37.66451657373956],[127.02717600088752,37.664549825159206],[127.02718394902244,37.6645918988936],[127.0272113916117,37.664634869356895],[127.02725039061005,37.664665944443385],[127.02728065115124,37.664663865600495],[127.02730343658412,37.66467683464127]]]}},{"type":"Feature","properties":{"F_DISA_NM":"2018년 8.26~9.1 호우","F_AVR_HGT":37.58,"F_AREA":152.5,"ADM_CD":"1132010600","F_SAT_YMD":"20180828","F_END_YMD":"20180830","F_SAT_TM":"21","F_END_TM":"3","F_RSN_DTL":"침수","F_ZONE_NM":"도봉구 방학동610-21","INV_YR":"2018","F_YR":"2018","GU_NAM":"도봉구","F_SHIM":0.3},"geometry":{"type":"Polygon","coordinates":[[[127.03029200803499,37.66780333168568],[127.03030367639529,37.66778792220075],[127.03021706068937,37.667731272099665],[127.03028639071397,37.66763872528385],[127.03020215594123,37.66758351614667],[127.03017462781568,37.66762019243928],[127.03012115755436,37.66769165257679],[127.03029200803499,37.66780333168568]]]}},{"type":"Feature","properties":{"F_DISA_NM":"2018년 8.26~9.1 호우","F_AVR_HGT":30.79,"F_AREA":133.22,"ADM_CD":"1132010600","F_SAT_YMD":"20180828","F_END_YMD":"20180830","F_SAT_TM":"21","F_END_TM":"3","F_RSN_DTL":"침수","F_ZONE_NM":"도봉구 방학동630-25","INV_YR":"2018","F_YR":"2018","GU_NAM":"도봉구","F_SHIM":0.3},"geometry":{"type":"Polygon","coordinates":[[[127.03388993585045,37.66643688445254],[127.03398850304163,37.66634676004291],[127.03390256504217,37.66628731943068],[127.03380399782561,37.66637744376941],[127.03388993585045,37.66643688445254]]]}},{"type":"Feature","properties":{"F_DISA_NM":"2018년 8.26~9.1 호우","F_AVR_HGT":31.37,"F_AREA":167.27,"ADM_CD":"1132010600","F_SAT_YMD":"20180828","F_END_YMD":"20180830","F_SAT_TM":"21","F_END_TM":"3","F_RSN_DTL":"침수","F_ZONE_NM":"도봉구 방학동632-34","INV_YR":"2018","F_YR":"2018","GU_NAM":"도봉구","F_SHIM":0.3},"geometry":{"type":"Polygon","coordinates":[[[127.03387921275313,37.66601667347121],[127.03398431138622,37.66609097489092],[127.03408469066,37.66599904795046],[127.03397970555346,37.66592510697705],[127.03387921275313,37.66601667347121]]]}},{"type":"Feature","properties":{"F_DISA_NM":"2018년 8.26~9.1 호우","F_AVR_HGT":33.72,"F_AREA":173.47,"ADM_CD":"1132010600","F_SAT_YMD":"20180828","F_END_YMD":"20180830","F_SAT_TM":"21","F_END_TM":"3","F_RSN_DTL":"침수","F_ZONE_NM":"도봉구 방학동631-1","INV_YR":"2018","F_YR":"2018","GU_NAM":"도봉구","F_SHIM":0.3},"geometry":{"type":"Polygon","coordinates":[[[127.03276561207785,37.665935165301974],[127.03265099252492,37.66585654063522],[127.03255129156392,37.66594810579046],[127.03263541401468,37.66600601621509],[127.03269196939318,37.66600284787818],[127.03276561207785,37.665935165301974]]]}},{"type":"Feature","properties":{"F_DISA_NM":"2018년 8.26~9.1 호우","F_AVR_HGT":31.2,"F_AREA":134.9,"ADM_CD":"1132010700","F_SAT_YMD":"20180828","F_END_YMD":"20180830","F_SAT_TM":"21","F_END_TM":"3","F_RSN_DTL":"침수","F_ZONE_NM":"도봉구 창동560-15","INV_YR":"2018","F_YR":"2018","GU_NAM":"도봉구","F_SHIM":0.3},"geometry":{"type":"Polygon","coordinates":[[[127.04014061340685,37.63820315843765],[127.04025070690123,37.6381414954876],[127.0401953826806,37.63807412051233],[127.04009582103697,37.63812631970446],[127.04007588599472,37.638136687461966],[127.04003533615366,37.638157513286465],[127.04008259398073,37.63818200444094],[127.04008440721095,37.6381829048259],[127.04011183268503,37.638197221402365],[127.04014061340685,37.63820315843765]]]}},{"type":"Feature","properties":{"F_DISA_NM":"2018년 8.26~9.1 호우","F_AVR_HGT":25.79,"F_AREA":180.54,"ADM_CD":"1132010800","F_SAT_YMD":"20180828","F_END_YMD":"20180830","F_SAT_TM":"21","F_END_TM":"3","F_RSN_DTL":"침수","F_ZONE_NM":"도봉구 도봉동611-8","INV_YR":"2018","F_YR":"2018","GU_NAM":"도봉구","F_SHIM":0.3},"geometry":{"type":"Polygon","coordinates":[[[127.0418896538211,37.67034693089845],[127.04193499219367,37.67034637479055],[127.0419307534753,37.67026357686043],[127.04193029461817,37.67025348612438],[127.04191159229555,37.67025322223783],[127.04173341224359,37.67025454447443],[127.04173470863913,37.67034644323814],[127.0418896538211,37.67034693089845]]]}},{"type":"Feature","properties":{"F_DISA_NM":"2018년 8.26~9.1 호우","F_AVR_HGT":28.18,"F_AREA":135.01,"ADM_CD":"1132010800","F_SAT_YMD":"20180828","F_END_YMD":"20180830","F_SAT_TM":"21","F_END_TM":"3","F_RSN_DTL":"침수","F_ZONE_NM":"도봉구 도봉동615-32","INV_YR":"2018","F_YR":"2018","GU_NAM":"도봉구","F_SHIM":0.3},"geometry":{"type":"Polygon","coordinates":[[[127.04235283627939,37.672917065536375],[127.04246176533819,37.67291549612733],[127.04248374465213,37.67289602749725],[127.04248029536129,37.67280728293234],[127.04235390995522,37.67280786733307],[127.04235283627939,37.672917065536375]]]}},{"type":"Feature","properties":{"F_DISA_NM":"2018년 8.26~9.1 호우","F_AVR_HGT":25.85,"F_AREA":106.68,"ADM_CD":"1132010600","F_SAT_YMD":"20180828","F_END_YMD":"20180830","F_SAT_TM":"21","F_END_TM":"3","F_RSN_DTL":"침수","F_ZONE_NM":"도봉구 방학동651-37","INV_YR":"2018","F_YR":"2018","GU_NAM":"도봉구","F_SHIM":0.3},"geometry":{"type":"Polygon","coordinates":[[[127.04128544722167,37.66958067868173],[127.04128348112728,37.669507159970365],[127.04115823519216,37.669508553580464],[127.04115962801484,37.669569999452165],[127.04116032188757,37.669595947233226],[127.04127083343623,37.66959527936505],[127.04128544722167,37.66958067868173]]]}},{"type":"Feature","properties":{"F_DISA_NM":"2018년 8.26~9.1 호우","F_AVR_HGT":28.28,"F_AREA":195.62,"ADM_CD":"1132010600","F_SAT_YMD":"20180828","F_END_YMD":"20180830","F_SAT_TM":"21","F_END_TM":"3","F_RSN_DTL":"침수","F_ZONE_NM":"도봉구 방학동624-19","INV_YR":"2018","F_YR":"2018","GU_NAM":"도봉구","F_SHIM":0.3},"geometry":{"type":"Polygon","coordinates":[[[127.03904889548959,37.66999531825985],[127.03917360445546,37.67005113882425],[127.039250168942,37.66993741161123],[127.03923224344577,37.66990417145171],[127.03912750010922,37.66988113998996],[127.03904889548959,37.66999531825985]]]}},{"type":"Feature","properties":{"F_DISA_NM":"2018년 8.26~9.1 호우","F_AVR_HGT":29.18,"F_AREA":172.28,"ADM_CD":"1132010600","F_SAT_YMD":"20180828","F_END_YMD":"20180830","F_SAT_TM":"21","F_END_TM":"3","F_RSN_DTL":"침수","F_ZONE_NM":"도봉구 방학동624-46","INV_YR":"2018","F_YR":"2018","GU_NAM":"도봉구","F_SHIM":0.3},"geometry":{"type":"Polygon","coordinates":[[[127.03923858963628,37.67057377227401],[127.03925842978856,37.670582505362475],[127.03934405818688,37.670460396153736],[127.03945017187448,37.670501716723486],[127.03948972728149,37.670496478357364],[127.03946869493952,37.67037242119964],[127.03937530041091,37.67037866791806],[127.03923858963628,37.67057377227401]]]}},{"type":"Feature","properties":{"F_DISA_NM":"2018년 8.26~9.1 호우","F_AVR_HGT":31.42,"F_AREA":157.81,"ADM_CD":"1132010800","F_SAT_YMD":"20180828","F_END_YMD":"20180830","F_SAT_TM":"21","F_END_TM":"3","F_RSN_DTL":"침수","F_ZONE_NM":"도봉구 도봉동607-17","INV_YR":"2018","F_YR":"2018","GU_NAM":"도봉구","F_SHIM":0.3},"geometry":{"type":"Polygon","coordinates":[[[127.0397251353225,37.67246025195274],[127.03983947528842,37.67240174176458],[127.03975633913747,37.67230284198363],[127.03964313164911,37.67235918939269],[127.0397251353225,37.67246025195274]]]}},{"type":"Feature","properties":{"F_DISA_NM":"2018년 8.26~9.1 호우","F_AVR_HGT":31.42,"F_AREA":181.32,"ADM_CD":"1132010800","F_SAT_YMD":"20180828","F_END_YMD":"20180830","F_SAT_TM":"21","F_END_TM":"3","F_RSN_DTL":"침수","F_ZONE_NM":"도봉구 도봉동607-16","INV_YR":"2018","F_YR":"2018","GU_NAM":"도봉구","F_SHIM":0.3},"geometry":{"type":"Polygon","coordinates":[[[127.03959719672488,37.67252570390627],[127.0397251353225,37.67246025195274],[127.03964313164911,37.67235918939269],[127.0395126991811,37.67242410147823],[127.03959719672488,37.67252570390627]]]}},{"type":"Feature","properties":{"F_DISA_NM":"2018년 8.26~9.1 호우","F_AVR_HGT":29.29,"F_AREA":156.36,"ADM_CD":"1132010800","F_SAT_YMD":"20180828","F_END_YMD":"20180830","F_SAT_TM":"21","F_END_TM":"3","F_RSN_DTL":"침수","F_ZONE_NM":"도봉구 도봉동607-13","INV_YR":"2018","F_YR":"2018","GU_NAM":"도봉구","F_SHIM":0.3},"geometry":{"type":"Polygon","coordinates":[[[127.03984580585046,37.672589051843175],[127.03985158522151,37.67258616685411],[127.03995549987056,37.6725330657755],[127.03986624085879,37.67243092456894],[127.03975971998,37.67248546797032],[127.03984580585046,37.672589051843175]]]}},{"type":"Feature","properties":{"F_DISA_NM":"2018년 8.26~9.1 호우","F_AVR_HGT":31.42,"F_AREA":226.71,"ADM_CD":"1132010800","F_SAT_YMD":"20180828","F_END_YMD":"20180830","F_SAT_TM":"21","F_END_TM":"3","F_RSN_DTL":"침수","F_ZONE_NM":"도봉구 도봉동607-21","INV_YR":"2018","F_YR":"2018","GU_NAM":"도봉구","F_SHIM":0.3},"geometry":{"type":"Polygon","coordinates":[[[127.03964313164911,37.67235918939269],[127.03953969175394,37.67223191539045],[127.03942761811798,37.67228907310299],[127.03942105643985,37.67231385194974],[127.0395126991811,37.67242410147823],[127.03964313164911,37.67235918939269]]]}},{"type":"Feature","properties":{"F_DISA_NM":"2018년 8.26~9.1 호우","F_AVR_HGT":25.85,"F_AREA":97.61,"ADM_CD":"1132010600","F_SAT_YMD":"20180828","F_END_YMD":"20180830","F_SAT_TM":"21","F_END_TM":"3","F_RSN_DTL":"침수","F_ZONE_NM":"도봉구 방학동651-34","INV_YR":"2018","F_YR":"2018","GU_NAM":"도봉구","F_SHIM":0.3},"geometry":{"type":"Polygon","coordinates":[[[127.04115823519216,37.669508553580464],[127.04128348112728,37.669507159970365],[127.04128139866364,37.66942796516898],[127.04115637907292,37.669428457728074],[127.04115823519216,37.669508553580464]]]}},{"type":"Feature","properties":{"F_DISA_NM":"2018년 8.26~9.1 호우","F_AVR_HGT":34.94,"F_AREA":251.28,"ADM_CD":"1132010500","F_SAT_YMD":"20180828","F_END_YMD":"20180830","F_SAT_TM":"21","F_END_TM":"3","F_RSN_DTL":"침수","F_ZONE_NM":"도봉구 쌍문동220-5","INV_YR":"2018","F_YR":"2018","GU_NAM":"도봉구","F_SHIM":0.3},"geometry":{"type":"Polygon","coordinates":[[[127.03207084434572,37.659464681501966],[127.0320832578131,37.65933574886389],[127.03194181477639,37.65931794612989],[127.03187009025694,37.659350669970635],[127.03183340633058,37.65943672244817],[127.03184813817929,37.65943410583653],[127.03185641068897,37.65943266215076],[127.0318827067167,37.65944112454457],[127.03190106391604,37.65943553377808],[127.0319142100224,37.65943507990485],[127.03197507078073,37.659441190835],[127.0320572436969,37.65946216229509],[127.03206585745092,37.65946378181895],[127.03207084434572,37.659464681501966]]]}},{"type":"Feature","properties":{"F_DISA_NM":"2018년 8.26~9.1 호우","F_AVR_HGT":34.94,"F_AREA":479.27,"ADM_CD":"1132010500","F_SAT_YMD":"20180828","F_END_YMD":"20180830","F_SAT_TM":"21","F_END_TM":"3","F_RSN_DTL":"침수","F_ZONE_NM":"도봉구 쌍문동220","INV_YR":"2018","F_YR":"2018","GU_NAM":"도봉구","F_SHIM":0.3},"geometry":{"type":"Polygon","coordinates":[[[127.0326822663933,37.65975004033306],[127.03269839863482,37.65957299462824],[127.03268388761246,37.65956164618636],[127.03262664413289,37.65953364099333],[127.03253152978856,37.65946086731096],[127.03247836064057,37.659419166165115],[127.03238866813295,37.65957595919335],[127.0324662008279,37.659611527365264],[127.03255541577902,37.65966907618543],[127.0326822663933,37.65975004033306]]]}},{"type":"Feature","properties":{"F_DISA_NM":"2018년 8.26~9.1 호우","F_AVR_HGT":35.55,"F_AREA":122.48,"ADM_CD":"1132010700","F_SAT_YMD":"20180828","F_END_YMD":"20180830","F_SAT_TM":"21","F_END_TM":"3","F_RSN_DTL":"침수","F_ZONE_NM":"도봉구 창동474-65","INV_YR":"2018","F_YR":"2018","GU_NAM":"도봉구","F_SHIM":0.3},"geometry":{"type":"Polygon","coordinates":[[[127.04228652523335,37.63518524218321],[127.0423949752352,37.63523701090098],[127.04245769282731,37.63515148634606],[127.0423472039755,37.635100349075245],[127.04231075146888,37.6351513570378],[127.04228652523335,37.63518524218321]]]}},{"type":"Feature","properties":{"F_DISA_NM":"2018년 8.26~9.1 호우","F_AVR_HGT":25.05,"F_AREA":318.21,"ADM_CD":"1132010600","F_SAT_YMD":"20180828","F_END_YMD":"20180830","F_SAT_TM":"21","F_END_TM":"3","F_RSN_DTL":"침수","F_ZONE_NM":"도봉구 방학동714-13","INV_YR":"2018","F_YR":"2018","GU_NAM":"도봉구","F_SHIM":0.3},"geometry":{"type":"Polygon","coordinates":[[[127.04492321016878,37.66472540385004],[127.0449308712025,37.66462701472914],[127.04493497729082,37.664574216172575],[127.04474275030331,37.66456404269045],[127.04474906220405,37.66450364812502],[127.04474275028764,37.664564015661234],[127.04472019537346,37.66456285265742],[127.04470498009522,37.66471016739031],[127.04492321016878,37.66472540385004]]]}},{"type":"Feature","properties":{"F_DISA_NM":"2018년 8.26~9.1 호우","F_AVR_HGT":25.05,"F_AREA":311.7,"ADM_CD":"1132010600","F_SAT_YMD":"20180828","F_END_YMD":"20180830","F_SAT_TM":"21","F_END_TM":"3","F_RSN_DTL":"침수","F_ZONE_NM":"도봉구 방학동714-12","INV_YR":"2018","F_YR":"2018","GU_NAM":"도봉구","F_SHIM":0.3},"geometry":{"type":"Polygon","coordinates":[[[127.04470498009522,37.66471016739031],[127.04469010263294,37.664853788002816],[127.04491189211011,37.66486930248222],[127.04492321016878,37.66472540385004],[127.04470498009522,37.66471016739031]]]}},{"type":"Feature","properties":{"F_DISA_NM":"2018년 8.26~9.1 호우","F_AVR_HGT":25.05,"F_AREA":316.8,"ADM_CD":"1132010600","F_SAT_YMD":"20180828","F_END_YMD":"20180830","F_SAT_TM":"21","F_END_TM":"3","F_RSN_DTL":"침수","F_ZONE_NM":"도봉구 방학동714-11","INV_YR":"2018","F_YR":"2018","GU_NAM":"도봉구","F_SHIM":0.3},"geometry":{"type":"Polygon","coordinates":[[[127.0446751118272,37.66499749874879],[127.04490057394499,37.66501309299302],[127.04491189211011,37.66486930248222],[127.04469010263294,37.664853788002816],[127.0446751118272,37.66499749874879]]]}},{"type":"Feature","properties":{"F_DISA_NM":"2018년 8.26~9.1 호우","F_AVR_HGT":25.05,"F_AREA":273.35,"ADM_CD":"1132010600","F_SAT_YMD":"20180828","F_END_YMD":"20180830","F_SAT_TM":"21","F_END_TM":"3","F_RSN_DTL":"침수","F_ZONE_NM":"도봉구 방학동714","INV_YR":"2018","F_YR":"2018","GU_NAM":"도봉구","F_SHIM":0.3},"geometry":{"type":"Polygon","coordinates":[[[127.0446751118272,37.66499749874879],[127.04466158706792,37.66512859532572],[127.04489166347405,37.665126438723156],[127.04490057394499,37.66501309299302],[127.0446751118272,37.66499749874879]]]}},{"type":"Feature","properties":{"F_DISA_NM":"2018년 8.26~9.1 호우","F_AVR_HGT":25.79,"F_AREA":574.38,"ADM_CD":"1132010800","F_SAT_YMD":"20180828","F_END_YMD":"20180830","F_SAT_TM":"21","F_END_TM":"3","F_RSN_DTL":"침수","F_ZONE_NM":"도봉구 도봉동612-27","INV_YR":"2018","F_YR":"2018","GU_NAM":"도봉구","F_SHIM":0.3},"geometry":{"type":"Polygon","coordinates":[[[127.04218377776083,37.670950571582786],[127.04234892528619,37.670950694733115],[127.04231867836234,37.670774474973875],[127.04199632001954,37.67077719884344],[127.04199713693701,37.67082044524445],[127.04199771639584,37.670843870331176],[127.04199922778591,37.67091360508519],[127.0420000411834,37.67095036448436],[127.04215986137191,37.6709504897274],[127.04218377776083,37.670950571582786]]]}},{"type":"Feature","properties":{"F_DISA_NM":"2018년 8.26~9.1 호우","F_AVR_HGT":25.79,"F_AREA":164.47,"ADM_CD":"1132010800","F_SAT_YMD":"20180828","F_END_YMD":"20180830","F_SAT_TM":"21","F_END_TM":"3","F_RSN_DTL":"침수","F_ZONE_NM":"도봉구 도봉동611-7","INV_YR":"2018","F_YR":"2018","GU_NAM":"도봉구","F_SHIM":0.3},"geometry":{"type":"Polygon","coordinates":[[[127.04189163903212,37.670454596443385],[127.0418896538211,37.67034693089845],[127.04173470863913,37.67034644323814],[127.04173517913732,37.6703781573131],[127.04173624087095,37.67045528020458],[127.04189163903212,37.670454596443385]]]}},{"type":"Feature","properties":{"F_DISA_NM":"2018년 8.26~9.1 호우","F_AVR_HGT":26.77,"F_AREA":126.02,"ADM_CD":"1132010800","F_SAT_YMD":"20180828","F_END_YMD":"20180830","F_SAT_TM":"21","F_END_TM":"3","F_RSN_DTL":"침수","F_ZONE_NM":"도봉구 도봉동615-29","INV_YR":"2018","F_YR":"2018","GU_NAM":"도봉구","F_SHIM":0.3},"geometry":{"type":"Polygon","coordinates":[[[127.04221206073179,37.67272025175305],[127.04235476917022,37.67272101331329],[127.04235551908111,37.672641547302426],[127.04227844166644,37.67264283532059],[127.04218832917762,37.67264448817192],[127.04219052462228,37.67272107005513],[127.04221206073179,37.67272025175305]]]}},{"type":"Feature","properties":{"F_DISA_NM":"2018년 8.26~9.1 호우","F_AVR_HGT":28.18,"F_AREA":115.66,"ADM_CD":"1132010800","F_SAT_YMD":"20180828","F_END_YMD":"20180830","F_SAT_TM":"21","F_END_TM":"3","F_RSN_DTL":"침수","F_ZONE_NM":"도봉구 도봉동605-33","INV_YR":"2018","F_YR":"2018","GU_NAM":"도봉구","F_SHIM":0.3},"geometry":{"type":"Polygon","coordinates":[[[127.04241152735905,37.67307894990785],[127.0424171948505,37.67307885784586],[127.04241430150739,37.67297029170083],[127.04230559906881,37.6729718609877],[127.04230837890279,37.673080427174625],[127.04241152735905,37.67307894990785]]]}},{"type":"Feature","properties":{"F_DISA_NM":"2018년 8.26~9.1 호우","F_AVR_HGT":25.85,"F_AREA":106.57,"ADM_CD":"1132010600","F_SAT_YMD":"20180828","F_END_YMD":"20180830","F_SAT_TM":"21","F_END_TM":"3","F_RSN_DTL":"침수","F_ZONE_NM":"도봉구 방학동651-33","INV_YR":"2018","F_YR":"2018","GU_NAM":"도봉구","F_SHIM":0.3},"geometry":{"type":"Polygon","coordinates":[[[127.04116206323212,37.66967334020371],[127.04123698417261,37.669672323932936],[127.04130011726087,37.66967149178477],[127.04130279706582,37.66959562897901],[127.04128579538161,37.66959590500328],[127.04128544722167,37.66958067868173],[127.04127083343623,37.66959527936505],[127.04116032188757,37.669595947233226],[127.04116206323212,37.66967334020371]]]}},{"type":"Feature","properties":{"F_DISA_NM":"2018년 8.26~9.1 호우","F_AVR_HGT":29.29,"F_AREA":155.98,"ADM_CD":"1132010800","F_SAT_YMD":"20180828","F_END_YMD":"20180830","F_SAT_TM":"21","F_END_TM":"3","F_RSN_DTL":"침수","F_ZONE_NM":"도봉구 도봉동607-18","INV_YR":"2018","F_YR":"2018","GU_NAM":"도봉구","F_SHIM":0.3},"geometry":{"type":"Polygon","coordinates":[[[127.03983947528842,37.67240174176458],[127.03995245524999,37.672343952685964],[127.03987839207879,37.67225496072916],[127.03987079297517,37.67224586337961],[127.03975633913747,37.67230284198363],[127.03983947528842,37.67240174176458]]]}},{"type":"Feature","properties":{"F_DISA_NM":"2018년 8.26~9.1 호우","F_AVR_HGT":31.42,"F_AREA":198.79,"ADM_CD":"1132010800","F_SAT_YMD":"20180828","F_END_YMD":"20180830","F_SAT_TM":"21","F_END_TM":"3","F_RSN_DTL":"침수","F_ZONE_NM":"도봉구 도봉동607-14","INV_YR":"2018","F_YR":"2018","GU_NAM":"도봉구","F_SHIM":0.3},"geometry":{"type":"Polygon","coordinates":[[[127.03970834821604,37.672659372258316],[127.03984580585046,37.672589051843175],[127.03975971998,37.67248546797032],[127.03962214910521,37.67255578832292],[127.03970834821604,37.672659372258316]]]}},{"type":"Feature","properties":{"F_DISA_NM":"2018년 8.26~9.1 호우","F_AVR_HGT":25.14,"F_AREA":275.51,"ADM_CD":"1132010600","F_SAT_YMD":"20180828","F_END_YMD":"20180830","F_SAT_TM":"21","F_END_TM":"3","F_RSN_DTL":"침수","F_ZONE_NM":"도봉구 방학동715-22","INV_YR":"2018","F_YR":"2018","GU_NAM":"도봉구","F_SHIM":0.3},"geometry":{"type":"Polygon","coordinates":[[[127.04462513351366,37.66559242973548],[127.04485964018059,37.6656050475388],[127.04486470624734,37.665546212119494],[127.0448697718346,37.66548656582354],[127.0446315252393,37.66547376921218],[127.04462513351366,37.66559242973548]]]}},{"type":"Feature","properties":{"F_DISA_NM":"2018년 8.26~9.1 호우","F_AVR_HGT":26.1,"F_AREA":231.41,"ADM_CD":"1132010600","F_SAT_YMD":"20180828","F_END_YMD":"20180830","F_SAT_TM":"21","F_END_TM":"3","F_RSN_DTL":"침수","F_ZONE_NM":"도봉구 방학동718-5","INV_YR":"2018","F_YR":"2018","GU_NAM":"도봉구","F_SHIM":0.3},"geometry":{"type":"Polygon","coordinates":[[[127.04445250240022,37.66832126995161],[127.0445032821425,37.66832440486513],[127.04467659069107,37.66833506316696],[127.04468525532995,37.668226582858715],[127.04446876298175,37.66821557991028],[127.04446707720982,37.66824053747381],[127.04445250240022,37.66832126995161]]]}},{"type":"Feature","properties":{"F_DISA_NM":"2018년 8.26~9.1 호우","F_AVR_HGT":25.14,"F_AREA":280.51,"ADM_CD":"1132010600","F_SAT_YMD":"20180828","F_END_YMD":"20180830","F_SAT_TM":"21","F_END_TM":"3","F_RSN_DTL":"침수","F_ZONE_NM":"도봉구 방학동715-23","INV_YR":"2018","F_YR":"2018","GU_NAM":"도봉구","F_SHIM":0.3},"geometry":{"type":"Polygon","coordinates":[[[127.0448697718346,37.66548656582354],[127.04487979006511,37.66536799404938],[127.04463825670138,37.66535465807524],[127.04463724238198,37.665364569152906],[127.0446315252393,37.66547376921218],[127.0448697718346,37.66548656582354]]]}},{"type":"Feature","properties":{"F_DISA_NM":"2018년 8.26~9.1 호우","F_AVR_HGT":26.6,"F_AREA":165.32,"ADM_CD":"1132010800","F_SAT_YMD":"20180828","F_END_YMD":"20180830","F_SAT_TM":"21","F_END_TM":"3","F_RSN_DTL":"침수","F_ZONE_NM":"도봉구 도봉동622-84","INV_YR":"2018","F_YR":"2018","GU_NAM":"도봉구","F_SHIM":0.3},"geometry":{"type":"Polygon","coordinates":[[[127.04428124542959,37.67010850173063],[127.04435673075021,37.6701027081188],[127.04443289608493,37.67009682411402],[127.04441934336806,37.669984748047355],[127.04435360407402,37.66998729465939],[127.0442795907156,37.66999020462329],[127.04427996864122,37.67005624578087],[127.04428124542959,37.67010850173063]]]}},{"type":"Feature","properties":{"F_DISA_NM":"2018년 8.26~9.1 호우","F_AVR_HGT":32.14,"F_AREA":301.58,"ADM_CD":"1132010800","F_SAT_YMD":"20180828","F_END_YMD":"20180830","F_SAT_TM":"21","F_END_TM":"3","F_RSN_DTL":"침수","F_ZONE_NM":"도봉구 도봉동562-26","INV_YR":"2018","F_YR":"2018","GU_NAM":"도봉구","F_SHIM":0.3},"geometry":{"type":"Polygon","coordinates":[[[127.04558814509124,37.68278748484513],[127.04559380414955,37.68277189593809],[127.04563699151986,37.68276359086258],[127.04560468443945,37.68257557035886],[127.04543884162987,37.68259356154311],[127.0454623977875,37.68274536633107],[127.04546772389419,37.682741850561094],[127.04558814509124,37.68278748484513]]]}},{"type":"Feature","properties":{"F_DISA_NM":"2018년 8.26~9.1 호우","F_AVR_HGT":15.3,"F_AREA":102,"ADM_CD":"1123010900","F_SAT_YMD":"20180826","F_END_YMD":"20180901","F_SAT_TM":"16","F_END_TM":"22","F_RSN_DTL":"침수(공공하수도역류)","F_ZONE_NM":"동대문구 휘경동194-124","INV_YR":"2018","F_YR":"2018","GU_NAM":"동대문","F_SHIM":0.5},"geometry":{"type":"Polygon","coordinates":[[[127.0620202741885,37.59337717513422],[127.06213327072668,37.59332685124596],[127.06207899253762,37.59326211634779],[127.06197154865923,37.59331780720798],[127.0620202741885,37.59337717513422]]]}},{"type":"Feature","properties":{"F_DISA_NM":"2018년 8.26~9.1 호우","F_AVR_HGT":18.91,"F_AREA":125,"ADM_CD":"1123010900","F_SAT_YMD":"20180826","F_END_YMD":"20180901","F_SAT_TM":"12","F_END_TM":"18","F_RSN_DTL":"침수(공공하수도역류)","F_ZONE_NM":"동대문구 휘경동282-5","INV_YR":"2018","F_YR":"2018","GU_NAM":"동대문","F_SHIM":0.5},"geometry":{"type":"Polygon","coordinates":[[[127.06031314372278,37.588758995367265],[127.06040872082602,37.58876622768469],[127.0604275106122,37.58863031371708],[127.06033088276651,37.58862569479495],[127.06032922447616,37.58863342607335],[127.06031314372278,37.588758995367265]]]}},{"type":"Feature","properties":{"F_DISA_NM":"2018년 8.26~9.1 호우","F_AVR_HGT":13.77,"F_AREA":116,"ADM_CD":"1123010500","F_SAT_YMD":"20180826","F_END_YMD":"20180901","F_SAT_TM":"16","F_END_TM":"22","F_RSN_DTL":"침수","F_ZONE_NM":"동대문구 답십리동21-18","INV_YR":"2018","F_YR":"2018","GU_NAM":"동대문","F_SHIM":0.3},"geometry":{"type":"Polygon","coordinates":[[[127.05807734186067,37.568745273256745],[127.05809016667668,37.56865560076835],[127.05809069689026,37.568638265501484],[127.05797902938325,37.56863400322105],[127.05797270968255,37.568689272858606],[127.05802365914708,37.56873626204928],[127.0579859142538,37.56872764864065],[127.0579868479666,37.56874997468114],[127.05807734186067,37.568745273256745]]]}},{"type":"Feature","properties":{"F_DISA_NM":"2018년 8.26~9.1 호우","F_AVR_HGT":26.14,"F_AREA":423,"ADM_CD":"1123010900","F_SAT_YMD":"20180826","F_END_YMD":"20180901","F_SAT_TM":"12","F_END_TM":"18","F_RSN_DTL":"침수(개인하수도역류)","F_ZONE_NM":"동대문구 휘경동308-21","INV_YR":"2018","F_YR":"2018","GU_NAM":"동대문","F_SHIM":0.5},"geometry":{"type":"Polygon","coordinates":[[[127.05761896803568,37.586920109074995],[127.0576332542993,37.58691730022035],[127.05770838392662,37.58689797438642],[127.05766790258524,37.586815706652],[127.0577773246051,37.5867789484101],[127.05776260143061,37.58674274482225],[127.05777110941375,37.586674392014636],[127.05771424424024,37.586666084983],[127.05761578414959,37.586660410555],[127.05750240164672,37.58665463500435],[127.05756084264756,37.5867865746086],[127.05761896803568,37.586920109074995]]]}},{"type":"Feature","properties":{"F_DISA_NM":"2018년 8.26~9.1 호우","F_AVR_HGT":23.01,"F_AREA":205,"ADM_CD":"1123010900","F_SAT_YMD":"20180826","F_END_YMD":"20180901","F_SAT_TM":"12","F_END_TM":"18","F_RSN_DTL":"침수(공공하수도역류)","F_ZONE_NM":"동대문구 휘경동308-36","INV_YR":"2018","F_YR":"2018","GU_NAM":"동대문","F_SHIM":0.5},"geometry":{"type":"Polygon","coordinates":[[[127.05792059725339,37.58794006991888],[127.05804475412731,37.58789258267032],[127.05796059637315,37.587757376043434],[127.0578539743118,37.58780041298052],[127.05783950784686,37.58780469956329],[127.05792059725339,37.58794006991888]]]}},{"type":"Feature","properties":{"F_DISA_NM":"2018년 8.26~9.1 호우","F_AVR_HGT":23.01,"F_AREA":291,"ADM_CD":"1123010900","F_SAT_YMD":"20180826","F_END_YMD":"20180901","F_SAT_TM":"12","F_END_TM":"18","F_RSN_DTL":"침수(공공하수도역류)","F_ZONE_NM":"동대문구 휘경동308-39","INV_YR":"2018","F_YR":"2018","GU_NAM":"동대문","F_SHIM":0.5},"geometry":{"type":"Polygon","coordinates":[[[127.05804475412731,37.58789258267032],[127.0581210887023,37.58786348931971],[127.05814088561237,37.587886085545286],[127.05819503652826,37.58786727401695],[127.0581699243519,37.58785279822834],[127.05816920233913,37.58782635465802],[127.05818640632226,37.58781886822313],[127.05818715720125,37.58780870474912],[127.05818896415074,37.58778771092542],[127.0581886786522,37.58778448553529],[127.05812795441287,37.587690001317426],[127.058045723719,37.58772244015207],[127.05796059637315,37.587757376043434],[127.05804475412731,37.58789258267032]]]}},{"type":"Feature","properties":{"F_DISA_NM":"2018년 8.26~9.1 호우","F_AVR_HGT":23.01,"F_AREA":149,"ADM_CD":"1123010900","F_SAT_YMD":"20180826","F_END_YMD":"20180901","F_SAT_TM":"12","F_END_TM":"18","F_RSN_DTL":"침수(공공하수도역류)","F_ZONE_NM":"동대문구 휘경동308-41","INV_YR":"2018","F_YR":"2018","GU_NAM":"동대문","F_SHIM":0.5},"geometry":{"type":"Polygon","coordinates":[[[127.05796059637315,37.587757376043434],[127.058045723719,37.58772244015207],[127.05797612082254,37.587624842697174],[127.0579494402368,37.587587311397805],[127.05786132545695,37.58762423081405],[127.05796059637315,37.587757376043434]]]}},{"type":"Feature","properties":{"F_DISA_NM":"2018년 8.26~9.1 호우","F_AVR_HGT":23.01,"F_AREA":182,"ADM_CD":"1123010900","F_SAT_YMD":"20180826","F_END_YMD":"20180901","F_SAT_TM":"12","F_END_TM":"18","F_RSN_DTL":"침수(공공하수도역류)","F_ZONE_NM":"동대문구 휘경동308-58","INV_YR":"2018","F_YR":"2018","GU_NAM":"동대문","F_SHIM":0.5},"geometry":{"type":"Polygon","coordinates":[[[127.05739865487273,37.587876690565984],[127.05741701917276,37.587906666660146],[127.05759310185984,37.58783189147341],[127.05752596342082,37.587743725899706],[127.0573649643518,37.58782169235023],[127.05739865487273,37.587876690565984]]]}},{"type":"Feature","properties":{"F_DISA_NM":"2018년 8.26~9.1 호우","F_AVR_HGT":22.71,"F_AREA":188,"ADM_CD":"1123010900","F_SAT_YMD":"20180826","F_END_YMD":"20180901","F_SAT_TM":"12","F_END_TM":"18","F_RSN_DTL":"침수(공공하수도역류)","F_ZONE_NM":"동대문구 휘경동308-59","INV_YR":"2018","F_YR":"2018","GU_NAM":"동대문","F_SHIM":0.5},"geometry":{"type":"Polygon","coordinates":[[[127.05730770485033,37.587786761197044],[127.05731326578656,37.58778912816006],[127.057332637224,37.58780330051055],[127.0573649643518,37.58782169235023],[127.05752596342082,37.587743725899706],[127.05745232162903,37.58764939161898],[127.05740646080389,37.587686461854176],[127.0573933243299,37.58769784751662],[127.05730361408975,37.58773659627119],[127.05730477173077,37.58775549839487],[127.05730770485033,37.587786761197044]]]}},{"type":"Feature","properties":{"F_DISA_NM":"2018년 8.26~9.1 호우","F_AVR_HGT":26.14,"F_AREA":106,"ADM_CD":"1123010900","F_SAT_YMD":"20180826","F_END_YMD":"20180901","F_SAT_TM":"12","F_END_TM":"18","F_RSN_DTL":"침수(공공하수도역류)","F_ZONE_NM":"동대문구 휘경동308-65","INV_YR":"2018","F_YR":"2018","GU_NAM":"동대문","F_SHIM":0.5},"geometry":{"type":"Polygon","coordinates":[[[127.0577235150338,37.58744663121922],[127.05777946408256,37.58742534131448],[127.05772294263548,37.587332846056704],[127.05768164656061,37.58726658923044],[127.05767392476271,37.58725131219267],[127.05766120731838,37.58723254170726],[127.05765322739782,37.58723537459611],[127.05768852078863,37.587299039451274],[127.05771524223184,37.58734604915764],[127.05771467795279,37.58736353755128],[127.057595113994,37.58742009519711],[127.05761898706719,37.58742825579102],[127.0576722561039,37.58744151098728],[127.0577235150338,37.58744663121922]]]}},{"type":"Feature","properties":{"F_DISA_NM":"2018년 8.26~9.1 호우","F_AVR_HGT":26.14,"F_AREA":172,"ADM_CD":"1123010900","F_SAT_YMD":"20180826","F_END_YMD":"20180901","F_SAT_TM":"12","F_END_TM":"18","F_RSN_DTL":"침수(공공하수도역류)","F_ZONE_NM":"동대문구 휘경동308-74","INV_YR":"2018","F_YR":"2018","GU_NAM":"동대문","F_SHIM":0.5},"geometry":{"type":"Polygon","coordinates":[[[127.057595113994,37.58742009519711],[127.05752154182657,37.58746372880204],[127.05751871244603,37.58746525280943],[127.05741239551055,37.58752245269385],[127.05741524060323,37.58752679409581],[127.05742203084127,37.587522754466306],[127.0574349028486,37.58753626314924],[127.05754283542147,37.5874744944825],[127.05761299854989,37.58755011689822],[127.05766500782171,37.58752909921569],[127.05770821543686,37.587487218880575],[127.0577235150338,37.58744663121922],[127.0576722561039,37.58744151098728],[127.05761898706719,37.58742825579102],[127.057595113994,37.58742009519711]]]}},{"type":"Feature","properties":{"F_DISA_NM":"2018년 8.26~9.1 호우","F_AVR_HGT":23.73,"F_AREA":162,"ADM_CD":"1123010900","F_SAT_YMD":"20180826","F_END_YMD":"20180901","F_SAT_TM":"12","F_END_TM":"18","F_RSN_DTL":"침수(공공하수도역류)","F_ZONE_NM":"동대문구 휘경동308-107","INV_YR":"2018","F_YR":"2018","GU_NAM":"동대문","F_SHIM":0.3},"geometry":{"type":"Polygon","coordinates":[[[127.05735935882919,37.58744134406764],[127.0575044844694,37.58739485656621],[127.05754188104297,37.58737941395595],[127.05753346827808,37.58736368674458],[127.05750622977095,37.587306424029414],[127.05751004653878,37.58729295248852],[127.0574507815906,37.5873161719458],[127.05731617502532,37.587363663513806],[127.05735935882919,37.58744134406764]]]}},{"type":"Feature","properties":{"F_DISA_NM":"2018년 8.26~9.1 호우","F_AVR_HGT":23.93,"F_AREA":199,"ADM_CD":"1123010900","F_SAT_YMD":"20180826","F_END_YMD":"20180901","F_SAT_TM":"12","F_END_TM":"18","F_RSN_DTL":"침수(공공하수도역류)","F_ZONE_NM":"동대문구 휘경동308-134","INV_YR":"2018","F_YR":"2018","GU_NAM":"동대문","F_SHIM":0.5},"geometry":{"type":"Polygon","coordinates":[[[127.05710575478938,37.587257752851244],[127.05711783963815,37.587278641009966],[127.05722198132764,37.587234903135936],[127.05717142092776,37.587133674249756],[127.05715911742145,37.587108019986545],[127.0571479579532,37.58709825856457],[127.05701682121862,37.58713735097428],[127.05705128379736,37.58719601594314],[127.05707779870029,37.58720945517813],[127.05710575478938,37.587257752851244]]]}},{"type":"Feature","properties":{"F_DISA_NM":"2018년 8.26~9.1 호우","F_AVR_HGT":33.88,"F_AREA":13,"ADM_CD":"1144010200","F_SAT_YMD":"20180826","F_END_YMD":"20180901","F_SAT_TM":"21","F_END_TM":"11","F_RSN_DTL":"침수(공공하수도역류)","F_ZONE_NM":"마포구 공덕동115-61","INV_YR":"2018","F_YR":"2018","GU_NAM":"마포구","F_SHIM":0.1},"geometry":{"type":"Polygon","coordinates":[[[126.95887021754865,37.54773456721454],[126.95896310579526,37.547684406492074],[126.95892510008152,37.54763590143034],[126.95890436151068,37.54760939578978],[126.95880644880553,37.54765986999644],[126.95887021754865,37.54773456721454]]]}},{"type":"Feature","properties":{"F_DISA_NM":"2018년 8.26~9.1 호우","F_AVR_HGT":17.85,"F_AREA":27,"ADM_CD":"1144011400","F_SAT_YMD":"20180826","F_END_YMD":"20180901","F_SAT_TM":"20","F_END_TM":"23","F_RSN_DTL":"침수(도로범람유입)","F_ZONE_NM":"마포구 창전동2-72","INV_YR":"2018","F_YR":"2018","GU_NAM":"마포구","F_SHIM":0.3},"geometry":{"type":"Polygon","coordinates":[[[126.93211646617343,37.55412290808541],[126.93223509448084,37.554095137147584],[126.93221036683357,37.55403394539182],[126.93207977633693,37.554025309261185],[126.93211646617343,37.55412290808541]]]}},{"type":"Feature","properties":{"F_DISA_NM":"2018년 8.26~9.1 호우","F_AVR_HGT":10.15,"F_AREA":10,"ADM_CD":"1144012000","F_SAT_YMD":"20180826","F_END_YMD":"20180901","F_SAT_TM":"20","F_END_TM":"23","F_RSN_DTL":"침수(도로범람유입)","F_ZONE_NM":"마포구 서교동460-37","INV_YR":"2018","F_YR":"2018","GU_NAM":"마포구","F_SHIM":0.05},"geometry":{"type":"Polygon","coordinates":[[[126.91705423456115,37.556095191800544],[126.91717299233267,37.55615106598757],[126.9173865935521,37.55587131683073],[126.91732757331796,37.55584156912418],[126.91727584865323,37.555815493622475],[126.91725523318945,37.555841517523476],[126.9171506596779,37.55597349194305],[126.91705423456115,37.556095191800544]]]}},{"type":"Feature","properties":{"F_DISA_NM":"2018년 8.26~9.1 호우","F_AVR_HGT":21.74,"F_AREA":44.73,"ADM_CD":"1141012000","F_SAT_YMD":"20180826","F_END_YMD":"20180901","F_SAT_TM":"14","F_END_TM":"9","F_RSN_DTL":"침수","F_ZONE_NM":"서대문구 남가좌동229-5","INV_YR":"2018","F_YR":"2018","GU_NAM":"서대문","F_SHIM":0.1},"geometry":{"type":"Polygon","coordinates":[[[126.92118041887952,37.57690056983916],[126.9212591088987,37.57687825186068],[126.92128920700704,37.57687055086217],[126.92124025480503,37.57678845570827],[126.92120468040642,37.576804099672486],[126.92120786899314,37.5768287077908],[126.92116266478858,37.57684067817469],[126.92110896738687,37.57685527363811],[126.92115966218701,37.57690637608672],[126.92118041887952,37.57690056983916]]]}},{"type":"Feature","properties":{"F_DISA_NM":"2018년 8.26~9.1 호우","F_AVR_HGT":21.08,"F_AREA":152.91,"ADM_CD":"1141012000","F_SAT_YMD":"20180826","F_END_YMD":"20180901","F_SAT_TM":"14","F_END_TM":"9","F_RSN_DTL":"침수","F_ZONE_NM":"서대문구 남가좌동338-36","INV_YR":"2018","F_YR":"2018","GU_NAM":"서대문","F_SHIM":0.1},"geometry":{"type":"Polygon","coordinates":[[[126.9245531956441,37.576728448894656],[126.92447833982104,37.57666730415286],[126.92440808697603,37.576610586214976],[126.9243749693097,37.57663773834183],[126.92429449202474,37.576703728060984],[126.92437481591493,37.576786437106605],[126.92442008371214,37.576833038686274],[126.9245531956441,37.576728448894656]]]}},{"type":"Feature","properties":{"F_DISA_NM":"2018년 8.26~9.1 호우","F_AVR_HGT":45.22,"F_AREA":69.5,"ADM_CD":"1141011800","F_SAT_YMD":"20180826","F_END_YMD":"20180901","F_SAT_TM":"14","F_END_TM":"9","F_RSN_DTL":"침수","F_ZONE_NM":"서대문구 홍은동9-510","INV_YR":"2018","F_YR":"2018","GU_NAM":"서대문","F_SHIM":0.1},"geometry":{"type":"Polygon","coordinates":[[[126.9498983479822,37.59836060067639],[126.94985017544002,37.598313431125646],[126.94978556622937,37.5982585779713],[126.94971562109195,37.59830540745184],[126.94976487020111,37.59836762395593],[126.94980754178522,37.598411322344205],[126.94983093435911,37.59839825931842],[126.9498983479822,37.59836060067639]]]}},{"type":"Feature","properties":{"F_DISA_NM":"2018년 8.26~9.1 호우","F_AVR_HGT":45.22,"F_AREA":113.8,"ADM_CD":"1141011800","F_SAT_YMD":"20180826","F_END_YMD":"20180901","F_SAT_TM":"14","F_END_TM":"9","F_RSN_DTL":"침수","F_ZONE_NM":"서대문구 홍은동9-502","INV_YR":"2018","F_YR":"2018","GU_NAM":"서대문","F_SHIM":0.1},"geometry":{"type":"Polygon","coordinates":[[[126.94980754178522,37.598411322344205],[126.94976487020111,37.59836762395593],[126.94971562109195,37.59830540745184],[126.94971411586074,37.598304217492796],[126.94969812035923,37.59831343654347],[126.94969306389535,37.59830587507078],[126.94963907523558,37.598334331444924],[126.94973174718479,37.59845086932264],[126.94980754178522,37.598411322344205]]]}},{"type":"Feature","properties":{"F_DISA_NM":"2018년 8.26~9.1 호우","F_AVR_HGT":38.24,"F_AREA":54.36,"ADM_CD":"1141011100","F_SAT_YMD":"20180826","F_END_YMD":"20180901","F_SAT_TM":"14","F_END_TM":"9","F_RSN_DTL":"침수","F_ZONE_NM":"서대문구 홍제동254-1","INV_YR":"2018","F_YR":"2018","GU_NAM":"서대문","F_SHIM":0.1},"geometry":{"type":"Polygon","coordinates":[[[126.94522636214846,37.5891120848392],[126.94525200964443,37.589048730790694],[126.94526211110752,37.58901605687827],[126.94513133836338,37.5889558987801],[126.94509188297762,37.58893708537815],[126.94507094859706,37.58896631233377],[126.94502950281847,37.58901933349613],[126.94500543683505,37.58905728047608],[126.94522301780536,37.589117732420355],[126.94522636214846,37.5891120848392]]]}},{"type":"Feature","properties":{"F_DISA_NM":"2018년 8.26~9.1 호우","F_AVR_HGT":67.61,"F_AREA":76.68,"ADM_CD":"1141011100","F_SAT_YMD":"20180826","F_END_YMD":"20180901","F_SAT_TM":"14","F_END_TM":"9","F_RSN_DTL":"침수","F_ZONE_NM":"서대문구 홍제동7-6","INV_YR":"2018","F_YR":"2018","GU_NAM":"서대문","F_SHIM":0.1},"geometry":{"type":"Polygon","coordinates":[[[126.95022603167511,37.59281263533924],[126.95021756822068,37.59272130787474],[126.95012535872222,37.59273184532068],[126.9500709761051,37.59273009173988],[126.95008074755414,37.59282909617235],[126.95014001640206,37.592822139355825],[126.95022603167511,37.59281263533924]]]}},{"type":"Feature","properties":{"F_DISA_NM":"2018년 8.26~9.1 호우","F_AVR_HGT":25.17,"F_AREA":277.51,"ADM_CD":"1141011700","F_SAT_YMD":"20180826","F_END_YMD":"20180901","F_SAT_TM":"14","F_END_TM":"9","F_RSN_DTL":"침수","F_ZONE_NM":"서대문구 연희동136-5","INV_YR":"2018","F_YR":"2018","GU_NAM":"서대문","F_SHIM":0.1},"geometry":{"type":"Polygon","coordinates":[[[126.93136546752321,37.567196585281565],[126.93143170433028,37.5671625762708],[126.93141588056531,37.56707779288408],[126.9313139366702,37.56713133210671],[126.93136546752321,37.567196585281565]]]}},{"type":"Feature","properties":{"F_DISA_NM":"2018년 8.26~9.1 호우","F_AVR_HGT":31.21,"F_AREA":46.88,"ADM_CD":"1141011700","F_SAT_YMD":"20180826","F_END_YMD":"20180901","F_SAT_TM":"14","F_END_TM":"9","F_RSN_DTL":"침수","F_ZONE_NM":"서대문구 연희동156-9","INV_YR":"2018","F_YR":"2018","GU_NAM":"서대문","F_SHIM":0.1},"geometry":{"type":"Polygon","coordinates":[[[126.93405421079143,37.577398655798554],[126.93406002313178,37.57738068443389],[126.93393764663551,37.577294362978726],[126.93393209432578,37.57730016215505],[126.93389973646738,37.57732932658758],[126.93389107855755,37.57733928654203],[126.93404738399573,37.57741175224466],[126.93405421079143,37.577398655798554]]]}},{"type":"Feature","properties":{"F_DISA_NM":"2018년 8.26~9.1 호우","F_AVR_HGT":36.91,"F_AREA":81.68,"ADM_CD":"1141011600","F_SAT_YMD":"20180826","F_END_YMD":"20180901","F_SAT_TM":"14","F_END_TM":"9","F_RSN_DTL":"침수","F_ZONE_NM":"서대문구 창천동506-9","INV_YR":"2018","F_YR":"2018","GU_NAM":"서대문","F_SHIM":0.1},"geometry":{"type":"Polygon","coordinates":[[[126.92933002182127,37.55904676029956],[126.92939268847987,37.55895274429416],[126.92929481910069,37.558910608257506],[126.92922106936595,37.55901932157577],[126.92931381535043,37.55905786860149],[126.9293207731173,37.55906063889396],[126.92933002182127,37.55904676029956]]]}},{"type":"Feature","properties":{"F_DISA_NM":"2018년 8.26~9.1 호우","F_AVR_HGT":36.91,"F_AREA":115.68,"ADM_CD":"1141011600","F_SAT_YMD":"20180826","F_END_YMD":"20180901","F_SAT_TM":"14","F_END_TM":"9","F_RSN_DTL":"침수","F_ZONE_NM":"서대문구 창천동290","INV_YR":"2018","F_YR":"2018","GU_NAM":"서대문","F_SHIM":0.1},"geometry":{"type":"Polygon","coordinates":[[[126.92926075156265,37.55968527622832],[126.92944208150683,37.55958489970012],[126.929382060941,37.55951644190507],[126.92934445868593,37.55948573122441],[126.92930272695386,37.55945345929422],[126.92928576284646,37.55944033952038],[126.92921651547066,37.55953900954717],[126.92923055971188,37.55955199239474],[126.9291903178098,37.55961767691395],[126.92926075156265,37.55968527622832]]]}},{"type":"Feature","properties":{"F_DISA_NM":"2018년 8.26~9.1 호우","F_AVR_HGT":19.59,"F_AREA":50.82,"ADM_CD":"1141011900","F_SAT_YMD":"20180826","F_END_YMD":"20180901","F_SAT_TM":"14","F_END_TM":"9","F_RSN_DTL":"침수","F_ZONE_NM":"서대문구 북가좌동369-25","INV_YR":"2018","F_YR":"2018","GU_NAM":"서대문","F_SHIM":0.1},"geometry":{"type":"Polygon","coordinates":[[[126.90620123777853,37.578017694021646],[126.90625383526896,37.578051883865406],[126.90632547536043,37.577978421155045],[126.90625014075017,37.57793060810008],[126.90617499571198,37.578000554087346],[126.90620123777853,37.578017694021646]]]}},{"type":"Feature","properties":{"F_DISA_NM":"2018년 8.26~9.1 호우","F_AVR_HGT":15.27,"F_AREA":67.37,"ADM_CD":"1141011900","F_SAT_YMD":"20180826","F_END_YMD":"20180901","F_SAT_TM":"14","F_END_TM":"9","F_RSN_DTL":"침수","F_ZONE_NM":"서대문구 북가좌동305-16","INV_YR":"2018","F_YR":"2018","GU_NAM":"서대문","F_SHIM":0.1},"geometry":{"type":"Polygon","coordinates":[[[126.91077690751345,37.5778991619989],[126.91071729515774,37.577822829631565],[126.91062076199478,37.5778991319748],[126.91061992090187,37.5779391531497],[126.91064257233612,37.5779680652269],[126.91077690751345,37.5778991619989]]]}},{"type":"Feature","properties":{"F_DISA_NM":"2018년 8.26~9.1 호우","F_AVR_HGT":14.68,"F_AREA":88.59,"ADM_CD":"1141011900","F_SAT_YMD":"20180826","F_END_YMD":"20180901","F_SAT_TM":"14","F_END_TM":"9","F_RSN_DTL":"침수","F_ZONE_NM":"서대문구 북가좌동339-24","INV_YR":"2018","F_YR":"2018","GU_NAM":"서대문","F_SHIM":0.1},"geometry":{"type":"Polygon","coordinates":[[[126.91362162836981,37.585687427839176],[126.91355377490973,37.58558312427766],[126.91343190148115,37.585635885200816],[126.91350142906845,37.58574136136067],[126.91362162836981,37.585687427839176]]]}},{"type":"Feature","properties":{"F_DISA_NM":"2018년 8.26~9.1 호우","F_AVR_HGT":17.11,"F_AREA":112.49,"ADM_CD":"1141011900","F_SAT_YMD":"20180826","F_END_YMD":"20180901","F_SAT_TM":"14","F_END_TM":"9","F_RSN_DTL":"침수","F_ZONE_NM":"서대문구 북가좌동336-47","INV_YR":"2018","F_YR":"2018","GU_NAM":"서대문","F_SHIM":0.1},"geometry":{"type":"Polygon","coordinates":[[[126.91394864271464,37.58541141974746],[126.91406499954618,37.58536051023155],[126.91396631038171,37.58522287462091],[126.91388803626538,37.585257720717216],[126.91387303749397,37.58530383102672],[126.91394864271464,37.58541141974746]]]}},{"type":"Feature","properties":{"F_DISA_NM":"2018년 8.26~9.1 호우","F_AVR_HGT":13.36,"F_AREA":73.18,"ADM_CD":"1141011900","F_SAT_YMD":"20180826","F_END_YMD":"20180901","F_SAT_TM":"14","F_END_TM":"9","F_RSN_DTL":"침수","F_ZONE_NM":"서대문구 북가좌동331-14","INV_YR":"2018","F_YR":"2018","GU_NAM":"서대문","F_SHIM":0.1},"geometry":{"type":"Polygon","coordinates":[[[126.9119847276263,37.58419690470214],[126.91205675330085,37.584265046789135],[126.91216960951427,37.58418717898933],[126.91210024988283,37.58412390431199],[126.9119847276263,37.58419690470214]]]}},{"type":"Feature","properties":{"F_DISA_NM":"2018년 8.26~9.1 호우","F_AVR_HGT":13.36,"F_AREA":70.61,"ADM_CD":"1141011900","F_SAT_YMD":"20180826","F_END_YMD":"20180901","F_SAT_TM":"14","F_END_TM":"9","F_RSN_DTL":"침수","F_ZONE_NM":"서대문구 북가좌동342-5","INV_YR":"2018","F_YR":"2018","GU_NAM":"서대문","F_SHIM":0.1},"geometry":{"type":"Polygon","coordinates":[[[126.91185291484746,37.58415538634694],[126.91176608714572,37.58407256483561],[126.91165021816188,37.584151249854415],[126.91173728465075,37.58423317965569],[126.91185291484746,37.58415538634694]]]}},{"type":"Feature","properties":{"F_DISA_NM":"2018년 8.26~9.1 호우","F_AVR_HGT":12.25,"F_AREA":83.96,"ADM_CD":"1141011900","F_SAT_YMD":"20180826","F_END_YMD":"20180901","F_SAT_TM":"14","F_END_TM":"9","F_RSN_DTL":"침수","F_ZONE_NM":"서대문구 북가좌동342-6","INV_YR":"2018","F_YR":"2018","GU_NAM":"서대문","F_SHIM":0.1},"geometry":{"type":"Polygon","coordinates":[[[126.91165021816188,37.584151249854415],[126.91176608714572,37.58407256483561],[126.91168138683179,37.58399079002169],[126.91156406797796,37.584070095533725],[126.91161906086549,37.58412325052779],[126.91165021816188,37.584151249854415]]]}},{"type":"Feature","properties":{"F_DISA_NM":"2018년 8.26~9.1 호우","F_AVR_HGT":19.59,"F_AREA":109.44,"ADM_CD":"1141011900","F_SAT_YMD":"20180826","F_END_YMD":"20180901","F_SAT_TM":"14","F_END_TM":"9","F_RSN_DTL":"침수","F_ZONE_NM":"서대문구 북가좌동368-19","INV_YR":"2018","F_YR":"2018","GU_NAM":"서대문","F_SHIM":0.1},"geometry":{"type":"Polygon","coordinates":[[[126.90670958529184,37.578335340706474],[126.90672001609082,37.578322915469776],[126.90678169390193,37.57824935438701],[126.90664265752577,37.57817455095191],[126.90658616442127,37.57817684810198],[126.90650866534504,37.57822850238032],[126.90670958529184,37.578335340706474]]]}},{"type":"Feature","properties":{"F_DISA_NM":"2018년 8.26~9.1 호우","F_AVR_HGT":13.4,"F_AREA":83.14,"ADM_CD":"1141011900","F_SAT_YMD":"20180826","F_END_YMD":"20180901","F_SAT_TM":"14","F_END_TM":"9","F_RSN_DTL":"침수","F_ZONE_NM":"서대문구 북가좌동324-18","INV_YR":"2018","F_YR":"2018","GU_NAM":"서대문","F_SHIM":0.1},"geometry":{"type":"Polygon","coordinates":[[[126.91022998261685,37.582092335689694],[126.91037861768895,37.58201960582501],[126.9103131705082,37.58193523200632],[126.9102933579004,37.58194485724693],[126.9101650335984,37.582008025244235],[126.9101735676242,37.582019095955076],[126.91021749240453,37.58207612630373],[126.91022998261685,37.582092335689694]]]}},{"type":"Feature","properties":{"F_DISA_NM":"2018년 8.26~9.1 호우","F_AVR_HGT":36.43,"F_AREA":65.26,"ADM_CD":"1141011900","F_SAT_YMD":"20180826","F_END_YMD":"20180901","F_SAT_TM":"14","F_END_TM":"9","F_RSN_DTL":"침수","F_ZONE_NM":"서대문구 북가좌동2-55","INV_YR":"2018","F_YR":"2018","GU_NAM":"서대문","F_SHIM":0.1},"geometry":{"type":"Polygon","coordinates":[[[126.91724283927147,37.582095766494284],[126.91728198057089,37.582002082881225],[126.91724577727588,37.58199018204726],[126.9171444372993,37.58196309810075],[126.91710741578176,37.58205425141398],[126.91720538467513,37.58208911750289],[126.91724283927147,37.582095766494284]]]}},{"type":"Feature","properties":{"F_DISA_NM":"2018년 8.26~9.1 호우","F_AVR_HGT":13.4,"F_AREA":82.92,"ADM_CD":"1141011900","F_SAT_YMD":"20180826","F_END_YMD":"20180901","F_SAT_TM":"14","F_END_TM":"9","F_RSN_DTL":"침수","F_ZONE_NM":"서대문구 북가좌동324-3","INV_YR":"2018","F_YR":"2018","GU_NAM":"서대문","F_SHIM":0.1},"geometry":{"type":"Polygon","coordinates":[[[126.91053741598603,37.58219121296448],[126.91066551288922,37.582128846266826],[126.91059095353931,37.582033626729746],[126.91046248296011,37.582096137217086],[126.91053741598603,37.58219121296448]]]}},{"type":"Feature","properties":{"F_DISA_NM":"2018년 8.26~9.1 호우","F_AVR_HGT":13.4,"F_AREA":82.52,"ADM_CD":"1141011900","F_SAT_YMD":"20180826","F_END_YMD":"20180901","F_SAT_TM":"14","F_END_TM":"9","F_RSN_DTL":"침수","F_ZONE_NM":"서대문구 북가좌동324-42","INV_YR":"2018","F_YR":"2018","GU_NAM":"서대문","F_SHIM":0.1},"geometry":{"type":"Polygon","coordinates":[[[126.91029516822024,37.582177718454304],[126.91042478339422,37.58211449725446],[126.91044458487352,37.58210473683558],[126.91037861768895,37.58201960582501],[126.91022998261685,37.582092335689694],[126.91024046067434,37.582106065807245],[126.91029516822024,37.582177718454304]]]}},{"type":"Feature","properties":{"F_DISA_NM":"2018년 8.26~9.1 호우","F_AVR_HGT":13.4,"F_AREA":82.52,"ADM_CD":"1141011900","F_SAT_YMD":"20180826","F_END_YMD":"20180901","F_SAT_TM":"14","F_END_TM":"9","F_RSN_DTL":"침수","F_ZONE_NM":"서대문구 북가좌동324-45","INV_YR":"2018","F_YR":"2018","GU_NAM":"서대문","F_SHIM":0.1},"geometry":{"type":"Polygon","coordinates":[[[126.91044458487352,37.58210473683558],[126.91046248296011,37.582096137217086],[126.91059095353931,37.582033626729746],[126.91052501985234,37.58194879315103],[126.91037861768895,37.58201960582501],[126.91044458487352,37.58210473683558]]]}},{"type":"Feature","properties":{"F_DISA_NM":"2018년 8.26~9.1 호우","F_AVR_HGT":44.37,"F_AREA":39.77,"ADM_CD":"1141011800","F_SAT_YMD":"20180826","F_END_YMD":"20180901","F_SAT_TM":"14","F_END_TM":"9","F_RSN_DTL":"침수","F_ZONE_NM":"서대문구 홍은동11-803","INV_YR":"2018","F_YR":"2018","GU_NAM":"서대문","F_SHIM":0.1},"geometry":{"type":"Polygon","coordinates":[[[126.94693251659255,37.59918509719295],[126.94700381421862,37.59915052336945],[126.94695681246986,37.59908357659803],[126.94686485972379,37.59913425041569],[126.94693251659255,37.59918509719295]]]}},{"type":"Feature","properties":{"F_DISA_NM":"2018년 8.26~9.1 호우","F_AVR_HGT":31.08,"F_AREA":64.74,"ADM_CD":"1141011900","F_SAT_YMD":"20180826","F_END_YMD":"20180901","F_SAT_TM":"14","F_END_TM":"9","F_RSN_DTL":"침수","F_ZONE_NM":"서대문구 북가좌동80-133","INV_YR":"2018","F_YR":"2018","GU_NAM":"서대문","F_SHIM":0.1},"geometry":{"type":"Polygon","coordinates":[[[126.91297202276176,37.578665424012165],[126.91301000918838,37.57864181962316],[126.91305828239814,37.57861181691661],[126.91296711368236,37.578518541517134],[126.91287896258683,37.578572939994885],[126.91297202276176,37.578665424012165]]]}},{"type":"Feature","properties":{"F_DISA_NM":"2018년 8.26~9.1 호우","F_AVR_HGT":67.34,"F_AREA":80.95,"ADM_CD":"1141011800","F_SAT_YMD":"20180826","F_END_YMD":"20180901","F_SAT_TM":"14","F_END_TM":"9","F_RSN_DTL":"침수","F_ZONE_NM":"서대문구 홍은동325-1","INV_YR":"2018","F_YR":"2018","GU_NAM":"서대문","F_SHIM":0.1},"geometry":{"type":"Polygon","coordinates":[[[126.92645377670085,37.58560831295359],[126.92633755999124,37.585516626792284],[126.92624503263046,37.58560097214632],[126.92629979587177,37.58565756191138],[126.92634888683712,37.58564671828734],[126.9263813569718,37.58567006547276],[126.92643318096624,37.585632221019104],[126.92645377670085,37.58560831295359]]]}},{"type":"Feature","properties":{"F_DISA_NM":"2018년 8.26~9.1 호우","F_AVR_HGT":13.31,"F_AREA":96.6,"ADM_CD":"1141011900","F_SAT_YMD":"20180826","F_END_YMD":"20180901","F_SAT_TM":"14","F_END_TM":"9","F_RSN_DTL":"침수","F_ZONE_NM":"서대문구 북가좌동315-24","INV_YR":"2018","F_YR":"2018","GU_NAM":"서대문","F_SHIM":0.1},"geometry":{"type":"Polygon","coordinates":[[[126.90892826556212,37.57921933854611],[126.90892071776577,37.579207610793816],[126.9089101271365,37.57919388947423],[126.90890410365014,37.57918539745756],[126.9088954684262,37.57917418241271],[126.90888564672893,37.57916118248323],[126.90888056143585,37.579153853473855],[126.90886810619159,37.57913746376761],[126.90883433243212,37.57913134658886],[126.90871788308901,37.579207019048425],[126.90877784501322,37.57929283105758],[126.90892826556212,37.57921933854611]]]}},{"type":"Feature","properties":{"F_DISA_NM":"2018년 8.26~9.1 호우","F_AVR_HGT":13.31,"F_AREA":79.91,"ADM_CD":"1141011900","F_SAT_YMD":"20180826","F_END_YMD":"20180901","F_SAT_TM":"14","F_END_TM":"9","F_RSN_DTL":"침수","F_ZONE_NM":"서대문구 북가좌동315-34","INV_YR":"2018","F_YR":"2018","GU_NAM":"서대문","F_SHIM":0.1},"geometry":{"type":"Polygon","coordinates":[[[126.90928122545995,37.57940383952159],[126.90921489363937,37.57931445488318],[126.9090890712194,37.57937140689186],[126.90915552279509,37.57946457583619],[126.90928122545995,37.57940383952159]]]}},{"type":"Feature","properties":{"F_DISA_NM":"2018년 8.26~9.1 호우","F_AVR_HGT":13.54,"F_AREA":127.12,"ADM_CD":"1141011900","F_SAT_YMD":"20180826","F_END_YMD":"20180901","F_SAT_TM":"14","F_END_TM":"9","F_RSN_DTL":"침수","F_ZONE_NM":"서대문구 북가좌동368-1","INV_YR":"2018","F_YR":"2018","GU_NAM":"서대문","F_SHIM":0.1},"geometry":{"type":"Polygon","coordinates":[[[126.90624910341238,37.578744828722115],[126.90633085359713,37.57882255969259],[126.90638722596567,37.5788265694726],[126.9065012096139,37.578750527919134],[126.90642228584947,37.57867568249893],[126.90639345268286,37.578648359381326],[126.90624910341238,37.578744828722115]]]}},{"type":"Feature","properties":{"F_DISA_NM":"2018년 8.26~9.1 호우","F_AVR_HGT":13.27,"F_AREA":67.29,"ADM_CD":"1141011900","F_SAT_YMD":"20180826","F_END_YMD":"20180901","F_SAT_TM":"14","F_END_TM":"9","F_RSN_DTL":"침수","F_ZONE_NM":"서대문구 북가좌동312-1","INV_YR":"2018","F_YR":"2018","GU_NAM":"서대문","F_SHIM":0.1},"geometry":{"type":"Polygon","coordinates":[[[126.91056265066024,37.580423371685704],[126.91048842010817,37.58032925151361],[126.91038293726533,37.58037982357131],[126.91048436521508,37.58046105365326],[126.91056265066024,37.580423371685704]]]}},{"type":"Feature","properties":{"F_DISA_NM":"2018년 8.26~9.1 호우","F_AVR_HGT":13.6,"F_AREA":83.1,"ADM_CD":"1141011900","F_SAT_YMD":"20180826","F_END_YMD":"20180901","F_SAT_TM":"14","F_END_TM":"9","F_RSN_DTL":"침수","F_ZONE_NM":"서대문구 북가좌동317-1","INV_YR":"2018","F_YR":"2018","GU_NAM":"서대문","F_SHIM":0.1},"geometry":{"type":"Polygon","coordinates":[[[126.90760878108829,37.57988288178899],[126.90752900708482,37.57980713545919],[126.90749612444021,37.57977643069312],[126.90739935031338,37.579841684090425],[126.9074910993455,37.57992836900874],[126.90753832788967,37.57993030769711],[126.90760878108829,37.57988288178899]]]}},{"type":"Feature","properties":{"F_DISA_NM":"2018년 8.26~9.1 호우","F_AVR_HGT":13.6,"F_AREA":61.68,"ADM_CD":"1141011900","F_SAT_YMD":"20180826","F_END_YMD":"20180901","F_SAT_TM":"14","F_END_TM":"9","F_RSN_DTL":"침수","F_ZONE_NM":"서대문구 북가좌동317-4","INV_YR":"2018","F_YR":"2018","GU_NAM":"서대문","F_SHIM":0.1},"geometry":{"type":"Polygon","coordinates":[[[126.90739935031338,37.579841684090425],[126.90749612444021,37.57977643069312],[126.90744836263288,37.57973051442431],[126.90740051020359,37.579684688162224],[126.90740025012917,37.57968444468858],[126.9073901770397,37.57969143732054],[126.90730520722853,37.57975042017897],[126.9073290651276,37.579773630602475],[126.90737674680325,37.57982021358512],[126.90738999902761,37.579832846969566],[126.90739935031338,37.579841684090425]]]}},{"type":"Feature","properties":{"F_DISA_NM":"2018년 8.26~9.1 호우","F_AVR_HGT":45.53,"F_AREA":184.94,"ADM_CD":"1141011800","F_SAT_YMD":"20180826","F_END_YMD":"20180901","F_SAT_TM":"14","F_END_TM":"9","F_RSN_DTL":"침수","F_ZONE_NM":"서대문구 홍은동11-489","INV_YR":"2018","F_YR":"2018","GU_NAM":"서대문","F_SHIM":0.1},"geometry":{"type":"Polygon","coordinates":[[[126.94754235570684,37.599869665554806],[126.94759216399079,37.59983070277158],[126.94763402988136,37.59981333291301],[126.9476438305081,37.599805841205225],[126.94761367063656,37.599795925627454],[126.94762035393966,37.59979291939507],[126.94765488453064,37.59969333144445],[126.94755101219893,37.59969031075053],[126.94749680142628,37.59983551546323],[126.94747435913516,37.59989564582942],[126.94754235570684,37.599869665554806]]]}},{"type":"Feature","properties":{"F_DISA_NM":"2018년 8.26~9.1 호우","F_AVR_HGT":45.53,"F_AREA":131.51,"ADM_CD":"1141011800","F_SAT_YMD":"20180826","F_END_YMD":"20180901","F_SAT_TM":"14","F_END_TM":"9","F_RSN_DTL":"침수","F_ZONE_NM":"서대문구 홍은동11-266","INV_YR":"2018","F_YR":"2018","GU_NAM":"서대문","F_SHIM":0.1},"geometry":{"type":"Polygon","coordinates":[[[126.9474724536424,37.59980595206195],[126.94749680142628,37.59983551546323],[126.94755101219893,37.59969031075053],[126.94753823842233,37.599675150368405],[126.94752055241557,37.599672403288906],[126.9475004286054,37.59964269766758],[126.94741017402625,37.59972478997335],[126.9474724536424,37.59980595206195]]]}},{"type":"Feature","properties":{"F_DISA_NM":"2018년 8.26~9.1 호우","F_AVR_HGT":45.53,"F_AREA":126.96,"ADM_CD":"1141011800","F_SAT_YMD":"20180826","F_END_YMD":"20180901","F_SAT_TM":"14","F_END_TM":"9","F_RSN_DTL":"침수","F_ZONE_NM":"서대문구 홍은동11-274","INV_YR":"2018","F_YR":"2018","GU_NAM":"서대문","F_SHIM":0.1},"geometry":{"type":"Polygon","coordinates":[[[126.94765488453064,37.59969333144445],[126.94766742119604,37.59966043325114],[126.94766685169782,37.59960216639423],[126.94756363337169,37.59960317340566],[126.94756627737183,37.599579839143814],[126.9475004286054,37.59964269766758],[126.94752055241557,37.599672403288906],[126.94753823842233,37.599675150368405],[126.94755101219893,37.59969031075053],[126.94765488453064,37.59969333144445]]]}},{"type":"Feature","properties":{"F_DISA_NM":"2018년 8.26~9.1 호우","F_AVR_HGT":41.42,"F_AREA":106,"ADM_CD":"1141011700","F_SAT_YMD":"20180826","F_END_YMD":"20180901","F_SAT_TM":"14","F_END_TM":"9","F_RSN_DTL":"침수","F_ZONE_NM":"서대문구 연희동48-1","INV_YR":"2018","F_YR":"2018","GU_NAM":"서대문","F_SHIM":0.1},"geometry":{"type":"Polygon","coordinates":[[[126.93405045122893,37.567812561060485],[126.9340656321093,37.56781039835283],[126.93411344937388,37.567804479139454],[126.93419733743188,37.56775181017976],[126.93425072679359,37.56770462882564],[126.93423677467709,37.56767464499624],[126.9340393691551,37.56768781290387],[126.93405045122893,37.567812561060485]]]}},{"type":"Feature","properties":{"F_DISA_NM":"2018년 8.26~9.1 호우","F_AVR_HGT":12.93,"F_AREA":65.52,"ADM_CD":"1141011900","F_SAT_YMD":"20180826","F_END_YMD":"20180901","F_SAT_TM":"14","F_END_TM":"9","F_RSN_DTL":"침수","F_ZONE_NM":"서대문구 북가좌동340-16","INV_YR":"2018","F_YR":"2018","GU_NAM":"서대문","F_SHIM":0.1},"geometry":{"type":"Polygon","coordinates":[[[126.91361838993703,37.58672768502891],[126.91362173444803,37.58673346283454],[126.91375777906768,37.586675801893094],[126.91374911095195,37.58666231670947],[126.91371591246028,37.586674076907656],[126.91371311002278,37.58666947078867],[126.91366016373988,37.58658682906794],[126.91359453112486,37.58661507113717],[126.91355550766679,37.58663148504518],[126.91361838993703,37.58672768502891]]]}},{"type":"Feature","properties":{"F_DISA_NM":"2018년 8.26~9.1 호우","F_AVR_HGT":14.68,"F_AREA":82.05,"ADM_CD":"1141011900","F_SAT_YMD":"20180826","F_END_YMD":"20180901","F_SAT_TM":"14","F_END_TM":"9","F_RSN_DTL":"침수","F_ZONE_NM":"서대문구 북가좌동339-23","INV_YR":"2018","F_YR":"2018","GU_NAM":"서대문","F_SHIM":0.1},"geometry":{"type":"Polygon","coordinates":[[[126.91352567375894,37.585554641205604],[126.91345372898111,37.58544446911953],[126.91337356557,37.58547769168994],[126.91335675050453,37.58551797120016],[126.9134110054786,37.58560362333944],[126.91352567375894,37.585554641205604]]]}},{"type":"Feature","properties":{"F_DISA_NM":"2018년 8.26~9.1 호우","F_AVR_HGT":22.01,"F_AREA":78.05,"ADM_CD":"1141012000","F_SAT_YMD":"20180826","F_END_YMD":"20180901","F_SAT_TM":"14","F_END_TM":"9","F_RSN_DTL":"침수","F_ZONE_NM":"서대문구 남가좌동327-6","INV_YR":"2018","F_YR":"2018","GU_NAM":"서대문","F_SHIM":0.1},"geometry":{"type":"Polygon","coordinates":[[[126.92570760748262,37.577708602943574],[126.92584823491435,37.57778413277982],[126.92589453668108,37.577705353144935],[126.92577894425526,37.577636002175986],[126.92570760748262,37.577708602943574]]]}},{"type":"Feature","properties":{"F_DISA_NM":"2018년 8.26~9.1 호우","F_AVR_HGT":22.01,"F_AREA":78.48,"ADM_CD":"1141012000","F_SAT_YMD":"20180826","F_END_YMD":"20180901","F_SAT_TM":"14","F_END_TM":"9","F_RSN_DTL":"침수","F_ZONE_NM":"서대문구 남가좌동327-7","INV_YR":"2018","F_YR":"2018","GU_NAM":"서대문","F_SHIM":0.1},"geometry":{"type":"Polygon","coordinates":[[[126.92570760748262,37.577708602943574],[126.92577894425526,37.577636002175986],[126.92576955344853,37.577630779437925],[126.92567204573841,37.57756716123152],[126.92559334461521,37.57764559559304],[126.92570760748262,37.577708602943574]]]}},{"type":"Feature","properties":{"F_DISA_NM":"2018년 8.26~9.1 호우","F_AVR_HGT":14.25,"F_AREA":97.68,"ADM_CD":"1141011900","F_SAT_YMD":"20180826","F_END_YMD":"20180901","F_SAT_TM":"14","F_END_TM":"9","F_RSN_DTL":"침수","F_ZONE_NM":"서대문구 북가좌동339-31","INV_YR":"2018","F_YR":"2018","GU_NAM":"서대문","F_SHIM":0.1},"geometry":{"type":"Polygon","coordinates":[[[126.91446388315933,37.586482811124625],[126.91438513285678,37.58637158946047],[126.9142668921899,37.58642510173742],[126.91430072289721,37.586472951035766],[126.91434409268577,37.586535106004774],[126.91446388315933,37.586482811124625]]]}},{"type":"Feature","properties":{"F_DISA_NM":"2018년 8.26~9.1 호우","F_AVR_HGT":14.25,"F_AREA":94.03,"ADM_CD":"1141011900","F_SAT_YMD":"20180826","F_END_YMD":"20180901","F_SAT_TM":"14","F_END_TM":"9","F_RSN_DTL":"침수","F_ZONE_NM":"서대문구 북가좌동339-28","INV_YR":"2018","F_YR":"2018","GU_NAM":"서대문","F_SHIM":0.1},"geometry":{"type":"Polygon","coordinates":[[[126.91414923069921,37.586476965521015],[126.91407246380759,37.58636437561877],[126.91395150494037,37.586418507245966],[126.913989551073,37.586472720716316],[126.9140275472805,37.586530943521254],[126.91414923069921,37.586476965521015]]]}},{"type":"Feature","properties":{"F_DISA_NM":"2018년 8.26~9.1 호우","F_AVR_HGT":14.25,"F_AREA":93.96,"ADM_CD":"1141011900","F_SAT_YMD":"20180826","F_END_YMD":"20180901","F_SAT_TM":"14","F_END_TM":"9","F_RSN_DTL":"침수","F_ZONE_NM":"서대문구 북가좌동339-1","INV_YR":"2018","F_YR":"2018","GU_NAM":"서대문","F_SHIM":0.1},"geometry":{"type":"Polygon","coordinates":[[[126.91448614208697,37.5864730878871],[126.91454564371452,37.586449453848765],[126.91456625436777,37.58640644698591],[126.9145049583056,37.586318177341035],[126.91438513285678,37.58637158946047],[126.91446388315933,37.586482811124625],[126.91448614208697,37.5864730878871]]]}},{"type":"Feature","properties":{"F_DISA_NM":"2018년 8.26~9.1 호우","F_AVR_HGT":12.93,"F_AREA":13.02,"ADM_CD":"1141011900","F_SAT_YMD":"20180826","F_END_YMD":"20180901","F_SAT_TM":"14","F_END_TM":"9","F_RSN_DTL":"침수","F_ZONE_NM":"서대문구 북가좌동340-17","INV_YR":"2018","F_YR":"2018","GU_NAM":"서대문","F_SHIM":0.1},"geometry":{"type":"Polygon","coordinates":[[[126.91381680078275,37.58662729166417],[126.91381921676692,37.58656563002956],[126.91381775205457,37.58652094007328],[126.91370588082133,37.58656837486818],[126.91366016373988,37.58658682906794],[126.91371311002278,37.58666947078867],[126.91381680078275,37.58662729166417]]]}},{"type":"Feature","properties":{"F_DISA_NM":"2018년 8.26~9.1 호우","F_AVR_HGT":13.44,"F_AREA":68.1,"ADM_CD":"1141011900","F_SAT_YMD":"20180826","F_END_YMD":"20180901","F_SAT_TM":"14","F_END_TM":"9","F_RSN_DTL":"침수","F_ZONE_NM":"서대문구 북가좌동340-2","INV_YR":"2018","F_YR":"2018","GU_NAM":"서대문","F_SHIM":0.1},"geometry":{"type":"Polygon","coordinates":[[[126.91381921676692,37.58656563002956],[126.91401517750992,37.58663297093092],[126.91391686804742,37.586479135874626],[126.91381775205457,37.58652094007328],[126.91381921676692,37.58656563002956]]]}},{"type":"Feature","properties":{"F_DISA_NM":"2018년 8.26~9.1 호우","F_AVR_HGT":18.19,"F_AREA":108.97,"ADM_CD":"1141011900","F_SAT_YMD":"20180826","F_END_YMD":"20180901","F_SAT_TM":"14","F_END_TM":"9","F_RSN_DTL":"침수","F_ZONE_NM":"서대문구 북가좌동367-16","INV_YR":"2018","F_YR":"2018","GU_NAM":"서대문","F_SHIM":0.1},"geometry":{"type":"Polygon","coordinates":[[[126.90674234313313,37.57866026271752],[126.90682341472214,37.57873781260617],[126.90698759059151,37.57862865453182],[126.90691705645665,37.578543815208874],[126.90674234313313,37.57866026271752]]]}},{"type":"Feature","properties":{"F_DISA_NM":"2018년 8.26~9.1 호우","F_AVR_HGT":19.59,"F_AREA":81.63,"ADM_CD":"1141011900","F_SAT_YMD":"20180826","F_END_YMD":"20180901","F_SAT_TM":"14","F_END_TM":"9","F_RSN_DTL":"침수","F_ZONE_NM":"서대문구 북가좌동369-26","INV_YR":"2018","F_YR":"2018","GU_NAM":"서대문","F_SHIM":0.1},"geometry":{"type":"Polygon","coordinates":[[[126.90625085841113,37.57816702753663],[126.90639843479457,37.57802461047218],[126.90632547536043,37.577978421155045],[126.90625383526896,37.578051883865406],[126.906181293634,37.57812201215326],[126.90622291944436,37.57814889515888],[126.90625085841113,37.57816702753663]]]}},{"type":"Feature","properties":{"F_DISA_NM":"2018년 8.26~9.1 호우","F_AVR_HGT":13.4,"F_AREA":82.92,"ADM_CD":"1141011900","F_SAT_YMD":"20180826","F_END_YMD":"20180901","F_SAT_TM":"14","F_END_TM":"9","F_RSN_DTL":"침수","F_ZONE_NM":"서대문구 북가좌동324-2","INV_YR":"2018","F_YR":"2018","GU_NAM":"서대문","F_SHIM":0.1},"geometry":{"type":"Polygon","coordinates":[[[126.9104992742902,37.582210041197236],[126.91042478339422,37.58211449725446],[126.91029516822024,37.582177718454304],[126.91036766638946,37.58227332400818],[126.9104992742902,37.582210041197236]]]}},{"type":"Feature","properties":{"F_DISA_NM":"2018년 8.26~9.1 호우","F_AVR_HGT":13.06,"F_AREA":92.3,"ADM_CD":"1141011900","F_SAT_YMD":"20180826","F_END_YMD":"20180901","F_SAT_TM":"14","F_END_TM":"9","F_RSN_DTL":"침수","F_ZONE_NM":"서대문구 북가좌동345-41","INV_YR":"2018","F_YR":"2018","GU_NAM":"서대문","F_SHIM":0.1},"geometry":{"type":"Polygon","coordinates":[[[126.90921431935415,37.58185224404663],[126.90934153661584,37.58176916442756],[126.90924801921996,37.58168074068705],[126.90912300817182,37.58176501123481],[126.90921431935415,37.58185224404663]]]}},{"type":"Feature","properties":{"F_DISA_NM":"2018년 8.26~9.1 호우","F_AVR_HGT":21.49,"F_AREA":44.96,"ADM_CD":"1141012000","F_SAT_YMD":"20180826","F_END_YMD":"20180901","F_SAT_TM":"14","F_END_TM":"9","F_RSN_DTL":"침수","F_ZONE_NM":"서대문구 남가좌동339-33","INV_YR":"2018","F_YR":"2018","GU_NAM":"서대문","F_SHIM":0.1},"geometry":{"type":"Polygon","coordinates":[[[126.92493127141782,37.57729110718887],[126.92500048837024,37.57721060385765],[126.92489893240678,37.57715482096957],[126.92482842468081,37.577235494590916],[126.92493127141782,37.57729110718887]]]}},{"type":"Feature","properties":{"F_DISA_NM":"2018년 8.26~9.1 호우","F_AVR_HGT":52.2,"F_AREA":110.36,"ADM_CD":"1141012000","F_SAT_YMD":"20180826","F_END_YMD":"20180901","F_SAT_TM":"14","F_END_TM":"9","F_RSN_DTL":"침수","F_ZONE_NM":"서대문구 남가좌동5-216","INV_YR":"2018","F_YR":"2018","GU_NAM":"서대문","F_SHIM":0.1},"geometry":{"type":"Polygon","coordinates":[[[126.92179711550958,37.581629029683704],[126.9219591100555,37.581661466349324],[126.92199458787522,37.581547056015296],[126.92183674973012,37.58151340587221],[126.92179711550958,37.581629029683704]]]}},{"type":"Feature","properties":{"F_DISA_NM":"2018년 8.26~9.1 호우","F_AVR_HGT":39.33,"F_AREA":64.19,"ADM_CD":"1141012000","F_SAT_YMD":"20180826","F_END_YMD":"20180901","F_SAT_TM":"14","F_END_TM":"9","F_RSN_DTL":"침수","F_ZONE_NM":"서대문구 남가좌동5-125","INV_YR":"2018","F_YR":"2018","GU_NAM":"서대문","F_SHIM":0.1},"geometry":{"type":"Polygon","coordinates":[[[126.92237540174636,37.582282228200775],[126.92250918982349,37.582310347492204],[126.92253625983928,37.58222387996486],[126.92240099873851,37.582197084165934],[126.92237540174636,37.582282228200775]]]}},{"type":"Feature","properties":{"F_DISA_NM":"2018년 8.26~9.1 호우","F_AVR_HGT":13.28,"F_AREA":98.73,"ADM_CD":"1141011900","F_SAT_YMD":"20180826","F_END_YMD":"20180901","F_SAT_TM":"14","F_END_TM":"9","F_RSN_DTL":"침수","F_ZONE_NM":"서대문구 북가좌동315-25","INV_YR":"2018","F_YR":"2018","GU_NAM":"서대문","F_SHIM":0.1},"geometry":{"type":"Polygon","coordinates":[[[126.90878360970123,37.57930004347669],[126.90877784501322,37.57929283105758],[126.90871788308901,37.579207019048425],[126.90863941956837,37.57926074622711],[126.90858997482061,37.57929340410969],[126.90858114672564,37.579337203115045],[126.90862160146247,37.579378482109504],[126.90878360970123,37.57930004347669]]]}},{"type":"Feature","properties":{"F_DISA_NM":"2018년 8.26~9.1 호우","F_AVR_HGT":13.07,"F_AREA":128.88,"ADM_CD":"1141011900","F_SAT_YMD":"20180826","F_END_YMD":"20180901","F_SAT_TM":"14","F_END_TM":"9","F_RSN_DTL":"침수","F_ZONE_NM":"서대문구 북가좌동312-15","INV_YR":"2018","F_YR":"2018","GU_NAM":"서대문","F_SHIM":0.1},"geometry":{"type":"Polygon","coordinates":[[[126.90972567131742,37.5805381311655],[126.90974643530986,37.580527921116264],[126.90965079788357,37.58040595231392],[126.90963184750984,37.58041434376616],[126.90955324256791,37.58045369169176],[126.90953812903915,37.580499675259915],[126.90961110111921,37.5805944527663],[126.90972567131742,37.5805381311655]]]}},{"type":"Feature","properties":{"F_DISA_NM":"2018년 8.26~9.1 호우","F_AVR_HGT":34.04,"F_AREA":609.53,"ADM_CD":"1141011200","F_SAT_YMD":"20180826","F_END_YMD":"20180901","F_SAT_TM":"14","F_END_TM":"9","F_RSN_DTL":"침수","F_ZONE_NM":"서대문구 대현동110-10","INV_YR":"2018","F_YR":"2018","GU_NAM":"서대문","F_SHIM":0.1},"geometry":{"type":"Polygon","coordinates":[[[126.94209919130142,37.558639891408426],[126.94216750971914,37.55869113802236],[126.94224136091216,37.55874452271955],[126.9423260100153,37.55868259511499],[126.94232927855808,37.558685479920484],[126.94234813302664,37.55867227185167],[126.94242003152911,37.55861879808183],[126.94242129784159,37.558577416258764],[126.94242230657935,37.558561234988574],[126.94242306171192,37.558536566268316],[126.94242490683416,37.558478813751194],[126.9422923804695,37.55847386398706],[126.94229180443723,37.55848668478179],[126.94220276558366,37.558561215004815],[126.94219568419756,37.55855679659772],[126.94212385815382,37.55850459318555],[126.94202820211878,37.55858849024073],[126.94209919130142,37.558639891408426]]]}},{"type":"Feature","properties":{"F_DISA_NM":"2018년 8.26~9.1 호우","F_AVR_HGT":24.86,"F_AREA":50.4,"ADM_CD":"1129013600","F_SAT_YMD":"20180828","F_END_YMD":"20180829","F_SAT_TM":"16","F_END_TM":"23","F_RSN_DTL":"침수","F_ZONE_NM":"성북구 하월곡동29-123","INV_YR":"2018","F_YR":"2018","GU_NAM":"성북구","F_SHIM":0.1},"geometry":{"type":"Polygon","coordinates":[[[127.0398944600481,37.603552765001496],[127.03986191472897,37.60346717319418],[127.03984106984177,37.60347408149274],[127.03977624712947,37.603493879095566],[127.03980091743773,37.60357093216288],[127.0398944600481,37.603552765001496]]]}},{"type":"Feature","properties":{"F_DISA_NM":"2018년 8.26~9.1 호우","F_AVR_HGT":25.99,"F_AREA":60.33,"ADM_CD":"1129013600","F_SAT_YMD":"20180828","F_END_YMD":"20180829","F_SAT_TM":"16","F_END_TM":"23","F_RSN_DTL":"침수","F_ZONE_NM":"성북구 하월곡동29-49","INV_YR":"2018","F_YR":"2018","GU_NAM":"성북구","F_SHIM":0.1},"geometry":{"type":"Polygon","coordinates":[[[127.0396695887181,37.60379633752716],[127.03970806681272,37.60379091017705],[127.03974551869621,37.60374967808837],[127.0397416072374,37.60367450134552],[127.03974041696151,37.60365002202655],[127.03970800834308,37.60363221107552],[127.03963858635724,37.60364938823014],[127.03965809555619,37.60371009015309],[127.03964024995153,37.60371378994778],[127.03964515176638,37.603732618906214],[127.0396695887181,37.60379633752716]]]}},{"type":"Feature","properties":{"F_DISA_NM":"2018년 8.26~9.1 호우","F_AVR_HGT":50.82,"F_AREA":30.8,"ADM_CD":"1129010400","F_SAT_YMD":"20180828","F_END_YMD":"20180829","F_SAT_TM":"16","F_END_TM":"23","F_RSN_DTL":"침수","F_ZONE_NM":"성북구 동소문동1가140-23","INV_YR":"2018","F_YR":"2018","GU_NAM":"성북구","F_SHIM":0.1},"geometry":{"type":"Polygon","coordinates":[[[127.00707782047446,37.590628661186315],[127.00716711986212,37.59060594311818],[127.00721265304152,37.590524798229055],[127.00721415875584,37.590522365497115],[127.00717628498046,37.590524547701584],[127.00708656383112,37.59050796483438],[127.00709456630219,37.59047347475352],[127.00709210922983,37.59047240269747],[127.00708847468064,37.59047224069169],[127.0070862554315,37.59047183535314],[127.00708145466213,37.59047170043169],[127.00707491453196,37.59052957100176],[127.00707395267054,37.59053704922193],[127.00703332707924,37.59053349223602],[127.00703200235229,37.590533654475166],[127.0070306775795,37.590533195034716],[127.00703582077551,37.590570540619545],[127.00704566105843,37.59058376661789],[127.00707511407434,37.59062454381269],[127.00707782047446,37.590628661186315]]]}},{"type":"Feature","properties":{"F_DISA_NM":"2018년 8.26~9.1 호우","F_AVR_HGT":116.23,"F_AREA":62.47,"ADM_CD":"1129013300","F_SAT_YMD":"20180828","F_END_YMD":"20180829","F_SAT_TM":"16","F_END_TM":"23","F_RSN_DTL":"침수","F_ZONE_NM":"성북구 정릉동835-9","INV_YR":"2018","F_YR":"2018","GU_NAM":"성북구","F_SHIM":0.1},"geometry":{"type":"Polygon","coordinates":[[[126.99959682355788,37.615480004786214],[126.99957477265554,37.61542342281218],[126.99954028378023,37.61543126077405],[126.99950678272432,37.615348757367784],[126.99950271656851,37.61534906363189],[126.99946092281371,37.615336286997824],[126.99939724353582,37.61543260975884],[126.99939428688813,37.61544932290489],[126.99945278563541,37.61551270796378],[126.99959682355788,37.615480004786214]]]}},{"type":"Feature","properties":{"F_DISA_NM":"2018년 8.26~9.1 호우","F_AVR_HGT":51.22,"F_AREA":165.9,"ADM_CD":"1129013300","F_SAT_YMD":"20180828","F_END_YMD":"20180829","F_SAT_TM":"16","F_END_TM":"23","F_RSN_DTL":"침수","F_ZONE_NM":"성북구 정릉동378-4","INV_YR":"2018","F_YR":"2018","GU_NAM":"성북구","F_SHIM":0.1},"geometry":{"type":"Polygon","coordinates":[[[127.00682647829437,37.607477102395066],[127.00688805165792,37.607458620463326],[127.00688566096396,37.60744339397076],[127.00697925012159,37.607421315612115],[127.00698237576677,37.60742013518066],[127.00693329755623,37.607330552768204],[127.00688883444356,37.607319860138695],[127.0068713150831,37.60732778056907],[127.00686633226678,37.60733096126256],[127.00674174899045,37.607390386625084],[127.00671171546146,37.607399902323365],[127.006671829883,37.60742110418526],[127.00664811785694,37.60746135209832],[127.00666872197219,37.6075153470716],[127.00682647829437,37.607477102395066]]]}},{"type":"Feature","properties":{"F_DISA_NM":"2018년 8.26~9.1 호우","F_AVR_HGT":61.99,"F_AREA":296.61,"ADM_CD":"1129013300","F_SAT_YMD":"20180828","F_END_YMD":"20180829","F_SAT_TM":"16","F_END_TM":"23","F_RSN_DTL":"침수","F_ZONE_NM":"성북구 정릉동703-2","INV_YR":"2018","F_YR":"2018","GU_NAM":"성북구","F_SHIM":0.1},"geometry":{"type":"Polygon","coordinates":[[[127.00561553959085,37.61057615957996],[127.00562592252336,37.61052820896538],[127.00564134415605,37.61045907609014],[127.00567165531214,37.61032580178961],[127.00568791462871,37.6102508935825],[127.00570659709825,37.61016745298767],[127.00568567850175,37.61016132705085],[127.00568137433469,37.61015296609059],[127.00568702510834,37.61014104590057],[127.00566284167925,37.61007920335333],[127.00549311612285,37.61005370239036],[127.0054937069049,37.61008857938058],[127.00549802316782,37.61011186961769],[127.00550275944396,37.61015327858659],[127.0055039494279,37.6101683429639],[127.00551678296748,37.61020036342684],[127.00550211005148,37.61029374168618],[127.00549908612876,37.610293723768535],[127.00549790903689,37.610308094469254],[127.00549514654058,37.61032572677776],[127.00547388923975,37.6103401792411],[127.00547439052293,37.61039606712998],[127.00547578447545,37.61041321276823],[127.00547579661934,37.610428664606836],[127.0055119175994,37.61049858859286],[127.0055378430425,37.61052068879804],[127.00558228674973,37.61055958266316],[127.00561553959085,37.61057615957996]]]}},{"type":"Feature","properties":{"F_DISA_NM":"2018년 8.26~9.1 호우","F_AVR_HGT":24.04,"F_AREA":85.26,"ADM_CD":"1129013700","F_SAT_YMD":"20180828","F_END_YMD":"20180829","F_SAT_TM":"16","F_END_TM":"23","F_RSN_DTL":"침수","F_ZONE_NM":"성북구 상월곡동7-192","INV_YR":"2018","F_YR":"2018","GU_NAM":"성북구","F_SHIM":0.1},"geometry":{"type":"Polygon","coordinates":[[[127.05193442586024,37.609217549220496],[127.05200340552672,37.60914570246162],[127.05185347664465,37.60903955873983],[127.05177917521604,37.609113200632876],[127.05193442586024,37.609217549220496]]]}},{"type":"Feature","properties":{"F_DISA_NM":"2018년 8.26~9.1 호우","F_AVR_HGT":26.57,"F_AREA":43.82,"ADM_CD":"1129013600","F_SAT_YMD":"20180828","F_END_YMD":"20180829","F_SAT_TM":"16","F_END_TM":"23","F_RSN_DTL":"침수","F_ZONE_NM":"성북구 하월곡동18-45","INV_YR":"2018","F_YR":"2018","GU_NAM":"성북구","F_SHIM":0.1},"geometry":{"type":"Polygon","coordinates":[[[127.04302506856116,37.60411314222704],[127.04309308855571,37.60405995129357],[127.04306813813358,37.60403541730784],[127.04304135342903,37.60401139752226],[127.04299726921373,37.6039749952975],[127.04296362904417,37.60400476657653],[127.04298613941751,37.60401990419111],[127.04295148170816,37.60405273916543],[127.04302506856116,37.60411314222704]]]}},{"type":"Feature","properties":{"F_DISA_NM":"2018년 8.26~9.1 호우","F_AVR_HGT":26.57,"F_AREA":49.91,"ADM_CD":"1129013600","F_SAT_YMD":"20180828","F_END_YMD":"20180829","F_SAT_TM":"16","F_END_TM":"23","F_RSN_DTL":"침수","F_ZONE_NM":"성북구 하월곡동18-46","INV_YR":"2018","F_YR":"2018","GU_NAM":"성북구","F_SHIM":0.1},"geometry":{"type":"Polygon","coordinates":[[[127.04296362904417,37.60400476657653],[127.04299726921373,37.6039749952975],[127.04290922505807,37.60390142491894],[127.0428344461127,37.6039578976914],[127.04285585952101,37.60397585579117],[127.04292504040801,37.60403527838771],[127.04296362904417,37.60400476657653]]]}},{"type":"Feature","properties":{"F_DISA_NM":"2018년 8.26~9.1 호우","F_AVR_HGT":25.26,"F_AREA":63.45,"ADM_CD":"1129013600","F_SAT_YMD":"20180828","F_END_YMD":"20180829","F_SAT_TM":"16","F_END_TM":"23","F_RSN_DTL":"침수","F_ZONE_NM":"성북구 하월곡동27-111","INV_YR":"2018","F_YR":"2018","GU_NAM":"성북구","F_SHIM":0.1},"geometry":{"type":"Polygon","coordinates":[[[127.04110880928111,37.60281133966338],[127.04121532232236,37.602803050885136],[127.04120638268559,37.60268765598859],[127.04120616466494,37.602682277193345],[127.0410995048736,37.602691124622126],[127.04110880928111,37.60281133966338]]]}},{"type":"Feature","properties":{"F_DISA_NM":"2018년 8.26~9.1 호우","F_AVR_HGT":25.99,"F_AREA":19.15,"ADM_CD":"1129013600","F_SAT_YMD":"20180828","F_END_YMD":"20180829","F_SAT_TM":"16","F_END_TM":"23","F_RSN_DTL":"침수","F_ZONE_NM":"성북구 하월곡동29-51","INV_YR":"2018","F_YR":"2018","GU_NAM":"성북구","F_SHIM":0.1},"geometry":{"type":"Polygon","coordinates":[[[127.03966931096548,37.60379629972914],[127.03964487401373,37.60373258110828],[127.03955471254508,37.60374168309454],[127.03950906774867,37.60375050940702],[127.03951719193948,37.60378159070013],[127.03952475800598,37.603784065966984],[127.03953308590245,37.603814858878714],[127.03957540461343,37.60381251169612],[127.03966931096548,37.60379629972914]]]}},{"type":"Feature","properties":{"F_DISA_NM":"2018년 8.26~9.1 호우","F_AVR_HGT":20.35,"F_AREA":82.15,"ADM_CD":"1129013800","F_SAT_YMD":"20180828","F_END_YMD":"20180829","F_SAT_TM":"16","F_END_TM":"23","F_RSN_DTL":"침수","F_ZONE_NM":"성북구 장위동66-65","INV_YR":"2018","F_YR":"2018","GU_NAM":"성북구","F_SHIM":0.1},"geometry":{"type":"Polygon","coordinates":[[[127.05512265756424,37.61133198291162],[127.05516810154892,37.61137083061087],[127.05517326136076,37.61138003629756],[127.05518066708667,37.611378239977185],[127.05519645574616,37.611394855908536],[127.0552324234398,37.61135949403545],[127.05524229434918,37.61135238980739],[127.05528170400825,37.61131562983069],[127.0551712124408,37.61123957419122],[127.05516745392369,37.611241819344045],[127.05515334673863,37.611232491585845],[127.0550861183123,37.61129687923702],[127.05512265756424,37.61133198291162]]]}},{"type":"Feature","properties":{"F_DISA_NM":"2018년 8.26~9.1 호우","F_AVR_HGT":20.26,"F_AREA":53.69,"ADM_CD":"1129013800","F_SAT_YMD":"20180828","F_END_YMD":"20180829","F_SAT_TM":"16","F_END_TM":"23","F_RSN_DTL":"침수","F_ZONE_NM":"성북구 장위동75-55","INV_YR":"2018","F_YR":"2018","GU_NAM":"성북구","F_SHIM":0.1},"geometry":{"type":"Polygon","coordinates":[[[127.05222962693722,37.61553022162202],[127.05232887566801,37.615491031310334],[127.05227782248888,37.615416461060754],[127.05217994452995,37.61545596608494],[127.05222962693722,37.61553022162202]]]}},{"type":"Feature","properties":{"F_DISA_NM":"2018년 8.26~9.1 호우","F_AVR_HGT":20.26,"F_AREA":64.51,"ADM_CD":"1129013800","F_SAT_YMD":"20180828","F_END_YMD":"20180829","F_SAT_TM":"16","F_END_TM":"23","F_RSN_DTL":"침수","F_ZONE_NM":"성북구 장위동75-44","INV_YR":"2018","F_YR":"2018","GU_NAM":"성북구","F_SHIM":0.1},"geometry":{"type":"Polygon","coordinates":[[[127.05248145987785,37.61546827881906],[127.05258294911481,37.61542632131409],[127.05251716958146,37.61533233238708],[127.05242114154328,37.61537696339443],[127.05246180916684,37.61543577089812],[127.05248145987785,37.61546827881906]]]}},{"type":"Feature","properties":{"F_DISA_NM":"2018년 8.26~9.1 호우","F_AVR_HGT":21.08,"F_AREA":75.83,"ADM_CD":"1129013800","F_SAT_YMD":"20180828","F_END_YMD":"20180829","F_SAT_TM":"16","F_END_TM":"23","F_RSN_DTL":"침수","F_ZONE_NM":"성북구 장위동66-176","INV_YR":"2018","F_YR":"2018","GU_NAM":"성북구","F_SHIM":0.1},"geometry":{"type":"Polygon","coordinates":[[[127.05332499197921,37.61109729610591],[127.05339539804201,37.61104026907912],[127.05339400136876,37.61101875425024],[127.05340225219501,37.61101072287658],[127.05331975680741,37.610946410999894],[127.05322861691856,37.611024737265815],[127.05332499197921,37.61109729610591]]]}},{"type":"Feature","properties":{"F_DISA_NM":"2018년 8.26~9.1 호우","F_AVR_HGT":20.77,"F_AREA":74.7,"ADM_CD":"1129013800","F_SAT_YMD":"20180828","F_END_YMD":"20180829","F_SAT_TM":"16","F_END_TM":"23","F_RSN_DTL":"침수","F_ZONE_NM":"성북구 장위동238-65","INV_YR":"2018","F_YR":"2018","GU_NAM":"성북구","F_SHIM":0.1},"geometry":{"type":"Polygon","coordinates":[[[127.05091495434931,37.61520286714341],[127.05100615527661,37.615273673076885],[127.05103475267472,37.61527138160011],[127.05114090170689,37.61518451848283],[127.05103417676091,37.615103159668365],[127.05100910173768,37.61512229801405],[127.0510065783002,37.61512580388853],[127.05091495434931,37.61520286714341]]]}},{"type":"Feature","properties":{"F_DISA_NM":"2018년 8.26~9.1 호우","F_AVR_HGT":20.84,"F_AREA":29.75,"ADM_CD":"1129013800","F_SAT_YMD":"20180828","F_END_YMD":"20180829","F_SAT_TM":"16","F_END_TM":"23","F_RSN_DTL":"침수","F_ZONE_NM":"성북구 장위동75-482","INV_YR":"2018","F_YR":"2018","GU_NAM":"성북구","F_SHIM":0.1},"geometry":{"type":"Polygon","coordinates":[[[127.05208192242526,37.614245530994786],[127.05216580453467,37.61427990349968],[127.05217289361414,37.61429499189226],[127.05224377678886,37.614234316403866],[127.05226200071313,37.61421787467278],[127.05224528973574,37.61421063796761],[127.05215919758692,37.61417407708274],[127.05213184877124,37.61416297971604],[127.05208192242526,37.614245530994786]]]}},{"type":"Feature","properties":{"F_DISA_NM":"2018년 8.26~9.1 호우","F_AVR_HGT":20.26,"F_AREA":45.85,"ADM_CD":"1129013800","F_SAT_YMD":"20180828","F_END_YMD":"20180829","F_SAT_TM":"16","F_END_TM":"23","F_RSN_DTL":"침수","F_ZONE_NM":"성북구 장위동76-265","INV_YR":"2018","F_YR":"2018","GU_NAM":"성북구","F_SHIM":0.1},"geometry":{"type":"Polygon","coordinates":[[[127.05232898684966,37.61577097506452],[127.05242189710894,37.61568784656279],[127.05233953560314,37.615626903664634],[127.05229287689856,37.61563556415493],[127.05219864675172,37.615676545232596],[127.05232898684966,37.61577097506452]]]}},{"type":"Feature","properties":{"F_DISA_NM":"2018년 8.26~9.1 호우","F_AVR_HGT":21.03,"F_AREA":48.93,"ADM_CD":"1129013800","F_SAT_YMD":"20180828","F_END_YMD":"20180829","F_SAT_TM":"16","F_END_TM":"23","F_RSN_DTL":"침수","F_ZONE_NM":"성북구 장위동143-28","INV_YR":"2018","F_YR":"2018","GU_NAM":"성북구","F_SHIM":0.1},"geometry":{"type":"Polygon","coordinates":[[[127.05189062010015,37.61751451583757],[127.05189713022573,37.617510521714266],[127.05197585071647,37.61756128537605],[127.05202672370609,37.6175184400026],[127.05204987249998,37.61749746427252],[127.05198746777499,37.61745468538236],[127.05187389330892,37.61750166598109],[127.05189062010015,37.61751451583757]]]}},{"type":"Feature","properties":{"F_DISA_NM":"2018년 8.26~9.1 호우","F_AVR_HGT":53.95,"F_AREA":46.8,"ADM_CD":"1129013300","F_SAT_YMD":"20180828","F_END_YMD":"20180829","F_SAT_TM":"16","F_END_TM":"23","F_RSN_DTL":"침수","F_ZONE_NM":"성북구 정릉동684-54","INV_YR":"2018","F_YR":"2018","GU_NAM":"성북구","F_SHIM":0.1},"geometry":{"type":"Polygon","coordinates":[[[127.0050426158345,37.60825920369508],[127.00504429526833,37.608329110853326],[127.00516118304925,37.60832617911323],[127.00516914468464,37.60832584550397],[127.00516925452602,37.60825601938053],[127.00516128156536,37.60825619982321],[127.0050426158345,37.60825920369508]]]}},{"type":"Feature","properties":{"F_DISA_NM":"2018년 8.26~9.1 호우","F_AVR_HGT":20.49,"F_AREA":74.86,"ADM_CD":"1129013800","F_SAT_YMD":"20180828","F_END_YMD":"20180829","F_SAT_TM":"16","F_END_TM":"23","F_RSN_DTL":"침수","F_ZONE_NM":"성북구 장위동75-597","INV_YR":"2018","F_YR":"2018","GU_NAM":"성북구","F_SHIM":0.1},"geometry":{"type":"Polygon","coordinates":[[[127.05303116924549,37.61497146446226],[127.0530289350563,37.614950814950916],[127.0530141425906,37.61486813837113],[127.05300812951117,37.61483695803869],[127.05299580033392,37.61476219099451],[127.05287133199005,37.614772201059644],[127.05288862360169,37.614882320455294],[127.05290485629969,37.61498426840895],[127.05303116924549,37.61497146446226]]]}},{"type":"Feature","properties":{"F_DISA_NM":"2018년 8.26~9.1 호우","F_AVR_HGT":147.91,"F_AREA":63.95,"ADM_CD":"1129013300","F_SAT_YMD":"20180828","F_END_YMD":"20180829","F_SAT_TM":"16","F_END_TM":"23","F_RSN_DTL":"침수","F_ZONE_NM":"성북구 정릉동508-91","INV_YR":"2018","F_YR":"2018","GU_NAM":"성북구","F_SHIM":0.1},"geometry":{"type":"Polygon","coordinates":[[[127.0034170952119,37.59944097922196],[127.0035559394587,37.59950900116676],[127.00365674134503,37.599382996834876],[127.00352053558649,37.59931051509382],[127.00351572308516,37.59931611929311],[127.0034170952119,37.59944097922196]]]}},{"type":"Feature","properties":{"F_DISA_NM":"2018년 8.26~9.1 호우","F_AVR_HGT":18.5,"F_AREA":25.79,"ADM_CD":"1129013900","F_SAT_YMD":"20180828","F_END_YMD":"20180829","F_SAT_TM":"16","F_END_TM":"23","F_RSN_DTL":"침수","F_ZONE_NM":"성북구 석관동260-32","INV_YR":"2018","F_YR":"2018","GU_NAM":"성북구","F_SHIM":0.1},"geometry":{"type":"Polygon","coordinates":[[[127.05765997867644,37.608250897735275],[127.05774707143712,37.608177894745154],[127.05771852306847,37.60816620458449],[127.05770996631807,37.608142900251174],[127.05769458213878,37.60813688000398],[127.05769391396113,37.608151953752866],[127.05761665720318,37.60815717114515],[127.0575974903866,37.60818129954474],[127.05758291685981,37.608199109874754],[127.05765997867644,37.608250897735275]]]}},{"type":"Feature","properties":{"F_DISA_NM":"2018년 8.26~9.1 호우","F_AVR_HGT":29.46,"F_AREA":69.85,"ADM_CD":"1129013800","F_SAT_YMD":"20180828","F_END_YMD":"20180829","F_SAT_TM":"16","F_END_TM":"23","F_RSN_DTL":"침수","F_ZONE_NM":"성북구 장위동232-17","INV_YR":"2018","F_YR":"2018","GU_NAM":"성북구","F_SHIM":0.1},"geometry":{"type":"Polygon","coordinates":[[[127.04727403564748,37.615743853178415],[127.04732208855843,37.61564352832513],[127.04724115598803,37.615615674344916],[127.04723273926109,37.61561364138825],[127.04716550805676,37.61574669725429],[127.04727403564748,37.615743853178415]]]}},{"type":"Feature","properties":{"F_DISA_NM":"2018년 8.26~9.1 호우","F_AVR_HGT":27.58,"F_AREA":24.32,"ADM_CD":"1129013600","F_SAT_YMD":"20180828","F_END_YMD":"20180829","F_SAT_TM":"16","F_END_TM":"23","F_RSN_DTL":"침수","F_ZONE_NM":"성북구 하월곡동41-41","INV_YR":"2018","F_YR":"2018","GU_NAM":"성북구","F_SHIM":0.1},"geometry":{"type":"Polygon","coordinates":[[[127.04203465775116,37.60050001452785],[127.04206145193274,37.60041919613092],[127.0419621609117,37.60039507482939],[127.04193345265097,37.60047549742681],[127.04203465775116,37.60050001452785]]]}},{"type":"Feature","properties":{"F_DISA_NM":"2018년 8.26~9.1 호우","F_AVR_HGT":128.36,"F_AREA":44.58,"ADM_CD":"1129013300","F_SAT_YMD":"20180828","F_END_YMD":"20180829","F_SAT_TM":"16","F_END_TM":"23","F_RSN_DTL":"침수","F_ZONE_NM":"성북구 정릉동839-26","INV_YR":"2018","F_YR":"2018","GU_NAM":"성북구","F_SHIM":0.1},"geometry":{"type":"Polygon","coordinates":[[[126.99994624120241,37.614140901407616],[127.00003076680912,37.61420728680642],[127.00012872740226,37.61416537435307],[127.00011523907934,37.61410660318335],[127.00010270143402,37.61408668233682],[127.00009375395067,37.6140785553776],[126.99998409351727,37.61412252188814],[126.99995546109825,37.61412069251982],[126.99994624120241,37.614140901407616]]]}},{"type":"Feature","properties":{"F_DISA_NM":"2018년 8.26~9.1 호우","F_AVR_HGT":20.35,"F_AREA":60.93,"ADM_CD":"1129013800","F_SAT_YMD":"20180828","F_END_YMD":"20180829","F_SAT_TM":"16","F_END_TM":"23","F_RSN_DTL":"침수","F_ZONE_NM":"성북구 장위동64-37","INV_YR":"2018","F_YR":"2018","GU_NAM":"성북구","F_SHIM":0.1},"geometry":{"type":"Polygon","coordinates":[[[127.05550765048292,37.6113526490269],[127.055566842821,37.6113114741038],[127.05556804050899,37.6113075542852],[127.05557946174805,37.611298719434195],[127.05552323283865,37.611256146764084],[127.05549682810492,37.611234192910544],[127.05546456794653,37.61122783771991],[127.05545328323753,37.6112375374399],[127.05544225956282,37.61124799386412],[127.05541640969061,37.61127295385356],[127.05542342099051,37.61127391470188],[127.05536364698018,37.611325234871934],[127.05542126815577,37.61131967654275],[127.05543871013299,37.61130453208404],[127.05547492472832,37.611328968175364],[127.05550765048292,37.6113526490269]]]}},{"type":"Feature","properties":{"F_DISA_NM":"2018년 8.26~9.1 호우","F_AVR_HGT":20.35,"F_AREA":42.58,"ADM_CD":"1129013800","F_SAT_YMD":"20180828","F_END_YMD":"20180829","F_SAT_TM":"16","F_END_TM":"23","F_RSN_DTL":"침수","F_ZONE_NM":"성북구 장위동64-34","INV_YR":"2018","F_YR":"2018","GU_NAM":"성북구","F_SHIM":0.1},"geometry":{"type":"Polygon","coordinates":[[[127.05535802768675,37.61165277128134],[127.05537359054179,37.61165453010487],[127.05537611717374,37.61164019433486],[127.05537298676649,37.61158683062348],[127.05536974505503,37.61156758713566],[127.05537257090545,37.61154413329511],[127.05531799839137,37.6115213183],[127.05522761502993,37.611484257042264],[127.05520961253266,37.61147603026126],[127.0552038698725,37.611475312088245],[127.055183362284,37.61149567458934],[127.05525360244806,37.6115400970634],[127.05523750157009,37.61162484171225],[127.05523529224682,37.611639474658865],[127.05524131844601,37.611640724280406],[127.05535802768675,37.61165277128134]]]}},{"type":"Feature","properties":{"F_DISA_NM":"2018년 8.26~9.1 호우","F_AVR_HGT":29.98,"F_AREA":70.12,"ADM_CD":"1129013700","F_SAT_YMD":"20180828","F_END_YMD":"20180829","F_SAT_TM":"16","F_END_TM":"23","F_RSN_DTL":"침수","F_ZONE_NM":"성북구 상월곡동55-112","INV_YR":"2018","F_YR":"2018","GU_NAM":"성북구","F_SHIM":0.1},"geometry":{"type":"Polygon","coordinates":[[[127.04554559387951,37.60574741523387],[127.04550234338394,37.60564978287164],[127.04539813887844,37.60568050011245],[127.0454424532736,37.605777249153576],[127.04554559387951,37.60574741523387]]]}},{"type":"Feature","properties":{"F_DISA_NM":"2018년 8.26~9.1 호우","F_AVR_HGT":26.33,"F_AREA":58.82,"ADM_CD":"1129013700","F_SAT_YMD":"20180828","F_END_YMD":"20180829","F_SAT_TM":"16","F_END_TM":"23","F_RSN_DTL":"침수","F_ZONE_NM":"성북구 상월곡동27-33","INV_YR":"2018","F_YR":"2018","GU_NAM":"성북구","F_SHIM":0.1},"geometry":{"type":"Polygon","coordinates":[[[127.05011446320219,37.6084140348372],[127.05019110811782,37.608389793866024],[127.05019359207157,37.60837812512336],[127.05018412089136,37.6083557306136],[127.0501573824116,37.608286843532866],[127.05006601116422,37.608322965485044],[127.05011446320219,37.6084140348372]]]}},{"type":"Feature","properties":{"F_DISA_NM":"2018년 8.26~9.1 호우","F_AVR_HGT":22.18,"F_AREA":48.03,"ADM_CD":"1129013500","F_SAT_YMD":"20180828","F_END_YMD":"20180829","F_SAT_TM":"16","F_END_TM":"23","F_RSN_DTL":"침수","F_ZONE_NM":"성북구 종암동21-6","INV_YR":"2018","F_YR":"2018","GU_NAM":"성북구","F_SHIM":0.1},"geometry":{"type":"Polygon","coordinates":[[[127.03477689921888,37.596057063271054],[127.03486658941641,37.596077093871656],[127.03488502083519,37.59609558586555],[127.0349774505642,37.596088523017286],[127.03497868338316,37.59593358044036],[127.03477880839911,37.595919797812144],[127.03477689921888,37.596057063271054]]]}},{"type":"Feature","properties":{"F_DISA_NM":"2018년 8.26~9.1 호우","F_AVR_HGT":23.5,"F_AREA":63.58,"ADM_CD":"1129012600","F_SAT_YMD":"20180828","F_END_YMD":"20180829","F_SAT_TM":"16","F_END_TM":"23","F_RSN_DTL":"침수","F_ZONE_NM":"성북구 보문동4가55","INV_YR":"2018","F_YR":"2018","GU_NAM":"성북구","F_SHIM":0.1},"geometry":{"type":"Polygon","coordinates":[[[127.02157887498412,37.58276661261601],[127.02145056976863,37.58272401770461],[127.02142893428986,37.582765268499756],[127.02145394490718,37.58281407970644],[127.02153831984941,37.58284387004889],[127.02157887498412,37.58276661261601]]]}},{"type":"Feature","properties":{"F_DISA_NM":"2018년 8.26~9.1 호우","F_AVR_HGT":22.55,"F_AREA":74.26,"ADM_CD":"1129012700","F_SAT_YMD":"20180828","F_END_YMD":"20180829","F_SAT_TM":"16","F_END_TM":"23","F_RSN_DTL":"침수","F_ZONE_NM":"성북구 보문동5가126","INV_YR":"2018","F_YR":"2018","GU_NAM":"성북구","F_SHIM":0.1},"geometry":{"type":"Polygon","coordinates":[[[127.02006781038999,37.58240068091667],[127.01992992780204,37.58235391428812],[127.01988515055831,37.58244023573785],[127.02002032711707,37.58248554324451],[127.02006781038999,37.58240068091667]]]}},{"type":"Feature","properties":{"F_DISA_NM":"2018년 8.26~9.1 호우","F_AVR_HGT":38.03,"F_AREA":28.92,"ADM_CD":"1129011300","F_SAT_YMD":"20180828","F_END_YMD":"20180829","F_SAT_TM":"16","F_END_TM":"23","F_RSN_DTL":"침수","F_ZONE_NM":"성북구 삼선동3가31-10","INV_YR":"2018","F_YR":"2018","GU_NAM":"성북구","F_SHIM":0.1},"geometry":{"type":"Polygon","coordinates":[[[127.0134039636696,37.58722660714687],[127.01340638710914,37.58722987747997],[127.0134974352643,37.5872061183008],[127.01355698680631,37.587190930638776],[127.01356890840914,37.587187739934066],[127.01352998853916,37.587150452112816],[127.01351038679043,37.58712992064716],[127.01348510036796,37.58710300176765],[127.0133963959478,37.587126454366874],[127.01337903995721,37.58713083490104],[127.01338327677774,37.58714581786331],[127.01338451172685,37.58715115157304],[127.01338044727946,37.587152197124595],[127.01339473178321,37.58719883069493],[127.01340089385937,37.58721695790187],[127.0134039636696,37.58722660714687]]]}},{"type":"Feature","properties":{"F_DISA_NM":"2018년 8.26~9.1 호우","F_AVR_HGT":64.04,"F_AREA":49.59,"ADM_CD":"1129010100","F_SAT_YMD":"20180828","F_END_YMD":"20180829","F_SAT_TM":"16","F_END_TM":"23","F_RSN_DTL":"침수","F_ZONE_NM":"성북구 성북동178-31","INV_YR":"2018","F_YR":"2018","GU_NAM":"성북구","F_SHIM":0.1},"geometry":{"type":"Polygon","coordinates":[[[127.00548698965028,37.5918234329977],[127.00542771406141,37.59180447825612],[127.00535124775045,37.59195127820317],[127.00536507423621,37.59197818115693],[127.00550586449489,37.592032370716645],[127.00551048136519,37.59197946473905],[127.00557444869666,37.591862568802554],[127.00548188364293,37.59183386657231],[127.00548698965028,37.5918234329977]]]}},{"type":"Feature","properties":{"F_DISA_NM":"2018년 8.26~9.1 호우","F_AVR_HGT":37.64,"F_AREA":93,"ADM_CD":"1138010900","F_SAT_YMD":"20180826","F_END_YMD":"20180901","F_SAT_TM":"15","F_END_TM":"21","F_RSN_DTL":"침수(공공하수도역류)","F_ZONE_NM":"은평구 신사동236-8","INV_YR":"2018","F_YR":"2018","GU_NAM":"은평구","F_SHIM":0.3},"geometry":{"type":"Polygon","coordinates":[[[126.90584127494067,37.59731536819536],[126.9058876306504,37.59737081624918],[126.90597057889289,37.59732421247828],[126.90604036713897,37.597385445733046],[126.90605567180853,37.59737149286753],[126.9059390564368,37.59726922696077],[126.90590756160977,37.59728118453412],[126.90584127494067,37.59731536819536]]]}},{"type":"Feature","properties":{"F_DISA_NM":"2018년 8.26~9.1 호우","F_AVR_HGT":37.7,"F_AREA":700,"ADM_CD":"1138011400","F_SAT_YMD":"20180826","F_END_YMD":"20180901","F_SAT_TM":"15","F_END_TM":"21","F_RSN_DTL":"침수","F_ZONE_NM":"은평구 진관동293-6","INV_YR":"2018","F_YR":"2018","GU_NAM":"은평구","F_SHIM":0.3},"geometry":{"type":"Polygon","coordinates":[[[126.94076292607849,37.65676601399886],[126.94047893717853,37.65650935992237],[126.94027513294667,37.65628788481998],[126.94012317261232,37.656318375899595],[126.94016489948952,37.65635910364396],[126.94028466285647,37.65648198673515],[126.9403532350597,37.656538603516715],[126.94042181415159,37.656586940304706],[126.94049431569488,37.65663370237611],[126.94067921811858,37.65675869098207],[126.9406722652961,37.65676596727068],[126.94075475258636,37.6568249335268],[126.94085265336363,37.656826966059256],[126.94076292607849,37.65676601399886]]]}},{"type":"Feature","properties":{"F_DISA_NM":"2018년 8.26~9.1 호우","F_AVR_HGT":37.06,"F_AREA":7.6,"ADM_CD":"1138010800","F_SAT_YMD":"20180826","F_END_YMD":"20180901","F_SAT_TM":"15","F_END_TM":"21","F_RSN_DTL":"침수(공공하수도역류)","F_ZONE_NM":"은평구 역촌동74-45","INV_YR":"2018","F_YR":"2018","GU_NAM":"은평구","F_SHIM":0.3},"geometry":{"type":"Polygon","coordinates":[[[126.9079034899092,37.60483583281142],[126.90806562207568,37.60482983462023],[126.90806523181985,37.60482495098667],[126.90790328052047,37.6048312196155],[126.9079034899092,37.60483583281142]]]}},{"type":"Feature","properties":{"F_DISA_NM":"2018년 8.26~9.1 호우","F_AVR_HGT":29.25,"F_AREA":129,"ADM_CD":"1138010700","F_SAT_YMD":"20180826","F_END_YMD":"20180901","F_SAT_TM":"15","F_END_TM":"21","F_RSN_DTL":"침수(공공하수도역류)","F_ZONE_NM":"은평구 응암동81-17","INV_YR":"2018","F_YR":"2018","GU_NAM":"은평구","F_SHIM":0.3},"geometry":{"type":"Polygon","coordinates":[[[126.92957260890346,37.60103175604987],[126.92963785588182,37.60103459786163],[126.92967607747961,37.60096121803848],[126.92970186468438,37.60091185084696],[126.92957859068565,37.60089964854114],[126.92957491715829,37.600974896412566],[126.92957260890346,37.60103175604987]]]}},{"type":"Feature","properties":{"F_DISA_NM":"2018년 8.26~9.1 호우","F_AVR_HGT":22.19,"F_AREA":86,"ADM_CD":"1138010700","F_SAT_YMD":"20180826","F_END_YMD":"20180901","F_SAT_TM":"15","F_END_TM":"21","F_RSN_DTL":"침수(공공하수도역류)","F_ZONE_NM":"은평구 응암동397-45","INV_YR":"2018","F_YR":"2018","GU_NAM":"은평구","F_SHIM":0.3},"geometry":{"type":"Polygon","coordinates":[[[126.91935054441232,37.593379164029884],[126.91936799747786,37.5934576158644],[126.91948196972149,37.59344155850362],[126.91947000501075,37.593386626189194],[126.91946474369186,37.59336247615451],[126.91935054441232,37.593379164029884]]]}},{"type":"Feature","properties":{"F_DISA_NM":"2018년 8.26~9.1 호우","F_AVR_HGT":27.4,"F_AREA":101,"ADM_CD":"1138010200","F_SAT_YMD":"20180826","F_END_YMD":"20180901","F_SAT_TM":"15","F_END_TM":"21","F_RSN_DTL":"침수(공공하수도역류)","F_ZONE_NM":"은평구 녹번동108-46","INV_YR":"2018","F_YR":"2018","GU_NAM":"은평구","F_SHIM":0.3},"geometry":{"type":"Polygon","coordinates":[[[126.93011650729821,37.60670754740142],[126.9301363740848,37.60665728460977],[126.93016837432351,37.60659054117496],[126.93012023997584,37.60659384569988],[126.93011276428348,37.606595102552276],[126.93011371276555,37.60659804933814],[126.93004612349014,37.60659988246943],[126.9300518736877,37.6067094453928],[126.93011650729821,37.60670754740142]]]}},{"type":"Feature","properties":{"F_DISA_NM":"2018년 8.26~9.1 호우","F_AVR_HGT":24.25,"F_AREA":122,"ADM_CD":"1138010200","F_SAT_YMD":"20180826","F_END_YMD":"20180901","F_SAT_TM":"15","F_END_TM":"21","F_RSN_DTL":"침수(공공하수도역류)","F_ZONE_NM":"은평구 녹번동105-49","INV_YR":"2018","F_YR":"2018","GU_NAM":"은평구","F_SHIM":0.3},"geometry":{"type":"Polygon","coordinates":[[[126.92776987212005,37.60668853522724],[126.92778642133209,37.60655889422293],[126.9276381803664,37.606555828277536],[126.92764833087753,37.606598270895],[126.92765047496152,37.60660602068426],[126.92774418378306,37.60666887775987],[126.92776987212005,37.60668853522724]]]}},{"type":"Feature","properties":{"F_DISA_NM":"2018년 8.26~9.1 호우","F_AVR_HGT":24.25,"F_AREA":145,"ADM_CD":"1138010200","F_SAT_YMD":"20180826","F_END_YMD":"20180901","F_SAT_TM":"15","F_END_TM":"21","F_RSN_DTL":"침수(공공하수도역류)","F_ZONE_NM":"은평구 녹번동105-52","INV_YR":"2018","F_YR":"2018","GU_NAM":"은평구","F_SHIM":0.3},"geometry":{"type":"Polygon","coordinates":[[[126.92796037585212,37.606786050292484],[126.92794596272365,37.606701889568924],[126.9279452959137,37.60668900510737],[126.92794689117387,37.60667909529728],[126.92780045173623,37.606686391974314],[126.92784179244103,37.606796698013],[126.92796037585212,37.606786050292484]]]}},{"type":"Feature","properties":{"F_DISA_NM":"2018년 8.26~9.1 호우","F_AVR_HGT":43.37,"F_AREA":132,"ADM_CD":"1138010400","F_SAT_YMD":"20180826","F_END_YMD":"20180901","F_SAT_TM":"15","F_END_TM":"21","F_RSN_DTL":"침수(공공하수도역류)","F_ZONE_NM":"은평구 갈현동281-17","INV_YR":"2018","F_YR":"2018","GU_NAM":"은평구","F_SHIM":0.3},"geometry":{"type":"Polygon","coordinates":[[[126.91564547675193,37.62448443746135],[126.91575632055127,37.62443316224562],[126.91575215869285,37.6244273028545],[126.915693669546,37.62434235202692],[126.91557670947483,37.62439311818175],[126.91564547675193,37.62448443746135]]]}},{"type":"Feature","properties":{"F_DISA_NM":"2018년 8.26~9.1 호우","F_AVR_HGT":49.64,"F_AREA":274,"ADM_CD":"1138010300","F_SAT_YMD":"20180826","F_END_YMD":"20180901","F_SAT_TM":"15","F_END_TM":"21","F_RSN_DTL":"침수","F_ZONE_NM":"은평구 불광동76-10","INV_YR":"2018","F_YR":"2018","GU_NAM":"은평구","F_SHIM":0.3},"geometry":{"type":"Polygon","coordinates":[[[126.92739321629422,37.627212818643876],[126.92752276228768,37.62714658789192],[126.92747729295967,37.62707637309904],[126.9274723167352,37.62706817106673],[126.9274253780723,37.626994711806134],[126.92729074554954,37.6270499473084],[126.92734265862671,37.62713332051889],[126.92739321629422,37.627212818643876]]]}},{"type":"Feature","properties":{"F_DISA_NM":"2018년 8.26~9.1 호우","F_AVR_HGT":48.98,"F_AREA":145,"ADM_CD":"1138010300","F_SAT_YMD":"20180826","F_END_YMD":"20180901","F_SAT_TM":"15","F_END_TM":"21","F_RSN_DTL":"침수(공공하수도역류)","F_ZONE_NM":"은평구 불광동447-62","INV_YR":"2018","F_YR":"2018","GU_NAM":"은평구","F_SHIM":0.3},"geometry":{"type":"Polygon","coordinates":[[[126.92673885932905,37.625787867595385],[126.92675083438098,37.625707237537036],[126.92675516658718,37.62567967031533],[126.92663520675566,37.6256772517034],[126.92661855478202,37.62567724113487],[126.92661222084192,37.62578048934138],[126.92673885932905,37.625787867595385]]]}},{"type":"Feature","properties":{"F_DISA_NM":"2018년 8.26~9.1 호우","F_AVR_HGT":33.92,"F_AREA":152,"ADM_CD":"1138010300","F_SAT_YMD":"20180826","F_END_YMD":"20180901","F_SAT_TM":"15","F_END_TM":"21","F_RSN_DTL":"침수(공공하수도역류)","F_ZONE_NM":"은평구 불광동123-7","INV_YR":"2018","F_YR":"2018","GU_NAM":"은평구","F_SHIM":0.3},"geometry":{"type":"Polygon","coordinates":[[[126.9274290477066,37.62249846626412],[126.92743391213679,37.62250486627472],[126.9275500704844,37.62245187143325],[126.92747631932563,37.62234758181664],[126.92735904001805,37.62240023350974],[126.9274290477066,37.62249846626412]]]}},{"type":"Feature","properties":{"F_DISA_NM":"2018년 8.26~9.1 호우","F_AVR_HGT":32.92,"F_AREA":123,"ADM_CD":"1138010300","F_SAT_YMD":"20180826","F_END_YMD":"20180901","F_SAT_TM":"15","F_END_TM":"21","F_RSN_DTL":"침수(공공하수도역류)","F_ZONE_NM":"은평구 불광동431-2","INV_YR":"2018","F_YR":"2018","GU_NAM":"은평구","F_SHIM":0.3},"geometry":{"type":"Polygon","coordinates":[[[126.92649215223304,37.62229064895457],[126.92647732489361,37.622279197082754],[126.92642902993497,37.6222067275829],[126.92642565791094,37.62220322062557],[126.92633349195101,37.6222547790737],[126.92635204513537,37.622278306466605],[126.92636638870589,37.62232021116397],[126.92637043155032,37.622354991559476],[126.92641248545692,37.622325826587],[126.92649215223304,37.62229064895457]]]}},{"type":"Feature","properties":{"F_DISA_NM":"2018년 8.26~9.1 호우","F_AVR_HGT":30.57,"F_AREA":205,"ADM_CD":"1138010300","F_SAT_YMD":"20180826","F_END_YMD":"20180901","F_SAT_TM":"16","F_END_TM":"22","F_RSN_DTL":"침수(공공하수도역류)","F_ZONE_NM":"은평구 불광동360-1","INV_YR":"2018","F_YR":"2018","GU_NAM":"은평구","F_SHIM":0.3},"geometry":{"type":"Polygon","coordinates":[[[126.92549011319393,37.62186555600326],[126.92559266884578,37.621934096504155],[126.92569917625971,37.62179235075071],[126.92568242176411,37.62178260940169],[126.9255787110576,37.621736142241446],[126.92549011319393,37.62186555600326]]]}},{"type":"Feature","properties":{"F_DISA_NM":"2018년 8.26~9.1 호우","F_AVR_HGT":41.53,"F_AREA":162,"ADM_CD":"1138010300","F_SAT_YMD":"20180826","F_END_YMD":"20180901","F_SAT_TM":"15","F_END_TM":"21","F_RSN_DTL":"침수(공공하수도역류)","F_ZONE_NM":"은평구 불광동436-15","INV_YR":"2018","F_YR":"2018","GU_NAM":"은평구","F_SHIM":0.3},"geometry":{"type":"Polygon","coordinates":[[[126.92570988502901,37.623740095643264],[126.92576700080514,37.623827347146594],[126.92587635433908,37.62378570194038],[126.92580918086671,37.6236748383712],[126.92580217001886,37.623662760746186],[126.92570380620026,37.623702610986605],[126.92569009407093,37.62370827834751],[126.92570988502901,37.623740095643264]]]}},{"type":"Feature","properties":{"F_DISA_NM":"2018년 8.26~9.1 호우","F_AVR_HGT":35.4,"F_AREA":162,"ADM_CD":"1138010300","F_SAT_YMD":"20180826","F_END_YMD":"20180901","F_SAT_TM":"15","F_END_TM":"21","F_RSN_DTL":"침수(공공하수도역류)","F_ZONE_NM":"은평구 불광동377-18","INV_YR":"2018","F_YR":"2018","GU_NAM":"은평구","F_SHIM":0.3},"geometry":{"type":"Polygon","coordinates":[[[126.9224307122734,37.62219573649494],[126.92257498138515,37.622127719022856],[126.92252260742615,37.62206002038853],[126.92247571640965,37.62205611477569],[126.92237733058978,37.62211704516768],[126.9224307122734,37.62219573649494]]]}},{"type":"Feature","properties":{"F_DISA_NM":"2018년 8.26~9.1 호우","F_AVR_HGT":35.4,"F_AREA":172,"ADM_CD":"1138010300","F_SAT_YMD":"20180826","F_END_YMD":"20180901","F_SAT_TM":"15","F_END_TM":"21","F_RSN_DTL":"침수(공공하수도역류)","F_ZONE_NM":"은평구 불광동377-4","INV_YR":"2018","F_YR":"2018","GU_NAM":"은평구","F_SHIM":0.3},"geometry":{"type":"Polygon","coordinates":[[[126.92275376685363,37.62230452063376],[126.92287909339366,37.62226099679677],[126.92292514827493,37.62219849948031],[126.92288506655713,37.622182255141574],[126.92284906981948,37.62215925616393],[126.92269630937952,37.62222348418401],[126.92275376685363,37.62230452063376]]]}},{"type":"Feature","properties":{"F_DISA_NM":"2018년 8.26~9.1 호우","F_AVR_HGT":35.4,"F_AREA":162,"ADM_CD":"1138010300","F_SAT_YMD":"20180826","F_END_YMD":"20180901","F_SAT_TM":"15","F_END_TM":"21","F_RSN_DTL":"침수(공공하수도역류)","F_ZONE_NM":"은평구 불광동377-2","INV_YR":"2018","F_YR":"2018","GU_NAM":"은평구","F_SHIM":0.3},"geometry":{"type":"Polygon","coordinates":[[[126.92285718909369,37.62240883298185],[126.92293480134741,37.622390144312874],[126.92293311096657,37.62238185417312],[126.92291609229254,37.62230048436282],[126.92289631581058,37.6222564132757],[126.92287909339366,37.62226099679677],[126.92275376685363,37.62230452063376],[126.92282129783635,37.62239313200313],[126.92285718909369,37.62240883298185]]]}},{"type":"Feature","properties":{"F_DISA_NM":"2018년 8.26~9.1 호우","F_AVR_HGT":35.4,"F_AREA":132,"ADM_CD":"1138010300","F_SAT_YMD":"20180826","F_END_YMD":"20180901","F_SAT_TM":"15","F_END_TM":"21","F_RSN_DTL":"침수(공공하수도역류)","F_ZONE_NM":"은평구 불광동387-8","INV_YR":"2018","F_YR":"2018","GU_NAM":"은평구","F_SHIM":0.3},"geometry":{"type":"Polygon","coordinates":[[[126.92309267510215,37.62252647748392],[126.92310467021723,37.62242999052143],[126.92303830503275,37.622417332686176],[126.92289605478614,37.62250427264153],[126.92295676163664,37.62251188130299],[126.92309267510215,37.62252647748392]]]}},{"type":"Feature","properties":{"F_DISA_NM":"2018년 8.26~9.1 호우","F_AVR_HGT":57.92,"F_AREA":182,"ADM_CD":"1138010300","F_SAT_YMD":"20180826","F_END_YMD":"20180901","F_SAT_TM":"15","F_END_TM":"21","F_RSN_DTL":"침수(공공하수도역류)","F_ZONE_NM":"은평구 불광동391-171","INV_YR":"2018","F_YR":"2018","GU_NAM":"은평구","F_SHIM":0.3},"geometry":{"type":"Polygon","coordinates":[[[126.92222338590918,37.62382916363135],[126.92234066327273,37.62379455466748],[126.92232774406943,37.623693185796],[126.9223194302962,37.62362848988198],[126.92227591840273,37.62364170507044],[126.92225311144819,37.623677999230054],[126.9222654278903,37.623706838849316],[126.9221729666448,37.623733355611854],[126.92222338590918,37.62382916363135]]]}},{"type":"Feature","properties":{"F_DISA_NM":"2018년 8.26~9.1 호우","F_AVR_HGT":46.79,"F_AREA":268,"ADM_CD":"1138010400","F_SAT_YMD":"20180826","F_END_YMD":"20180901","F_SAT_TM":"15","F_END_TM":"21","F_RSN_DTL":"침수(공공하수도역류)","F_ZONE_NM":"은평구 갈현동253-5","INV_YR":"2018","F_YR":"2018","GU_NAM":"은평구","F_SHIM":0.3},"geometry":{"type":"Polygon","coordinates":[[[126.91420023117448,37.62114416602551],[126.91422006438309,37.62113508080212],[126.91419969958864,37.621114433294565],[126.9140991508603,37.62108309484692],[126.91402928627743,37.62106250072781],[126.91402541951906,37.62107574226602],[126.91401499186868,37.621081410707795],[126.91399708680395,37.62108833497501],[126.91395095731049,37.6211120866234],[126.91392285058404,37.62112512997212],[126.914018888561,37.621235931653764],[126.91408281636218,37.621199759645435],[126.91420023117448,37.62114416602551]]]}},{"type":"Feature","properties":{"F_DISA_NM":"2018년 8.26~9.1 호우","F_AVR_HGT":57.81,"F_AREA":165,"ADM_CD":"1138010400","F_SAT_YMD":"20180826","F_END_YMD":"20180901","F_SAT_TM":"15","F_END_TM":"21","F_RSN_DTL":"침수(공공하수도역류)","F_ZONE_NM":"은평구 갈현동275-116","INV_YR":"2018","F_YR":"2018","GU_NAM":"은평구","F_SHIM":0.3},"geometry":{"type":"Polygon","coordinates":[[[126.91353326391015,37.62289310307154],[126.91361314482394,37.62277792730595],[126.913592963,37.62276519043716],[126.9135093494053,37.62271243881525],[126.91342890266779,37.62282707350163],[126.91353326391015,37.62289310307154]]]}},{"type":"Feature","properties":{"F_DISA_NM":"2018년 8.26~9.1 호우","F_AVR_HGT":31.96,"F_AREA":132,"ADM_CD":"1138010300","F_SAT_YMD":"20180826","F_END_YMD":"20180901","F_SAT_TM":"15","F_END_TM":"21","F_RSN_DTL":"침수(공공하수도역류)","F_ZONE_NM":"은평구 불광동353-14","INV_YR":"2018","F_YR":"2018","GU_NAM":"은평구","F_SHIM":0.3},"geometry":{"type":"Polygon","coordinates":[[[126.92623342708919,37.620838374817595],[126.9262938048405,37.62074440506313],[126.92623536026,37.620718545703745],[126.92618032258208,37.620695265293406],[126.92616534732672,37.62071850101753],[126.92614856759303,37.620745159311376],[126.92612054646708,37.62078784786568],[126.92623342708919,37.620838374817595]]]}},{"type":"Feature","properties":{"F_DISA_NM":"2018년 8.26~9.1 호우","F_AVR_HGT":31.96,"F_AREA":132,"ADM_CD":"1138010300","F_SAT_YMD":"20180826","F_END_YMD":"20180901","F_SAT_TM":"16","F_END_TM":"22","F_RSN_DTL":"침수(공공하수도역류)","F_ZONE_NM":"은평구 불광동353-15","INV_YR":"2018","F_YR":"2018","GU_NAM":"은평구","F_SHIM":0.3},"geometry":{"type":"Polygon","coordinates":[[[126.9262938048405,37.62074440506313],[126.92630988138751,37.6207185932217],[126.9263536747333,37.62064843477696],[126.92624407581523,37.62060124365823],[126.92620267081317,37.620661763100436],[126.92618032258208,37.620695265293406],[126.92623536026,37.620718545703745],[126.9262938048405,37.62074440506313]]]}},{"type":"Feature","properties":{"F_DISA_NM":"2018년 8.26~9.1 호우","F_AVR_HGT":38.87,"F_AREA":142,"ADM_CD":"1138010300","F_SAT_YMD":"20180826","F_END_YMD":"20180901","F_SAT_TM":"15","F_END_TM":"21","F_RSN_DTL":"침수(공공하수도역류)","F_ZONE_NM":"은평구 불광동353-16","INV_YR":"2018","F_YR":"2018","GU_NAM":"은평구","F_SHIM":0.3},"geometry":{"type":"Polygon","coordinates":[[[126.9263536747333,37.62064843477696],[126.926397128365,37.620578095902815],[126.9264076748039,37.62056593938491],[126.92641833931353,37.62054900774671],[126.92633353666122,37.62051192346532],[126.92631022010086,37.62049478998558],[126.92630511029571,37.62050731035221],[126.92625814667097,37.62057620538667],[126.92624407581523,37.62060124365823],[126.9263536747333,37.62064843477696]]]}},{"type":"Feature","properties":{"F_DISA_NM":"2018년 8.26~9.1 호우","F_AVR_HGT":31.96,"F_AREA":126,"ADM_CD":"1138010300","F_SAT_YMD":"20180826","F_END_YMD":"20180901","F_SAT_TM":"15","F_END_TM":"21","F_RSN_DTL":"침수(공공하수도역류)","F_ZONE_NM":"은평구 불광동353-12","INV_YR":"2018","F_YR":"2018","GU_NAM":"은평구","F_SHIM":0.3},"geometry":{"type":"Polygon","coordinates":[[[126.92609661436778,37.62104362080326],[126.92612851668999,37.62099380798423],[126.92616865255907,37.62093401755502],[126.92605848543397,37.62088835756936],[126.92603988113297,37.6209158255622],[126.92600947525476,37.62096436893365],[126.92609661436778,37.62104362080326]]]}},{"type":"Feature","properties":{"F_DISA_NM":"2018년 8.26~9.1 호우","F_AVR_HGT":31.96,"F_AREA":132,"ADM_CD":"1138010300","F_SAT_YMD":"20180826","F_END_YMD":"20180901","F_SAT_TM":"15","F_END_TM":"21","F_RSN_DTL":"침수(공공하수도역류)","F_ZONE_NM":"은평구 불광동353-13","INV_YR":"2018","F_YR":"2018","GU_NAM":"은평구","F_SHIM":0.3},"geometry":{"type":"Polygon","coordinates":[[[126.92605848543397,37.62088835756936],[126.92616865255907,37.62093401755502],[126.92623342708919,37.620838374817595],[126.92612054646708,37.62078784786568],[126.92610307310731,37.62081711855165],[126.92609479019046,37.62083107844864],[126.92607663818336,37.62085935761868],[126.92605848543397,37.62088835756936]]]}},{"type":"Feature","properties":{"F_DISA_NM":"2018년 8.26~9.1 호우","F_AVR_HGT":38.87,"F_AREA":133,"ADM_CD":"1138010300","F_SAT_YMD":"20180826","F_END_YMD":"20180901","F_SAT_TM":"15","F_END_TM":"21","F_RSN_DTL":"침수(공공하수도역류)","F_ZONE_NM":"은평구 불광동353-10","INV_YR":"2018","F_YR":"2018","GU_NAM":"은평구","F_SHIM":0.3},"geometry":{"type":"Polygon","coordinates":[[[126.92632351319213,37.62102826874844],[126.92633823843737,37.62100585273805],[126.92637637913305,37.62094748451558],[126.92624787114516,37.6208926230301],[126.9261965919064,37.62097241714089],[126.92619500265,37.620975839850544],[126.92632351319213,37.62102826874844]]]}},{"type":"Feature","properties":{"F_DISA_NM":"2018년 8.26~9.1 호우","F_AVR_HGT":38.87,"F_AREA":132,"ADM_CD":"1138010300","F_SAT_YMD":"20180826","F_END_YMD":"20180901","F_SAT_TM":"15","F_END_TM":"21","F_RSN_DTL":"침수(공공하수도역류)","F_ZONE_NM":"은평구 불광동353-9","INV_YR":"2018","F_YR":"2018","GU_NAM":"은평구","F_SHIM":0.3},"geometry":{"type":"Polygon","coordinates":[[[126.92637637913305,37.62094748451558],[126.92639555003852,37.62091965643846],[126.92643207891997,37.62086453970894],[126.92630458884204,37.62081130069627],[126.92630278858095,37.62081055173539],[126.92624787114516,37.6208926230301],[126.92637637913305,37.62094748451558]]]}},{"type":"Feature","properties":{"F_DISA_NM":"2018년 8.26~9.1 호우","F_AVR_HGT":38.87,"F_AREA":132,"ADM_CD":"1138010300","F_SAT_YMD":"20180826","F_END_YMD":"20180901","F_SAT_TM":"15","F_END_TM":"21","F_RSN_DTL":"침수(공공하수도역류)","F_ZONE_NM":"은평구 불광동353-8","INV_YR":"2018","F_YR":"2018","GU_NAM":"은평구","F_SHIM":0.3},"geometry":{"type":"Polygon","coordinates":[[[126.92645125141392,37.62083508985928],[126.92648437808967,37.620783935260725],[126.926355075863,37.620730605051605],[126.92630278858095,37.62081055173539],[126.92630458884204,37.62081130069627],[126.92643207891997,37.62086453970894],[126.92645125141392,37.62083508985928]]]}},{"type":"Feature","properties":{"F_DISA_NM":"2018년 8.26~9.1 호우","F_AVR_HGT":38.87,"F_AREA":135,"ADM_CD":"1138010300","F_SAT_YMD":"20180826","F_END_YMD":"20180901","F_SAT_TM":"15","F_END_TM":"21","F_RSN_DTL":"침수(공공하수도역류)","F_ZONE_NM":"은평구 불광동353-2","INV_YR":"2018","F_YR":"2018","GU_NAM":"은평구","F_SHIM":0.3},"geometry":{"type":"Polygon","coordinates":[[[126.92633823843737,37.62100585273805],[126.92640132294827,37.62103615683048],[126.92646303237927,37.62105971167417],[126.9264635995531,37.62105890115289],[126.92647959459158,37.621035305648746],[126.92652100084412,37.62097352474199],[126.9264602005369,37.62094708737046],[126.92639555003852,37.62091965643846],[126.92637637913305,37.62094748451558],[126.92633823843737,37.62100585273805]]]}},{"type":"Feature","properties":{"F_DISA_NM":"2018년 8.26~9.1 호우","F_AVR_HGT":31.96,"F_AREA":132,"ADM_CD":"1138010300","F_SAT_YMD":"20180826","F_END_YMD":"20180901","F_SAT_TM":"15","F_END_TM":"21","F_RSN_DTL":"침수(공공하수도역류)","F_ZONE_NM":"은평구 불광동353-28","INV_YR":"2018","F_YR":"2018","GU_NAM":"은평구","F_SHIM":0.3},"geometry":{"type":"Polygon","coordinates":[[[126.92588818426596,37.62059506963505],[126.92600615981603,37.62064740203117],[126.92606583365196,37.62055517984128],[126.92595080197174,37.62050411076136],[126.92592017449698,37.620547878776875],[126.92588818426596,37.62059506963505]]]}},{"type":"Feature","properties":{"F_DISA_NM":"2018년 8.26~9.1 호우","F_AVR_HGT":30.16,"F_AREA":145,"ADM_CD":"1138010300","F_SAT_YMD":"20180826","F_END_YMD":"20180901","F_SAT_TM":"15","F_END_TM":"21","F_RSN_DTL":"침수(공공하수도역류)","F_ZONE_NM":"은평구 불광동359-22","INV_YR":"2018","F_YR":"2018","GU_NAM":"은평구","F_SHIM":0.3},"geometry":{"type":"Polygon","coordinates":[[[126.92527644127506,37.6214600672823],[126.92528052597918,37.621453312571724],[126.92522301291983,37.621424624238784],[126.92517739137018,37.62139801582512],[126.92512167203269,37.62138761849607],[126.92510888232275,37.62137778953377],[126.92510265520102,37.62137500147344],[126.9250451393265,37.62134918717773],[126.92498445070125,37.62143501122234],[126.92509653779368,37.621486349623524],[126.92515812633583,37.62140656267002],[126.92527644127506,37.6214600672823]]]}},{"type":"Feature","properties":{"F_DISA_NM":"2018년 8.26~9.1 호우","F_AVR_HGT":30.57,"F_AREA":198,"ADM_CD":"1138010300","F_SAT_YMD":"20180826","F_END_YMD":"20180901","F_SAT_TM":"5","F_END_TM":"11","F_RSN_DTL":"침수(공공하수도역류)","F_ZONE_NM":"은평구 불광동356-21","INV_YR":"2018","F_YR":"2018","GU_NAM":"은평구","F_SHIM":0.3},"geometry":{"type":"Polygon","coordinates":[[[126.92541197856649,37.621508897788566],[126.92546813414606,37.62153596339035],[126.92552065146693,37.62146509010312],[126.92556522991585,37.62140376206966],[126.9254497420725,37.62135476446855],[126.92535468855765,37.62148354328968],[126.92541197856649,37.621508897788566]]]}},{"type":"Feature","properties":{"F_DISA_NM":"2018년 8.26~9.1 호우","F_AVR_HGT":31.96,"F_AREA":198,"ADM_CD":"1138010300","F_SAT_YMD":"20180826","F_END_YMD":"20180901","F_SAT_TM":"15","F_END_TM":"21","F_RSN_DTL":"침수(공공하수도역류)","F_ZONE_NM":"은평구 불광동353-53","INV_YR":"2018","F_YR":"2018","GU_NAM":"은평구","F_SHIM":0.3},"geometry":{"type":"Polygon","coordinates":[[[126.9254307881221,37.620491252991116],[126.9255063403487,37.62037949005053],[126.92536504138411,37.62031777191037],[126.92534088064225,37.62035118267853],[126.92528824477817,37.620427822095586],[126.9254307881221,37.620491252991116]]]}},{"type":"Feature","properties":{"F_DISA_NM":"2018년 8.26~9.1 호우","F_AVR_HGT":28.87,"F_AREA":80,"ADM_CD":"1138010300","F_SAT_YMD":"20180826","F_END_YMD":"20180901","F_SAT_TM":"15","F_END_TM":"21","F_RSN_DTL":"침수(공공하수도역류)","F_ZONE_NM":"은평구 불광동314-30","INV_YR":"2018","F_YR":"2018","GU_NAM":"은평구","F_SHIM":0.3},"geometry":{"type":"Polygon","coordinates":[[[126.92356321550106,37.62071470243585],[126.9235724562295,37.620716816833266],[126.92369419384157,37.620744647366635],[126.92368289564753,37.620716889729586],[126.92365408553488,37.620645873495],[126.92355234131915,37.620671448209364],[126.92356321550106,37.62071470243585]]]}},{"type":"Feature","properties":{"F_DISA_NM":"2018년 8.26~9.1 호우","F_AVR_HGT":34,"F_AREA":145,"ADM_CD":"1138010300","F_SAT_YMD":"20180826","F_END_YMD":"20180901","F_SAT_TM":"15","F_END_TM":"21","F_RSN_DTL":"침수(공공하수도역류)","F_ZONE_NM":"은평구 불광동376-18","INV_YR":"2018","F_YR":"2018","GU_NAM":"은평구","F_SHIM":0.3},"geometry":{"type":"Polygon","coordinates":[[[126.92268571831912,37.62174073210644],[126.92276764929984,37.62170781094772],[126.92279405323927,37.62169701680678],[126.922721085074,37.621609122564976],[126.92271463738302,37.621600739146245],[126.92259452611071,37.62164075248056],[126.92268571831912,37.62174073210644]]]}},{"type":"Feature","properties":{"F_DISA_NM":"2018년 8.26~9.1 호우","F_AVR_HGT":36.38,"F_AREA":209,"ADM_CD":"1138010300","F_SAT_YMD":"20180826","F_END_YMD":"20180901","F_SAT_TM":"15","F_END_TM":"21","F_RSN_DTL":"침수(공공하수도역류)","F_ZONE_NM":"은평구 불광동165-1","INV_YR":"2018","F_YR":"2018","GU_NAM":"은평구","F_SHIM":0.3},"geometry":{"type":"Polygon","coordinates":[[[126.92880978676892,37.62268744967096],[126.92895102647407,37.62270114140672],[126.92897325947733,37.62266899009904],[126.92895434531745,37.62266627553032],[126.92898691584034,37.62260367745951],[126.92894848032007,37.62258202130393],[126.92889886461604,37.62256042132463],[126.92879878237439,37.6225418805959],[126.92878835104004,37.62259878005083],[126.92881435406231,37.622650151922265],[126.92880978676892,37.62268744967096]]]}},{"type":"Feature","properties":{"F_DISA_NM":"2018년 8.26~9.1 호우","F_AVR_HGT":37.7,"F_AREA":198,"ADM_CD":"1138010300","F_SAT_YMD":"20180826","F_END_YMD":"20180901","F_SAT_TM":"8","F_END_TM":"14","F_RSN_DTL":"침수(공공하수도역류)","F_ZONE_NM":"은평구 불광동145-1","INV_YR":"2018","F_YR":"2018","GU_NAM":"은평구","F_SHIM":0.3},"geometry":{"type":"Polygon","coordinates":[[[126.92957740247914,37.62226292796875],[126.92963993522403,37.62213935163932],[126.9295028087107,37.62208998443473],[126.92944050293632,37.62221293014517],[126.92954207459245,37.62224894123829],[126.92956924686972,37.62226283289841],[126.92957740247914,37.62226292796875]]]}},{"type":"Feature","properties":{"F_DISA_NM":"2018년 8.26~9.1 호우","F_AVR_HGT":45.93,"F_AREA":122,"ADM_CD":"1138010300","F_SAT_YMD":"20180826","F_END_YMD":"20180901","F_SAT_TM":"15","F_END_TM":"21","F_RSN_DTL":"침수(공공하수도역류)","F_ZONE_NM":"은평구 불광동205-8","INV_YR":"2018","F_YR":"2018","GU_NAM":"은평구","F_SHIM":0.3},"geometry":{"type":"Polygon","coordinates":[[[126.92934534658741,37.62151668481301],[126.92943399121614,37.62144880510658],[126.92944657348954,37.621439442600206],[126.92931364834969,37.62138088774069],[126.92924947339226,37.621445809111954],[126.92934534658741,37.62151668481301]]]}},{"type":"Feature","properties":{"F_DISA_NM":"2018년 8.26~9.1 호우","F_AVR_HGT":46.87,"F_AREA":147,"ADM_CD":"1138010300","F_SAT_YMD":"20180826","F_END_YMD":"20180901","F_SAT_TM":"15","F_END_TM":"21","F_RSN_DTL":"침수(공공하수도역류)","F_ZONE_NM":"은평구 불광동346-133","INV_YR":"2018","F_YR":"2018","GU_NAM":"은평구","F_SHIM":0.3},"geometry":{"type":"Polygon","coordinates":[[[126.92813454857422,37.620289370860206],[126.92816698947551,37.620289174794365],[126.92822332995036,37.62019721071872],[126.92811827239535,37.62013876190529],[126.92804375607865,37.62023800354558],[126.92813454857422,37.620289370860206]]]}},{"type":"Feature","properties":{"F_DISA_NM":"2018년 8.26~9.1 호우","F_AVR_HGT":37.29,"F_AREA":93,"ADM_CD":"1138010300","F_SAT_YMD":"20180826","F_END_YMD":"20180901","F_SAT_TM":"15","F_END_TM":"21","F_RSN_DTL":"침수(공공하수도역류)","F_ZONE_NM":"은평구 불광동205-9","INV_YR":"2018","F_YR":"2018","GU_NAM":"은평구","F_SHIM":0.3},"geometry":{"type":"Polygon","coordinates":[[[126.92920940457321,37.621415241345126],[126.92924947339226,37.621445809111954],[126.92931364834969,37.62138088774069],[126.92922862976583,37.62133038081005],[126.92914265891659,37.621327535075125],[126.92920940457321,37.621415241345126]]]}},{"type":"Feature","properties":{"F_DISA_NM":"2018년 8.26~9.1 호우","F_AVR_HGT":43.27,"F_AREA":165,"ADM_CD":"1138010300","F_SAT_YMD":"20180826","F_END_YMD":"20180901","F_SAT_TM":"15","F_END_TM":"21","F_RSN_DTL":"침수(공공하수도역류)","F_ZONE_NM":"은평구 불광동228-61","INV_YR":"2018","F_YR":"2018","GU_NAM":"은평구","F_SHIM":0.3},"geometry":{"type":"Polygon","coordinates":[[[126.93149204308645,37.61951032422364],[126.93152988891278,37.619495570599064],[126.93161724700765,37.61946634051859],[126.93158156952036,37.619342885079455],[126.9315080475456,37.61935383344351],[126.93151086626476,37.61936771021237],[126.93146713988438,37.619372459459264],[126.93149204308645,37.61951032422364]]]}},{"type":"Feature","properties":{"F_DISA_NM":"2018년 8.26~9.1 호우","F_AVR_HGT":44.22,"F_AREA":171.6,"ADM_CD":"1138010400","F_SAT_YMD":"20180826","F_END_YMD":"20180901","F_SAT_TM":"15","F_END_TM":"21","F_RSN_DTL":"침수(공공하수도역류)","F_ZONE_NM":"은평구 갈현동517-30","INV_YR":"2018","F_YR":"2018","GU_NAM":"은평구","F_SHIM":0.3},"geometry":{"type":"Polygon","coordinates":[[[126.91154539593317,37.6186737565505],[126.91163585705657,37.618613009315965],[126.91154285739964,37.61852446217943],[126.91147042209874,37.61857179849326],[126.91145564499814,37.61861512436894],[126.91149313666462,37.61870912522031],[126.91154539593317,37.6186737565505]]]}},{"type":"Feature","properties":{"F_DISA_NM":"2018년 8.26~9.1 호우","F_AVR_HGT":23.82,"F_AREA":136.2,"ADM_CD":"1138010600","F_SAT_YMD":"20180826","F_END_YMD":"20180901","F_SAT_TM":"15","F_END_TM":"21","F_RSN_DTL":"침수(개인하수도역류)","F_ZONE_NM":"은평구 대조동200-19","INV_YR":"2018","F_YR":"2018","GU_NAM":"은평구","F_SHIM":0.3},"geometry":{"type":"Polygon","coordinates":[[[126.91970628769332,37.61626560923525],[126.91965201302182,37.61618141999759],[126.91954730804339,37.616225765665],[126.9195334433965,37.61626801202913],[126.91956894851079,37.61632263612065],[126.91970628769332,37.61626560923525]]]}},{"type":"Feature","properties":{"F_DISA_NM":"2018년 8.26~9.1 호우","F_AVR_HGT":23.67,"F_AREA":127.3,"ADM_CD":"1138010600","F_SAT_YMD":"20180826","F_END_YMD":"20180901","F_SAT_TM":"15","F_END_TM":"21","F_RSN_DTL":"침수(공공하수도역류)","F_ZONE_NM":"은평구 대조동200-17","INV_YR":"2018","F_YR":"2018","GU_NAM":"은평구","F_SHIM":0.3},"geometry":{"type":"Polygon","coordinates":[[[126.91997325765504,37.6161568654431],[126.91993548861464,37.616100798337285],[126.91988034560289,37.616085533628805],[126.91979445133482,37.616122053995355],[126.91984906493171,37.61620714438373],[126.91997325765504,37.6161568654431]]]}},{"type":"Feature","properties":{"F_DISA_NM":"2018년 8.26~9.1 호우","F_AVR_HGT":27.95,"F_AREA":292,"ADM_CD":"1138010400","F_SAT_YMD":"20180826","F_END_YMD":"20180901","F_SAT_TM":"15","F_END_TM":"21","F_RSN_DTL":"침수(공공하수도역류)","F_ZONE_NM":"은평구 갈현동110-8","INV_YR":"2018","F_YR":"2018","GU_NAM":"은평구","F_SHIM":0.3},"geometry":{"type":"Polygon","coordinates":[[[126.91699956564108,37.61800196353527],[126.91704293691411,37.61791072527207],[126.91704374598939,37.617896400262204],[126.91703492370976,37.61788531188715],[126.91703401879796,37.61788423006278],[126.91701908683982,37.617867190841466],[126.91684202166742,37.617792823134],[126.91680690602539,37.617895239409044],[126.91679543488884,37.6179227110775],[126.91699956564108,37.61800196353527]]]}},{"type":"Feature","properties":{"F_DISA_NM":"2018년 8.26~9.1 호우","F_AVR_HGT":30.61,"F_AREA":394,"ADM_CD":"1138010300","F_SAT_YMD":"20180826","F_END_YMD":"20180901","F_SAT_TM":"15","F_END_TM":"21","F_RSN_DTL":"침수(공공하수도역류)","F_ZONE_NM":"은평구 불광동301-9","INV_YR":"2018","F_YR":"2018","GU_NAM":"은평구","F_SHIM":0.3},"geometry":{"type":"Polygon","coordinates":[[[126.92354051330862,37.617441795408666],[126.92367077658356,37.61756543287333],[126.92372756567289,37.61752456580548],[126.92384023650418,37.617443822068196],[126.92386941355015,37.617422379913144],[126.92372827607082,37.61732104377604],[126.92368971139655,37.617329568654156],[126.92354051330862,37.617441795408666]]]}},{"type":"Feature","properties":{"F_DISA_NM":"2018년 8.26~9.1 호우","F_AVR_HGT":29.63,"F_AREA":192,"ADM_CD":"1138010300","F_SAT_YMD":"20180826","F_END_YMD":"20180901","F_SAT_TM":"15","F_END_TM":"21","F_RSN_DTL":"침수(공공하수도역류)","F_ZONE_NM":"은평구 불광동326-1","INV_YR":"2018","F_YR":"2018","GU_NAM":"은평구","F_SHIM":0.3},"geometry":{"type":"Polygon","coordinates":[[[126.92394354670851,37.61906826764046],[126.92397277836055,37.619060268128145],[126.92395605025402,37.61902592978481],[126.92393619220842,37.618951585855115],[126.92396861648234,37.61892322628717],[126.92394122357753,37.61890581936226],[126.92391675019444,37.618912921015784],[126.92381488659227,37.6189467308469],[126.9238375452048,37.61905089908879],[126.92385449708209,37.61908785043888],[126.92394354670851,37.61906826764046]]]}},{"type":"Feature","properties":{"F_DISA_NM":"2018년 8.26~9.1 호우","F_AVR_HGT":30.16,"F_AREA":192,"ADM_CD":"1138010300","F_SAT_YMD":"20180826","F_END_YMD":"20180901","F_SAT_TM":"15","F_END_TM":"21","F_RSN_DTL":"침수(공공하수도역류)","F_ZONE_NM":"은평구 불광동305-8","INV_YR":"2018","F_YR":"2018","GU_NAM":"은평구","F_SHIM":0.3},"geometry":{"type":"Polygon","coordinates":[[[126.92356803577641,37.618115683937006],[126.923667523292,37.61818710726229],[126.92371128955814,37.61814388906572],[126.92374635202715,37.61808354648823],[126.92375183464495,37.61803958225502],[126.92374554555145,37.61798786183173],[126.92373536981809,37.61797028600591],[126.92364875300011,37.61804771320258],[126.92356803577641,37.618115683937006]]]}},{"type":"Feature","properties":{"F_DISA_NM":"2018년 8.26~9.1 호우","F_AVR_HGT":29.63,"F_AREA":192,"ADM_CD":"1138010300","F_SAT_YMD":"20180826","F_END_YMD":"20180901","F_SAT_TM":"15","F_END_TM":"21","F_RSN_DTL":"침수(공공하수도역류)","F_ZONE_NM":"은평구 불광동323-5","INV_YR":"2018","F_YR":"2018","GU_NAM":"은평구","F_SHIM":0.3},"geometry":{"type":"Polygon","coordinates":[[[126.92363443157528,37.61874695464409],[126.92367205822586,37.61872625692307],[126.92377402679193,37.61870019571412],[126.92383452819499,37.61868464859695],[126.92379400531415,37.61865858358161],[126.92375152903496,37.61865927638189],[126.9237114994526,37.61859464970328],[126.92357461248183,37.61865132113303],[126.92363443157528,37.61874695464409]]]}},{"type":"Feature","properties":{"F_DISA_NM":"2018년 8.26~9.1 호우","F_AVR_HGT":29.37,"F_AREA":136.2,"ADM_CD":"1138010600","F_SAT_YMD":"20180826","F_END_YMD":"20180901","F_SAT_TM":"15","F_END_TM":"21","F_RSN_DTL":"침수(공공하수도역류)","F_ZONE_NM":"은평구 대조동196-3","INV_YR":"2018","F_YR":"2018","GU_NAM":"은평구","F_SHIM":0.3},"geometry":{"type":"Polygon","coordinates":[[[126.92180394288314,37.617117930939685],[126.92179420866754,37.61711170759788],[126.9217008327273,37.61704776495459],[126.92168544131704,37.61703586159946],[126.921610735162,37.61710631276947],[126.92161728760705,37.617111587942595],[126.92170760094841,37.61717967309074],[126.92171076988785,37.61718201778337],[126.92180394288314,37.617117930939685]]]}},{"type":"Feature","properties":{"F_DISA_NM":"2018년 8.26~9.1 호우","F_AVR_HGT":23.85,"F_AREA":162.3,"ADM_CD":"1138010600","F_SAT_YMD":"20180826","F_END_YMD":"20180901","F_SAT_TM":"15","F_END_TM":"21","F_RSN_DTL":"침수(공공하수도역류)","F_ZONE_NM":"은평구 대조동216-20","INV_YR":"2018","F_YR":"2018","GU_NAM":"은평구","F_SHIM":0.3},"geometry":{"type":"Polygon","coordinates":[[[126.92004722737559,37.61490365220467],[126.92005195467841,37.614827072089255],[126.92009434237175,37.614697900675374],[126.92007837576233,37.614694826322754],[126.92004348271644,37.61480625358103],[126.91989634307579,37.61481714387291],[126.91990429912691,37.61489544461799],[126.9199018051887,37.61489742505126],[126.91990348728604,37.61491283298831],[126.92004722737559,37.61490365220467]]]}},{"type":"Feature","properties":{"F_DISA_NM":"2018년 8.26~9.1 호우","F_AVR_HGT":26.76,"F_AREA":305.8,"ADM_CD":"1138010600","F_SAT_YMD":"20180826","F_END_YMD":"20180901","F_SAT_TM":"15","F_END_TM":"21","F_RSN_DTL":"침수(공공하수도역류)","F_ZONE_NM":"은평구 대조동205-9","INV_YR":"2018","F_YR":"2018","GU_NAM":"은평구","F_SHIM":0.3},"geometry":{"type":"Polygon","coordinates":[[[126.92131346610309,37.615042189455686],[126.92137823959543,37.61494853144475],[126.92138878876078,37.61493385261899],[126.92140327910107,37.614940619813844],[126.92144854017255,37.61487596010078],[126.921304764465,37.614813064092154],[126.92129978305583,37.614811078548065],[126.92128685063987,37.6148301705526],[126.9212458990433,37.614889607446074],[126.92123716457246,37.61490194494327],[126.92118169107034,37.61498389645686],[126.92131346610309,37.615042189455686]]]}},{"type":"Feature","properties":{"F_DISA_NM":"2018년 8.26~9.1 호우","F_AVR_HGT":25.13,"F_AREA":114.7,"ADM_CD":"1138010600","F_SAT_YMD":"20180826","F_END_YMD":"20180901","F_SAT_TM":"15","F_END_TM":"21","F_RSN_DTL":"침수(공공하수도역류)","F_ZONE_NM":"은평구 대조동205-12","INV_YR":"2018","F_YR":"2018","GU_NAM":"은평구","F_SHIM":0.3},"geometry":{"type":"Polygon","coordinates":[[[126.92118169107034,37.61498389645686],[126.92123716457246,37.61490194494327],[126.92112837006316,37.61485483967813],[126.92107210519283,37.61493534903229],[126.92118169107034,37.61498389645686]]]}},{"type":"Feature","properties":{"F_DISA_NM":"2018년 8.26~9.1 호우","F_AVR_HGT":25.13,"F_AREA":270.1,"ADM_CD":"1138010600","F_SAT_YMD":"20180826","F_END_YMD":"20180901","F_SAT_TM":"15","F_END_TM":"21","F_RSN_DTL":"침수(공공하수도역류)","F_ZONE_NM":"은평구 대조동204-6","INV_YR":"2018","F_YR":"2018","GU_NAM":"은평구","F_SHIM":0.3},"geometry":{"type":"Polygon","coordinates":[[[126.92094162767316,37.61514446778324],[126.92104860462926,37.61498659882445],[126.92091433919852,37.61492731274954],[126.92080849311242,37.61508662393096],[126.92082490801863,37.615094203395635],[126.92094162767316,37.61514446778324]]]}},{"type":"Feature","properties":{"F_DISA_NM":"2018년 8.26~9.1 호우","F_AVR_HGT":25.13,"F_AREA":166.6,"ADM_CD":"1138010600","F_SAT_YMD":"20180826","F_END_YMD":"20180901","F_SAT_TM":"15","F_END_TM":"21","F_RSN_DTL":"침수(공공하수도역류)","F_ZONE_NM":"은평구 대조동204-5","INV_YR":"2018","F_YR":"2018","GU_NAM":"은평구","F_SHIM":0.3},"geometry":{"type":"Polygon","coordinates":[[[126.92077045513736,37.61517444354715],[126.92082490801863,37.615094203395635],[126.92080849311242,37.61508662393096],[126.92066256613694,37.61502318508239],[126.92060754681997,37.61510342477152],[126.92071169914892,37.61514908576685],[126.92077045513736,37.61517444354715]]]}},{"type":"Feature","properties":{"F_DISA_NM":"2018년 8.26~9.1 호우","F_AVR_HGT":25.13,"F_AREA":100.8,"ADM_CD":"1138010600","F_SAT_YMD":"20180826","F_END_YMD":"20180901","F_SAT_TM":"15","F_END_TM":"21","F_RSN_DTL":"침수(공공하수도역류)","F_ZONE_NM":"은평구 대조동204-26","INV_YR":"2018","F_YR":"2018","GU_NAM":"은평구","F_SHIM":0.3},"geometry":{"type":"Polygon","coordinates":[[[126.92071169914892,37.61514908576685],[126.92060754681997,37.61510342477152],[126.92056954463872,37.615157998152554],[126.9205936238145,37.615200270670265],[126.92065724678893,37.615228695179006],[126.92071169914892,37.61514908576685]]]}},{"type":"Feature","properties":{"F_DISA_NM":"2018년 8.26~9.1 호우","F_AVR_HGT":25.99,"F_AREA":167.6,"ADM_CD":"1138010600","F_SAT_YMD":"20180826","F_END_YMD":"20180901","F_SAT_TM":"15","F_END_TM":"21","F_RSN_DTL":"침수(공공하수도역류)","F_ZONE_NM":"은평구 대조동204-17","INV_YR":"2018","F_YR":"2018","GU_NAM":"은평구","F_SHIM":0.3},"geometry":{"type":"Polygon","coordinates":[[[126.92123620545645,37.61547803146847],[126.92129133608965,37.615399233136245],[126.92112174640152,37.61532622837244],[126.92106831400817,37.615405568372616],[126.92123620545645,37.61547803146847]]]}},{"type":"Feature","properties":{"F_DISA_NM":"2018년 8.26~9.1 호우","F_AVR_HGT":25.91,"F_AREA":132,"ADM_CD":"1138010600","F_SAT_YMD":"20180826","F_END_YMD":"20180901","F_SAT_TM":"15","F_END_TM":"21","F_RSN_DTL":"침수(공공하수도역류)","F_ZONE_NM":"은평구 대조동209-27","INV_YR":"2018","F_YR":"2018","GU_NAM":"은평구","F_SHIM":0.3},"geometry":{"type":"Polygon","coordinates":[[[126.92120131208952,37.613906066243004],[126.92124612092294,37.613840235012724],[126.9212631357923,37.613816280487804],[126.9211509486148,37.61376583929823],[126.92112100299201,37.61380744422826],[126.92108685902127,37.61385616403974],[126.92120131208952,37.613906066243004]]]}},{"type":"Feature","properties":{"F_DISA_NM":"2018년 8.26~9.1 호우","F_AVR_HGT":23.85,"F_AREA":152.7,"ADM_CD":"1138010600","F_SAT_YMD":"20180826","F_END_YMD":"20180901","F_SAT_TM":"15","F_END_TM":"21","F_RSN_DTL":"침수(공공하수도역류)","F_ZONE_NM":"은평구 대조동221-41","INV_YR":"2018","F_YR":"2018","GU_NAM":"은평구","F_SHIM":0.3},"geometry":{"type":"Polygon","coordinates":[[[126.91942057576189,37.614773746966875],[126.91939806203591,37.61464759397],[126.91939432379603,37.614648131957225],[126.91932386710921,37.61465511055756],[126.91929214968425,37.61465878248441],[126.91930496642918,37.61474519548681],[126.91931575965697,37.61481782206882],[126.91942057576189,37.614773746966875]]]}},{"type":"Feature","properties":{"F_DISA_NM":"2018년 8.26~9.1 호우","F_AVR_HGT":23.85,"F_AREA":116.7,"ADM_CD":"1138010600","F_SAT_YMD":"20180826","F_END_YMD":"20180901","F_SAT_TM":"15","F_END_TM":"21","F_RSN_DTL":"침수(공공하수도역류)","F_ZONE_NM":"은평구 대조동221-2","INV_YR":"2018","F_YR":"2018","GU_NAM":"은평구","F_SHIM":0.3},"geometry":{"type":"Polygon","coordinates":[[[126.91952006545641,37.61473237101344],[126.91950487402005,37.614642262361926],[126.91950408761794,37.61463640543915],[126.91939806203591,37.61464759397],[126.91942057576189,37.614773746966875],[126.91952006545641,37.61473237101344]]]}},{"type":"Feature","properties":{"F_DISA_NM":"2018년 8.26~9.1 호우","F_AVR_HGT":23.85,"F_AREA":205.6,"ADM_CD":"1138010600","F_SAT_YMD":"20180826","F_END_YMD":"20180901","F_SAT_TM":"15","F_END_TM":"21","F_RSN_DTL":"침수(공공하수도역류)","F_ZONE_NM":"은평구 대조동221-1","INV_YR":"2018","F_YR":"2018","GU_NAM":"은평구","F_SHIM":0.3},"geometry":{"type":"Polygon","coordinates":[[[126.91965445604778,37.61467615300551],[126.91979768481205,37.61461633704056],[126.91982366683838,37.61457518019929],[126.91981455601001,37.61451724081524],[126.91970626698642,37.61452698648667],[126.91963139263936,37.61453450279677],[126.91965445604778,37.61467615300551]]]}},{"type":"Feature","properties":{"F_DISA_NM":"2018년 8.26~9.1 호우","F_AVR_HGT":25.13,"F_AREA":125,"ADM_CD":"1138010600","F_SAT_YMD":"20180826","F_END_YMD":"20180901","F_SAT_TM":"15","F_END_TM":"21","F_RSN_DTL":"침수(공공하수도역류)","F_ZONE_NM":"은평구 대조동205-38","INV_YR":"2018","F_YR":"2018","GU_NAM":"은평구","F_SHIM":0.3},"geometry":{"type":"Polygon","coordinates":[[[126.9209879842742,37.61479960393068],[126.92099150084357,37.61479456083697],[126.92103914660969,37.61472440692284],[126.92090612442739,37.61466800482305],[126.92085416857796,37.61474374182009],[126.9209879842742,37.61479960393068]]]}},{"type":"Feature","properties":{"F_DISA_NM":"2018년 8.26~9.1 호우","F_AVR_HGT":25.13,"F_AREA":99.8,"ADM_CD":"1138010600","F_SAT_YMD":"20180826","F_END_YMD":"20180901","F_SAT_TM":"15","F_END_TM":"21","F_RSN_DTL":"침수(공공하수도역류)","F_ZONE_NM":"은평구 대조동215-6","INV_YR":"2018","F_YR":"2018","GU_NAM":"은평구","F_SHIM":0.3},"geometry":{"type":"Polygon","coordinates":[[[126.9202697969655,37.61468729992801],[126.9203102274966,37.614586868378865],[126.9202966397935,37.6145834353003],[126.9202187361167,37.6145645511555],[126.92017898347665,37.61466642471042],[126.9202697969655,37.61468729992801]]]}},{"type":"Feature","properties":{"F_DISA_NM":"2018년 8.26~9.1 호우","F_AVR_HGT":26.75,"F_AREA":121.7,"ADM_CD":"1138010600","F_SAT_YMD":"20180826","F_END_YMD":"20180901","F_SAT_TM":"15","F_END_TM":"21","F_RSN_DTL":"침수(공공하수도역류)","F_ZONE_NM":"은평구 대조동209-3","INV_YR":"2018","F_YR":"2018","GU_NAM":"은평구","F_SHIM":0.3},"geometry":{"type":"Polygon","coordinates":[[[126.9211509486148,37.61376583929823],[126.9212631357923,37.613816280487804],[126.92131327202421,37.61374648853686],[126.92129312189356,37.61373692444089],[126.92130514600122,37.613719723875015],[126.9212144700067,37.613677135899756],[126.92119552759236,37.613703071264794],[126.9211509486148,37.61376583929823]]]}},{"type":"Feature","properties":{"F_DISA_NM":"2018년 8.26~9.1 호우","F_AVR_HGT":28.89,"F_AREA":125,"ADM_CD":"1138010600","F_SAT_YMD":"20180826","F_END_YMD":"20180901","F_SAT_TM":"15","F_END_TM":"21","F_RSN_DTL":"침수(공공하수도역류)","F_ZONE_NM":"은평구 대조동209-5","INV_YR":"2018","F_YR":"2018","GU_NAM":"은평구","F_SHIM":0.3},"geometry":{"type":"Polygon","coordinates":[[[126.92130514600122,37.613719723875015],[126.92132608895294,37.6137292885077],[126.9213889334432,37.613637881611346],[126.92127742368724,37.6135896033552],[126.92126676201092,37.61360374150931],[126.9212144700067,37.613677135899756],[126.92130514600122,37.613719723875015]]]}},{"type":"Feature","properties":{"F_DISA_NM":"2018년 8.26~9.1 호우","F_AVR_HGT":22.65,"F_AREA":172.9,"ADM_CD":"1138010600","F_SAT_YMD":"20180826","F_END_YMD":"20180901","F_SAT_TM":"15","F_END_TM":"21","F_RSN_DTL":"침수(공공하수도역류)","F_ZONE_NM":"은평구 대조동226-20","INV_YR":"2018","F_YR":"2018","GU_NAM":"은평구","F_SHIM":0.3},"geometry":{"type":"Polygon","coordinates":[[[126.91874920324142,37.61176850581964],[126.91889237711044,37.61175392014914],[126.91888297901106,37.61164948982385],[126.91886878446638,37.61163207292299],[126.9187291713244,37.61165307605085],[126.91873794928166,37.61170371736353],[126.91874920324142,37.61176850581964]]]}},{"type":"Feature","properties":{"F_DISA_NM":"2018년 8.26~9.1 호우","F_AVR_HGT":23.79,"F_AREA":181.2,"ADM_CD":"1138010600","F_SAT_YMD":"20180826","F_END_YMD":"20180901","F_SAT_TM":"15","F_END_TM":"21","F_RSN_DTL":"침수(공공하수도역류)","F_ZONE_NM":"은평구 대조동48-14","INV_YR":"2018","F_YR":"2018","GU_NAM":"은평구","F_SHIM":0.3},"geometry":{"type":"Polygon","coordinates":[[[126.91947647837782,37.611725316045714],[126.91951996156077,37.611732373921086],[126.91952427059044,37.61172760171348],[126.91952882650989,37.61170426946023],[126.91952939527019,37.61170201740183],[126.91955478053266,37.61158463715584],[126.91939767249845,37.61160281786114],[126.91939174843978,37.611634348088614],[126.91938408835803,37.61169966391037],[126.91939324988994,37.61170058027726],[126.91942961292538,37.611704200491815],[126.91947647837782,37.611725316045714]]]}},{"type":"Feature","properties":{"F_DISA_NM":"2018년 8.26~9.1 호우","F_AVR_HGT":23.79,"F_AREA":155.4,"ADM_CD":"1138010600","F_SAT_YMD":"20180826","F_END_YMD":"20180901","F_SAT_TM":"15","F_END_TM":"21","F_RSN_DTL":"침수(공공하수도역류)","F_ZONE_NM":"은평구 대조동48-12","INV_YR":"2018","F_YR":"2018","GU_NAM":"은평구","F_SHIM":0.3},"geometry":{"type":"Polygon","coordinates":[[[126.91980600678853,37.611668692738235],[126.91979129024422,37.611558852912],[126.91973363764308,37.611563047585896],[126.91965140197749,37.611572901364134],[126.91966951426603,37.61168436532912],[126.91980600678853,37.611668692738235]]]}},{"type":"Feature","properties":{"F_DISA_NM":"2018년 8.26~9.1 호우","F_AVR_HGT":25.37,"F_AREA":166.3,"ADM_CD":"1138010600","F_SAT_YMD":"20180826","F_END_YMD":"20180901","F_SAT_TM":"15","F_END_TM":"21","F_RSN_DTL":"침수(공공하수도역류)","F_ZONE_NM":"은평구 대조동171-44","INV_YR":"2018","F_YR":"2018","GU_NAM":"은평구","F_SHIM":0.3},"geometry":{"type":"Polygon","coordinates":[[[126.92095338266884,37.61159740306885],[126.92112452423665,37.611588509961805],[126.92112188025497,37.61151958308025],[126.92108121915881,37.61152117714024],[126.92107898671573,37.61149081254378],[126.920930947407,37.611501973816274],[126.92094182954342,37.611598206064734],[126.92095338266884,37.61159740306885]]]}},{"type":"Feature","properties":{"F_DISA_NM":"2018년 8.26~9.1 호우","F_AVR_HGT":26.8,"F_AREA":156.4,"ADM_CD":"1138010600","F_SAT_YMD":"20180826","F_END_YMD":"20180901","F_SAT_TM":"15","F_END_TM":"21","F_RSN_DTL":"침수(공공하수도역류)","F_ZONE_NM":"은평구 대조동171-21","INV_YR":"2018","F_YR":"2018","GU_NAM":"은평구","F_SHIM":0.3},"geometry":{"type":"Polygon","coordinates":[[[126.92139391726054,37.61163176008007],[126.92139075816647,37.611514900642206],[126.921250884804,37.61151543627887],[126.92125631134493,37.61162995471074],[126.92139391726054,37.61163176008007]]]}},{"type":"Feature","properties":{"F_DISA_NM":"2018년 8.26~9.1 호우","F_AVR_HGT":26.8,"F_AREA":142,"ADM_CD":"1138010600","F_SAT_YMD":"20180826","F_END_YMD":"20180901","F_SAT_TM":"15","F_END_TM":"21","F_RSN_DTL":"침수(공공하수도역류)","F_ZONE_NM":"은평구 대조동171-22","INV_YR":"2018","F_YR":"2018","GU_NAM":"은평구","F_SHIM":0.3},"geometry":{"type":"Polygon","coordinates":[[[126.92125631134493,37.61162995471074],[126.921250884804,37.61151543627887],[126.92112188025497,37.61151958308025],[126.92112452423665,37.611588509961805],[126.92112572671655,37.61162878465108],[126.92125631134493,37.61162995471074]]]}},{"type":"Feature","properties":{"F_DISA_NM":"2018년 8.26~9.1 호우","F_AVR_HGT":23.79,"F_AREA":192.4,"ADM_CD":"1138010600","F_SAT_YMD":"20180826","F_END_YMD":"20180901","F_SAT_TM":"15","F_END_TM":"21","F_RSN_DTL":"침수(공공하수도역류)","F_ZONE_NM":"은평구 대조동50-31","INV_YR":"2018","F_YR":"2018","GU_NAM":"은평구","F_SHIM":0.3},"geometry":{"type":"Polygon","coordinates":[[[126.92002926016524,37.61175164729549],[126.92018840209094,37.61173797205872],[126.9201828886762,37.61170472204496],[126.92017062427304,37.61163065291906],[126.92016667773252,37.611614612729284],[126.9200101375446,37.61163144316912],[126.92002183648425,37.61170461093968],[126.92002926016524,37.61175164729549]]]}},{"type":"Feature","properties":{"F_DISA_NM":"2018년 8.26~9.1 호우","F_AVR_HGT":22.65,"F_AREA":133.9,"ADM_CD":"1138010600","F_SAT_YMD":"20180826","F_END_YMD":"20180901","F_SAT_TM":"15","F_END_TM":"21","F_RSN_DTL":"침수(공공하수도역류)","F_ZONE_NM":"은평구 대조동226-21","INV_YR":"2018","F_YR":"2018","GU_NAM":"은평구","F_SHIM":0.3},"geometry":{"type":"Polygon","coordinates":[[[126.9187291713244,37.61165307605085],[126.91886878446638,37.61163207292299],[126.91886160237308,37.61162325629471],[126.91878716723507,37.61154355738012],[126.91876550432345,37.611520206772994],[126.91869184448045,37.611527966608975],[126.91870938431627,37.6116334748325],[126.9187291713244,37.61165307605085]]]}},{"type":"Feature","properties":{"F_DISA_NM":"2018년 8.26~9.1 호우","F_AVR_HGT":21.84,"F_AREA":186.8,"ADM_CD":"1138010600","F_SAT_YMD":"20180826","F_END_YMD":"20180901","F_SAT_TM":"15","F_END_TM":"21","F_RSN_DTL":"침수(공공하수도역류)","F_ZONE_NM":"은평구 대조동224-12","INV_YR":"2018","F_YR":"2018","GU_NAM":"은평구","F_SHIM":0.3},"geometry":{"type":"Polygon","coordinates":[[[126.91768125499652,37.61160359318451],[126.91798266810025,37.61157227256926],[126.91798132160937,37.61156100934841],[126.91783010424196,37.61157775056609],[126.9178135712368,37.611474396271234],[126.91774402305172,37.61148173497057],[126.91766314761719,37.61149041705313],[126.91767956938534,37.61159178913053],[126.91768125499652,37.61160359318451]]]}},{"type":"Feature","properties":{"F_DISA_NM":"2018년 8.26~9.1 호우","F_AVR_HGT":27.73,"F_AREA":148,"ADM_CD":"1138010600","F_SAT_YMD":"20180826","F_END_YMD":"20180901","F_SAT_TM":"15","F_END_TM":"21","F_RSN_DTL":"침수(공공하수도역류)","F_ZONE_NM":"은평구 대조동3-1","INV_YR":"2018","F_YR":"2018","GU_NAM":"은평구","F_SHIM":0.3},"geometry":{"type":"Polygon","coordinates":[[[126.92726755848952,37.612321122411494],[126.92733527286461,37.612381062235976],[126.92733681429077,37.61237994598803],[126.92739133100697,37.612340337063706],[126.92744325550002,37.61228784245338],[126.92747383554236,37.612287591349336],[126.9274077449259,37.61223484245438],[126.92739881693484,37.61222668296608],[126.92726308868552,37.61231719132043],[126.92726755848952,37.612321122411494]]]}},{"type":"Feature","properties":{"F_DISA_NM":"2018년 8.26~9.1 호우","F_AVR_HGT":38.22,"F_AREA":149,"ADM_CD":"1138010600","F_SAT_YMD":"20180826","F_END_YMD":"20180901","F_SAT_TM":"15","F_END_TM":"21","F_RSN_DTL":"침수(공공하수도역류)","F_ZONE_NM":"은평구 대조동84-56","INV_YR":"2018","F_YR":"2018","GU_NAM":"은평구","F_SHIM":0.3},"geometry":{"type":"Polygon","coordinates":[[[126.92516658084202,37.61323836830606],[126.9252777792706,37.61314978364422],[126.92521403549453,37.61312874958425],[126.92520284727527,37.61310477624915],[126.9251470174514,37.613097712479316],[126.92512513999955,37.61311562784605],[126.92506721809852,37.61316072949702],[126.92516658084202,37.61323836830606]]]}},{"type":"Feature","properties":{"F_DISA_NM":"2018년 8.26~9.1 호우","F_AVR_HGT":26.75,"F_AREA":240.7,"ADM_CD":"1138010600","F_SAT_YMD":"20180826","F_END_YMD":"20180901","F_SAT_TM":"15","F_END_TM":"21","F_RSN_DTL":"침수(공공하수도역류)","F_ZONE_NM":"은평구 대조동206-33","INV_YR":"2018","F_YR":"2018","GU_NAM":"은평구","F_SHIM":0.3},"geometry":{"type":"Polygon","coordinates":[[[126.92124895540945,37.61415359815624],[126.92140020118276,37.61422010323507],[126.92149241955609,37.61409240669299],[126.92137808023537,37.61404160386959],[126.92131814964989,37.614055978853855],[126.92124895540945,37.61415359815624]]]}},{"type":"Feature","properties":{"F_DISA_NM":"2018년 8.26~9.1 호우","F_AVR_HGT":38.96,"F_AREA":112,"ADM_CD":"1138010600","F_SAT_YMD":"20180826","F_END_YMD":"20180901","F_SAT_TM":"15","F_END_TM":"21","F_RSN_DTL":"침수(공공하수도역류)","F_ZONE_NM":"은평구 대조동190-51","INV_YR":"2018","F_YR":"2018","GU_NAM":"은평구","F_SHIM":0.3},"geometry":{"type":"Polygon","coordinates":[[[126.92434162775173,37.61496068770554],[126.92434411840871,37.614961770511464],[126.92439766575818,37.61487711330782],[126.92433551387936,37.61484887197163],[126.92429430540935,37.61483046500166],[126.92423532044879,37.61491601957917],[126.92423860263423,37.61491836427898],[126.9243354010165,37.61495807078855],[126.92434162775173,37.61496068770554]]]}},{"type":"Feature","properties":{"F_DISA_NM":"2018년 8.26~9.1 호우","F_AVR_HGT":26.76,"F_AREA":77,"ADM_CD":"1138010600","F_SAT_YMD":"20180826","F_END_YMD":"20180901","F_SAT_TM":"15","F_END_TM":"21","F_RSN_DTL":"침수(공공하수도역류)","F_ZONE_NM":"은평구 대조동205-6","INV_YR":"2018","F_YR":"2018","GU_NAM":"은평구","F_SHIM":0.3},"geometry":{"type":"Polygon","coordinates":[[[126.92143641091133,37.61509669219535],[126.92147985936495,37.615032481732456],[126.92138589464838,37.614992144119405],[126.92134335320567,37.61505545418343],[126.92143641091133,37.61509669219535]]]}},{"type":"Feature","properties":{"F_DISA_NM":"2018년 8.26~9.1 호우","F_AVR_HGT":28.89,"F_AREA":130.2,"ADM_CD":"1138010600","F_SAT_YMD":"20180826","F_END_YMD":"20180901","F_SAT_TM":"15","F_END_TM":"21","F_RSN_DTL":"침수(공공하수도역류)","F_ZONE_NM":"은평구 대조동209-6","INV_YR":"2018","F_YR":"2018","GU_NAM":"은평구","F_SHIM":0.3},"geometry":{"type":"Polygon","coordinates":[[[126.92143125577184,37.61377810300116],[126.92149670796661,37.613684084972554],[126.92139221654641,37.61363923531216],[126.9213889334432,37.613637881611346],[126.92132608895294,37.6137292885077],[126.92143125577184,37.61377810300116]]]}},{"type":"Feature","properties":{"F_DISA_NM":"2018년 8.26~9.1 호우","F_AVR_HGT":33.91,"F_AREA":274,"ADM_CD":"1138010300","F_SAT_YMD":"20180826","F_END_YMD":"20180901","F_SAT_TM":"15","F_END_TM":"21","F_RSN_DTL":"침수(공공하수도역류)","F_ZONE_NM":"은평구 불광동238-183","INV_YR":"2018","F_YR":"2018","GU_NAM":"은평구","F_SHIM":0.3},"geometry":{"type":"Polygon","coordinates":[[[126.93163870168024,37.6168747729611],[126.9317901362457,37.6168762140071],[126.93178688274746,37.616721513699204],[126.9316192742658,37.6166958266891],[126.931606923644,37.616700864864974],[126.93163746528884,37.61686459114722],[126.93163820714898,37.616870673206165],[126.93163870168024,37.6168747729611]]]}},{"type":"Feature","properties":{"F_DISA_NM":"2018년 8.26~9.1 호우","F_AVR_HGT":33.91,"F_AREA":139,"ADM_CD":"1138010300","F_SAT_YMD":"20180826","F_END_YMD":"20180901","F_SAT_TM":"15","F_END_TM":"21","F_RSN_DTL":"침수(공공하수도역류)","F_ZONE_NM":"은평구 불광동234-5","INV_YR":"2018","F_YR":"2018","GU_NAM":"은평구","F_SHIM":0.3},"geometry":{"type":"Polygon","coordinates":[[[126.93148950640395,37.6169010832546],[126.93159054667699,37.61689312444214],[126.9315705165876,37.616753100172055],[126.93146948174216,37.61675547289052],[126.93147795187143,37.616781876652425],[126.93148950640395,37.6169010832546]]]}},{"type":"Feature","properties":{"F_DISA_NM":"2018년 8.26~9.1 호우","F_AVR_HGT":35.74,"F_AREA":198,"ADM_CD":"1138010300","F_SAT_YMD":"20180826","F_END_YMD":"20180901","F_SAT_TM":"15","F_END_TM":"21","F_RSN_DTL":"침수(공공하수도역류)","F_ZONE_NM":"은평구 불광동234-2","INV_YR":"2018","F_YR":"2018","GU_NAM":"은평구","F_SHIM":0.3},"geometry":{"type":"Polygon","coordinates":[[[126.93164282219043,37.61705884575172],[126.9316357850512,37.61696559008615],[126.93162813713457,37.61690774259773],[126.93159392278761,37.61691646184223],[126.93160010413197,37.61696800159917],[126.93160531021705,37.61703290232077],[126.93150226165129,37.61704438278846],[126.93151509991016,37.61708710589756],[126.93151965832826,37.61711787709064],[126.93151504791992,37.61719088982686],[126.93163134825784,37.61716788464489],[126.93162233373886,37.61711793794904],[126.93165131759756,37.61708254657286],[126.93164282219043,37.61705884575172]]]}},{"type":"Feature","properties":{"F_DISA_NM":"2018년 8.26~9.1 호우","F_AVR_HGT":35.74,"F_AREA":178,"ADM_CD":"1138010300","F_SAT_YMD":"20180826","F_END_YMD":"20180901","F_SAT_TM":"15","F_END_TM":"21","F_RSN_DTL":"침수(공공하수도역류)","F_ZONE_NM":"은평구 불광동221-60","INV_YR":"2018","F_YR":"2018","GU_NAM":"은평구","F_SHIM":0.3},"geometry":{"type":"Polygon","coordinates":[[[126.9315873964575,37.617354244469404],[126.93172646409198,37.61737910376407],[126.93173641103562,37.61727982158272],[126.93171503315526,37.617248364715714],[126.93170292473324,37.61723655470667],[126.93164042436263,37.617212551629606],[126.93161809731633,37.617227134293],[126.93160631867242,37.61722604613886],[126.93160687420446,37.617237579020006],[126.93160705197987,37.617241264136084],[126.9316144591426,37.61724172802415],[126.9315980849809,37.61730992255667],[126.9315873964575,37.617354244469404]]]}},{"type":"Feature","properties":{"F_DISA_NM":"2018년 8.26~9.1 호우","F_AVR_HGT":38.62,"F_AREA":370,"ADM_CD":"1138010300","F_SAT_YMD":"20180826","F_END_YMD":"20180901","F_SAT_TM":"15","F_END_TM":"21","F_RSN_DTL":"침수(공공하수도역류)","F_ZONE_NM":"은평구 불광동230-13","INV_YR":"2018","F_YR":"2018","GU_NAM":"은평구","F_SHIM":0.3},"geometry":{"type":"Polygon","coordinates":[[[126.9313995534952,37.617525589613614],[126.93139888007329,37.61751901205523],[126.93134046412843,37.617367072002565],[126.9313278936199,37.61736490217302],[126.93110740848405,37.617438200744125],[126.93118508194149,37.617587359349365],[126.93134666901967,37.61751393552929],[126.9313995534952,37.617525589613614]]]}},{"type":"Feature","properties":{"F_DISA_NM":"2018년 8.26~9.1 호우","F_AVR_HGT":33.91,"F_AREA":297,"ADM_CD":"1138010300","F_SAT_YMD":"20180826","F_END_YMD":"20180901","F_SAT_TM":"15","F_END_TM":"21","F_RSN_DTL":"침수(공공하수도역류)","F_ZONE_NM":"은평구 불광동238-23","INV_YR":"2018","F_YR":"2018","GU_NAM":"은평구","F_SHIM":0.3},"geometry":{"type":"Polygon","coordinates":[[[126.93198272223411,37.61671730454975],[126.93201273339017,37.616721737035036],[126.9320401266995,37.61661814038353],[126.93203354056291,37.61651443362344],[126.93201972216801,37.61651451558438],[126.93189453990064,37.61654084053124],[126.93186406685624,37.61654595813897],[126.93184943024933,37.61669461131835],[126.93198272223411,37.61671730454975]]]}},{"type":"Feature","properties":{"F_DISA_NM":"2018년 8.26~9.1 호우","F_AVR_HGT":33.91,"F_AREA":198,"ADM_CD":"1138010300","F_SAT_YMD":"20180826","F_END_YMD":"20180901","F_SAT_TM":"15","F_END_TM":"21","F_RSN_DTL":"침수(공공하수도역류)","F_ZONE_NM":"은평구 불광동238-25","INV_YR":"2018","F_YR":"2018","GU_NAM":"은평구","F_SHIM":0.3},"geometry":{"type":"Polygon","coordinates":[[[126.93201273339017,37.616721737035036],[126.9321325426455,37.61674901715693],[126.93216958521938,37.61674381324278],[126.9321844311581,37.61673499235516],[126.93221622317395,37.61665121982307],[126.93221533059996,37.61663662341123],[126.9320401266995,37.61661814038353],[126.93201273339017,37.616721737035036]]]}},{"type":"Feature","properties":{"F_DISA_NM":"2018년 8.26~9.1 호우","F_AVR_HGT":33.91,"F_AREA":135,"ADM_CD":"1138010300","F_SAT_YMD":"20180826","F_END_YMD":"20180901","F_SAT_TM":"15","F_END_TM":"21","F_RSN_DTL":"침수(공공하수도역류)","F_ZONE_NM":"은평구 불광동238-40","INV_YR":"2018","F_YR":"2018","GU_NAM":"은평구","F_SHIM":0.3},"geometry":{"type":"Polygon","coordinates":[[[126.93175634105306,37.61667878916264],[126.93176482023858,37.61658647068031],[126.93174432784913,37.6165651683912],[126.93164364283788,37.616557090089316],[126.93160762577791,37.616555807384856],[126.93160919351993,37.616574999203145],[126.93161824181072,37.61658878956815],[126.93168703360082,37.61666721561781],[126.93175634105306,37.61667878916264]]]}},{"type":"Feature","properties":{"F_DISA_NM":"2018년 8.26~9.1 호우","F_AVR_HGT":32.57,"F_AREA":205,"ADM_CD":"1138010300","F_SAT_YMD":"20180826","F_END_YMD":"20180901","F_SAT_TM":"15","F_END_TM":"21","F_RSN_DTL":"침수(공공하수도역류)","F_ZONE_NM":"은평구 불광동238-98","INV_YR":"2018","F_YR":"2018","GU_NAM":"은평구","F_SHIM":0.3},"geometry":{"type":"Polygon","coordinates":[[[126.93192155838811,37.61598882554547],[126.93187366375392,37.615850136339944],[126.93185780421125,37.615852920019925],[126.93173262190192,37.61588041607351],[126.93177757033311,37.61602027486939],[126.93192155838811,37.61598882554547]]]}},{"type":"Feature","properties":{"F_DISA_NM":"2018년 8.26~9.1 호우","F_AVR_HGT":33.91,"F_AREA":231,"ADM_CD":"1138010300","F_SAT_YMD":"20180826","F_END_YMD":"20180901","F_SAT_TM":"15","F_END_TM":"21","F_RSN_DTL":"침수(공공하수도역류)","F_ZONE_NM":"은평구 불광동238-24","INV_YR":"2018","F_YR":"2018","GU_NAM":"은평구","F_SHIM":0.3},"geometry":{"type":"Polygon","coordinates":[[[126.9320401266995,37.61661814038353],[126.93221533059996,37.61663662341123],[126.93222200398448,37.61652454532705],[126.93224776442015,37.61647140258703],[126.932134021131,37.616498725580946],[126.93207907395221,37.616513469346046],[126.93204962492528,37.61651363221018],[126.93203354056291,37.61651443362344],[126.9320401266995,37.61661814038353]]]}},{"type":"Feature","properties":{"F_DISA_NM":"2018년 8.26~9.1 호우","F_AVR_HGT":35.56,"F_AREA":238,"ADM_CD":"1138010300","F_SAT_YMD":"20180826","F_END_YMD":"20180901","F_SAT_TM":"15","F_END_TM":"21","F_RSN_DTL":"침수(공공하수도역류)","F_ZONE_NM":"은평구 불광동238-28","INV_YR":"2018","F_YR":"2018","GU_NAM":"은평구","F_SHIM":0.3},"geometry":{"type":"Polygon","coordinates":[[[126.93228903990892,37.616542784482895],[126.932460623217,37.616556940315],[126.93246120437301,37.61654090319796],[126.93251614746423,37.6164079505781],[126.93251751271804,37.61640137421685],[126.93243426259883,37.61640195619752],[126.93238158434781,37.6164129173128],[126.93231958973713,37.616454776581875],[126.93229565128428,37.61649746902988],[126.93228903990892,37.616542784482895]]]}},{"type":"Feature","properties":{"F_DISA_NM":"2018년 8.26~9.1 호우","F_AVR_HGT":35.6,"F_AREA":112,"ADM_CD":"1138010300","F_SAT_YMD":"20180826","F_END_YMD":"20180901","F_SAT_TM":"15","F_END_TM":"21","F_RSN_DTL":"침수(공공하수도역류)","F_ZONE_NM":"은평구 불광동239-40","INV_YR":"2018","F_YR":"2018","GU_NAM":"은평구","F_SHIM":0.3},"geometry":{"type":"Polygon","coordinates":[[[126.93237192517357,37.61571320995495],[126.93250832314426,37.61568238615219],[126.93248268294411,37.61560596797727],[126.93234628510254,37.61563679175092],[126.93237192517357,37.61571320995495]]]}},{"type":"Feature","properties":{"F_DISA_NM":"2018년 8.26~9.1 호우","F_AVR_HGT":32.57,"F_AREA":132,"ADM_CD":"1138010300","F_SAT_YMD":"20180826","F_END_YMD":"20180901","F_SAT_TM":"9","F_END_TM":"15","F_RSN_DTL":"침수(공공하수도역류)","F_ZONE_NM":"은평구 불광동238-106","INV_YR":"2018","F_YR":"2018","GU_NAM":"은평구","F_SHIM":0.3},"geometry":{"type":"Polygon","coordinates":[[[126.93223855595365,37.615775569707985],[126.93236249141714,37.61574870307306],[126.93234826359034,37.6157018437296],[126.93233459742454,37.615660030206236],[126.93231093135479,37.61565352926738],[126.93220863564655,37.61567365120347],[126.93223855595365,37.615775569707985]]]}},{"type":"Feature","properties":{"F_DISA_NM":"2018년 8.26~9.1 호우","F_AVR_HGT":32.57,"F_AREA":135,"ADM_CD":"1138010300","F_SAT_YMD":"20180826","F_END_YMD":"20180901","F_SAT_TM":"15","F_END_TM":"21","F_RSN_DTL":"침수(공공하수도역류)","F_ZONE_NM":"은평구 불광동238-147","INV_YR":"2018","F_YR":"2018","GU_NAM":"은평구","F_SHIM":0.3},"geometry":{"type":"Polygon","coordinates":[[[126.93210714541145,37.61580198132577],[126.93221861785914,37.61577952231717],[126.93223855595365,37.615775569707985],[126.93220863564655,37.61567365120347],[126.93207699824328,37.615700603243525],[126.93210714541145,37.61580198132577]]]}},{"type":"Feature","properties":{"F_DISA_NM":"2018년 8.26~9.1 호우","F_AVR_HGT":32.08,"F_AREA":211,"ADM_CD":"1138010300","F_SAT_YMD":"20180826","F_END_YMD":"20180901","F_SAT_TM":"15","F_END_TM":"21","F_RSN_DTL":"침수(공공하수도역류)","F_ZONE_NM":"은평구 불광동242-43","INV_YR":"2018","F_YR":"2018","GU_NAM":"은평구","F_SHIM":0.3},"geometry":{"type":"Polygon","coordinates":[[[126.9321572276136,37.615049241222806],[126.93219461364687,37.615039172203595],[126.93230903894153,37.61500680405002],[126.93232478669483,37.61500221828141],[126.9322679339396,37.61487460602602],[126.93219870080416,37.61489450408852],[126.9321102305316,37.614919922820945],[126.9321164548573,37.6149254224656],[126.9321572276136,37.615049241222806]]]}},{"type":"Feature","properties":{"F_DISA_NM":"2018년 8.26~9.1 호우","F_AVR_HGT":32.08,"F_AREA":215,"ADM_CD":"1138010300","F_SAT_YMD":"20180826","F_END_YMD":"20180901","F_SAT_TM":"15","F_END_TM":"21","F_RSN_DTL":"침수(공공하수도역류)","F_ZONE_NM":"은평구 불광동242-39","INV_YR":"2018","F_YR":"2018","GU_NAM":"은평구","F_SHIM":0.3},"geometry":{"type":"Polygon","coordinates":[[[126.93221450610442,37.61520622575655],[126.93222083611614,37.61521992438408],[126.93236267512027,37.61518342776161],[126.93238374726104,37.61517776392822],[126.9323264496529,37.615041051536316],[126.9321957072974,37.615081158559],[126.9321712357833,37.61508844212718],[126.93219586523917,37.615155039090226],[126.93221450610442,37.61520622575655]]]}},{"type":"Feature","properties":{"F_DISA_NM":"2018년 8.26~9.1 호우","F_AVR_HGT":39.51,"F_AREA":122,"ADM_CD":"1138010300","F_SAT_YMD":"20180826","F_END_YMD":"20180901","F_SAT_TM":"15","F_END_TM":"21","F_RSN_DTL":"침수(공공하수도역류)","F_ZONE_NM":"은평구 불광동240-13","INV_YR":"2018","F_YR":"2018","GU_NAM":"은평구","F_SHIM":0.3},"geometry":{"type":"Polygon","coordinates":[[[126.93244725526206,37.61534757295355],[126.93257424206458,37.61531491457247],[126.93254337902093,37.615227834750065],[126.93241854457415,37.61526025109397],[126.93244725526206,37.61534757295355]]]}},{"type":"Feature","properties":{"F_DISA_NM":"2018년 8.26~9.1 호우","F_AVR_HGT":40.24,"F_AREA":168,"ADM_CD":"1138010300","F_SAT_YMD":"20180826","F_END_YMD":"20180901","F_SAT_TM":"15","F_END_TM":"21","F_RSN_DTL":"침수(공공하수도역류)","F_ZONE_NM":"은평구 불광동245-99","INV_YR":"2018","F_YR":"2018","GU_NAM":"은평구","F_SHIM":0.3},"geometry":{"type":"Polygon","coordinates":[[[126.93014986321775,37.61517805587924],[126.93025749908698,37.61514018962609],[126.93027970615087,37.61513227440135],[126.9302285046107,37.61502070204016],[126.93010263826818,37.615053691939636],[126.93014986321775,37.61517805587924]]]}},{"type":"Feature","properties":{"F_DISA_NM":"2018년 8.26~9.1 호우","F_AVR_HGT":32.83,"F_AREA":160,"ADM_CD":"1138010300","F_SAT_YMD":"20180826","F_END_YMD":"20180901","F_SAT_TM":"15","F_END_TM":"21","F_RSN_DTL":"침수(공공하수도역류)","F_ZONE_NM":"은평구 불광동243-20","INV_YR":"2018","F_YR":"2018","GU_NAM":"은평구","F_SHIM":0.3},"geometry":{"type":"Polygon","coordinates":[[[126.93149466826505,37.61417453795349],[126.93152163652942,37.61416166992246],[126.93166326225789,37.6141092266412],[126.93160966442034,37.61401522257261],[126.93149420899732,37.614060383374756],[126.93149013007617,37.61406200272041],[126.93149466826505,37.61417453795349]]]}},{"type":"Feature","properties":{"F_DISA_NM":"2018년 8.26~9.1 호우","F_AVR_HGT":33.83,"F_AREA":175,"ADM_CD":"1138010300","F_SAT_YMD":"20180826","F_END_YMD":"20180901","F_SAT_TM":"15","F_END_TM":"21","F_RSN_DTL":"침수(공공하수도역류)","F_ZONE_NM":"은평구 불광동242-12","INV_YR":"2018","F_YR":"2018","GU_NAM":"은평구","F_SHIM":0.3},"geometry":{"type":"Polygon","coordinates":[[[126.93153177638314,37.61373551186037],[126.93152209797024,37.61379019567679],[126.93166157609824,37.61373234523313],[126.93170712531436,37.61371264069912],[126.93165488792651,37.613617466174006],[126.93164584024088,37.613603405510986],[126.93164493533763,37.61360214360156],[126.9315596218773,37.613632366026145],[126.931540021146,37.6136394721565],[126.93155086283544,37.61367290498648],[126.93153177638314,37.61373551186037]]]}},{"type":"Feature","properties":{"F_DISA_NM":"2018년 8.26~9.1 호우","F_AVR_HGT":32.83,"F_AREA":137,"ADM_CD":"1138010300","F_SAT_YMD":"20180826","F_END_YMD":"20180901","F_SAT_TM":"15","F_END_TM":"21","F_RSN_DTL":"침수(공공하수도역류)","F_ZONE_NM":"은평구 불광동238-80","INV_YR":"2018","F_YR":"2018","GU_NAM":"은평구","F_SHIM":0.3},"geometry":{"type":"Polygon","coordinates":[[[126.93137202675841,37.614514405277845],[126.9315176293297,37.614449260705705],[126.93146560686841,37.61437823252883],[126.93132365416965,37.61444045102021],[126.93137202675841,37.614514405277845]]]}},{"type":"Feature","properties":{"F_DISA_NM":"2018년 8.26~9.1 호우","F_AVR_HGT":32.83,"F_AREA":175,"ADM_CD":"1138010300","F_SAT_YMD":"20180826","F_END_YMD":"20180901","F_SAT_TM":"15","F_END_TM":"21","F_RSN_DTL":"침수(공공하수도역류)","F_ZONE_NM":"은평구 불광동238-63","INV_YR":"2018","F_YR":"2018","GU_NAM":"은평구","F_SHIM":0.3},"geometry":{"type":"Polygon","coordinates":[[[126.9316160556951,37.6145682485458],[126.93174638212732,37.61448777796465],[126.93170904979223,37.614440634577775],[126.93166230018599,37.61441123493164],[126.93153664032643,37.61446738169999],[126.9316160556951,37.6145682485458]]]}},{"type":"Feature","properties":{"F_DISA_NM":"2018년 8.26~9.1 호우","F_AVR_HGT":33.83,"F_AREA":142,"ADM_CD":"1138010300","F_SAT_YMD":"20180826","F_END_YMD":"20180901","F_SAT_TM":"15","F_END_TM":"21","F_RSN_DTL":"침수(공공하수도역류)","F_ZONE_NM":"은평구 불광동242-19","INV_YR":"2018","F_YR":"2018","GU_NAM":"은평구","F_SHIM":0.3},"geometry":{"type":"Polygon","coordinates":[[[126.93166884188321,37.6135929677456],[126.93180140366833,37.613542591184626],[126.93178523402489,37.61351411062535],[126.93175334545919,37.61345967251361],[126.93163049741311,37.61350234237517],[126.93161761427206,37.61350815508363],[126.93162111985954,37.61351401353776],[126.93166884188321,37.6135929677456]]]}},{"type":"Feature","properties":{"F_DISA_NM":"2018년 8.26~9.1 호우","F_AVR_HGT":33.83,"F_AREA":142,"ADM_CD":"1138010300","F_SAT_YMD":"20180826","F_END_YMD":"20180901","F_SAT_TM":"15","F_END_TM":"21","F_RSN_DTL":"침수(공공하수도역류)","F_ZONE_NM":"은평구 불광동242-13","INV_YR":"2018","F_YR":"2018","GU_NAM":"은평구","F_SHIM":0.3},"geometry":{"type":"Polygon","coordinates":[[[126.93170712531436,37.61371264069912],[126.93179969336991,37.61367611558609],[126.93183425162199,37.61366135990563],[126.93178110407051,37.613570419509735],[126.93169998158987,37.61360037421811],[126.93165488792651,37.613617466174006],[126.93170712531436,37.61371264069912]]]}},{"type":"Feature","properties":{"F_DISA_NM":"2018년 8.26~9.1 호우","F_AVR_HGT":32,"F_AREA":86,"ADM_CD":"1138010300","F_SAT_YMD":"20180826","F_END_YMD":"20180901","F_SAT_TM":"15","F_END_TM":"21","F_RSN_DTL":"침수(공공하수도역류)","F_ZONE_NM":"은평구 불광동279-4","INV_YR":"2018","F_YR":"2018","GU_NAM":"은평구","F_SHIM":0.3},"geometry":{"type":"Polygon","coordinates":[[[126.93177218518007,37.612812058320245],[126.93180644976785,37.6127474782053],[126.93175051574907,37.612730326506394],[126.93172141657944,37.612721299486715],[126.93166980540983,37.6128049701155],[126.93170354419152,37.612818324602834],[126.93175834466274,37.612836556831276],[126.93177218518007,37.612812058320245]]]}},{"type":"Feature","properties":{"F_DISA_NM":"2018년 8.26~9.1 호우","F_AVR_HGT":33.83,"F_AREA":142,"ADM_CD":"1138010300","F_SAT_YMD":"20180826","F_END_YMD":"20180901","F_SAT_TM":"15","F_END_TM":"21","F_RSN_DTL":"침수(공공하수도역류)","F_ZONE_NM":"은평구 불광동242-23","INV_YR":"2018","F_YR":"2018","GU_NAM":"은평구","F_SHIM":0.3},"geometry":{"type":"Polygon","coordinates":[[[126.93176739452197,37.613454545225125],[126.93188794386899,37.613411189118644],[126.93181407312932,37.61331672267806],[126.93169171164686,37.61336016773572],[126.93176739452197,37.613454545225125]]]}},{"type":"Feature","properties":{"F_DISA_NM":"2018년 8.26~9.1 호우","F_AVR_HGT":33.83,"F_AREA":155,"ADM_CD":"1138010300","F_SAT_YMD":"20180826","F_END_YMD":"20180901","F_SAT_TM":"15","F_END_TM":"21","F_RSN_DTL":"침수(공공하수도역류)","F_ZONE_NM":"은평구 불광동242-28","INV_YR":"2018","F_YR":"2018","GU_NAM":"은평구","F_SHIM":0.3},"geometry":{"type":"Polygon","coordinates":[[[126.93157582787292,37.61338010089565],[126.9316987557554,37.61333665629337],[126.93163961956692,37.61323102629146],[126.93152983504223,37.61326907274096],[126.9315297015175,37.613290696211436],[126.93157582787292,37.61338010089565]]]}},{"type":"Feature","properties":{"F_DISA_NM":"2018년 8.26~9.1 호우","F_AVR_HGT":27.53,"F_AREA":106,"ADM_CD":"1138010300","F_SAT_YMD":"20180826","F_END_YMD":"20180901","F_SAT_TM":"15","F_END_TM":"21","F_RSN_DTL":"침수(공공하수도역류)","F_ZONE_NM":"은평구 불광동272-19","INV_YR":"2018","F_YR":"2018","GU_NAM":"은평구","F_SHIM":0.3},"geometry":{"type":"Polygon","coordinates":[[[126.93020919109269,37.611998348957634],[126.93032910390963,37.6120271626598],[126.93035083029116,37.61192842819884],[126.93026579313138,37.611907924609135],[126.93020919109269,37.611998348957634]]]}},{"type":"Feature","properties":{"F_DISA_NM":"2018년 8.26~9.1 호우","F_AVR_HGT":34.01,"F_AREA":172,"ADM_CD":"1138010500","F_SAT_YMD":"20180826","F_END_YMD":"20180901","F_SAT_TM":"15","F_END_TM":"21","F_RSN_DTL":"침수(공공하수도역류)","F_ZONE_NM":"은평구 구산동351-2","INV_YR":"2018","F_YR":"2018","GU_NAM":"은평구","F_SHIM":0.3},"geometry":{"type":"Polygon","coordinates":[[[126.90731371877345,37.61387132696056],[126.907350600367,37.61397605939635],[126.90750497215544,37.613924466165564],[126.9074429919498,37.6138195966447],[126.90731371877345,37.61387132696056]]]}},{"type":"Feature","properties":{"F_DISA_NM":"2018년 8.26~9.1 호우","F_AVR_HGT":35.6,"F_AREA":109,"ADM_CD":"1138010300","F_SAT_YMD":"20180826","F_END_YMD":"20180901","F_SAT_TM":"15","F_END_TM":"21","F_RSN_DTL":"침수(공공하수도역류)","F_ZONE_NM":"은평구 불광동239-45","INV_YR":"2018","F_YR":"2018","GU_NAM":"은평구","F_SHIM":0.3},"geometry":{"type":"Polygon","coordinates":[[[126.93245693069957,37.61552828835697],[126.93258653091897,37.61549917234808],[126.93256145976288,37.61541978128327],[126.93243401100612,37.61544961930931],[126.93245693069957,37.61552828835697]]]}},{"type":"Feature","properties":{"F_DISA_NM":"2018년 8.26~9.1 호우","F_AVR_HGT":35.6,"F_AREA":109,"ADM_CD":"1138010300","F_SAT_YMD":"20180826","F_END_YMD":"20180901","F_SAT_TM":"15","F_END_TM":"21","F_RSN_DTL":"침수(공공하수도역류)","F_ZONE_NM":"은평구 불광동239-57","INV_YR":"2018","F_YR":"2018","GU_NAM":"은평구","F_SHIM":0.3},"geometry":{"type":"Polygon","coordinates":[[[126.93278824829491,37.61562731938581],[126.93277537225212,37.61558820931567],[126.93276317480762,37.61555018081634],[126.93263221997827,37.61557434083335],[126.93265661475417,37.61565039785717],[126.93278824829491,37.61562731938581]]]}},{"type":"Feature","properties":{"F_DISA_NM":"2018년 8.26~9.1 호우","F_AVR_HGT":35.6,"F_AREA":109,"ADM_CD":"1138010300","F_SAT_YMD":"20180826","F_END_YMD":"20180901","F_SAT_TM":"15","F_END_TM":"21","F_RSN_DTL":"침수(공공하수도역류)","F_ZONE_NM":"은평구 불광동239-59","INV_YR":"2018","F_YR":"2018","GU_NAM":"은평구","F_SHIM":0.3},"geometry":{"type":"Polygon","coordinates":[[[126.93263221997827,37.61557434083335],[126.93276317480762,37.61555018081634],[126.9327482676019,37.61550287063315],[126.93273606703156,37.61546826585609],[126.93260646792154,37.61549630085297],[126.93263221997827,37.61557434083335]]]}},{"type":"Feature","properties":{"F_DISA_NM":"2018년 8.26~9.1 호우","F_AVR_HGT":35.6,"F_AREA":112,"ADM_CD":"1138010300","F_SAT_YMD":"20180826","F_END_YMD":"20180901","F_SAT_TM":"15","F_END_TM":"21","F_RSN_DTL":"침수(공공하수도역류)","F_ZONE_NM":"은평구 불광동239-55","INV_YR":"2018","F_YR":"2018","GU_NAM":"은평구","F_SHIM":0.3},"geometry":{"type":"Polygon","coordinates":[[[126.93268439993143,37.615734655778475],[126.93282940609643,37.61570356633116],[126.932835024958,37.61570249743426],[126.93282941662169,37.615692123880194],[126.9328122217761,37.615669048760275],[126.93280327138437,37.61567183658971],[126.93278824829491,37.61562731938581],[126.93265661475417,37.61565039785717],[126.93268439993143,37.615734655778475]]]}},{"type":"Feature","properties":{"F_DISA_NM":"2018년 8.26~9.1 호우","F_AVR_HGT":35.6,"F_AREA":109,"ADM_CD":"1138010300","F_SAT_YMD":"20180826","F_END_YMD":"20180901","F_SAT_TM":"15","F_END_TM":"21","F_RSN_DTL":"침수(공공하수도역류)","F_ZONE_NM":"은평구 불광동239-48","INV_YR":"2018","F_YR":"2018","GU_NAM":"은평구","F_SHIM":0.3},"geometry":{"type":"Polygon","coordinates":[[[126.93253475149847,37.61576394037217],[126.93266219709639,37.615738066553114],[126.93263441144421,37.61565434921489],[126.93250832314426,37.61568238615219],[126.93253475149847,37.61576394037217]]]}},{"type":"Feature","properties":{"F_DISA_NM":"2018년 8.26~9.1 호우","F_AVR_HGT":35.6,"F_AREA":109,"ADM_CD":"1138010300","F_SAT_YMD":"20180826","F_END_YMD":"20180901","F_SAT_TM":"15","F_END_TM":"21","F_RSN_DTL":"침수(공공하수도역류)","F_ZONE_NM":"은평구 불광동239-47","INV_YR":"2018","F_YR":"2018","GU_NAM":"은평구","F_SHIM":0.3},"geometry":{"type":"Polygon","coordinates":[[[126.93250832314426,37.61568238615219],[126.93263441144421,37.61565434921489],[126.93261001702226,37.615577931794405],[126.93248268294411,37.61560596797727],[126.93250832314426,37.61568238615219]]]}},{"type":"Feature","properties":{"F_DISA_NM":"2018년 8.26~9.1 호우","F_AVR_HGT":35.56,"F_AREA":281,"ADM_CD":"1138010300","F_SAT_YMD":"20180826","F_END_YMD":"20180901","F_SAT_TM":"15","F_END_TM":"21","F_RSN_DTL":"침수(공공하수도역류)","F_ZONE_NM":"은평구 불광동8-7","INV_YR":"2018","F_YR":"2018","GU_NAM":"은평구","F_SHIM":0.3},"geometry":{"type":"Polygon","coordinates":[[[126.93327888009208,37.61639938428557],[126.9333017639184,37.61639462231788],[126.93330447906052,37.61639813771232],[126.93342465138907,37.61631289324541],[126.93339152231287,37.616212676051546],[126.93320200551786,37.616240406798774],[126.93318001745867,37.61625652162394],[126.9331809548492,37.616259477383736],[126.93324823569527,37.61634431663649],[126.93327888009208,37.61639938428557]]]}},{"type":"Feature","properties":{"F_DISA_NM":"2018년 8.26~9.1 호우","F_AVR_HGT":28.62,"F_AREA":109,"ADM_CD":"1138010300","F_SAT_YMD":"20180826","F_END_YMD":"20180901","F_SAT_TM":"15","F_END_TM":"21","F_RSN_DTL":"침수(공공하수도역류)","F_ZONE_NM":"은평구 불광동281-69","INV_YR":"2018","F_YR":"2018","GU_NAM":"은평구","F_SHIM":0.3},"geometry":{"type":"Polygon","coordinates":[[[126.93075227530204,37.61079054973647],[126.93086332266085,37.610850801842865],[126.93092511570077,37.61077848999791],[126.93081611884574,37.610717698588424],[126.93075227530204,37.61079054973647]]]}},{"type":"Feature","properties":{"F_DISA_NM":"2018년 8.26~9.1 호우","F_AVR_HGT":28.62,"F_AREA":119,"ADM_CD":"1138010300","F_SAT_YMD":"20180826","F_END_YMD":"20180901","F_SAT_TM":"15","F_END_TM":"21","F_RSN_DTL":"침수(공공하수도역류)","F_ZONE_NM":"은평구 불광동281-70","INV_YR":"2018","F_YR":"2018","GU_NAM":"은평구","F_SHIM":0.3},"geometry":{"type":"Polygon","coordinates":[[[126.93068832850689,37.61086466216131],[126.93079914651075,37.6109279775271],[126.93086332266085,37.610850801842865],[126.93075227530204,37.61079054973647],[126.93068832850689,37.61086466216131]]]}},{"type":"Feature","properties":{"F_DISA_NM":"2018년 8.26~9.1 호우","F_AVR_HGT":28.62,"F_AREA":126,"ADM_CD":"1138010300","F_SAT_YMD":"20180826","F_END_YMD":"20180901","F_SAT_TM":"15","F_END_TM":"21","F_RSN_DTL":"침수(공공하수도역류)","F_ZONE_NM":"은평구 불광동281-64","INV_YR":"2018","F_YR":"2018","GU_NAM":"은평구","F_SHIM":0.3},"geometry":{"type":"Polygon","coordinates":[[[126.93090509544123,37.61099047899157],[126.9309740316212,37.61090979226769],[126.93086332266085,37.610850801842865],[126.93079914651075,37.6109279775271],[126.93090509544123,37.61099047899157]]]}},{"type":"Feature","properties":{"F_DISA_NM":"2018년 8.26~9.1 호우","F_AVR_HGT":28.62,"F_AREA":112,"ADM_CD":"1138010300","F_SAT_YMD":"20180826","F_END_YMD":"20180901","F_SAT_TM":"15","F_END_TM":"21","F_RSN_DTL":"침수(공공하수도역류)","F_ZONE_NM":"은평구 불광동281-71","INV_YR":"2018","F_YR":"2018","GU_NAM":"은평구","F_SHIM":0.3},"geometry":{"type":"Polygon","coordinates":[[[126.93062279137705,37.610943638895726],[126.93073213898661,37.611004971280806],[126.93079914651075,37.6109279775271],[126.93068832850689,37.61086466216131],[126.93062279137705,37.610943638895726]]]}},{"type":"Feature","properties":{"F_DISA_NM":"2018년 8.26~9.1 호우","F_AVR_HGT":28.62,"F_AREA":109,"ADM_CD":"1138010300","F_SAT_YMD":"20180826","F_END_YMD":"20180901","F_SAT_TM":"15","F_END_TM":"21","F_RSN_DTL":"침수(공공하수도역류)","F_ZONE_NM":"은평구 불광동281-72","INV_YR":"2018","F_YR":"2018","GU_NAM":"은평구","F_SHIM":0.3},"geometry":{"type":"Polygon","coordinates":[[[126.93066592343675,37.611082686256175],[126.93073213898661,37.611004971280806],[126.93062279137705,37.610943638895726],[126.93055646293948,37.61102090325184],[126.93066592343675,37.611082686256175]]]}},{"type":"Feature","properties":{"F_DISA_NM":"2018년 8.26~9.1 호우","F_AVR_HGT":25.17,"F_AREA":127,"ADM_CD":"1138010600","F_SAT_YMD":"20180826","F_END_YMD":"20180901","F_SAT_TM":"15","F_END_TM":"21","F_RSN_DTL":"침수(공공하수도역류)","F_ZONE_NM":"은평구 대조동9-43","INV_YR":"2018","F_YR":"2018","GU_NAM":"은평구","F_SHIM":0.3},"geometry":{"type":"Polygon","coordinates":[[[126.92768464838757,37.61041530364996],[126.92774016796055,37.6102760466052],[126.92767984079093,37.610237627056904],[126.92759034866788,37.610372628184294],[126.92768464838757,37.61041530364996]]]}},{"type":"Feature","properties":{"F_DISA_NM":"2018년 8.26~9.1 호우","F_AVR_HGT":25.58,"F_AREA":192,"ADM_CD":"1138010600","F_SAT_YMD":"20180826","F_END_YMD":"20180901","F_SAT_TM":"15","F_END_TM":"21","F_RSN_DTL":"침수(공공하수도역류)","F_ZONE_NM":"은평구 대조동8-9","INV_YR":"2018","F_YR":"2018","GU_NAM":"은평구","F_SHIM":0.3},"geometry":{"type":"Polygon","coordinates":[[[126.92735818424491,37.610705215042294],[126.92743304707798,37.610590477003],[126.92730772567043,37.6105372403497],[126.92723103698212,37.61066567208175],[126.92735115154572,37.61071611250028],[126.92735818424491,37.610705215042294]]]}},{"type":"Feature","properties":{"F_DISA_NM":"2018년 8.26~9.1 호우","F_AVR_HGT":25.17,"F_AREA":199,"ADM_CD":"1138010600","F_SAT_YMD":"20180826","F_END_YMD":"20180901","F_SAT_TM":"15","F_END_TM":"21","F_RSN_DTL":"침수(공공하수도역류)","F_ZONE_NM":"은평구 대조동9-44","INV_YR":"2018","F_YR":"2018","GU_NAM":"은평구","F_SHIM":0.3},"geometry":{"type":"Polygon","coordinates":[[[126.92759034866788,37.610372628184294],[126.92767984079093,37.610237627056904],[126.92762630079831,37.61020750075881],[126.92756334558861,37.610192595127245],[126.92746514076862,37.61031939176736],[126.92759034866788,37.610372628184294]]]}},{"type":"Feature","properties":{"F_DISA_NM":"2018년 8.26~9.1 호우","F_AVR_HGT":25.56,"F_AREA":253,"ADM_CD":"1138010600","F_SAT_YMD":"20180826","F_END_YMD":"20180901","F_SAT_TM":"15","F_END_TM":"21","F_RSN_DTL":"침수(공공하수도역류)","F_ZONE_NM":"은평구 대조동77-4","INV_YR":"2018","F_YR":"2018","GU_NAM":"은평구","F_SHIM":0.3},"geometry":{"type":"Polygon","coordinates":[[[126.92672332126334,37.610767702911964],[126.92682958514521,37.61085138130207],[126.92696343340431,37.610758664830065],[126.92695687102636,37.61075217361672],[126.92697341576815,37.61074281385964],[126.92696323288395,37.61073262633513],[126.92686127058505,37.61065111314079],[126.92684495308207,37.6106597522408],[126.92672332126334,37.610767702911964]]]}},{"type":"Feature","properties":{"F_DISA_NM":"2018년 8.26~9.1 호우","F_AVR_HGT":23.88,"F_AREA":162,"ADM_CD":"1138010600","F_SAT_YMD":"20180826","F_END_YMD":"20180901","F_SAT_TM":"15","F_END_TM":"21","F_RSN_DTL":"침수(공공하수도역류)","F_ZONE_NM":"은평구 대조동29-13","INV_YR":"2018","F_YR":"2018","GU_NAM":"은평구","F_SHIM":0.3},"geometry":{"type":"Polygon","coordinates":[[[126.92561000986383,37.609656351971516],[126.92570579499603,37.60957253213818],[126.92559579662094,37.60948903051336],[126.92549865177914,37.609573480070026],[126.92561000986383,37.609656351971516]]]}},{"type":"Feature","properties":{"F_DISA_NM":"2018년 8.26~9.1 호우","F_AVR_HGT":24.73,"F_AREA":169,"ADM_CD":"1138010600","F_SAT_YMD":"20180826","F_END_YMD":"20180901","F_SAT_TM":"15","F_END_TM":"21","F_RSN_DTL":"침수(공공하수도역류)","F_ZONE_NM":"은평구 대조동29-3","INV_YR":"2018","F_YR":"2018","GU_NAM":"은평구","F_SHIM":0.3},"geometry":{"type":"Polygon","coordinates":[[[126.92575995592232,37.6097708730029],[126.92585495619277,37.60967921400504],[126.92574223929829,37.60959580087336],[126.92564441166115,37.60968349364436],[126.92575995592232,37.6097708730029]]]}},{"type":"Feature","properties":{"F_DISA_NM":"2018년 8.26~9.1 호우","F_AVR_HGT":22.41,"F_AREA":96,"ADM_CD":"1138010200","F_SAT_YMD":"20180826","F_END_YMD":"20180901","F_SAT_TM":"15","F_END_TM":"21","F_RSN_DTL":"침수(공공하수도역류)","F_ZONE_NM":"은평구 녹번동151-21","INV_YR":"2018","F_YR":"2018","GU_NAM":"은평구","F_SHIM":0.3},"geometry":{"type":"Polygon","coordinates":[[[126.9258232056117,37.60636529170004],[126.92582286732417,37.60636384991145],[126.92586274079851,37.6063543250662],[126.92586602580735,37.60635356133701],[126.92584433353291,37.60630259688261],[126.92583247567129,37.606269703425674],[126.9257262215976,37.606295493430096],[126.92572938544885,37.60630252312361],[126.92576137974596,37.60636820725276],[126.9258232056117,37.60636529170004]]]}},{"type":"Feature","properties":{"F_DISA_NM":"2018년 8.26~9.1 호우","F_AVR_HGT":22.41,"F_AREA":77,"ADM_CD":"1138010200","F_SAT_YMD":"20180826","F_END_YMD":"20180901","F_SAT_TM":"15","F_END_TM":"21","F_RSN_DTL":"침수(공공하수도역류)","F_ZONE_NM":"은평구 녹번동151-22","INV_YR":"2018","F_YR":"2018","GU_NAM":"은평구","F_SHIM":0.3},"geometry":{"type":"Polygon","coordinates":[[[126.92576137974596,37.60636820725276],[126.92572938544885,37.60630252312361],[126.9257262215976,37.606295493430096],[126.92571966895234,37.606279902228465],[126.92561794809487,37.606302451510466],[126.92559745636223,37.606307285615046],[126.92559872034136,37.60631162916269],[126.92564776025962,37.606308759535324],[126.92567289262277,37.606373403147344],[126.9256839117578,37.60637344626744],[126.92568427183282,37.60637573499377],[126.92576137974596,37.60636820725276]]]}},{"type":"Feature","properties":{"F_DISA_NM":"2018년 8.26~9.1 호우","F_AVR_HGT":22.41,"F_AREA":134,"ADM_CD":"1138010200","F_SAT_YMD":"20180826","F_END_YMD":"20180901","F_SAT_TM":"15","F_END_TM":"21","F_RSN_DTL":"침수(공공하수도역류)","F_ZONE_NM":"은평구 녹번동151-42","INV_YR":"2018","F_YR":"2018","GU_NAM":"은평구","F_SHIM":0.3},"geometry":{"type":"Polygon","coordinates":[[[126.92578606273395,37.6062506629264],[126.9258794020237,37.60622909920842],[126.92585952098698,37.60617890175148],[126.92584370973326,37.60613582466052],[126.92577902988617,37.60615019888761],[126.92570857193105,37.606166911921825],[126.92572120820458,37.60621386121544],[126.92573272333557,37.60624963760705],[126.92573599522481,37.60626180296887],[126.92578606273395,37.6062506629264]]]}},{"type":"Feature","properties":{"F_DISA_NM":"2018년 8.26~9.1 호우","F_AVR_HGT":25.8,"F_AREA":167.9,"ADM_CD":"1138010700","F_SAT_YMD":"20180826","F_END_YMD":"20180901","F_SAT_TM":"15","F_END_TM":"21","F_RSN_DTL":"침수(공공하수도역류)","F_ZONE_NM":"은평구 응암동98-5","INV_YR":"2018","F_YR":"2018","GU_NAM":"은평구","F_SHIM":0.3},"geometry":{"type":"Polygon","coordinates":[[[126.92496229393586,37.600607817299164],[126.92499330609652,37.60051269358892],[126.92513301391354,37.60054314721979],[126.92513948760161,37.600524591156095],[126.92498585123053,37.600494128502035],[126.92487625666375,37.60047234369318],[126.92485207088983,37.600536207691995],[126.92483741661876,37.600581247330105],[126.92496229393586,37.600607817299164]]]}},{"type":"Feature","properties":{"F_DISA_NM":"2018년 8.26~9.1 호우","F_AVR_HGT":17.96,"F_AREA":123.6,"ADM_CD":"1138010800","F_SAT_YMD":"20180826","F_END_YMD":"20180901","F_SAT_TM":"15","F_END_TM":"21","F_RSN_DTL":"침수","F_ZONE_NM":"은평구 역촌동38-6","INV_YR":"2018","F_YR":"2018","GU_NAM":"은평구","F_SHIM":0.3},"geometry":{"type":"Polygon","coordinates":[[[126.91828646641297,37.60177709908872],[126.91828989781158,37.60174646808876],[126.91829652488269,37.601693494964934],[126.9181510216506,37.60168158940358],[126.91814073623318,37.60176546364965],[126.91828646641297,37.60177709908872]]]}},{"type":"Feature","properties":{"F_DISA_NM":"2018년 8.26~9.1 호우","F_AVR_HGT":17.64,"F_AREA":158.3,"ADM_CD":"1138010700","F_SAT_YMD":"20180826","F_END_YMD":"20180901","F_SAT_TM":"15","F_END_TM":"21","F_RSN_DTL":"침수(공공하수도역류)","F_ZONE_NM":"은평구 응암동115-13","INV_YR":"2018","F_YR":"2018","GU_NAM":"은평구","F_SHIM":0.3},"geometry":{"type":"Polygon","coordinates":[[[126.91954316027557,37.59853984503478],[126.91951384151551,37.59842774232816],[126.91951090911036,37.59841701858768],[126.91939587201873,37.59840594660632],[126.91940252298814,37.59853632353823],[126.91954316027557,37.59853984503478]]]}},{"type":"Feature","properties":{"F_DISA_NM":"2018년 8.26~9.1 호우","F_AVR_HGT":22.19,"F_AREA":208,"ADM_CD":"1138010700","F_SAT_YMD":"20180826","F_END_YMD":"20180901","F_SAT_TM":"15","F_END_TM":"21","F_RSN_DTL":"침수(공공하수도역류)","F_ZONE_NM":"은평구 응암동397-56","INV_YR":"2018","F_YR":"2018","GU_NAM":"은평구","F_SHIM":0.3},"geometry":{"type":"Polygon","coordinates":[[[126.91912087560497,37.59290077049207],[126.91914089687218,37.59298080989146],[126.91914222709698,37.59298614464682],[126.91914224965343,37.59298622575113],[126.91915943180086,37.593063641300645],[126.91915946561079,37.59306378548172],[126.91927411688172,37.59304753958733],[126.91925688033503,37.59296800670325],[126.91923631993141,37.592883894498385],[126.91912087560497,37.59290077049207]]]}},{"type":"Feature","properties":{"F_DISA_NM":"2018년 8.26~9.1 호우","F_AVR_HGT":18.04,"F_AREA":93,"ADM_CD":"1138010700","F_SAT_YMD":"20180826","F_END_YMD":"20180901","F_SAT_TM":"15","F_END_TM":"21","F_RSN_DTL":"침수(공공하수도역류)","F_ZONE_NM":"은평구 응암동397-60","INV_YR":"2018","F_YR":"2018","GU_NAM":"은평구","F_SHIM":0.3},"geometry":{"type":"Polygon","coordinates":[[[126.9190106598913,37.593084034795446],[126.91903025258742,37.59316247015955],[126.919139953381,37.59314851844603],[126.91911989644264,37.593069983667554],[126.9190106598913,37.593084034795446]]]}},{"type":"Feature","properties":{"F_DISA_NM":"2018년 8.26~9.1 호우","F_AVR_HGT":26.8,"F_AREA":138.2,"ADM_CD":"1138010600","F_SAT_YMD":"20180826","F_END_YMD":"20180901","F_SAT_TM":"15","F_END_TM":"21","F_RSN_DTL":"침수(공공하수도역류)","F_ZONE_NM":"은평구 대조동171-59","INV_YR":"2018","F_YR":"2018","GU_NAM":"은평구","F_SHIM":0.3},"geometry":{"type":"Polygon","coordinates":[[[126.92160335917615,37.611393142005085],[126.92160590057462,37.611346653081895],[126.92160878800654,37.611294308012894],[126.9217222695925,37.61129609666204],[126.92172330960052,37.611276726263206],[126.92153700541938,37.611273446714414],[126.92153631439642,37.611284167925795],[126.92153551252845,37.61129263660834],[126.92150776555363,37.611291716818755],[126.92149825226387,37.611291440074304],[126.92149372934382,37.61139027467568],[126.92150765880226,37.6113913652979],[126.92152441959085,37.61139254793576],[126.92153189426665,37.61139282329646],[126.92160335917615,37.611393142005085]]]}},{"type":"Feature","properties":{"F_DISA_NM":"2018년 8.26~9.1 호우","F_AVR_HGT":31.12,"F_AREA":218,"ADM_CD":"1138010600","F_SAT_YMD":"20180826","F_END_YMD":"20180901","F_SAT_TM":"15","F_END_TM":"21","F_RSN_DTL":"침수(공공하수도역류)","F_ZONE_NM":"은평구 대조동89-247","INV_YR":"2018","F_YR":"2018","GU_NAM":"은평구","F_SHIM":0.3},"geometry":{"type":"Polygon","coordinates":[[[126.92208575305318,37.61002148896303],[126.92212852969793,37.609904083792294],[126.92214033481558,37.60987904444154],[126.92199653609623,37.60984624200014],[126.92197325737526,37.60990397923978],[126.9219438341539,37.609988651684034],[126.92208575305318,37.61002148896303]]]}},{"type":"Feature","properties":{"F_DISA_NM":"2018년 8.26~9.1 호우","F_AVR_HGT":25.37,"F_AREA":165,"ADM_CD":"1138010600","F_SAT_YMD":"20180826","F_END_YMD":"20180901","F_SAT_TM":"15","F_END_TM":"21","F_RSN_DTL":"침수(공공하수도역류)","F_ZONE_NM":"은평구 대조동171-23","INV_YR":"2018","F_YR":"2018","GU_NAM":"은평구","F_SHIM":0.3},"geometry":{"type":"Polygon","coordinates":[[[126.92124354525994,37.61149479881151],[126.92123405331071,37.611369285636925],[126.92121672527821,37.61136900355331],[126.92109961335538,37.611372798029436],[126.9211097851074,37.61149786118708],[126.92124354525994,37.61149479881151]]]}},{"type":"Feature","properties":{"F_DISA_NM":"2018년 8.26~9.1 호우","F_AVR_HGT":22.23,"F_AREA":165.3,"ADM_CD":"1138010800","F_SAT_YMD":"20180826","F_END_YMD":"20180901","F_SAT_TM":"15","F_END_TM":"21","F_RSN_DTL":"침수(공공하수도역류)","F_ZONE_NM":"은평구 역촌동6-42","INV_YR":"2018","F_YR":"2018","GU_NAM":"은평구","F_SHIM":0.3},"geometry":{"type":"Polygon","coordinates":[[[126.91745649902496,37.609537662758164],[126.91756371003255,37.60947322878084],[126.91746891550967,37.6093732424332],[126.91736238449462,37.609437316417676],[126.91745649902496,37.609537662758164]]]}},{"type":"Feature","properties":{"F_DISA_NM":"2018년 8.26~9.1 호우","F_AVR_HGT":24.93,"F_AREA":142,"ADM_CD":"1138010600","F_SAT_YMD":"20180826","F_END_YMD":"20180901","F_SAT_TM":"15","F_END_TM":"21","F_RSN_DTL":"침수(공공하수도역류)","F_ZONE_NM":"은평구 대조동54-4","INV_YR":"2018","F_YR":"2018","GU_NAM":"은평구","F_SHIM":0.3},"geometry":{"type":"Polygon","coordinates":[[[126.92213510680345,37.60872407236103],[126.92215729558556,37.60873237631708],[126.92223109397706,37.60866584335742],[126.92222839044456,37.60865214661633],[126.92216097662441,37.60857218421122],[126.92206143171501,37.60867455887644],[126.92213510680345,37.60872407236103]]]}},{"type":"Feature","properties":{"F_DISA_NM":"2018년 8.26~9.1 호우","F_AVR_HGT":22.79,"F_AREA":149.1,"ADM_CD":"1138010800","F_SAT_YMD":"20180826","F_END_YMD":"20180901","F_SAT_TM":"15","F_END_TM":"21","F_RSN_DTL":"침수(공공하수도역류)","F_ZONE_NM":"은평구 역촌동1-18","INV_YR":"2018","F_YR":"2018","GU_NAM":"은평구","F_SHIM":0.3},"geometry":{"type":"Polygon","coordinates":[[[126.91831620924096,37.60974396610418],[126.91823022922532,37.60966011415849],[126.91811972911212,37.60972905132367],[126.91820616169937,37.609813264060975],[126.91831620924096,37.60974396610418]]]}},{"type":"Feature","properties":{"F_DISA_NM":"2018년 8.26~9.1 호우","F_AVR_HGT":22.23,"F_AREA":226.8,"ADM_CD":"1138010800","F_SAT_YMD":"20180826","F_END_YMD":"20180901","F_SAT_TM":"15","F_END_TM":"21","F_RSN_DTL":"침수(공공하수도역류)","F_ZONE_NM":"은평구 역촌동6-3","INV_YR":"2018","F_YR":"2018","GU_NAM":"은평구","F_SHIM":0.3},"geometry":{"type":"Polygon","coordinates":[[[126.91783571171669,37.609706596030854],[126.91794202033564,37.60963882743954],[126.91787098083718,37.6095635451367],[126.91781532536749,37.60950494186431],[126.91770935941807,37.60957018783764],[126.91770357930486,37.6095738777579],[126.91777236093073,37.6096425813926],[126.91783571171669,37.609706596030854]]]}},{"type":"Feature","properties":{"F_DISA_NM":"2018년 8.26~9.1 호우","F_AVR_HGT":22.03,"F_AREA":129,"ADM_CD":"1138010600","F_SAT_YMD":"20180826","F_END_YMD":"20180901","F_SAT_TM":"15","F_END_TM":"21","F_RSN_DTL":"침수(공공하수도역류)","F_ZONE_NM":"은평구 대조동59-70","INV_YR":"2018","F_YR":"2018","GU_NAM":"은평구","F_SHIM":0.3},"geometry":{"type":"Polygon","coordinates":[[[126.92284639816526,37.60726735442311],[126.9229419454075,37.607302051827816],[126.92300053598656,37.60721027173447],[126.92287790889505,37.607155662650456],[126.92285675232178,37.607242971738806],[126.92285120010774,37.60725650078948],[126.92284639816526,37.60726735442311]]]}},{"type":"Feature","properties":{"F_DISA_NM":"2018년 8.26~9.1 호우","F_AVR_HGT":22.89,"F_AREA":126,"ADM_CD":"1138010800","F_SAT_YMD":"20180826","F_END_YMD":"20180901","F_SAT_TM":"9","F_END_TM":"15","F_RSN_DTL":"침수(공공하수도역류)","F_ZONE_NM":"은평구 역촌동14-100","INV_YR":"2018","F_YR":"2018","GU_NAM":"은평구","F_SHIM":0.3},"geometry":{"type":"Polygon","coordinates":[[[126.92061550179581,37.6076763697103],[126.92073280380885,37.60767996389215],[126.9207543617051,37.60766381502884],[126.92072054990658,37.60765910677929],[126.92072398815682,37.60755864963477],[126.92062189640406,37.60755466943883],[126.92061550179581,37.6076763697103]]]}},{"type":"Feature","properties":{"F_DISA_NM":"2018년 8.26~9.1 호우","F_AVR_HGT":24.71,"F_AREA":543.2,"ADM_CD":"1138010800","F_SAT_YMD":"20180826","F_END_YMD":"20180901","F_SAT_TM":"15","F_END_TM":"21","F_RSN_DTL":"침수(공공하수도역류)","F_ZONE_NM":"은평구 역촌동19-4","INV_YR":"2018","F_YR":"2018","GU_NAM":"은평구","F_SHIM":0.3},"geometry":{"type":"Polygon","coordinates":[[[126.91954088165093,37.60691213594685],[126.91972665112931,37.60687658594237],[126.91965760276948,37.60663858867838],[126.91959154511079,37.606668635646955],[126.91950033802024,37.60660271050074],[126.919388670888,37.60670822795838],[126.91947325157348,37.60672378367998],[126.91954088165093,37.60691213594685]]]}},{"type":"Feature","properties":{"F_DISA_NM":"2018년 8.26~9.1 호우","F_AVR_HGT":17.48,"F_AREA":4710.1,"ADM_CD":"1138010700","F_SAT_YMD":"20180826","F_END_YMD":"20180901","F_SAT_TM":"15","F_END_TM":"21","F_RSN_DTL":"침수(공공하수도역류)","F_ZONE_NM":"은평구 응암동754-1","INV_YR":"2018","F_YR":"2018","GU_NAM":"은평구","F_SHIM":0.3},"geometry":{"type":"Polygon","coordinates":[[[126.91751687073281,37.587169440075016],[126.91765356052103,37.587140255247846],[126.91784200425796,37.58710002484193],[126.91783412665104,37.58705731255968],[126.9179760217191,37.58703038351137],[126.91801179625737,37.58703311177997],[126.91802994235368,37.58690410353395],[126.91804961004124,37.586730497588825],[126.91805842200785,37.5866462616986],[126.91811724811558,37.58638492744657],[126.91810165262767,37.586359148247446],[126.91802059066829,37.586356478079566],[126.91762843780832,37.586423143250144],[126.91749817699633,37.58647530775321],[126.91717139146893,37.586606168062325],[126.91726398255065,37.58672660581472],[126.91741292113697,37.58691957692317],[126.9174305690591,37.58694244749057],[126.91744039356708,37.58695517639968],[126.91744674727997,37.5869634069199],[126.91753915888427,37.58708314155331],[126.9175252056549,37.58709721402425],[126.9175244915576,37.58709793430428],[126.91752365276622,37.58709878964338],[126.91752656795616,37.58710403545141],[126.91751501486574,37.587108144732774],[126.91749226685343,37.58713011258086],[126.91746740955665,37.587155079203235],[126.91751687073281,37.587169440075016]]]}},{"type":"Feature","properties":{"F_DISA_NM":"2018년 8.26~9.1 호우","F_AVR_HGT":27.55,"F_AREA":153.1,"ADM_CD":"1138010700","F_SAT_YMD":"20180826","F_END_YMD":"20180901","F_SAT_TM":"15","F_END_TM":"21","F_RSN_DTL":"침수(공공하수도역류)","F_ZONE_NM":"은평구 응암동733-13","INV_YR":"2018","F_YR":"2018","GU_NAM":"은평구","F_SHIM":0.3},"geometry":{"type":"Polygon","coordinates":[[[126.91915693084039,37.584749287690556],[126.91928756226255,37.58476811925969],[126.91931735511123,37.58464984060531],[126.91920879733406,37.58463444820722],[126.91920208690657,37.58466228398221],[126.91917469475673,37.58465658866885],[126.91915693084039,37.584749287690556]]]}},{"type":"Feature","properties":{"F_DISA_NM":"2018년 8.26~9.1 호우","F_AVR_HGT":16.91,"F_AREA":153,"ADM_CD":"1138010700","F_SAT_YMD":"20180826","F_END_YMD":"20180901","F_SAT_TM":"15","F_END_TM":"21","F_RSN_DTL":"침수(공공하수도역류)","F_ZONE_NM":"은평구 응암동367-5","INV_YR":"2018","F_YR":"2018","GU_NAM":"은평구","F_SHIM":0.3},"geometry":{"type":"Polygon","coordinates":[[[126.91830610357266,37.59158711326849],[126.91832250677841,37.5915901701585],[126.91838414659856,37.5915401909277],[126.91842937563523,37.59149391216984],[126.91835093035968,37.59147502634894],[126.91827044774352,37.591455508349846],[126.91824419778536,37.591540362574875],[126.91822923839663,37.59154224408784],[126.91822956416912,37.59156488605823],[126.91830610357266,37.59158711326849]]]}},{"type":"Feature","properties":{"F_DISA_NM":"2018년 8.26~9.1 호우","F_AVR_HGT":15.95,"F_AREA":108.8,"ADM_CD":"1138010700","F_SAT_YMD":"20180826","F_END_YMD":"20180901","F_SAT_TM":"15","F_END_TM":"21","F_RSN_DTL":"침수(공공하수도역류)","F_ZONE_NM":"은평구 응암동578-78","INV_YR":"2018","F_YR":"2018","GU_NAM":"은평구","F_SHIM":0.3},"geometry":{"type":"Polygon","coordinates":[[[126.91732247083623,37.593200763502324],[126.91729154912657,37.59310920144202],[126.91728079041117,37.59311090563458],[126.91717104607649,37.59313308157531],[126.91719010620267,37.59320012842186],[126.9172249635004,37.59321556015004],[126.91732247083623,37.593200763502324]]]}},{"type":"Feature","properties":{"F_DISA_NM":"2018년 8.26~9.1 호우","F_AVR_HGT":14.6,"F_AREA":97.2,"ADM_CD":"1138010700","F_SAT_YMD":"20180826","F_END_YMD":"20180901","F_SAT_TM":"15","F_END_TM":"21","F_RSN_DTL":"침수(공공하수도역류)","F_ZONE_NM":"은평구 응암동578-56","INV_YR":"2018","F_YR":"2018","GU_NAM":"은평구","F_SHIM":0.3},"geometry":{"type":"Polygon","coordinates":[[[126.91681629554864,37.5920364197066],[126.91693475150309,37.59201902555105],[126.91691831204892,37.591937925171216],[126.91679804427162,37.59195558830547],[126.91681314304256,37.592020650217016],[126.91681629554864,37.5920364197066]]]}},{"type":"Feature","properties":{"F_DISA_NM":"2018년 8.26~9.1 호우","F_AVR_HGT":14.6,"F_AREA":119.3,"ADM_CD":"1138010700","F_SAT_YMD":"20180826","F_END_YMD":"20180901","F_SAT_TM":"15","F_END_TM":"21","F_RSN_DTL":"침수(공공하수도역류)","F_ZONE_NM":"은평구 응암동583-7","INV_YR":"2018","F_YR":"2018","GU_NAM":"은평구","F_SHIM":0.3},"geometry":{"type":"Polygon","coordinates":[[[126.91635276474773,37.592114922311765],[126.91648367752818,37.59209618611966],[126.91648097256774,37.59208519216121],[126.91646181489767,37.59200517094194],[126.91633191895846,37.592025980108176],[126.91635276474773,37.592114922311765]]]}},{"type":"Feature","properties":{"F_DISA_NM":"2018년 8.26~9.1 호우","F_AVR_HGT":14.6,"F_AREA":111.1,"ADM_CD":"1138010700","F_SAT_YMD":"20180826","F_END_YMD":"20180901","F_SAT_TM":"15","F_END_TM":"21","F_RSN_DTL":"침수","F_ZONE_NM":"은평구 응암동583-9","INV_YR":"2018","F_YR":"2018","GU_NAM":"은평구","F_SHIM":0.3},"geometry":{"type":"Polygon","coordinates":[[[126.91637417282583,37.59220728865664],[126.91635343898135,37.592119427720256],[126.91623260494873,37.59213681957377],[126.91625356387841,37.59222576187493],[126.91637417282583,37.59220728865664]]]}},{"type":"Feature","properties":{"F_DISA_NM":"2018년 8.26~9.1 호우","F_AVR_HGT":14.6,"F_AREA":130.2,"ADM_CD":"1138010700","F_SAT_YMD":"20180826","F_END_YMD":"20180901","F_SAT_TM":"15","F_END_TM":"21","F_RSN_DTL":"침수(공공하수도역류)","F_ZONE_NM":"은평구 응암동583-11","INV_YR":"2018","F_YR":"2018","GU_NAM":"은평구","F_SHIM":0.3},"geometry":{"type":"Polygon","coordinates":[[[126.9165220740569,37.59228451951252],[126.91652287208387,37.592279744869934],[126.91652898300298,37.59218316374373],[126.91638357269616,37.59220558356628],[126.91640791963846,37.592302456945156],[126.9165220740569,37.59228451951252]]]}},{"type":"Feature","properties":{"F_DISA_NM":"2018년 8.26~9.1 호우","F_AVR_HGT":14.6,"F_AREA":121.3,"ADM_CD":"1138010700","F_SAT_YMD":"20180826","F_END_YMD":"20180901","F_SAT_TM":"15","F_END_TM":"21","F_RSN_DTL":"침수(공공하수도역류)","F_ZONE_NM":"은평구 응암동583-2","INV_YR":"2018","F_YR":"2018","GU_NAM":"은평구","F_SHIM":0.3},"geometry":{"type":"Polygon","coordinates":[[[126.91667271414049,37.5923431918729],[126.91665469001441,37.59226182002655],[126.91652287208387,37.592279744869934],[126.9165220740569,37.59228451951252],[126.91651933352813,37.59230478968758],[126.91650953022241,37.59236253572605],[126.91667271414049,37.5923431918729]]]}},{"type":"Feature","properties":{"F_DISA_NM":"2018년 8.26~9.1 호우","F_AVR_HGT":14.6,"F_AREA":138.2,"ADM_CD":"1138010700","F_SAT_YMD":"20180826","F_END_YMD":"20180901","F_SAT_TM":"15","F_END_TM":"21","F_RSN_DTL":"침수(공공하수도역류)","F_ZONE_NM":"은평구 응암동583-1","INV_YR":"2018","F_YR":"2018","GU_NAM":"은평구","F_SHIM":0.3},"geometry":{"type":"Polygon","coordinates":[[[126.91651135805638,37.59244786026135],[126.9166610711647,37.592425713671176],[126.91668206472673,37.592384914169955],[126.91667271414049,37.5923431918729],[126.91650953022241,37.59236253572605],[126.91650324825164,37.592410373471424],[126.91651135805638,37.59244786026135]]]}},{"type":"Feature","properties":{"F_DISA_NM":"2018년 8.26~9.1 호우","F_AVR_HGT":14.6,"F_AREA":112.7,"ADM_CD":"1138010700","F_SAT_YMD":"20180826","F_END_YMD":"20180901","F_SAT_TM":"15","F_END_TM":"21","F_RSN_DTL":"침수(공공하수도역류)","F_ZONE_NM":"은평구 응암동578-63","INV_YR":"2018","F_YR":"2018","GU_NAM":"은평구","F_SHIM":0.3},"geometry":{"type":"Polygon","coordinates":[[[126.91685482291273,37.59260974370482],[126.91689052461216,37.59247912657723],[126.91677422671529,37.59248994505027],[126.91680103045805,37.592617543673164],[126.91685482291273,37.59260974370482]]]}},{"type":"Feature","properties":{"F_DISA_NM":"2018년 8.26~9.1 호우","F_AVR_HGT":14.67,"F_AREA":153.7,"ADM_CD":"1138010700","F_SAT_YMD":"20180826","F_END_YMD":"20180901","F_SAT_TM":"15","F_END_TM":"21","F_RSN_DTL":"침수(공공하수도역류)","F_ZONE_NM":"은평구 응암동584-22","INV_YR":"2018","F_YR":"2018","GU_NAM":"은평구","F_SHIM":0.3},"geometry":{"type":"Polygon","coordinates":[[[126.9162344159039,37.59164127944121],[126.91621671030416,37.59157900861981],[126.91620221241386,37.591583232769],[126.91608928811392,37.591615496438536],[126.91611984911206,37.59172363668921],[126.91625042476971,37.591702107458474],[126.9162344159039,37.59164127944121]]]}},{"type":"Feature","properties":{"F_DISA_NM":"2018년 8.26~9.1 호우","F_AVR_HGT":14.67,"F_AREA":144.8,"ADM_CD":"1138010700","F_SAT_YMD":"20180826","F_END_YMD":"20180901","F_SAT_TM":"6","F_END_TM":"12","F_RSN_DTL":"침수(공공하수도역류)","F_ZONE_NM":"은평구 응암동584-20","INV_YR":"2018","F_YR":"2018","GU_NAM":"은평구","F_SHIM":0.3},"geometry":{"type":"Polygon","coordinates":[[[126.91620221241386,37.591583232769],[126.91621671030416,37.59157900861981],[126.91630652818306,37.59155375582903],[126.91623262969938,37.59142053694976],[126.91614166805793,37.591455969982654],[126.91620221241386,37.591583232769]]]}},{"type":"Feature","properties":{"F_DISA_NM":"2018년 8.26~9.1 호우","F_AVR_HGT":14.67,"F_AREA":185.5,"ADM_CD":"1138010700","F_SAT_YMD":"20180826","F_END_YMD":"20180901","F_SAT_TM":"15","F_END_TM":"21","F_RSN_DTL":"침수(공공하수도역류)","F_ZONE_NM":"은평구 응암동584-7","INV_YR":"2018","F_YR":"2018","GU_NAM":"은평구","F_SHIM":0.3},"geometry":{"type":"Polygon","coordinates":[[[126.91634537694259,37.59154333244728],[126.91632971028109,37.59148025222693],[126.91633778429978,37.59144962458052],[126.9164194968434,37.59138292056612],[126.91643977303904,37.59137536691231],[126.91642894974133,37.59133454451194],[126.91634399608841,37.59136403553422],[126.91622381477134,37.59140584453295],[126.91623262969938,37.59142053694976],[126.91630652818306,37.59155375582903],[126.91634537694259,37.59154333244728]]]}},{"type":"Feature","properties":{"F_DISA_NM":"2018년 8.26~9.1 호우","F_AVR_HGT":14.67,"F_AREA":113.1,"ADM_CD":"1138010700","F_SAT_YMD":"20180826","F_END_YMD":"20180901","F_SAT_TM":"15","F_END_TM":"21","F_RSN_DTL":"침수(공공하수도역류)","F_ZONE_NM":"은평구 응암동584-3","INV_YR":"2018","F_YR":"2018","GU_NAM":"은평구","F_SHIM":0.3},"geometry":{"type":"Polygon","coordinates":[[[126.9165412337176,37.59176538608499],[126.9165193604567,37.59168374114363],[126.91638640867629,37.59170391748158],[126.91640737567145,37.5917858320891],[126.9165412337176,37.59176538608499]]]}},{"type":"Feature","properties":{"F_DISA_NM":"2018년 8.26~9.1 호우","F_AVR_HGT":14.67,"F_AREA":111.1,"ADM_CD":"1138010700","F_SAT_YMD":"20180826","F_END_YMD":"20180901","F_SAT_TM":"15","F_END_TM":"21","F_RSN_DTL":"침수(공공하수도역류)","F_ZONE_NM":"은평구 응암동584-2","INV_YR":"2018","F_YR":"2018","GU_NAM":"은평구","F_SHIM":0.3},"geometry":{"type":"Polygon","coordinates":[[[126.91642822845924,37.59186864759387],[126.91656253863606,37.591849012777885],[126.9165412337176,37.59176538608499],[126.91640737567145,37.5917858320891],[126.91640895182525,37.591793761888766],[126.91642822845924,37.59186864759387]]]}},{"type":"Feature","properties":{"F_DISA_NM":"2018년 8.26~9.1 호우","F_AVR_HGT":14.6,"F_AREA":111.1,"ADM_CD":"1138010700","F_SAT_YMD":"20180826","F_END_YMD":"20180901","F_SAT_TM":"15","F_END_TM":"21","F_RSN_DTL":"침수(공공하수도역류)","F_ZONE_NM":"은평구 응암동584-1","INV_YR":"2018","F_YR":"2018","GU_NAM":"은평구","F_SHIM":0.3},"geometry":{"type":"Polygon","coordinates":[[[126.91658509074308,37.59193119878808],[126.9165711080786,37.59188055340077],[126.91656253863606,37.591849012777885],[126.91642822845924,37.59186864759387],[126.91643138539084,37.59188045276575],[126.91645043971624,37.591951734368166],[126.91658509074308,37.59193119878808]]]}},{"type":"Feature","properties":{"F_DISA_NM":"2018년 8.26~9.1 호우","F_AVR_HGT":14.6,"F_AREA":101.8,"ADM_CD":"1138010700","F_SAT_YMD":"20180826","F_END_YMD":"20180901","F_SAT_TM":"15","F_END_TM":"21","F_RSN_DTL":"침수(공공하수도역류)","F_ZONE_NM":"은평구 응암동577-71","INV_YR":"2018","F_YR":"2018","GU_NAM":"은평구","F_SHIM":0.3},"geometry":{"type":"Polygon","coordinates":[[[126.91693275659468,37.59188081310949],[126.91701236823549,37.59186960782619],[126.91699106729128,37.59178201688576],[126.91687906629609,37.5917988751367],[126.91689856190075,37.59188078860088],[126.91689968897305,37.591885384429496],[126.91693275659468,37.59188081310949]]]}},{"type":"Feature","properties":{"F_DISA_NM":"2018년 8.26~9.1 호우","F_AVR_HGT":14.71,"F_AREA":108.4,"ADM_CD":"1138010700","F_SAT_YMD":"20180826","F_END_YMD":"20180901","F_SAT_TM":"15","F_END_TM":"21","F_RSN_DTL":"침수","F_ZONE_NM":"은평구 응암동577-34","INV_YR":"2018","F_YR":"2018","GU_NAM":"은평구","F_SHIM":0.3},"geometry":{"type":"Polygon","coordinates":[[[126.91702102505236,37.59082248980658],[126.91699328102207,37.59072561409703],[126.9169504734451,37.59073288141138],[126.9168852432875,37.59074355637718],[126.91691264903638,37.59083908039237],[126.91702102505236,37.59082248980658]]]}},{"type":"Feature","properties":{"F_DISA_NM":"2018년 8.26~9.1 호우","F_AVR_HGT":15.2,"F_AREA":142.5,"ADM_CD":"1138010700","F_SAT_YMD":"20180826","F_END_YMD":"20180901","F_SAT_TM":"15","F_END_TM":"21","F_RSN_DTL":"침수(공공하수도역류)","F_ZONE_NM":"은평구 응암동581-25","INV_YR":"2018","F_YR":"2018","GU_NAM":"은평구","F_SHIM":0.3},"geometry":{"type":"Polygon","coordinates":[[[126.91653117958609,37.59313910969019],[126.91654383730435,37.59316020183446],[126.91661690189467,37.593132413997566],[126.91661127174848,37.5931048398297],[126.91658930762456,37.59300310290523],[126.91646156749263,37.5930185078552],[126.91646416591936,37.59302364533789],[126.91653117958609,37.59313910969019]]]}},{"type":"Feature","properties":{"F_DISA_NM":"2018년 8.26~9.1 호우","F_AVR_HGT":17.05,"F_AREA":149.8,"ADM_CD":"1138010700","F_SAT_YMD":"20180826","F_END_YMD":"20180901","F_SAT_TM":"15","F_END_TM":"21","F_RSN_DTL":"침수(공공하수도역류)","F_ZONE_NM":"은평구 응암동113-8","INV_YR":"2018","F_YR":"2018","GU_NAM":"은평구","F_SHIM":0.3},"geometry":{"type":"Polygon","coordinates":[[[126.91689227696524,37.5981310900429],[126.91704811838402,37.598106965219166],[126.9170234270892,37.59801180368908],[126.91686735755022,37.5980375500874],[126.91688742655334,37.598114508469024],[126.91689227696524,37.5981310900429]]]}},{"type":"Feature","properties":{"F_DISA_NM":"2018년 8.26~9.1 호우","F_AVR_HGT":17.05,"F_AREA":146.1,"ADM_CD":"1138010700","F_SAT_YMD":"20180826","F_END_YMD":"20180901","F_SAT_TM":"15","F_END_TM":"21","F_RSN_DTL":"침수(공공하수도역류)","F_ZONE_NM":"은평구 응암동113-7","INV_YR":"2018","F_YR":"2018","GU_NAM":"은평구","F_SHIM":0.3},"geometry":{"type":"Polygon","coordinates":[[[126.91707258703484,37.59819879294442],[126.91704811838402,37.598106965219166],[126.91689227696524,37.5981310900429],[126.91691730906747,37.59822517066251],[126.91707258703484,37.59819879294442]]]}},{"type":"Feature","properties":{"F_DISA_NM":"2018년 8.26~9.1 호우","F_AVR_HGT":17.22,"F_AREA":152.4,"ADM_CD":"1138010700","F_SAT_YMD":"20180826","F_END_YMD":"20180901","F_SAT_TM":"15","F_END_TM":"21","F_RSN_DTL":"침수(공공하수도역류)","F_ZONE_NM":"은평구 응암동118-64","INV_YR":"2018","F_YR":"2018","GU_NAM":"은평구","F_SHIM":0.3},"geometry":{"type":"Polygon","coordinates":[[[126.91805050132317,37.59708506197217],[126.91819109732609,37.597021551866014],[126.91813106270716,37.596937898183995],[126.9179898990234,37.59700284939175],[126.91802121836821,37.59704476729157],[126.91805050132317,37.59708506197217]]]}},{"type":"Feature","properties":{"F_DISA_NM":"2018년 8.26~9.1 호우","F_AVR_HGT":17.44,"F_AREA":136.9,"ADM_CD":"1138010700","F_SAT_YMD":"20180826","F_END_YMD":"20180901","F_SAT_TM":"15","F_END_TM":"21","F_RSN_DTL":"침수(공공하수도역류)","F_ZONE_NM":"은평구 응암동118-14","INV_YR":"2018","F_YR":"2018","GU_NAM":"은평구","F_SHIM":0.3},"geometry":{"type":"Polygon","coordinates":[[[126.91848687152878,37.597120327914176],[126.91842785501578,37.59703721569066],[126.91828918288093,37.59710189871413],[126.91834198427483,37.59717338393749],[126.91848687152878,37.597120327914176]]]}},{"type":"Feature","properties":{"F_DISA_NM":"2018년 8.26~9.1 호우","F_AVR_HGT":17.18,"F_AREA":176.2,"ADM_CD":"1138010700","F_SAT_YMD":"20180826","F_END_YMD":"20180901","F_SAT_TM":"15","F_END_TM":"21","F_RSN_DTL":"침수(공공하수도역류)","F_ZONE_NM":"은평구 응암동122-52","INV_YR":"2018","F_YR":"2018","GU_NAM":"은평구","F_SHIM":0.3},"geometry":{"type":"Polygon","coordinates":[[[126.91648540197045,37.59675058086584],[126.91645123735385,37.596622706660874],[126.91631725539392,37.59664486432105],[126.91635130717252,37.59677219789253],[126.91648540197045,37.59675058086584]]]}},{"type":"Feature","properties":{"F_DISA_NM":"2018년 8.26~9.1 호우","F_AVR_HGT":16.22,"F_AREA":67.4,"ADM_CD":"1138010700","F_SAT_YMD":"20180826","F_END_YMD":"20180901","F_SAT_TM":"15","F_END_TM":"21","F_RSN_DTL":"침수(공공하수도역류)","F_ZONE_NM":"은평구 응암동126-17","INV_YR":"2018","F_YR":"2018","GU_NAM":"은평구","F_SHIM":0.3},"geometry":{"type":"Polygon","coordinates":[[[126.9158637718167,37.59484770403009],[126.91591337711459,37.59483927076727],[126.91589161729148,37.594757265441004],[126.91586386991962,37.59476211062247],[126.91581075386051,37.594771081905826],[126.91583172076847,37.59485326686791],[126.9158637718167,37.59484770403009]]]}},{"type":"Feature","properties":{"F_DISA_NM":"2018년 8.26~9.1 호우","F_AVR_HGT":16.51,"F_AREA":172.9,"ADM_CD":"1138010700","F_SAT_YMD":"20180826","F_END_YMD":"20180901","F_SAT_TM":"15","F_END_TM":"21","F_RSN_DTL":"침수(공공하수도역류)","F_ZONE_NM":"은평구 응암동126-47","INV_YR":"2018","F_YR":"2018","GU_NAM":"은평구","F_SHIM":0.3},"geometry":{"type":"Polygon","coordinates":[[[126.91675283204384,37.59448173545005],[126.91663140740934,37.59441767832104],[126.91655170490223,37.59450636790339],[126.91666620049432,37.59458979128922],[126.91675283204384,37.59448173545005]]]}},{"type":"Feature","properties":{"F_DISA_NM":"2018년 8.26~9.1 호우","F_AVR_HGT":15.81,"F_AREA":112.4,"ADM_CD":"1138010700","F_SAT_YMD":"20180826","F_END_YMD":"20180901","F_SAT_TM":"15","F_END_TM":"21","F_RSN_DTL":"침수(공공하수도역류)","F_ZONE_NM":"은평구 응암동579-30","INV_YR":"2018","F_YR":"2018","GU_NAM":"은평구","F_SHIM":0.3},"geometry":{"type":"Polygon","coordinates":[[[126.91559275788646,37.59409316717721],[126.91562504585177,37.59408809110718],[126.91559923957153,37.59398058492182],[126.91549833261158,37.59399654894524],[126.91552119433588,37.59410441340064],[126.91559275788646,37.59409316717721]]]}},{"type":"Feature","properties":{"F_DISA_NM":"2018년 8.26~9.1 호우","F_AVR_HGT":18.47,"F_AREA":158,"ADM_CD":"1138010800","F_SAT_YMD":"20180826","F_END_YMD":"20180901","F_SAT_TM":"15","F_END_TM":"21","F_RSN_DTL":"침수(공공하수도역류)","F_ZONE_NM":"은평구 역촌동23-9","INV_YR":"2018","F_YR":"2018","GU_NAM":"은평구","F_SHIM":0.3},"geometry":{"type":"Polygon","coordinates":[[[126.91748092875275,37.60483590510393],[126.91749589079195,37.60472329294856],[126.91735332458505,37.604712830069836],[126.91733972231334,37.60482454219459],[126.91748092875275,37.60483590510393]]]}},{"type":"Feature","properties":{"F_DISA_NM":"2018년 8.26~9.1 호우","F_AVR_HGT":21.25,"F_AREA":145.6,"ADM_CD":"1138010500","F_SAT_YMD":"20180826","F_END_YMD":"20180901","F_SAT_TM":"15","F_END_TM":"21","F_RSN_DTL":"침수(공공하수도역류)","F_ZONE_NM":"은평구 구산동2-27","INV_YR":"2018","F_YR":"2018","GU_NAM":"은평구","F_SHIM":0.3},"geometry":{"type":"Polygon","coordinates":[[[126.915822544765,37.61085074951144],[126.91576885378139,37.61075863020072],[126.91565419161205,37.610799451394826],[126.91564386209936,37.610819625865226],[126.915688054249,37.61089885428839],[126.915822544765,37.61085074951144]]]}},{"type":"Feature","properties":{"F_DISA_NM":"2018년 8.26~9.1 호우","F_AVR_HGT":20.85,"F_AREA":258.8,"ADM_CD":"1138010800","F_SAT_YMD":"20180826","F_END_YMD":"20180901","F_SAT_TM":"15","F_END_TM":"21","F_RSN_DTL":"침수(공공하수도역류)","F_ZONE_NM":"은평구 역촌동8-54","INV_YR":"2018","F_YR":"2018","GU_NAM":"은평구","F_SHIM":0.3},"geometry":{"type":"Polygon","coordinates":[[[126.91644229370995,37.60775920869558],[126.91632170117494,37.60764199404318],[126.91618029988058,37.60769757257232],[126.9161861760893,37.60770883909617],[126.91625376768337,37.607825204723014],[126.91644229370995,37.60775920869558]]]}},{"type":"Feature","properties":{"F_DISA_NM":"2018년 8.26~9.1 호우","F_AVR_HGT":20.39,"F_AREA":132.6,"ADM_CD":"1138010500","F_SAT_YMD":"20180826","F_END_YMD":"20180901","F_SAT_TM":"15","F_END_TM":"21","F_RSN_DTL":"침수(공공하수도역류)","F_ZONE_NM":"은평구 구산동21-26","INV_YR":"2018","F_YR":"2018","GU_NAM":"은평구","F_SHIM":0.3},"geometry":{"type":"Polygon","coordinates":[[[126.91485186737111,37.60837405286369],[126.91480293072696,37.608286441476885],[126.91467547012016,37.60833085626233],[126.91472565116511,37.60841954979466],[126.91485186737111,37.60837405286369]]]}},{"type":"Feature","properties":{"F_DISA_NM":"2018년 8.26~9.1 호우","F_AVR_HGT":18.51,"F_AREA":162,"ADM_CD":"1138010800","F_SAT_YMD":"20180826","F_END_YMD":"20180901","F_SAT_TM":"15","F_END_TM":"21","F_RSN_DTL":"침수(공공하수도역류)","F_ZONE_NM":"은평구 역촌동21-30","INV_YR":"2018","F_YR":"2018","GU_NAM":"은평구","F_SHIM":0.3},"geometry":{"type":"Polygon","coordinates":[[[126.91675623643937,37.60495647891173],[126.91677098587729,37.60483260441785],[126.91663725252968,37.60482241731119],[126.91662386224878,37.60494593237313],[126.91675623643937,37.60495647891173]]]}},{"type":"Feature","properties":{"F_DISA_NM":"2018년 8.26~9.1 호우","F_AVR_HGT":19.23,"F_AREA":280.7,"ADM_CD":"1138010800","F_SAT_YMD":"20180826","F_END_YMD":"20180901","F_SAT_TM":"15","F_END_TM":"21","F_RSN_DTL":"침수(공공하수도역류)","F_ZONE_NM":"은평구 역촌동61-34","INV_YR":"2018","F_YR":"2018","GU_NAM":"은평구","F_SHIM":0.3},"geometry":{"type":"Polygon","coordinates":[[[126.91332265665743,37.604504643103056],[126.91346182343287,37.60451600929657],[126.91346502258571,37.604492045549385],[126.91347325268585,37.60442727104842],[126.91347428485854,37.60441627983201],[126.91348423083723,37.60433691069284],[126.91348697624679,37.60431357729366],[126.9133482604902,37.60430419362807],[126.91333534103742,37.60440806725838],[126.91332425710709,37.604491940445996],[126.91332265665743,37.604504643103056]]]}},{"type":"Feature","properties":{"F_DISA_NM":"2018년 8.26~9.1 호우","F_AVR_HGT":19.06,"F_AREA":118.7,"ADM_CD":"1138010800","F_SAT_YMD":"20180826","F_END_YMD":"20180901","F_SAT_TM":"12","F_END_TM":"18","F_RSN_DTL":"침수(공공하수도역류)","F_ZONE_NM":"은평구 역촌동60-10","INV_YR":"2018","F_YR":"2018","GU_NAM":"은평구","F_SHIM":0.3},"geometry":{"type":"Polygon","coordinates":[[[126.91430844392404,37.60472016985199],[126.91431771157524,37.60463908827834],[126.91417435430775,37.604627719992976],[126.91416576166435,37.60471249608306],[126.91430844392404,37.60472016985199]]]}},{"type":"Feature","properties":{"F_DISA_NM":"2018년 8.26~9.1 호우","F_AVR_HGT":20.01,"F_AREA":174.5,"ADM_CD":"1138010800","F_SAT_YMD":"20180826","F_END_YMD":"20180901","F_SAT_TM":"15","F_END_TM":"21","F_RSN_DTL":"침수(공공하수도역류)","F_ZONE_NM":"은평구 역촌동46-24","INV_YR":"2018","F_YR":"2018","GU_NAM":"은평구","F_SHIM":0.3},"geometry":{"type":"Polygon","coordinates":[[[126.9133047944997,37.60706792434598],[126.91331174113405,37.60693953958942],[126.91317539547669,37.60693295053812],[126.91317070669137,37.60706719336041],[126.9133047944997,37.60706792434598]]]}},{"type":"Feature","properties":{"F_DISA_NM":"2018년 8.26~9.1 호우","F_AVR_HGT":22.2,"F_AREA":124.3,"ADM_CD":"1138010800","F_SAT_YMD":"20180826","F_END_YMD":"20180901","F_SAT_TM":"15","F_END_TM":"21","F_RSN_DTL":"침수(공공하수도역류)","F_ZONE_NM":"은평구 역촌동79-26","INV_YR":"2018","F_YR":"2018","GU_NAM":"은평구","F_SHIM":0.3},"geometry":{"type":"Polygon","coordinates":[[[126.91109710558032,37.60209445222207],[126.91109112230272,37.60198551881232],[126.91098013959683,37.60198939805479],[126.91098143846041,37.60203895310772],[126.91097668062342,37.60204030093224],[126.91098012247548,37.602096975393025],[126.91109710558032,37.60209445222207]]]}},{"type":"Feature","properties":{"F_DISA_NM":"2018년 8.26~9.1 호우","F_AVR_HGT":13.99,"F_AREA":149.1,"ADM_CD":"1138010700","F_SAT_YMD":"20180826","F_END_YMD":"20180901","F_SAT_TM":"15","F_END_TM":"21","F_RSN_DTL":"침수(공공하수도역류)","F_ZONE_NM":"은평구 응암동592-37","INV_YR":"2018","F_YR":"2018","GU_NAM":"은평구","F_SHIM":0.3},"geometry":{"type":"Polygon","coordinates":[[[126.91459854683318,37.58790919841503],[126.91455756903528,37.58780465396883],[126.91442483926154,37.58783410842379],[126.91446366505205,37.58793919191942],[126.91459854683318,37.58790919841503]]]}},{"type":"Feature","properties":{"F_DISA_NM":"2018년 8.26~9.1 호우","F_AVR_HGT":13.99,"F_AREA":94.1,"ADM_CD":"1138010700","F_SAT_YMD":"20180826","F_END_YMD":"20180901","F_SAT_TM":"15","F_END_TM":"21","F_RSN_DTL":"침수(공공하수도역류)","F_ZONE_NM":"은평구 응암동592-87","INV_YR":"2018","F_YR":"2018","GU_NAM":"은평구","F_SHIM":0.3},"geometry":{"type":"Polygon","coordinates":[[[126.91407031914531,37.588338397927934],[126.91413975688336,37.58833962062864],[126.91417905946574,37.588307844945476],[126.91413311854409,37.58827483489482],[126.91407587532811,37.588234518475886],[126.91403484185452,37.58827476210118],[126.91400820430854,37.58830069072398],[126.91401782069316,37.58830709484595],[126.91402136207515,37.588309205775836],[126.91407031914531,37.588338397927934]]]}},{"type":"Feature","properties":{"F_DISA_NM":"2018년 8.26~9.1 호우","F_AVR_HGT":15.93,"F_AREA":196.7,"ADM_CD":"1138010700","F_SAT_YMD":"20180826","F_END_YMD":"20180901","F_SAT_TM":"15","F_END_TM":"21","F_RSN_DTL":"침수(공공하수도역류)","F_ZONE_NM":"은평구 응암동594-85","INV_YR":"2018","F_YR":"2018","GU_NAM":"은평구","F_SHIM":0.3},"geometry":{"type":"Polygon","coordinates":[[[126.91555148425152,37.58696665493372],[126.91552410528385,37.5868505880978],[126.91547540314832,37.586767481771865],[126.91543212758982,37.58678970455514],[126.91544535095866,37.586809986365175],[126.91540095479348,37.58682211728539],[126.91542213115817,37.586916736178885],[126.91543756810833,37.58698116787821],[126.91555148425152,37.58696665493372]]]}},{"type":"Feature","properties":{"F_DISA_NM":"2018년 8.26~9.1 호우","F_AVR_HGT":19.08,"F_AREA":136.1,"ADM_CD":"1138010700","F_SAT_YMD":"20180826","F_END_YMD":"20180901","F_SAT_TM":"15","F_END_TM":"21","F_RSN_DTL":"침수(공공하수도역류)","F_ZONE_NM":"은평구 응암동756-17","INV_YR":"2018","F_YR":"2018","GU_NAM":"은평구","F_SHIM":0.3},"geometry":{"type":"Polygon","coordinates":[[[126.91649827729606,37.58573118882819],[126.91667093127303,37.58563481751687],[126.9166188019299,37.58557828825146],[126.9164581508739,37.585673136461914],[126.91646143060971,37.58567629227401],[126.91647556523866,37.58569179940653],[126.91648731030293,37.58571784634517],[126.91649827729606,37.58573118882819]]]}},{"type":"Feature","properties":{"F_DISA_NM":"2018년 8.26~9.1 호우","F_AVR_HGT":13.76,"F_AREA":166.3,"ADM_CD":"1138010700","F_SAT_YMD":"20180826","F_END_YMD":"20180901","F_SAT_TM":"15","F_END_TM":"21","F_RSN_DTL":"침수(공공하수도역류)","F_ZONE_NM":"은평구 응암동595-22","INV_YR":"2018","F_YR":"2018","GU_NAM":"은평구","F_SHIM":0.3},"geometry":{"type":"Polygon","coordinates":[[[126.9150923369685,37.5871968817671],[126.91510671793348,37.58719518042349],[126.91510164770224,37.58717382336366],[126.91511297202624,37.587171849486],[126.91509213564196,37.58707723079023],[126.91495058954742,37.587095146775404],[126.91497298570332,37.58721148038152],[126.9150923369685,37.5871968817671]]]}},{"type":"Feature","properties":{"F_DISA_NM":"2018년 8.26~9.1 호우","F_AVR_HGT":14.92,"F_AREA":139.2,"ADM_CD":"1138010700","F_SAT_YMD":"20180826","F_END_YMD":"20180901","F_SAT_TM":"15","F_END_TM":"21","F_RSN_DTL":"침수(공공하수도역류)","F_ZONE_NM":"은평구 응암동595-21","INV_YR":"2018","F_YR":"2018","GU_NAM":"은평구","F_SHIM":0.3},"geometry":{"type":"Polygon","coordinates":[[[126.91525859998039,37.58714889077233],[126.91523492833858,37.587058234364186],[126.91509213564196,37.58707723079023],[126.91511297202624,37.587171849486],[126.91525859998039,37.58714889077233]]]}},{"type":"Feature","properties":{"F_DISA_NM":"2018년 8.26~9.1 호우","F_AVR_HGT":14.92,"F_AREA":155.4,"ADM_CD":"1138010700","F_SAT_YMD":"20180826","F_END_YMD":"20180901","F_SAT_TM":"15","F_END_TM":"21","F_RSN_DTL":"침수(공공하수도역류)","F_ZONE_NM":"은평구 응암동595-19","INV_YR":"2018","F_YR":"2018","GU_NAM":"은평구","F_SHIM":0.3},"geometry":{"type":"Polygon","coordinates":[[[126.91530041246246,37.58731560357156],[126.9152796760288,37.58723224729846],[126.91510822813584,37.587259962361124],[126.91512085124145,37.587309796079],[126.91512975370215,37.587346112295286],[126.91530041246246,37.58731560357156]]]}},{"type":"Feature","properties":{"F_DISA_NM":"2018년 8.26~9.1 호우","F_AVR_HGT":14.92,"F_AREA":147.8,"ADM_CD":"1138010700","F_SAT_YMD":"20180826","F_END_YMD":"20180901","F_SAT_TM":"15","F_END_TM":"21","F_RSN_DTL":"침수(공공하수도역류)","F_ZONE_NM":"은평구 응암동595-13","INV_YR":"2018","F_YR":"2018","GU_NAM":"은평구","F_SHIM":0.3},"geometry":{"type":"Polygon","coordinates":[[[126.91529292069379,37.5871359416606],[126.91547070638926,37.58711012301784],[126.9154535886126,37.587030463449274],[126.91527195652633,37.58705375649798],[126.91529292069379,37.5871359416606]]]}},{"type":"Feature","properties":{"F_DISA_NM":"2018년 8.26~9.1 호우","F_AVR_HGT":14.92,"F_AREA":307.1,"ADM_CD":"1138010700","F_SAT_YMD":"20180826","F_END_YMD":"20180901","F_SAT_TM":"15","F_END_TM":"21","F_RSN_DTL":"침수(공공하수도역류)","F_ZONE_NM":"은평구 응암동595-15","INV_YR":"2018","F_YR":"2018","GU_NAM":"은평구","F_SHIM":0.3},"geometry":{"type":"Polygon","coordinates":[[[126.91550639795261,37.58728331837649],[126.91549288956794,37.58721546435133],[126.91549008072894,37.58719663171464],[126.91547205943175,37.58711498932405],[126.91547070638926,37.58711012301784],[126.91529292069379,37.5871359416606],[126.91531523762974,37.58722326342164],[126.91533642511291,37.58730824179121],[126.91550639795261,37.58728331837649]]]}},{"type":"Feature","properties":{"F_DISA_NM":"2018년 8.26~9.1 호우","F_AVR_HGT":14.92,"F_AREA":105.8,"ADM_CD":"1138010700","F_SAT_YMD":"20180826","F_END_YMD":"20180901","F_SAT_TM":"15","F_END_TM":"21","F_RSN_DTL":"침수(공공하수도역류)","F_ZONE_NM":"은평구 응암동595-10","INV_YR":"2018","F_YR":"2018","GU_NAM":"은평구","F_SHIM":0.3},"geometry":{"type":"Polygon","coordinates":[[[126.91561733094986,37.58730349112371],[126.91559219990485,37.587201571412926],[126.91558608517622,37.58720228774989],[126.91549288956794,37.58721546435133],[126.91550639795261,37.58728331837649],[126.91551643114457,37.587321076964024],[126.91561733094986,37.58730349112371]]]}},{"type":"Feature","properties":{"F_DISA_NM":"2018년 8.26~9.1 호우","F_AVR_HGT":14.92,"F_AREA":165.5,"ADM_CD":"1138010700","F_SAT_YMD":"20180826","F_END_YMD":"20180901","F_SAT_TM":"15","F_END_TM":"21","F_RSN_DTL":"침수(공공하수도역류)","F_ZONE_NM":"은평구 응암동596-6","INV_YR":"2018","F_YR":"2018","GU_NAM":"은평구","F_SHIM":0.3},"geometry":{"type":"Polygon","coordinates":[[[126.91565367204991,37.587798698975625],[126.91578075032682,37.58778016798272],[126.91578255084434,37.58777990800479],[126.91575808355026,37.58767149271704],[126.91561530655072,37.587685777632814],[126.91553253218098,37.587694186626585],[126.9155356790544,37.58771446108303],[126.91563294709741,37.587704891352615],[126.91565367204991,37.587798698975625]]]}},{"type":"Feature","properties":{"F_DISA_NM":"2018년 8.26~9.1 호우","F_AVR_HGT":14.87,"F_AREA":188.8,"ADM_CD":"1138010700","F_SAT_YMD":"20180826","F_END_YMD":"20180901","F_SAT_TM":"15","F_END_TM":"21","F_RSN_DTL":"침수(공공하수도역류)","F_ZONE_NM":"은평구 응암동597-4","INV_YR":"2018","F_YR":"2018","GU_NAM":"은평구","F_SHIM":0.3},"geometry":{"type":"Polygon","coordinates":[[[126.91573700750227,37.58818940865556],[126.9158752288166,37.588159812553855],[126.91587145697584,37.58814140269344],[126.91586779773925,37.58812353350553],[126.91584893839646,37.58803163736739],[126.91570550124426,37.58805822035751],[126.91571368287136,37.58809156275077],[126.91573700750227,37.58818940865556]]]}},{"type":"Feature","properties":{"F_DISA_NM":"2018년 8.26~9.1 호우","F_AVR_HGT":15.93,"F_AREA":143.8,"ADM_CD":"1138010700","F_SAT_YMD":"20180826","F_END_YMD":"20180901","F_SAT_TM":"15","F_END_TM":"21","F_RSN_DTL":"침수(공공하수도역류)","F_ZONE_NM":"은평구 응암동594-54","INV_YR":"2018","F_YR":"2018","GU_NAM":"은평구","F_SHIM":0.3},"geometry":{"type":"Polygon","coordinates":[[[126.91528392297289,37.58629882971296],[126.91522004555681,37.58621967652263],[126.91509736899067,37.58627193402048],[126.91516756785663,37.586367309635854],[126.91528392297289,37.58629882971296]]]}},{"type":"Feature","properties":{"F_DISA_NM":"2018년 8.26~9.1 호우","F_AVR_HGT":15.93,"F_AREA":171.2,"ADM_CD":"1138010700","F_SAT_YMD":"20180826","F_END_YMD":"20180901","F_SAT_TM":"15","F_END_TM":"21","F_RSN_DTL":"침수(공공하수도역류)","F_ZONE_NM":"은평구 응암동594-55","INV_YR":"2018","F_YR":"2018","GU_NAM":"은평구","F_SHIM":0.3},"geometry":{"type":"Polygon","coordinates":[[[126.91525611070762,37.58646071644688],[126.915356181647,37.58637546622673],[126.91537817045008,37.58635439921895],[126.91529795298469,37.5863067686319],[126.91528392297289,37.58629882971296],[126.91516756785663,37.586367309635854],[126.91517491658801,37.5863764149626],[126.91521607009943,37.58642690023245],[126.9152512377051,37.58646467722095],[126.91525611070762,37.58646071644688]]]}},{"type":"Feature","properties":{"F_DISA_NM":"2018년 8.26~9.1 호우","F_AVR_HGT":14,"F_AREA":176.9,"ADM_CD":"1138010700","F_SAT_YMD":"20180826","F_END_YMD":"20180901","F_SAT_TM":"15","F_END_TM":"21","F_RSN_DTL":"침수(공공하수도역류)","F_ZONE_NM":"은평구 응암동594-63","INV_YR":"2018","F_YR":"2018","GU_NAM":"은평구","F_SHIM":0.3},"geometry":{"type":"Polygon","coordinates":[[[126.91503086644181,37.58650479000906],[126.91507132189113,37.58647355545397],[126.91516866216537,37.58640010630046],[126.9151160948173,37.58633123256032],[126.91510580719333,37.586317980546184],[126.91496960035742,37.5864194218009],[126.91500642460707,37.58647350791025],[126.91503086644181,37.58650479000906]]]}},{"type":"Feature","properties":{"F_DISA_NM":"2018년 8.26~9.1 호우","F_AVR_HGT":15.93,"F_AREA":233.5,"ADM_CD":"1138010700","F_SAT_YMD":"20180826","F_END_YMD":"20180901","F_SAT_TM":"15","F_END_TM":"21","F_RSN_DTL":"침수","F_ZONE_NM":"은평구 응암동594-57","INV_YR":"2018","F_YR":"2018","GU_NAM":"은평구","F_SHIM":0.3},"geometry":{"type":"Polygon","coordinates":[[[126.915428358084,37.586523640865366],[126.91545782073348,37.586501408012865],[126.91546890481771,37.58651132693108],[126.91547932877305,37.586504577139785],[126.91545513521064,37.58647383590589],[126.91541963624525,37.58642876075575],[126.915356181647,37.58637546622673],[126.91525611070762,37.58646071644688],[126.91525881299876,37.586473692609395],[126.91526320224867,37.58649649074385],[126.91536002877152,37.58657395608869],[126.915428358084,37.586523640865366]]]}},{"type":"Feature","properties":{"F_DISA_NM":"2018년 8.26~9.1 호우","F_AVR_HGT":15.93,"F_AREA":172.9,"ADM_CD":"1138010700","F_SAT_YMD":"20180826","F_END_YMD":"20180901","F_SAT_TM":"15","F_END_TM":"21","F_RSN_DTL":"침수(공공하수도역류)","F_ZONE_NM":"은평구 응암동594-61","INV_YR":"2018","F_YR":"2018","GU_NAM":"은평구","F_SHIM":0.3},"geometry":{"type":"Polygon","coordinates":[[[126.91514970508419,37.58654091642871],[126.91522269605218,37.58647366621191],[126.91522428278606,37.58647222579545],[126.91519681264015,37.586435715807454],[126.91517375057529,37.586405696131216],[126.91516866216537,37.58640010630046],[126.91507132189113,37.58647355545397],[126.91503086644181,37.58650479000906],[126.91503561456516,37.58651092018751],[126.91509575381333,37.586591782608934],[126.91514970508419,37.58654091642871]]]}},{"type":"Feature","properties":{"F_DISA_NM":"2018년 8.26~9.1 호우","F_AVR_HGT":15.93,"F_AREA":150.7,"ADM_CD":"1138010700","F_SAT_YMD":"20180826","F_END_YMD":"20180901","F_SAT_TM":"15","F_END_TM":"21","F_RSN_DTL":"침수(공공하수도역류)","F_ZONE_NM":"은평구 응암동594-58","INV_YR":"2018","F_YR":"2018","GU_NAM":"은평구","F_SHIM":0.3},"geometry":{"type":"Polygon","coordinates":[[[126.91526302874065,37.58664686505527],[126.91536002877152,37.58657395608869],[126.91526320224867,37.58649649074385],[126.91525881299876,37.586473692609395],[126.91525611070762,37.58646071644688],[126.9152512377051,37.58646467722095],[126.91524058469656,37.586473679287906],[126.9151748515437,37.58653075369134],[126.91518129464112,37.586539768256515],[126.91523552399477,37.58661083257422],[126.91526302874065,37.58664686505527]]]}},{"type":"Feature","properties":{"F_DISA_NM":"2018년 8.26~9.1 호우","F_AVR_HGT":14,"F_AREA":171.2,"ADM_CD":"1138010700","F_SAT_YMD":"20180826","F_END_YMD":"20180901","F_SAT_TM":"15","F_END_TM":"21","F_RSN_DTL":"침수(공공하수도역류)","F_ZONE_NM":"은평구 응암동594-22","INV_YR":"2018","F_YR":"2018","GU_NAM":"은평구","F_SHIM":0.3},"geometry":{"type":"Polygon","coordinates":[[[126.91509790133726,37.58659493762953],[126.91509575381333,37.586591782608934],[126.91503561456516,37.58651092018751],[126.91503086644181,37.58650479000906],[126.91500642460707,37.58647350791025],[126.9149177594386,37.586505490942244],[126.91491546008447,37.5865063542012],[126.91482385973997,37.586540677570696],[126.91483301191181,37.58655672182934],[126.91492487197702,37.586523002303494],[126.91499674328861,37.586640723677135],[126.91509790133726,37.58659493762953]]]}},{"type":"Feature","properties":{"F_DISA_NM":"2018년 8.26~9.1 호우","F_AVR_HGT":14,"F_AREA":98.8,"ADM_CD":"1138010700","F_SAT_YMD":"20180826","F_END_YMD":"20180901","F_SAT_TM":"15","F_END_TM":"21","F_RSN_DTL":"침수(공공하수도역류)","F_ZONE_NM":"은평구 응암동594-19","INV_YR":"2018","F_YR":"2018","GU_NAM":"은평구","F_SHIM":0.3},"geometry":{"type":"Polygon","coordinates":[[[126.91486896172269,37.586896329554136],[126.91495548134615,37.586879454509706],[126.91496784964419,37.58685585776651],[126.91492253751412,37.58677897049638],[126.91484428638456,37.5867929684358],[126.91486896172269,37.586896329554136]]]}},{"type":"Feature","properties":{"F_DISA_NM":"2018년 8.26~9.1 호우","F_AVR_HGT":15.93,"F_AREA":110.7,"ADM_CD":"1138010700","F_SAT_YMD":"20180826","F_END_YMD":"20180901","F_SAT_TM":"15","F_END_TM":"21","F_RSN_DTL":"침수(공공하수도역류)","F_ZONE_NM":"은평구 응암동594-84","INV_YR":"2018","F_YR":"2018","GU_NAM":"은평구","F_SHIM":0.3},"geometry":{"type":"Polygon","coordinates":[[[126.91543756810833,37.58698116787821],[126.91542213115817,37.586916736178885],[126.91531376346761,37.58693071245958],[126.91525556944764,37.586929768962506],[126.91526805297158,37.58700248758916],[126.91543756810833,37.58698116787821]]]}},{"type":"Feature","properties":{"F_DISA_NM":"2018년 8.26~9.1 호우","F_AVR_HGT":13.99,"F_AREA":127.6,"ADM_CD":"1138010700","F_SAT_YMD":"20180826","F_END_YMD":"20180901","F_SAT_TM":"15","F_END_TM":"21","F_RSN_DTL":"침수(공공하수도역류)","F_ZONE_NM":"은평구 응암동592-49","INV_YR":"2018","F_YR":"2018","GU_NAM":"은평구","F_SHIM":0.3},"geometry":{"type":"Polygon","coordinates":[[[126.91420003760699,37.58817379389928],[126.9143205444274,37.58814063663225],[126.91428859991501,37.58805727191735],[126.91414714351205,37.58809356709554],[126.91415757605786,37.588137885259414],[126.91417197904666,37.588156267002034],[126.91420003760699,37.58817379389928]]]}},{"type":"Feature","properties":{"F_DISA_NM":"2018년 8.26~9.1 호우","F_AVR_HGT":13.99,"F_AREA":89.3,"ADM_CD":"1138010700","F_SAT_YMD":"20180826","F_END_YMD":"20180901","F_SAT_TM":"15","F_END_TM":"21","F_RSN_DTL":"침수(공공하수도역류)","F_ZONE_NM":"은평구 응암동592-28","INV_YR":"2018","F_YR":"2018","GU_NAM":"은평구","F_SHIM":0.3},"geometry":{"type":"Polygon","coordinates":[[[126.91466547402507,37.5884824543318],[126.9146897837668,37.588413456768116],[126.91460816103309,37.588404386851],[126.91459175460732,37.588395094625305],[126.91457251794593,37.58838553001721],[126.91455148599522,37.588459305192245],[126.91459923834584,37.58848294616952],[126.91466547402507,37.5884824543318]]]}},{"type":"Feature","properties":{"F_DISA_NM":"2018년 8.26~9.1 호우","F_AVR_HGT":13.99,"F_AREA":198,"ADM_CD":"1138010700","F_SAT_YMD":"20180826","F_END_YMD":"20180901","F_SAT_TM":"15","F_END_TM":"21","F_RSN_DTL":"침수(공공하수도역류)","F_ZONE_NM":"은평구 응암동592-31","INV_YR":"2018","F_YR":"2018","GU_NAM":"은평구","F_SHIM":0.3},"geometry":{"type":"Polygon","coordinates":[[[126.91483775650998,37.58812813347619],[126.91478335287104,37.58798222403973],[126.91469671285027,37.58800414438174],[126.91465582750408,37.58801474592642],[126.91469150903905,37.58809784299611],[126.9147086722843,37.58813785935375],[126.91471684646169,37.58815774109399],[126.91478974998897,37.58814803701272],[126.91483775650998,37.58812813347619]]]}},{"type":"Feature","properties":{"F_DISA_NM":"2018년 8.26~9.1 호우","F_AVR_HGT":13.99,"F_AREA":115.5,"ADM_CD":"1138010700","F_SAT_YMD":"20180826","F_END_YMD":"20180901","F_SAT_TM":"15","F_END_TM":"21","F_RSN_DTL":"침수(공공하수도역류)","F_ZONE_NM":"은평구 응암동596-25","INV_YR":"2018","F_YR":"2018","GU_NAM":"은평구","F_SHIM":0.3},"geometry":{"type":"Polygon","coordinates":[[[126.91500417157997,37.588048518386074],[126.91496058017614,37.58795163053915],[126.91487269605884,37.58797246891618],[126.9148589656485,37.58799885769841],[126.91489057110734,37.588082222011316],[126.91500417157997,37.588048518386074]]]}},{"type":"Feature","properties":{"F_DISA_NM":"2018년 8.26~9.1 호우","F_AVR_HGT":13.99,"F_AREA":118.1,"ADM_CD":"1138010700","F_SAT_YMD":"20180826","F_END_YMD":"20180901","F_SAT_TM":"15","F_END_TM":"21","F_RSN_DTL":"침수(공공하수도역류)","F_ZONE_NM":"은평구 응암동596-31","INV_YR":"2018","F_YR":"2018","GU_NAM":"은평구","F_SHIM":0.3},"geometry":{"type":"Polygon","coordinates":[[[126.9150067684831,37.588054737085976],[126.91511175974925,37.588024721085795],[126.91507291737405,37.58793315256774],[126.91507009496443,37.58792612281752],[126.91496058017614,37.58795163053915],[126.91500417157997,37.588048518386074],[126.9150067684831,37.588054737085976]]]}},{"type":"Feature","properties":{"F_DISA_NM":"2018년 8.26~9.1 호우","F_AVR_HGT":14.87,"F_AREA":147.8,"ADM_CD":"1138010700","F_SAT_YMD":"20180826","F_END_YMD":"20180901","F_SAT_TM":"15","F_END_TM":"21","F_RSN_DTL":"침수(공공하수도역류)","F_ZONE_NM":"은평구 응암동597-38","INV_YR":"2018","F_YR":"2018","GU_NAM":"은평구","F_SHIM":0.3},"geometry":{"type":"Polygon","coordinates":[[[126.91523974197743,37.58838097406847],[126.9151915343005,37.58828089345107],[126.9151897383889,37.58827715304999],[126.91518912842606,37.588275909244615],[126.91511334383102,37.58829007133913],[126.91504667555154,37.58830253720179],[126.9150812199145,37.58839040853721],[126.91523974197743,37.58838097406847]]]}},{"type":"Feature","properties":{"F_DISA_NM":"2018년 8.26~9.1 호우","F_AVR_HGT":13.27,"F_AREA":165.7,"ADM_CD":"1138010700","F_SAT_YMD":"20180826","F_END_YMD":"20180901","F_SAT_TM":"15","F_END_TM":"21","F_RSN_DTL":"침수(공공하수도역류)","F_ZONE_NM":"은평구 응암동593-18","INV_YR":"2018","F_YR":"2018","GU_NAM":"은평구","F_SHIM":0.3},"geometry":{"type":"Polygon","coordinates":[[[126.91370807123668,37.587031700663076],[126.91377681403215,37.587016254834275],[126.91376473353992,37.58698723413169],[126.91376191255819,37.586979123167964],[126.91364912485702,37.58690020306191],[126.91361185527029,37.58691738413053],[126.91358984132341,37.586959263545886],[126.9136242665335,37.58705019858736],[126.91370807123668,37.587031700663076]]]}},{"type":"Feature","properties":{"F_DISA_NM":"2018년 8.26~9.1 호우","F_AVR_HGT":13.67,"F_AREA":118.7,"ADM_CD":"1138010700","F_SAT_YMD":"20180826","F_END_YMD":"20180901","F_SAT_TM":"15","F_END_TM":"21","F_RSN_DTL":"침수(공공하수도역류)","F_ZONE_NM":"은평구 응암동593-17","INV_YR":"2018","F_YR":"2018","GU_NAM":"은평구","F_SHIM":0.3},"geometry":{"type":"Polygon","coordinates":[[[126.9138354251185,37.58695124725521],[126.91376523481047,37.58684956396778],[126.91364912485702,37.58690020306191],[126.91376191255819,37.586979123167964],[126.91376473353992,37.58698723413169],[126.9138354251185,37.58695124725521]]]}},{"type":"Feature","properties":{"F_DISA_NM":"2018년 8.26~9.1 호우","F_AVR_HGT":13.67,"F_AREA":166.5,"ADM_CD":"1138010700","F_SAT_YMD":"20180826","F_END_YMD":"20180901","F_SAT_TM":"15","F_END_TM":"21","F_RSN_DTL":"침수(공공하수도역류)","F_ZONE_NM":"은평구 응암동593-38","INV_YR":"2018","F_YR":"2018","GU_NAM":"은평구","F_SHIM":0.3},"geometry":{"type":"Polygon","coordinates":[[[126.91395364548895,37.58683871186084],[126.91392461820219,37.58677877480888],[126.91390332170022,37.58678830944729],[126.9138160972587,37.58682680684196],[126.9138089395689,37.586847974676076],[126.91389304353085,37.58696029989177],[126.91397985139795,37.58689089834025],[126.91395364548895,37.58683871186084]]]}},{"type":"Feature","properties":{"F_DISA_NM":"2018년 8.26~9.1 호우","F_AVR_HGT":13.67,"F_AREA":65.1,"ADM_CD":"1138010700","F_SAT_YMD":"20180826","F_END_YMD":"20180901","F_SAT_TM":"15","F_END_TM":"21","F_RSN_DTL":"침수(공공하수도역류)","F_ZONE_NM":"은평구 응암동593-13","INV_YR":"2018","F_YR":"2018","GU_NAM":"은평구","F_SHIM":0.3},"geometry":{"type":"Polygon","coordinates":[[[126.91411246420991,37.58696019227034],[126.9140930926847,37.58687269226321],[126.91401301596832,37.58689849120515],[126.91402708736555,37.58696778739618],[126.91411246420991,37.58696019227034]]]}},{"type":"Feature","properties":{"F_DISA_NM":"2018년 8.26~9.1 호우","F_AVR_HGT":14,"F_AREA":122.2,"ADM_CD":"1138010700","F_SAT_YMD":"20180826","F_END_YMD":"20180901","F_SAT_TM":"15","F_END_TM":"21","F_RSN_DTL":"침수(공공하수도역류)","F_ZONE_NM":"은평구 응암동594-99","INV_YR":"2018","F_YR":"2018","GU_NAM":"은평구","F_SHIM":0.3},"geometry":{"type":"Polygon","coordinates":[[[126.91455286059423,37.58674250615124],[126.91451225536277,37.58665892786968],[126.91446472203015,37.586545458783384],[126.9144404812246,37.58655562203748],[126.91446119070736,37.58675837700922],[126.91455286059423,37.58674250615124]]]}},{"type":"Feature","properties":{"F_DISA_NM":"2018년 8.26~9.1 호우","F_AVR_HGT":14,"F_AREA":122.1,"ADM_CD":"1138010700","F_SAT_YMD":"20180826","F_END_YMD":"20180901","F_SAT_TM":"15","F_END_TM":"21","F_RSN_DTL":"침수(공공하수도역류)","F_ZONE_NM":"은평구 응암동594-70","INV_YR":"2018","F_YR":"2018","GU_NAM":"은평구","F_SHIM":0.3},"geometry":{"type":"Polygon","coordinates":[[[126.91460952716425,37.58683982725825],[126.91455867749922,37.58675446651035],[126.91455286059423,37.58674250615124],[126.91446119070736,37.58675837700922],[126.91447216109702,37.58686585461493],[126.91456898566548,37.586847365678764],[126.91460952716425,37.58683982725825]]]}},{"type":"Feature","properties":{"F_DISA_NM":"2018년 8.26~9.1 호우","F_AVR_HGT":14,"F_AREA":231.1,"ADM_CD":"1138010700","F_SAT_YMD":"20180826","F_END_YMD":"20180901","F_SAT_TM":"15","F_END_TM":"21","F_RSN_DTL":"침수(공공하수도역류)","F_ZONE_NM":"은평구 응암동594-69","INV_YR":"2018","F_YR":"2018","GU_NAM":"은평구","F_SHIM":0.3},"geometry":{"type":"Polygon","coordinates":[[[126.91451225536277,37.58665892786968],[126.9146286914497,37.586619099986926],[126.91464341595122,37.5866139752085],[126.91463855725185,37.586605592469894],[126.91468624525257,37.58658616627698],[126.91463901607189,37.5865030606863],[126.91462421638924,37.58647547964409],[126.91446472203015,37.586545458783384],[126.91451225536277,37.58665892786968]]]}},{"type":"Feature","properties":{"F_DISA_NM":"2018년 8.26~9.1 호우","F_AVR_HGT":14,"F_AREA":167.2,"ADM_CD":"1138010700","F_SAT_YMD":"20180826","F_END_YMD":"20180901","F_SAT_TM":"15","F_END_TM":"21","F_RSN_DTL":"침수(공공하수도역류)","F_ZONE_NM":"은평구 응암동594-10","INV_YR":"2018","F_YR":"2018","GU_NAM":"은평구","F_SHIM":0.3},"geometry":{"type":"Polygon","coordinates":[[[126.91466161126806,37.58693473933439],[126.9146220974969,37.58683731375378],[126.91460952716425,37.58683982725825],[126.91456898566548,37.586847365678764],[126.91447216109702,37.58686585461493],[126.91448156435493,37.58695794223521],[126.91458403893243,37.58694900789582],[126.91466161126806,37.58693473933439]]]}},{"type":"Feature","properties":{"F_DISA_NM":"2018년 8.26~9.1 호우","F_AVR_HGT":14,"F_AREA":124.3,"ADM_CD":"1138010700","F_SAT_YMD":"20180826","F_END_YMD":"20180901","F_SAT_TM":"15","F_END_TM":"21","F_RSN_DTL":"침수(공공하수도역류)","F_ZONE_NM":"은평구 응암동594-12","INV_YR":"2018","F_YR":"2018","GU_NAM":"은평구","F_SHIM":0.3},"geometry":{"type":"Polygon","coordinates":[[[126.91477111724406,37.58691562887338],[126.91473037884296,37.58680018272442],[126.9146220974969,37.58683731375378],[126.91466161126806,37.58693473933439],[126.91477111724406,37.58691562887338]]]}},{"type":"Feature","properties":{"F_DISA_NM":"2018년 8.26~9.1 호우","F_AVR_HGT":14,"F_AREA":66.4,"ADM_CD":"1138010700","F_SAT_YMD":"20180826","F_END_YMD":"20180901","F_SAT_TM":"15","F_END_TM":"21","F_RSN_DTL":"침수(공공하수도역류)","F_ZONE_NM":"은평구 응암동594-16","INV_YR":"2018","F_YR":"2018","GU_NAM":"은평구","F_SHIM":0.3},"geometry":{"type":"Polygon","coordinates":[[[126.91475156488359,37.586690638496094],[126.91471992219017,37.58663997986335],[126.91468624525257,37.58658616627698],[126.91463855725185,37.586605592469894],[126.91464341595122,37.5866139752085],[126.91470025056135,37.58671285510223],[126.91475156488359,37.586690638496094]]]}},{"type":"Feature","properties":{"F_DISA_NM":"2018년 8.26~9.1 호우","F_AVR_HGT":14,"F_AREA":98.8,"ADM_CD":"1138010700","F_SAT_YMD":"20180826","F_END_YMD":"20180901","F_SAT_TM":"15","F_END_TM":"21","F_RSN_DTL":"침수(공공하수도역류)","F_ZONE_NM":"은평구 응암동594-67","INV_YR":"2018","F_YR":"2018","GU_NAM":"은평구","F_SHIM":0.3},"geometry":{"type":"Polygon","coordinates":[[[126.91478660440033,37.58654596601666],[126.9147440049908,37.586473315297994],[126.91473688619244,37.586461236862256],[126.91470902023755,37.58647328957561],[126.91463901607189,37.5865030606863],[126.91468624525257,37.58658616627698],[126.91478660440033,37.58654596601666]]]}},{"type":"Feature","properties":{"F_DISA_NM":"2018년 8.26~9.1 호우","F_AVR_HGT":13.76,"F_AREA":216.5,"ADM_CD":"1138010700","F_SAT_YMD":"20180826","F_END_YMD":"20180901","F_SAT_TM":"15","F_END_TM":"21","F_RSN_DTL":"침수(공공하수도역류)","F_ZONE_NM":"은평구 응암동594-79","INV_YR":"2018","F_YR":"2018","GU_NAM":"은평구","F_SHIM":0.3},"geometry":{"type":"Polygon","coordinates":[[[126.91493762755705,37.58704477219795],[126.9149127501654,37.58692023779623],[126.91473461335578,37.586956146375634],[126.9147523710811,37.587069052872344],[126.91493762755705,37.58704477219795]]]}},{"type":"Feature","properties":{"F_DISA_NM":"2018년 8.26~9.1 호우","F_AVR_HGT":14,"F_AREA":135.5,"ADM_CD":"1138010700","F_SAT_YMD":"20180826","F_END_YMD":"20180901","F_SAT_TM":"15","F_END_TM":"21","F_RSN_DTL":"침수(공공하수도역류)","F_ZONE_NM":"은평구 응암동594-66","INV_YR":"2018","F_YR":"2018","GU_NAM":"은평구","F_SHIM":0.3},"geometry":{"type":"Polygon","coordinates":[[[126.91491546008447,37.5865063542012],[126.91489424695736,37.58647342564483],[126.91483717475955,37.5863840961099],[126.91475278363168,37.586420974506886],[126.91478385817248,37.586473344587226],[126.91482385973997,37.586540677570696],[126.91491546008447,37.5865063542012]]]}},{"type":"Feature","properties":{"F_DISA_NM":"2018년 8.26~9.1 호우","F_AVR_HGT":14,"F_AREA":93.9,"ADM_CD":"1138010700","F_SAT_YMD":"20180826","F_END_YMD":"20180901","F_SAT_TM":"15","F_END_TM":"21","F_RSN_DTL":"침수(공공하수도역류)","F_ZONE_NM":"은평구 응암동594-20","INV_YR":"2018","F_YR":"2018","GU_NAM":"은평구","F_SHIM":0.3},"geometry":{"type":"Polygon","coordinates":[[[126.91484428638456,37.5867929684358],[126.91492253751412,37.58677897049638],[126.91491666156972,37.58676905534834],[126.9148680736958,37.586685678559334],[126.91476987279158,37.5867196636759],[126.914811346021,37.58678726803789],[126.91484180829515,37.58678197459661],[126.91484428638456,37.5867929684358]]]}},{"type":"Feature","properties":{"F_DISA_NM":"2018년 8.26~9.1 호우","F_AVR_HGT":13.76,"F_AREA":157,"ADM_CD":"1138010700","F_SAT_YMD":"20180826","F_END_YMD":"20180901","F_SAT_TM":"15","F_END_TM":"21","F_RSN_DTL":"침수(공공하수도역류)","F_ZONE_NM":"은평구 응암동594-78","INV_YR":"2018","F_YR":"2018","GU_NAM":"은평구","F_SHIM":0.3},"geometry":{"type":"Polygon","coordinates":[[[126.9147523710811,37.587069052872344],[126.91473461335578,37.586956146375634],[126.91459113543614,37.586980277307795],[126.91461161704382,37.58708732942729],[126.9147523710811,37.587069052872344]]]}},{"type":"Feature","properties":{"F_DISA_NM":"2018년 8.26~9.1 호우","F_AVR_HGT":13.76,"F_AREA":133.2,"ADM_CD":"1138010700","F_SAT_YMD":"20180826","F_END_YMD":"20180901","F_SAT_TM":"15","F_END_TM":"21","F_RSN_DTL":"침수(공공하수도역류)","F_ZONE_NM":"은평구 응암동594-77","INV_YR":"2018","F_YR":"2018","GU_NAM":"은평구","F_SHIM":0.3},"geometry":{"type":"Polygon","coordinates":[[[126.91461161704382,37.58708732942729],[126.91459113543614,37.586980277307795],[126.91446691962987,37.58699171838076],[126.91448920797077,37.58710273618829],[126.91461161704382,37.58708732942729]]]}},{"type":"Feature","properties":{"F_DISA_NM":"2018년 8.26~9.1 호우","F_AVR_HGT":13.76,"F_AREA":134.5,"ADM_CD":"1138010700","F_SAT_YMD":"20180826","F_END_YMD":"20180901","F_SAT_TM":"15","F_END_TM":"21","F_RSN_DTL":"침수(공공하수도역류)","F_ZONE_NM":"은평구 응암동594-76","INV_YR":"2018","F_YR":"2018","GU_NAM":"은평구","F_SHIM":0.3},"geometry":{"type":"Polygon","coordinates":[[[126.91448920797077,37.58710273618829],[126.91446691962987,37.58699171838076],[126.91434859154455,37.58700289337535],[126.91436872338159,37.587118324440134],[126.91448920797077,37.58710273618829]]]}},{"type":"Feature","properties":{"F_DISA_NM":"2018년 8.26~9.1 호우","F_AVR_HGT":13.76,"F_AREA":170.6,"ADM_CD":"1138010700","F_SAT_YMD":"20180826","F_END_YMD":"20180901","F_SAT_TM":"15","F_END_TM":"21","F_RSN_DTL":"침수(공공하수도역류)","F_ZONE_NM":"은평구 응암동594-74","INV_YR":"2018","F_YR":"2018","GU_NAM":"은평구","F_SHIM":0.3},"geometry":{"type":"Polygon","coordinates":[[[126.91436872338159,37.587118324440134],[126.91434859154455,37.58700289337535],[126.91427895363285,37.587009329023914],[126.91419459478257,37.587017735909825],[126.91421452793507,37.58710920064828],[126.91425865616368,37.58713292918637],[126.91429942166089,37.58712764350132],[126.91436872338159,37.587118324440134]]]}},{"type":"Feature","properties":{"F_DISA_NM":"2018년 8.26~9.1 호우","F_AVR_HGT":13.76,"F_AREA":114.4,"ADM_CD":"1138010700","F_SAT_YMD":"20180826","F_END_YMD":"20180901","F_SAT_TM":"15","F_END_TM":"21","F_RSN_DTL":"침수(공공하수도역류)","F_ZONE_NM":"은평구 응암동595-32","INV_YR":"2018","F_YR":"2018","GU_NAM":"은평구","F_SHIM":0.3},"geometry":{"type":"Polygon","coordinates":[[[126.91462932884903,37.58723960895699],[126.91461280297084,37.58713850625766],[126.91449480909105,37.58715418657026],[126.91450764468213,37.58721564321938],[126.91461910497081,37.587268883448075],[126.91462932884903,37.58723960895699]]]}},{"type":"Feature","properties":{"F_DISA_NM":"2018년 8.26~9.1 호우","F_AVR_HGT":13.76,"F_AREA":111.1,"ADM_CD":"1138010700","F_SAT_YMD":"20180826","F_END_YMD":"20180901","F_SAT_TM":"15","F_END_TM":"21","F_RSN_DTL":"침수(공공하수도역류)","F_ZONE_NM":"은평구 응암동595-39","INV_YR":"2018","F_YR":"2018","GU_NAM":"은평구","F_SHIM":0.3},"geometry":{"type":"Polygon","coordinates":[[[126.91448691129459,37.58722770113583],[126.91447454003519,37.58715642408876],[126.91432370726532,37.587176314641],[126.91435089912497,37.58725715309098],[126.91448691129459,37.58722770113583]]]}},{"type":"Feature","properties":{"F_DISA_NM":"2018년 8.26~9.1 호우","F_AVR_HGT":13.99,"F_AREA":164.6,"ADM_CD":"1138010700","F_SAT_YMD":"20180826","F_END_YMD":"20180901","F_SAT_TM":"15","F_END_TM":"21","F_RSN_DTL":"침수(공공하수도역류)","F_ZONE_NM":"은평구 응암동592-64","INV_YR":"2018","F_YR":"2018","GU_NAM":"은평구","F_SHIM":0.3},"geometry":{"type":"Polygon","coordinates":[[[126.91399745722758,37.58809958290615],[126.91397425152135,37.5879988355738],[126.91383703003851,37.58799612087007],[126.91384051803156,37.588014773850794],[126.91386392919249,37.58813327076618],[126.91399745722758,37.58809958290615]]]}},{"type":"Feature","properties":{"F_DISA_NM":"2018년 8.26~9.1 호우","F_AVR_HGT":13.27,"F_AREA":90.9,"ADM_CD":"1138010700","F_SAT_YMD":"20180826","F_END_YMD":"20180901","F_SAT_TM":"15","F_END_TM":"21","F_RSN_DTL":"침수(공공하수도역류)","F_ZONE_NM":"은평구 응암동593-9","INV_YR":"2018","F_YR":"2018","GU_NAM":"은평구","F_SHIM":0.3},"geometry":{"type":"Polygon","coordinates":[[[126.91389601133726,37.587036345243575],[126.9138354251185,37.58695124725521],[126.91376473353992,37.58698723413169],[126.91377681403215,37.587016254834275],[126.91380583558329,37.58708105723578],[126.91389601133726,37.587036345243575]]]}},{"type":"Feature","properties":{"F_DISA_NM":"2018년 8.26~9.1 호우","F_AVR_HGT":13.27,"F_AREA":300.5,"ADM_CD":"1138010700","F_SAT_YMD":"20180826","F_END_YMD":"20180901","F_SAT_TM":"15","F_END_TM":"21","F_RSN_DTL":"침수(공공하수도역류)","F_ZONE_NM":"은평구 응암동593-8","INV_YR":"2018","F_YR":"2018","GU_NAM":"은평구","F_SHIM":0.3},"geometry":{"type":"Polygon","coordinates":[[[126.91400973689998,37.58728167776379],[126.9140320171118,37.58720565113283],[126.91405638542437,37.5871835049559],[126.91415763178466,37.587160154314745],[126.91415414006644,37.58714465478593],[126.91404757110614,37.58716908266238],[126.91399864955687,37.58708120034854],[126.91397752053622,37.587044334387976],[126.91389601133726,37.587036345243575],[126.91380583558329,37.58708105723578],[126.91382672973937,37.58712504083506],[126.91383158732444,37.58713432459061],[126.91389348649186,37.58716194070071],[126.91397582087245,37.587238855822235],[126.91399041143215,37.587251570532295],[126.91400973689998,37.58728167776379]]]}},{"type":"Feature","properties":{"F_DISA_NM":"2018년 8.26~9.1 호우","F_AVR_HGT":13.27,"F_AREA":92.9,"ADM_CD":"1138010700","F_SAT_YMD":"20180826","F_END_YMD":"20180901","F_SAT_TM":"15","F_END_TM":"21","F_RSN_DTL":"침수(공공하수도역류)","F_ZONE_NM":"은평구 응암동593-21","INV_YR":"2018","F_YR":"2018","GU_NAM":"은평구","F_SHIM":0.3},"geometry":{"type":"Polygon","coordinates":[[[126.91382672973937,37.58712504083506],[126.91380583558329,37.58708105723578],[126.91377681403215,37.587016254834275],[126.91370807123668,37.587031700663076],[126.9137456372753,37.587147775490244],[126.91382672973937,37.58712504083506]]]}},{"type":"Feature","properties":{"F_DISA_NM":"2018년 8.26~9.1 호우","F_AVR_HGT":13.76,"F_AREA":134.2,"ADM_CD":"1138010700","F_SAT_YMD":"20180826","F_END_YMD":"20180901","F_SAT_TM":"15","F_END_TM":"21","F_RSN_DTL":"침수(공공하수도역류)","F_ZONE_NM":"은평구 응암동593-5","INV_YR":"2018","F_YR":"2018","GU_NAM":"은평구","F_SHIM":0.3},"geometry":{"type":"Polygon","coordinates":[[[126.91401132029931,37.58728312051379],[126.9141800457789,37.58726018025158],[126.91415763178466,37.587160154314745],[126.91405638542437,37.5871835049559],[126.9140320171118,37.58720565113283],[126.91400973689998,37.58728167776379],[126.91401132029931,37.58728312051379]]]}},{"type":"Feature","properties":{"F_DISA_NM":"2018년 8.26~9.1 호우","F_AVR_HGT":13.76,"F_AREA":111.1,"ADM_CD":"1138010700","F_SAT_YMD":"20180826","F_END_YMD":"20180901","F_SAT_TM":"15","F_END_TM":"21","F_RSN_DTL":"침수(공공하수도역류)","F_ZONE_NM":"은평구 응암동593-2","INV_YR":"2018","F_YR":"2018","GU_NAM":"은평구","F_SHIM":0.3},"geometry":{"type":"Polygon","coordinates":[[[126.9142367001637,37.58751330887509],[126.91421642437413,37.58742427655298],[126.91409208559587,37.587443375512684],[126.91412348490705,37.58750844988816],[126.9141392986465,37.58754026636888],[126.9142367001637,37.58751330887509]]]}},{"type":"Feature","properties":{"F_DISA_NM":"2018년 8.26~9.1 호우","F_AVR_HGT":19.66,"F_AREA":179.8,"ADM_CD":"1138011000","F_SAT_YMD":"20180826","F_END_YMD":"20180901","F_SAT_TM":"15","F_END_TM":"21","F_RSN_DTL":"침수(공공하수도역류)","F_ZONE_NM":"은평구 증산동193-14","INV_YR":"2018","F_YR":"2018","GU_NAM":"은평구","F_SHIM":0.3},"geometry":{"type":"Polygon","coordinates":[[[126.9108644263829,37.587410217304566],[126.91105838621479,37.587306212222614],[126.91099801308663,37.58723462772366],[126.91085163801279,37.587312270402485],[126.91084757562739,37.58739443712337],[126.9108644263829,37.587410217304566]]]}},{"type":"Feature","properties":{"F_DISA_NM":"2018년 8.26~9.1 호우","F_AVR_HGT":14.24,"F_AREA":146.6,"ADM_CD":"1138011000","F_SAT_YMD":"20180826","F_END_YMD":"20180901","F_SAT_TM":"15","F_END_TM":"21","F_RSN_DTL":"침수(공공하수도역류)","F_ZONE_NM":"은평구 증산동169-20","INV_YR":"2018","F_YR":"2018","GU_NAM":"은평구","F_SHIM":0.3},"geometry":{"type":"Polygon","coordinates":[[[126.90906908185656,37.58429961464473],[126.90919406264416,37.584215830701694],[126.90912044298773,37.584147928887205],[126.90899591587542,37.58423108241897],[126.90906908185656,37.58429961464473]]]}},{"type":"Feature","properties":{"F_DISA_NM":"2018년 8.26~9.1 호우","F_AVR_HGT":15.49,"F_AREA":109.4,"ADM_CD":"1138011000","F_SAT_YMD":"20180826","F_END_YMD":"20180901","F_SAT_TM":"15","F_END_TM":"21","F_RSN_DTL":"침수(공공하수도역류)","F_ZONE_NM":"은평구 증산동190-3","INV_YR":"2018","F_YR":"2018","GU_NAM":"은평구","F_SHIM":0.3},"geometry":{"type":"Polygon","coordinates":[[[126.90859913888846,37.586198883307986],[126.90873747413094,37.58612240836954],[126.90868987864074,37.58606632966656],[126.90855550610969,37.58614280767076],[126.90859913888846,37.586198883307986]]]}},{"type":"Feature","properties":{"F_DISA_NM":"2018년 8.26~9.1 호우","F_AVR_HGT":15.49,"F_AREA":120,"ADM_CD":"1138011000","F_SAT_YMD":"20180826","F_END_YMD":"20180901","F_SAT_TM":"15","F_END_TM":"21","F_RSN_DTL":"침수(공공하수도역류)","F_ZONE_NM":"은평구 증산동191-19","INV_YR":"2018","F_YR":"2018","GU_NAM":"은평구","F_SHIM":0.3},"geometry":{"type":"Polygon","coordinates":[[[126.90872165568565,37.58600526784852],[126.90877576431076,37.58601323904204],[126.90878517016812,37.58600621874614],[126.90876927869576,37.585856642700456],[126.90864749099401,37.58591934562451],[126.90872165568565,37.58600526784852]]]}},{"type":"Feature","properties":{"F_DISA_NM":"2018년 8.26~9.1 호우","F_AVR_HGT":13.56,"F_AREA":144.2,"ADM_CD":"1138011000","F_SAT_YMD":"20180826","F_END_YMD":"20180901","F_SAT_TM":"15","F_END_TM":"21","F_RSN_DTL":"침수(공공하수도역류)","F_ZONE_NM":"은평구 증산동169-24","INV_YR":"2018","F_YR":"2018","GU_NAM":"은평구","F_SHIM":0.3},"geometry":{"type":"Polygon","coordinates":[[[126.90879349584498,37.58404036514334],[126.90887175001818,37.58411385691073],[126.90898924945695,37.584037365293405],[126.90891156099045,37.58396414434238],[126.90879349584498,37.58404036514334]]]}},{"type":"Feature","properties":{"F_DISA_NM":"2018년 8.26~9.1 호우","F_AVR_HGT":13.56,"F_AREA":153.4,"ADM_CD":"1138011000","F_SAT_YMD":"20180826","F_END_YMD":"20180901","F_SAT_TM":"15","F_END_TM":"21","F_RSN_DTL":"침수(공공하수도역류)","F_ZONE_NM":"은평구 증산동171-7","INV_YR":"2018","F_YR":"2018","GU_NAM":"은평구","F_SHIM":0.3},"geometry":{"type":"Polygon","coordinates":[[[126.90814396096262,37.58414427738418],[126.90819168108483,37.58418990499067],[126.90832017516347,37.58410387228527],[126.908244183494,37.58403227400991],[126.90811738757398,37.58411839807582],[126.90814396096262,37.58414427738418]]]}},{"type":"Feature","properties":{"F_DISA_NM":"2018년 8.26~9.1 호우","F_AVR_HGT":14.32,"F_AREA":194.1,"ADM_CD":"1138010700","F_SAT_YMD":"20180826","F_END_YMD":"20180901","F_SAT_TM":"15","F_END_TM":"21","F_RSN_DTL":"침수(공공하수도역류)","F_ZONE_NM":"은평구 응암동589-17","INV_YR":"2018","F_YR":"2018","GU_NAM":"은평구","F_SHIM":0.3},"geometry":{"type":"Polygon","coordinates":[[[126.91566211788825,37.59030290246958],[126.91576178634092,37.590276485971366],[126.91582087338162,37.59029085453987],[126.91586907065543,37.59022401843784],[126.91587542134911,37.5902152114154],[126.91586908426284,37.59021214346945],[126.91572627237302,37.59014410551364],[126.91572479393503,37.590149780642726],[126.91571754888993,37.59014860409659],[126.91570547299452,37.59021310582265],[126.91567785252607,37.590207499634836],[126.91566088855753,37.59028884621443],[126.915656129897,37.5902916358056],[126.91566211788825,37.59030290246958]]]}},{"type":"Feature","properties":{"F_DISA_NM":"2018년 8.26~9.1 호우","F_AVR_HGT":14.32,"F_AREA":139.8,"ADM_CD":"1138010700","F_SAT_YMD":"20180826","F_END_YMD":"20180901","F_SAT_TM":"15","F_END_TM":"21","F_RSN_DTL":"침수(공공하수도역류)","F_ZONE_NM":"은평구 응암동589-26","INV_YR":"2018","F_YR":"2018","GU_NAM":"은평구","F_SHIM":0.3},"geometry":{"type":"Polygon","coordinates":[[[126.915656129897,37.5902916358056],[126.91566088855753,37.59028884621443],[126.91567785252607,37.590207499634836],[126.91555740493482,37.590186779432905],[126.9155262163974,37.59033010337959],[126.915656129897,37.5902916358056]]]}},{"type":"Feature","properties":{"F_DISA_NM":"2018년 8.26~9.1 호우","F_AVR_HGT":14.32,"F_AREA":128,"ADM_CD":"1138010700","F_SAT_YMD":"20180826","F_END_YMD":"20180901","F_SAT_TM":"15","F_END_TM":"21","F_RSN_DTL":"침수(공공하수도역류)","F_ZONE_NM":"은평구 응암동588-13","INV_YR":"2018","F_YR":"2018","GU_NAM":"은평구","F_SHIM":0.3},"geometry":{"type":"Polygon","coordinates":[[[126.91549600115799,37.5903162962985],[126.9155117260581,37.59022954293213],[126.91538483067879,37.5902035921448],[126.9153724911357,37.59020187126917],[126.91534228012992,37.59028266754365],[126.91535450521428,37.59028546952052],[126.91549600115799,37.5903162962985]]]}},{"type":"Feature","properties":{"F_DISA_NM":"2018년 8.26~9.1 호우","F_AVR_HGT":14.32,"F_AREA":124.3,"ADM_CD":"1138010700","F_SAT_YMD":"20180826","F_END_YMD":"20180901","F_SAT_TM":"15","F_END_TM":"21","F_RSN_DTL":"침수(공공하수도역류)","F_ZONE_NM":"은평구 응암동585-32","INV_YR":"2018","F_YR":"2018","GU_NAM":"은평구","F_SHIM":0.3},"geometry":{"type":"Polygon","coordinates":[[[126.91565352061109,37.59078888733151],[126.91557027417163,37.59071251335043],[126.91547621874966,37.59078028896974],[126.91556161811833,37.59085522300868],[126.91565352061109,37.59078888733151]]]}},{"type":"Feature","properties":{"F_DISA_NM":"2018년 8.26~9.1 호우","F_AVR_HGT":14.32,"F_AREA":150.1,"ADM_CD":"1138010700","F_SAT_YMD":"20180826","F_END_YMD":"20180901","F_SAT_TM":"15","F_END_TM":"21","F_RSN_DTL":"침수(공공하수도역류)","F_ZONE_NM":"은평구 응암동585-31","INV_YR":"2018","F_YR":"2018","GU_NAM":"은평구","F_SHIM":0.3},"geometry":{"type":"Polygon","coordinates":[[[126.91545475728402,37.59093226942467],[126.91556161811833,37.59085522300868],[126.91547621874966,37.59078028896974],[126.91547111933635,37.590783979289405],[126.91536709248197,37.590858144542146],[126.91545475728402,37.59093226942467]]]}},{"type":"Feature","properties":{"F_DISA_NM":"2018년 8.26~9.1 호우","F_AVR_HGT":14.72,"F_AREA":109.1,"ADM_CD":"1138010700","F_SAT_YMD":"20180826","F_END_YMD":"20180901","F_SAT_TM":"15","F_END_TM":"21","F_RSN_DTL":"침수(공공하수도역류)","F_ZONE_NM":"은평구 응암동590-25","INV_YR":"2018","F_YR":"2018","GU_NAM":"은평구","F_SHIM":0.3},"geometry":{"type":"Polygon","coordinates":[[[126.9154080468613,37.58970779718617],[126.91552689699503,37.58973851730892],[126.91555176915733,37.589672403143275],[126.91555869779462,37.589653307311785],[126.91544211039637,37.58962421064329],[126.9154080468613,37.58970779718617]]]}},{"type":"Feature","properties":{"F_DISA_NM":"2018년 8.26~9.1 호우","F_AVR_HGT":14.32,"F_AREA":119.3,"ADM_CD":"1138010700","F_SAT_YMD":"20180826","F_END_YMD":"20180901","F_SAT_TM":"15","F_END_TM":"21","F_RSN_DTL":"침수(공공하수도역류)","F_ZONE_NM":"은평구 응암동584-18","INV_YR":"2018","F_YR":"2018","GU_NAM":"은평구","F_SHIM":0.3},"geometry":{"type":"Polygon","coordinates":[[[126.91612311728635,37.59143982894091],[126.91609069575428,37.59137457420252],[126.91606809388445,37.59133653629617],[126.91604362662733,37.59134552842663],[126.91596184027013,37.59137754422389],[126.91603645942641,37.59147418382463],[126.91612311728635,37.59143982894091]]]}},{"type":"Feature","properties":{"F_DISA_NM":"2018년 8.26~9.1 호우","F_AVR_HGT":14.32,"F_AREA":145.8,"ADM_CD":"1138010700","F_SAT_YMD":"20180826","F_END_YMD":"20180901","F_SAT_TM":"15","F_END_TM":"21","F_RSN_DTL":"침수(공공하수도역류)","F_ZONE_NM":"은평구 응암동584-33","INV_YR":"2018","F_YR":"2018","GU_NAM":"은평구","F_SHIM":0.3},"geometry":{"type":"Polygon","coordinates":[[[126.91594627528703,37.59172044763754],[126.91607718819839,37.59170108120563],[126.9160706460517,37.59167918254743],[126.91595094173996,37.59169936798391],[126.91592940882443,37.591617723179404],[126.91593926122945,37.5916162887477],[126.91593599342929,37.591602501315954],[126.91586744822213,37.59163984245417],[126.9158445620966,37.59165225943113],[126.91580666407958,37.59167276535437],[126.91581201849243,37.591693590993295],[126.9158238321194,37.591739459679566],[126.91586734166789,37.59173282397386],[126.91594627528703,37.59172044763754]]]}},{"type":"Feature","properties":{"F_DISA_NM":"2018년 8.26~9.1 호우","F_AVR_HGT":14.5,"F_AREA":156.4,"ADM_CD":"1138010700","F_SAT_YMD":"20180826","F_END_YMD":"20180901","F_SAT_TM":"15","F_END_TM":"21","F_RSN_DTL":"침수(공공하수도역류)","F_ZONE_NM":"은평구 응암동584-51","INV_YR":"2018","F_YR":"2018","GU_NAM":"은평구","F_SHIM":0.3},"geometry":{"type":"Polygon","coordinates":[[[126.91523522238731,37.59200202824598],[126.9152693788751,37.59213332663633],[126.91538126719229,37.592116740127175],[126.91534638890246,37.59197298062729],[126.9153463663816,37.59197287249271],[126.91523522238731,37.59200202824598]]]}},{"type":"Feature","properties":{"F_DISA_NM":"2018년 8.26~9.1 호우","F_AVR_HGT":14.5,"F_AREA":175.2,"ADM_CD":"1138010700","F_SAT_YMD":"20180826","F_END_YMD":"20180901","F_SAT_TM":"15","F_END_TM":"21","F_RSN_DTL":"침수(공공하수도역류)","F_ZONE_NM":"은평구 응암동583-25","INV_YR":"2018","F_YR":"2018","GU_NAM":"은평구","F_SHIM":0.3},"geometry":{"type":"Polygon","coordinates":[[[126.9154968080737,37.59227143330594],[126.9154692004972,37.5921556366901],[126.91532797998471,37.59217751767595],[126.9153569379857,37.59230034298809],[126.9154968080737,37.59227143330594]]]}},{"type":"Feature","properties":{"F_DISA_NM":"2018년 8.26~9.1 호우","F_AVR_HGT":14.5,"F_AREA":190.1,"ADM_CD":"1138010700","F_SAT_YMD":"20180826","F_END_YMD":"20180901","F_SAT_TM":"15","F_END_TM":"21","F_RSN_DTL":"침수(공공하수도역류)","F_ZONE_NM":"은평구 응암동584-53","INV_YR":"2018","F_YR":"2018","GU_NAM":"은평구","F_SHIM":0.3},"geometry":{"type":"Polygon","coordinates":[[[126.91567480409032,37.59207307602679],[126.91565317987903,37.591972510438],[126.91546847319813,37.59200057674397],[126.91549383472308,37.59210024410535],[126.91567480409032,37.59207307602679]]]}},{"type":"Feature","properties":{"F_DISA_NM":"2018년 8.26~9.1 호우","F_AVR_HGT":14.5,"F_AREA":131.9,"ADM_CD":"1138010700","F_SAT_YMD":"20180826","F_END_YMD":"20180901","F_SAT_TM":"15","F_END_TM":"21","F_RSN_DTL":"침수(공공하수도역류)","F_ZONE_NM":"은평구 응암동584-54","INV_YR":"2018","F_YR":"2018","GU_NAM":"은평구","F_SHIM":0.3},"geometry":{"type":"Polygon","coordinates":[[[126.91580413539427,37.5920511859927],[126.9157722386266,37.59192331313716],[126.91567031543377,37.591939276576475],[126.91570458878192,37.59206805217131],[126.91580413539427,37.5920511859927]]]}},{"type":"Feature","properties":{"F_DISA_NM":"2018년 8.26~9.1 호우","F_AVR_HGT":14.5,"F_AREA":120,"ADM_CD":"1138010700","F_SAT_YMD":"20180826","F_END_YMD":"20180901","F_SAT_TM":"15","F_END_TM":"21","F_RSN_DTL":"침수(공공하수도역류)","F_ZONE_NM":"은평구 응암동584-60","INV_YR":"2018","F_YR":"2018","GU_NAM":"은평구","F_SHIM":0.3},"geometry":{"type":"Polygon","coordinates":[[[126.9158669877227,37.59204168118176],[126.91589563918305,37.592037467341676],[126.91587332499506,37.59194591113622],[126.91586712453122,37.59192230084517],[126.91586362965654,37.59190905383799],[126.9157722386266,37.59192331313716],[126.91580413539427,37.5920511859927],[126.9158669877227,37.59204168118176]]]}},{"type":"Feature","properties":{"F_DISA_NM":"2018년 8.26~9.1 호우","F_AVR_HGT":14.5,"F_AREA":116.7,"ADM_CD":"1138010700","F_SAT_YMD":"20180826","F_END_YMD":"20180901","F_SAT_TM":"15","F_END_TM":"21","F_RSN_DTL":"침수(공공하수도역류)","F_ZONE_NM":"은평구 응암동584-55","INV_YR":"2018","F_YR":"2018","GU_NAM":"은평구","F_SHIM":0.3},"geometry":{"type":"Polygon","coordinates":[[[126.91601908159497,37.592016383686],[126.91599778936133,37.59192216132999],[126.91599427873076,37.59192266333771],[126.91599427326655,37.591927438551245],[126.91587332499506,37.59194591113622],[126.91589563918305,37.592037467341676],[126.91601928437412,37.5920172848173],[126.91601908159497,37.592016383686]]]}},{"type":"Feature","properties":{"F_DISA_NM":"2018년 8.26~9.1 호우","F_AVR_HGT":14.5,"F_AREA":102.5,"ADM_CD":"1138010700","F_SAT_YMD":"20180826","F_END_YMD":"20180901","F_SAT_TM":"15","F_END_TM":"21","F_RSN_DTL":"침수(공공하수도역류)","F_ZONE_NM":"은평구 응암동583-19","INV_YR":"2018","F_YR":"2018","GU_NAM":"은평구","F_SHIM":0.3},"geometry":{"type":"Polygon","coordinates":[[[126.916109627945,37.59224592996383],[126.9160886659885,37.59215978068696],[126.91608483323381,37.59214491167038],[126.91599841687044,37.59216539153673],[126.91596545044669,37.592081395901516],[126.91594268805541,37.59208453284681],[126.91598516508272,37.59216898587253],[126.91603941297437,37.59225777213142],[126.9160485860935,37.592256337198876],[126.916109627945,37.59224592996383]]]}},{"type":"Feature","properties":{"F_DISA_NM":"2018년 8.26~9.1 호우","F_AVR_HGT":14.5,"F_AREA":81.3,"ADM_CD":"1138010700","F_SAT_YMD":"20180826","F_END_YMD":"20180901","F_SAT_TM":"15","F_END_TM":"21","F_RSN_DTL":"침수(공공하수도역류)","F_ZONE_NM":"은평구 응암동583-18","INV_YR":"2018","F_YR":"2018","GU_NAM":"은평구","F_SHIM":0.3},"geometry":{"type":"Polygon","coordinates":[[[126.91608483323381,37.59214491167038],[126.91606567535469,37.59206543097836],[126.91596545044669,37.592081395901516],[126.91599841687044,37.59216539153673],[126.91608483323381,37.59214491167038]]]}},{"type":"Feature","properties":{"F_DISA_NM":"2018년 8.26~9.1 호우","F_AVR_HGT":14.6,"F_AREA":94.9,"ADM_CD":"1138010700","F_SAT_YMD":"20180826","F_END_YMD":"20180901","F_SAT_TM":"15","F_END_TM":"21","F_RSN_DTL":"침수(공공하수도역류)","F_ZONE_NM":"은평구 응암동583-16","INV_YR":"2018","F_YR":"2018","GU_NAM":"은평구","F_SHIM":0.3},"geometry":{"type":"Polygon","coordinates":[[[126.91621744158078,37.59222798823744],[126.91619715527219,37.59214499291318],[126.9160886659885,37.59215978068696],[126.916109627945,37.59224592996383],[126.91621744158078,37.59222798823744]]]}},{"type":"Feature","properties":{"F_DISA_NM":"2018년 8.26~9.1 호우","F_AVR_HGT":14.24,"F_AREA":160.3,"ADM_CD":"1138010700","F_SAT_YMD":"20180826","F_END_YMD":"20180901","F_SAT_TM":"15","F_END_TM":"21","F_RSN_DTL":"침수(공공하수도역류)","F_ZONE_NM":"은평구 응암동588-28","INV_YR":"2018","F_YR":"2018","GU_NAM":"은평구","F_SHIM":0.3},"geometry":{"type":"Polygon","coordinates":[[[126.9150598232209,37.59015037664121],[126.9151059899966,37.590077520784355],[126.91513105827082,37.59003807600265],[126.91510808439186,37.59002877904456],[126.91501958410731,37.589992945132465],[126.9149616284709,37.590077415015365],[126.91494302830836,37.59010443091599],[126.9150598232209,37.59015037664121]]]}},{"type":"Feature","properties":{"F_DISA_NM":"2018년 8.26~9.1 호우","F_AVR_HGT":14.72,"F_AREA":141.2,"ADM_CD":"1138010700","F_SAT_YMD":"20180826","F_END_YMD":"20180901","F_SAT_TM":"15","F_END_TM":"21","F_RSN_DTL":"침수(공공하수도역류)","F_ZONE_NM":"은평구 응암동588-24","INV_YR":"2018","F_YR":"2018","GU_NAM":"은평구","F_SHIM":0.3},"geometry":{"type":"Polygon","coordinates":[[[126.91517661692423,37.590197493529786],[126.91521128899225,37.59007759782213],[126.9152131074541,37.59007165265261],[126.91513105827082,37.59003807600265],[126.9151059899966,37.590077520784355],[126.9150598232209,37.59015037664121],[126.91507521429635,37.590156875003174],[126.91517661692423,37.590197493529786]]]}},{"type":"Feature","properties":{"F_DISA_NM":"2018년 8.26~9.1 호우","F_AVR_HGT":14.72,"F_AREA":121.3,"ADM_CD":"1138010700","F_SAT_YMD":"20180826","F_END_YMD":"20180901","F_SAT_TM":"15","F_END_TM":"21","F_RSN_DTL":"침수(공공하수도역류)","F_ZONE_NM":"은평구 응암동588-18","INV_YR":"2018","F_YR":"2018","GU_NAM":"은평구","F_SHIM":0.3},"geometry":{"type":"Polygon","coordinates":[[[126.9153724911357,37.59020187126917],[126.9153902272078,37.590138544987404],[126.91538581206277,37.59013800117497],[126.91539399279881,37.590113230064695],[126.9152584936175,37.59008637187871],[126.91523246998321,37.59016879295901],[126.9153724911357,37.59020187126917]]]}},{"type":"Feature","properties":{"F_DISA_NM":"2018년 8.26~9.1 호우","F_AVR_HGT":14.32,"F_AREA":130.6,"ADM_CD":"1138010700","F_SAT_YMD":"20180826","F_END_YMD":"20180901","F_SAT_TM":"15","F_END_TM":"21","F_RSN_DTL":"침수(공공하수도역류)","F_ZONE_NM":"은평구 응암동588-12","INV_YR":"2018","F_YR":"2018","GU_NAM":"은평구","F_SHIM":0.3},"geometry":{"type":"Polygon","coordinates":[[[126.91548961969504,37.5903517904439],[126.91549600115799,37.5903162962985],[126.91535450521428,37.59028546952052],[126.91534228012992,37.59028266754365],[126.91533277213561,37.5902801378448],[126.91531353682925,37.59036706881983],[126.91543896790047,37.59038662162421],[126.91548961969504,37.5903517904439]]]}},{"type":"Feature","properties":{"F_DISA_NM":"2018년 8.26~9.1 호우","F_AVR_HGT":14.32,"F_AREA":178.5,"ADM_CD":"1138010700","F_SAT_YMD":"20180826","F_END_YMD":"20180901","F_SAT_TM":"15","F_END_TM":"21","F_RSN_DTL":"침수(공공하수도역류)","F_ZONE_NM":"은평구 응암동588-9","INV_YR":"2018","F_YR":"2018","GU_NAM":"은평구","F_SHIM":0.3},"geometry":{"type":"Polygon","coordinates":[[[126.91503687781712,37.59041002361691],[126.91517315675915,37.59044841523002],[126.91521629388922,37.59035186122085],[126.91520033205757,37.590349326792634],[126.91517884238597,37.5903293092165],[126.91519030580214,37.590305351408446],[126.91514820200463,37.590291535543045],[126.9150827449016,37.59030274993841],[126.91503687781712,37.59041002361691]]]}},{"type":"Feature","properties":{"F_DISA_NM":"2018년 8.26~9.1 호우","F_AVR_HGT":14.32,"F_AREA":146.8,"ADM_CD":"1138010700","F_SAT_YMD":"20180826","F_END_YMD":"20180901","F_SAT_TM":"15","F_END_TM":"21","F_RSN_DTL":"침수(공공하수도역류)","F_ZONE_NM":"은평구 응암동588-5","INV_YR":"2018","F_YR":"2018","GU_NAM":"은평구","F_SHIM":0.3},"geometry":{"type":"Polygon","coordinates":[[[126.91514457916222,37.59058516379106],[126.91519938569482,37.59048249163308],[126.91507408661188,37.59044663084882],[126.91502177151891,37.59054876418407],[126.91514457916222,37.59058516379106]]]}},{"type":"Feature","properties":{"F_DISA_NM":"2018년 8.26~9.1 호우","F_AVR_HGT":14.32,"F_AREA":154.7,"ADM_CD":"1138010700","F_SAT_YMD":"20180826","F_END_YMD":"20180901","F_SAT_TM":"15","F_END_TM":"21","F_RSN_DTL":"침수(공공하수도역류)","F_ZONE_NM":"은평구 응암동588-3","INV_YR":"2018","F_YR":"2018","GU_NAM":"은평구","F_SHIM":0.3},"geometry":{"type":"Polygon","coordinates":[[[126.91536687874526,37.590650647631115],[126.91544994791006,37.590585747238165],[126.91543538436531,37.59054879624823],[126.91531857332471,37.59051609535978],[126.9152654630268,37.59062075097823],[126.91536687874526,37.590650647631115]]]}},{"type":"Feature","properties":{"F_DISA_NM":"2018년 8.26~9.1 호우","F_AVR_HGT":13.99,"F_AREA":77.3,"ADM_CD":"1138010700","F_SAT_YMD":"20180826","F_END_YMD":"20180901","F_SAT_TM":"15","F_END_TM":"21","F_RSN_DTL":"침수(공공하수도역류)","F_ZONE_NM":"은평구 응암동592-18","INV_YR":"2018","F_YR":"2018","GU_NAM":"은평구","F_SHIM":0.3},"geometry":{"type":"Polygon","coordinates":[[[126.91441296003474,37.58850650476297],[126.914442237312,37.58844994450857],[126.9143458320486,37.58839833701451],[126.91434480327715,37.58840671541492],[126.9143152045654,37.58844759826991],[126.91433826386607,37.58848023095785],[126.91434041151719,37.58848329589283],[126.91441069065313,37.588510737717584],[126.91441296003474,37.58850650476297]]]}},{"type":"Feature","properties":{"F_DISA_NM":"2018년 8.26~9.1 호우","F_AVR_HGT":13.99,"F_AREA":129.9,"ADM_CD":"1138010700","F_SAT_YMD":"20180826","F_END_YMD":"20180901","F_SAT_TM":"15","F_END_TM":"21","F_RSN_DTL":"침수(공공하수도역류)","F_ZONE_NM":"은평구 응암동592-15","INV_YR":"2018","F_YR":"2018","GU_NAM":"은평구","F_SHIM":0.3},"geometry":{"type":"Polygon","coordinates":[[[126.91461661298288,37.588633333348376],[126.91464437216244,37.58851901879262],[126.914585382682,37.58851951595519],[126.91454702220975,37.58850065711279],[126.914539624387,37.58853362771102],[126.91451732468279,37.58862650282446],[126.91451629812961,37.58863298915933],[126.91459178675733,37.58865953373027],[126.91461388317677,37.588644053059305],[126.91461661298288,37.588633333348376]]]}},{"type":"Feature","properties":{"F_DISA_NM":"2018년 8.26~9.1 호우","F_AVR_HGT":13.99,"F_AREA":185.5,"ADM_CD":"1138010700","F_SAT_YMD":"20180826","F_END_YMD":"20180901","F_SAT_TM":"15","F_END_TM":"21","F_RSN_DTL":"침수(공공하수도역류)","F_ZONE_NM":"은평구 응암동592-29","INV_YR":"2018","F_YR":"2018","GU_NAM":"은평구","F_SHIM":0.3},"geometry":{"type":"Polygon","coordinates":[[[126.91496868368297,37.58848240674148],[126.91493685841206,37.58839309579304],[126.91480616208348,37.588425705612146],[126.91477876523281,37.58842316272577],[126.9146897837668,37.588413456768116],[126.91466547402507,37.5884824543318],[126.91496868368297,37.58848240674148]]]}},{"type":"Feature","properties":{"F_DISA_NM":"2018년 8.26~9.1 호우","F_AVR_HGT":14.87,"F_AREA":126.8,"ADM_CD":"1138010700","F_SAT_YMD":"20180826","F_END_YMD":"20180901","F_SAT_TM":"15","F_END_TM":"21","F_RSN_DTL":"침수(공공하수도역류)","F_ZONE_NM":"은평구 응암동597-12","INV_YR":"2018","F_YR":"2018","GU_NAM":"은평구","F_SHIM":0.3},"geometry":{"type":"Polygon","coordinates":[[[126.91531652277777,37.58846518215923],[126.91530601513523,37.58844607360426],[126.91535122685478,37.588414842437736],[126.91534116597067,37.588401050023194],[126.91521468867342,37.58840798530317],[126.9151483359891,37.58841181100786],[126.91515706905611,37.58849687037758],[126.91523860275888,37.588485127097606],[126.91531652277777,37.58846518215923]]]}},{"type":"Feature","properties":{"F_DISA_NM":"2018년 8.26~9.1 호우","F_AVR_HGT":14.24,"F_AREA":166,"ADM_CD":"1138010700","F_SAT_YMD":"20180826","F_END_YMD":"20180901","F_SAT_TM":"15","F_END_TM":"21","F_RSN_DTL":"침수(공공하수도역류)","F_ZONE_NM":"은평구 응암동591-35","INV_YR":"2018","F_YR":"2018","GU_NAM":"은평구","F_SHIM":0.3},"geometry":{"type":"Polygon","coordinates":[[[126.91505975193427,37.5895268050462],[126.91511963058599,37.589443417696216],[126.91513097045632,37.58942828945093],[126.91500082906106,37.58937125189636],[126.91492836297721,37.58947147836996],[126.91505975193427,37.5895268050462]]]}},{"type":"Feature","properties":{"F_DISA_NM":"2018년 8.26~9.1 호우","F_AVR_HGT":14.24,"F_AREA":95.9,"ADM_CD":"1138010700","F_SAT_YMD":"20180826","F_END_YMD":"20180901","F_SAT_TM":"15","F_END_TM":"21","F_RSN_DTL":"침수(공공하수도역류)","F_ZONE_NM":"은평구 응암동587-8","INV_YR":"2018","F_YR":"2018","GU_NAM":"은평구","F_SHIM":0.3},"geometry":{"type":"Polygon","coordinates":[[[126.91467516023584,37.58969572766933],[126.91474864976276,37.58959216846391],[126.91463763200915,37.5895447851036],[126.91462911308905,37.58956811433918],[126.91464022863936,37.58964867055994],[126.91467516023584,37.58969572766933]]]}},{"type":"Feature","properties":{"F_DISA_NM":"2018년 8.26~9.1 호우","F_AVR_HGT":14.24,"F_AREA":91.9,"ADM_CD":"1138010700","F_SAT_YMD":"20180826","F_END_YMD":"20180901","F_SAT_TM":"15","F_END_TM":"21","F_RSN_DTL":"침수(공공하수도역류)","F_ZONE_NM":"은평구 응암동587-12","INV_YR":"2018","F_YR":"2018","GU_NAM":"은평구","F_SHIM":0.3},"geometry":{"type":"Polygon","coordinates":[[[126.91455744562622,37.589857187573784],[126.91465304257648,37.58972922802841],[126.91451160038379,37.58975074749189],[126.91453684434396,37.589852397175825],[126.91453932374752,37.589862309834956],[126.91455744562622,37.589857187573784]]]}},{"type":"Feature","properties":{"F_DISA_NM":"2018년 8.26~9.1 호우","F_AVR_HGT":14.24,"F_AREA":118.7,"ADM_CD":"1138010700","F_SAT_YMD":"20180826","F_END_YMD":"20180901","F_SAT_TM":"15","F_END_TM":"21","F_RSN_DTL":"침수(공공하수도역류)","F_ZONE_NM":"은평구 응암동587-28","INV_YR":"2018","F_YR":"2018","GU_NAM":"은평구","F_SHIM":0.3},"geometry":{"type":"Polygon","coordinates":[[[126.91441974158487,37.58948831298133],[126.91441152349371,37.58944776260125],[126.91426734771619,37.58938656935106],[126.91425938829607,37.5894154850799],[126.91427626364496,37.58950820888913],[126.91441974158487,37.58948831298133]]]}},{"type":"Feature","properties":{"F_DISA_NM":"2018년 8.26~9.1 호우","F_AVR_HGT":14.24,"F_AREA":139.8,"ADM_CD":"1138010700","F_SAT_YMD":"20180826","F_END_YMD":"20180901","F_SAT_TM":"15","F_END_TM":"21","F_RSN_DTL":"침수(공공하수도역류)","F_ZONE_NM":"은평구 응암동587-27","INV_YR":"2018","F_YR":"2018","GU_NAM":"은평구","F_SHIM":0.3},"geometry":{"type":"Polygon","coordinates":[[[126.91443933200519,37.58958320113307],[126.91441974158487,37.58948831298133],[126.91427626364496,37.58950820888913],[126.91429415584356,37.58960282551396],[126.91443933200519,37.58958320113307]]]}},{"type":"Feature","properties":{"F_DISA_NM":"2018년 8.26~9.1 호우","F_AVR_HGT":15.52,"F_AREA":131.6,"ADM_CD":"1138010900","F_SAT_YMD":"20180826","F_END_YMD":"20180901","F_SAT_TM":"15","F_END_TM":"21","F_RSN_DTL":"침수(공공하수도역류)","F_ZONE_NM":"은평구 신사동335-24","INV_YR":"2018","F_YR":"2018","GU_NAM":"은평구","F_SHIM":0.3},"geometry":{"type":"Polygon","coordinates":[[[126.9130433706197,37.59275813354031],[126.9131723658922,37.59273480456657],[126.91314383983271,37.59263261159347],[126.9130355696198,37.59265253233378],[126.9130248794085,37.59265373163874],[126.91303549608303,37.592714646135995],[126.91303549153899,37.59271848432566],[126.91303567164894,37.59271937643513],[126.9130433706197,37.59275813354031]]]}},{"type":"Feature","properties":{"F_DISA_NM":"2018년 8.26~9.1 호우","F_AVR_HGT":30.07,"F_AREA":138.2,"ADM_CD":"1138010900","F_SAT_YMD":"20180826","F_END_YMD":"20180901","F_SAT_TM":"15","F_END_TM":"21","F_RSN_DTL":"침수(공공하수도역류)","F_ZONE_NM":"은평구 신사동342-42","INV_YR":"2018","F_YR":"2018","GU_NAM":"은평구","F_SHIM":0.3},"geometry":{"type":"Polygon","coordinates":[[[126.91050699096041,37.590383822995236],[126.91062438322653,37.59040220343648],[126.91064102809838,37.59040158556304],[126.91061479893756,37.59027632850177],[126.91049465008196,37.590290291273945],[126.91050699096041,37.590383822995236]]]}},{"type":"Feature","properties":{"F_DISA_NM":"2018년 8.26~9.1 호우","F_AVR_HGT":17.37,"F_AREA":122.3,"ADM_CD":"1138011000","F_SAT_YMD":"20180826","F_END_YMD":"20180901","F_SAT_TM":"15","F_END_TM":"21","F_RSN_DTL":"침수(공공하수도역류)","F_ZONE_NM":"은평구 증산동189-48","INV_YR":"2018","F_YR":"2018","GU_NAM":"은평구","F_SHIM":0.3},"geometry":{"type":"Polygon","coordinates":[[[126.90685135964327,37.58503327738731],[126.90687492546304,37.58502907066181],[126.90695454578655,37.584970615466275],[126.90683820343223,37.58489947950795],[126.90681138072131,37.58495437305451],[126.90678183048658,37.58501737327443],[126.90685135964327,37.58503327738731]]]}},{"type":"Feature","properties":{"F_DISA_NM":"2018년 8.26~9.1 호우","F_AVR_HGT":14.19,"F_AREA":141.2,"ADM_CD":"1138011000","F_SAT_YMD":"20180826","F_END_YMD":"20180901","F_SAT_TM":"15","F_END_TM":"21","F_RSN_DTL":"침수(공공하수도역류)","F_ZONE_NM":"은평구 증산동189-32","INV_YR":"2018","F_YR":"2018","GU_NAM":"은평구","F_SHIM":0.3},"geometry":{"type":"Polygon","coordinates":[[[126.90747109877802,37.58488056919303],[126.9075196835256,37.58486889507933],[126.90746236486922,37.58477646237372],[126.90738403579977,37.584789977788624],[126.907332488732,37.58479853207346],[126.90733428139748,37.58480447099798],[126.90736101802428,37.58489848313027],[126.90736107439442,37.584898672382174],[126.90747109877802,37.58488056919303]]]}},{"type":"Feature","properties":{"F_DISA_NM":"2018년 8.26~9.1 호우","F_AVR_HGT":16.46,"F_AREA":120.8,"ADM_CD":"1138011000","F_SAT_YMD":"20180826","F_END_YMD":"20180901","F_SAT_TM":"15","F_END_TM":"21","F_RSN_DTL":"침수(공공하수도역류)","F_ZONE_NM":"은평구 증산동205-44","INV_YR":"2018","F_YR":"2018","GU_NAM":"은평구","F_SHIM":0.3},"geometry":{"type":"Polygon","coordinates":[[[126.90722918624077,37.58575280036698],[126.90732358812124,37.585680526611014],[126.90727554019303,37.58562516776157],[126.90728222584481,37.58562057807368],[126.90727137066557,37.585609667484825],[126.90720540553569,37.585666917467876],[126.90713456646606,37.58572848824615],[126.90722918624077,37.58575280036698]]]}},{"type":"Feature","properties":{"F_DISA_NM":"2018년 8.26~9.1 호우","F_AVR_HGT":13.26,"F_AREA":150,"ADM_CD":"1138011000","F_SAT_YMD":"20180826","F_END_YMD":"20180901","F_SAT_TM":"15","F_END_TM":"21","F_RSN_DTL":"침수(공공하수도역류)","F_ZONE_NM":"은평구 증산동186-18","INV_YR":"2018","F_YR":"2018","GU_NAM":"은평구","F_SHIM":0.3},"geometry":{"type":"Polygon","coordinates":[[[126.90704442234244,37.5832376416771],[126.90697918949442,37.58316497000492],[126.90686521259516,37.583230740727124],[126.90686045405702,37.58323352996728],[126.90693959501527,37.58331981773197],[126.90703680282355,37.58326466515016],[126.90704442234244,37.5832376416771]]]}},{"type":"Feature","properties":{"F_DISA_NM":"2018년 8.26~9.1 호우","F_AVR_HGT":13.26,"F_AREA":168.9,"ADM_CD":"1138011000","F_SAT_YMD":"20180826","F_END_YMD":"20180901","F_SAT_TM":"15","F_END_TM":"21","F_RSN_DTL":"침수(공공하수도역류)","F_ZONE_NM":"은평구 증산동172-15","INV_YR":"2018","F_YR":"2018","GU_NAM":"은평구","F_SHIM":0.3},"geometry":{"type":"Polygon","coordinates":[[[126.90734699990648,37.583273111982614],[126.90726874936182,37.58319862811387],[126.90724997805701,37.58318095380538],[126.90714392103054,37.58325096575362],[126.90721910414588,37.583333826421104],[126.90725261279434,37.5833361056479],[126.90734699990648,37.583273111982614]]]}},{"type":"Feature","properties":{"F_DISA_NM":"2018년 8.26~9.1 호우","F_AVR_HGT":13.26,"F_AREA":156.4,"ADM_CD":"1138011000","F_SAT_YMD":"20180826","F_END_YMD":"20180901","F_SAT_TM":"15","F_END_TM":"21","F_RSN_DTL":"침수(공공하수도역류)","F_ZONE_NM":"은평구 증산동172-26","INV_YR":"2018","F_YR":"2018","GU_NAM":"은평구","F_SHIM":0.3},"geometry":{"type":"Polygon","coordinates":[[[126.90744735823391,37.58341311507761],[126.9074515521623,37.583409154082624],[126.9073858524115,37.583347203994656],[126.90735271982446,37.583316003464816],[126.90727521957636,37.58336477504303],[126.90727258111481,37.583392162901525],[126.90735036493473,37.58347781861543],[126.90738571707736,37.58345469147895],[126.90744735823391,37.58341311507761]]]}},{"type":"Feature","properties":{"F_DISA_NM":"2018년 8.26~9.1 호우","F_AVR_HGT":13.26,"F_AREA":158.7,"ADM_CD":"1138011000","F_SAT_YMD":"20180826","F_END_YMD":"20180901","F_SAT_TM":"15","F_END_TM":"21","F_RSN_DTL":"침수(공공하수도역류)","F_ZONE_NM":"은평구 증산동172-27","INV_YR":"2018","F_YR":"2018","GU_NAM":"은평구","F_SHIM":0.3},"geometry":{"type":"Polygon","coordinates":[[[126.90738563934781,37.58351642695523],[126.90744035958237,37.583576638399556],[126.90754233959117,37.583507794224744],[126.90754664571536,37.58350464420289],[126.90744735823391,37.58341311507761],[126.90738571707736,37.58345469147895],[126.90735036493473,37.58347781861543],[126.90738563934781,37.58351642695523]]]}},{"type":"Feature","properties":{"F_DISA_NM":"2018년 8.26~9.1 호우","F_AVR_HGT":13.35,"F_AREA":610.2,"ADM_CD":"1138011000","F_SAT_YMD":"20180826","F_END_YMD":"20180901","F_SAT_TM":"15","F_END_TM":"21","F_RSN_DTL":"침수(공공하수도역류)","F_ZONE_NM":"은평구 증산동186-12","INV_YR":"2018","F_YR":"2018","GU_NAM":"은평구","F_SHIM":0.3},"geometry":{"type":"Polygon","coordinates":[[[126.90715542339306,37.5837355250416],[126.90706542585835,37.583639137702],[126.9069902414681,37.58355717792554],[126.90676216405495,37.58369583695819],[126.90692316281645,37.58386940581331],[126.90715542339306,37.5837355250416]]]}},{"type":"Feature","properties":{"F_DISA_NM":"2018년 8.26~9.1 호우","F_AVR_HGT":13.26,"F_AREA":163,"ADM_CD":"1138011000","F_SAT_YMD":"20180826","F_END_YMD":"20180901","F_SAT_TM":"15","F_END_TM":"21","F_RSN_DTL":"침수(공공하수도역류)","F_ZONE_NM":"은평구 증산동172-6","INV_YR":"2018","F_YR":"2018","GU_NAM":"은평구","F_SHIM":0.3},"geometry":{"type":"Polygon","coordinates":[[[126.90778398265782,37.58338356022259],[126.90772020628226,37.58332242273464],[126.90765631611794,37.58326182571262],[126.90757609388231,37.58331464976032],[126.90770500608168,37.583436115050155],[126.90778398265782,37.58338356022259]]]}},{"type":"Feature","properties":{"F_DISA_NM":"2018년 8.26~9.1 호우","F_AVR_HGT":13.56,"F_AREA":156.2,"ADM_CD":"1138011000","F_SAT_YMD":"20180826","F_END_YMD":"20180901","F_SAT_TM":"15","F_END_TM":"21","F_RSN_DTL":"침수(공공하수도역류)","F_ZONE_NM":"은평구 증산동171-6","INV_YR":"2018","F_YR":"2018","GU_NAM":"은평구","F_SHIM":0.3},"geometry":{"type":"Polygon","coordinates":[[[126.90811738757398,37.58411839807582],[126.908244183494,37.58403227400991],[126.90818108300743,37.58397311947954],[126.90815312475249,37.583968322146646],[126.90804105992983,37.58404400634879],[126.90811738757398,37.58411839807582]]]}},{"type":"Feature","properties":{"F_DISA_NM":"2018년 8.26~9.1 호우","F_AVR_HGT":13.26,"F_AREA":188.1,"ADM_CD":"1138011000","F_SAT_YMD":"20180826","F_END_YMD":"20180901","F_SAT_TM":"15","F_END_TM":"21","F_RSN_DTL":"침수(공공하수도역류)","F_ZONE_NM":"은평구 증산동172-14","INV_YR":"2018","F_YR":"2018","GU_NAM":"은평구","F_SHIM":0.3},"geometry":{"type":"Polygon","coordinates":[[[126.90724997805701,37.58318095380538],[126.90713689926389,37.58307355605158],[126.9070392282189,37.58313717761289],[126.90714392103054,37.58325096575362],[126.90724997805701,37.58318095380538]]]}},{"type":"Feature","properties":{"F_DISA_NM":"2018년 8.26~9.1 호우","F_AVR_HGT":35.11,"F_AREA":170,"ADM_CD":"1138010500","F_SAT_YMD":"20180826","F_END_YMD":"20180901","F_SAT_TM":"15","F_END_TM":"21","F_RSN_DTL":"침수(공공하수도역류)","F_ZONE_NM":"은평구 구산동177-145","INV_YR":"2018","F_YR":"2018","GU_NAM":"은평구","F_SHIM":0.3},"geometry":{"type":"Polygon","coordinates":[[[126.90921458106936,37.606196700024334],[126.90922565744413,37.60621454813389],[126.90937560355792,37.60621124156277],[126.9093738935947,37.60612853006211],[126.9093713138733,37.60610825594838],[126.9092093665775,37.60610912047638],[126.90921458106936,37.606196700024334]]]}},{"type":"Feature","properties":{"F_DISA_NM":"2018년 8.26~9.1 호우","F_AVR_HGT":29.5,"F_AREA":168.3,"ADM_CD":"1138010800","F_SAT_YMD":"20180826","F_END_YMD":"20180901","F_SAT_TM":"15","F_END_TM":"21","F_RSN_DTL":"침수(공공하수도역류)","F_ZONE_NM":"은평구 역촌동75-8","INV_YR":"2018","F_YR":"2018","GU_NAM":"은평구","F_SHIM":0.3},"geometry":{"type":"Polygon","coordinates":[[[126.90839746647637,37.603942521065726],[126.90848947951035,37.6038054640841],[126.90848223426637,37.603803476211496],[126.90833405771083,37.60375380527445],[126.90834180846768,37.60389526565407],[126.90839746647637,37.603942521065726]]]}},{"type":"Feature","properties":{"F_DISA_NM":"2018년 8.26~9.1 호우","F_AVR_HGT":27.45,"F_AREA":101,"ADM_CD":"1138010900","F_SAT_YMD":"20180826","F_END_YMD":"20180901","F_SAT_TM":"15","F_END_TM":"21","F_RSN_DTL":"침수(공공하수도역류)","F_ZONE_NM":"은평구 신사동181-4","INV_YR":"2018","F_YR":"2018","GU_NAM":"은평구","F_SHIM":0.3},"geometry":{"type":"Polygon","coordinates":[[[126.9058646079626,37.59122378921387],[126.9059835330959,37.59127436768511],[126.9060213504278,37.59121261778127],[126.90605562992404,37.59118146243652],[126.90604082497897,37.59117748613063],[126.90597705792074,37.59119356215695],[126.90590848352937,37.59116161178234],[126.90589067586998,37.59118592393808],[126.9058646079626,37.59122378921387]]]}},{"type":"Feature","properties":{"F_DISA_NM":"2018년 8.26~9.1 호우","F_AVR_HGT":16.46,"F_AREA":91.2,"ADM_CD":"1138011000","F_SAT_YMD":"20180826","F_END_YMD":"20180901","F_SAT_TM":"15","F_END_TM":"21","F_RSN_DTL":"침수(공공하수도역류)","F_ZONE_NM":"은평구 증산동205-46","INV_YR":"2018","F_YR":"2018","GU_NAM":"은평구","F_SHIM":0.3},"geometry":{"type":"Polygon","coordinates":[[[126.90731394060587,37.58605893274043],[126.90732329435104,37.58600352960995],[126.90728760803695,37.585931512403775],[126.90726589122862,37.585914736739674],[126.90723319615005,37.58598462708869],[126.9072408060393,37.58605518031412],[126.90731394060587,37.58605893274043]]]}},{"type":"Feature","properties":{"F_DISA_NM":"2018년 8.26~9.1 호우","F_AVR_HGT":22.41,"F_AREA":231.5,"ADM_CD":"1168010800","F_SAT_YMD":"20180826","F_END_YMD":"20180901","F_SAT_TM":"9","F_END_TM":"15","F_RSN_DTL":"내수침수","F_ZONE_NM":"강남구 논현동 134-11","INV_YR":"2018","F_YR":"2018","GU_NAM":"강남구","F_SHIM":0.3},"geometry":{"type":"Polygon","coordinates":[[[127.0278102346924,37.51130046390445],[127.0278577685202,37.511384155943965],[127.02805285092714,37.51131284341334],[127.02800293954357,37.51122302520413],[127.02794796645722,37.51121240575115],[127.0278102346924,37.51130046390445]]]}},{"type":"Feature","properties":{"F_DISA_NM":"2018년 8.26~9.1 호우","F_AVR_HGT":27.76,"F_AREA":203.4,"ADM_CD":"1168010800","F_SAT_YMD":"20180826","F_END_YMD":"20180901","F_SAT_TM":"9","F_END_TM":"15","F_RSN_DTL":"내수침수","F_ZONE_NM":"강남구 논현동 136-43","INV_YR":"2018","F_YR":"2018","GU_NAM":"강남구","F_SHIM":0.5},"geometry":{"type":"Polygon","coordinates":[[[127.02717404045546,37.51170587227444],[127.02712329164802,37.51181111973819],[127.02730020881043,37.51186505097683],[127.02733648986741,37.51178908900435],[127.02731328889836,37.51174800860897],[127.02717404045546,37.51170587227444]]]}},{"type":"Feature","properties":{"F_DISA_NM":"2018년 8.26~9.1 호우","F_AVR_HGT":20.14,"F_AREA":206.8,"ADM_CD":"1168010800","F_SAT_YMD":"20180826","F_END_YMD":"20180901","F_SAT_TM":"9","F_END_TM":"15","F_RSN_DTL":"내수침수","F_ZONE_NM":"강남구 논현동 148-6","INV_YR":"2018","F_YR":"2018","GU_NAM":"강남구","F_SHIM":0.5},"geometry":{"type":"Polygon","coordinates":[[[127.02734052249677,37.51101864552267],[127.02724677859344,37.51107813178898],[127.02724305529847,37.5111048922145],[127.02734477187201,37.51120578169578],[127.02745672070094,37.51113142490438],[127.02734052249677,37.51101864552267]]]}},{"type":"Feature","properties":{"F_DISA_NM":"2018년 8.26~9.1 호우","F_AVR_HGT":19.83,"F_AREA":184.2,"ADM_CD":"1168010600","F_SAT_YMD":"20180826","F_END_YMD":"20180901","F_SAT_TM":"16","F_END_TM":"22","F_RSN_DTL":"내수침수","F_ZONE_NM":"강남구 대치동 923-6","INV_YR":"2018","F_YR":"2018","GU_NAM":"강남구","F_SHIM":0.5},"geometry":{"type":"Polygon","coordinates":[[[127.05314700411928,37.49907313319801],[127.05332221184406,37.49912450353606],[127.0533668163738,37.49903050978257],[127.0531931918097,37.49897877841775],[127.05314700411928,37.49907313319801]]]}},{"type":"Feature","properties":{"F_DISA_NM":"2018년 8.26~9.1 호우","F_AVR_HGT":48.82,"F_AREA":271.2,"ADM_CD":"1168010500","F_SAT_YMD":"20180826","F_END_YMD":"20180901","F_SAT_TM":"15","F_END_TM":"21","F_RSN_DTL":"내수침수","F_ZONE_NM":"강남구 삼성동 69-20","INV_YR":"2018","F_YR":"2018","GU_NAM":"강남구","F_SHIM":0.5},"geometry":{"type":"Polygon","coordinates":[[[127.05321643299845,37.515136359631605],[127.05335462360094,37.5150905284499],[127.05327896510514,37.5149456813975],[127.05322658273886,37.51492849530716],[127.05312525819008,37.51496205668746],[127.05321643299845,37.515136359631605]]]}},{"type":"Feature","properties":{"F_DISA_NM":"2018년 8.26~9.1 호우","F_AVR_HGT":18.94,"F_AREA":108,"ADM_CD":"1168010300","F_SAT_YMD":"20180826","F_END_YMD":"20180901","F_SAT_TM":"15","F_END_TM":"21","F_RSN_DTL":"내수침수","F_ZONE_NM":"강남구 개포동 1233-2","INV_YR":"2018","F_YR":"2018","GU_NAM":"강남구","F_SHIM":0.5},"geometry":{"type":"Polygon","coordinates":[[[127.0469549767717,37.47771655751508],[127.04705959450679,37.47778535380756],[127.04712433724609,37.477722979484],[127.04701971942944,37.47765400304772],[127.04696209504168,37.4777096170606],[127.0469549767717,37.47771655751508]]]}},{"type":"Feature","properties":{"F_DISA_NM":"2018년 8.26~9.1 호우","F_AVR_HGT":33.36,"F_AREA":315,"ADM_CD":"1168011300","F_SAT_YMD":"20180826","F_END_YMD":"20180901","F_SAT_TM":"15","F_END_TM":"21","F_RSN_DTL":"내수침수","F_ZONE_NM":"강남구 율현동 196-10","INV_YR":"2018","F_YR":"2018","GU_NAM":"강남구","F_SHIM":0.3},"geometry":{"type":"Polygon","coordinates":[[[127.10984894391855,37.47171653119013],[127.11000344430472,37.471795001945125],[127.11009624242396,37.47167675019874],[127.11008211071454,37.47162136953007],[127.10996927550975,37.47156376390949],[127.10984894391855,37.47171653119013]]]}},{"type":"Feature","properties":{"F_DISA_NM":"2018년 8.26~9.1 호우","F_AVR_HGT":18.28,"F_AREA":295,"ADM_CD":"1168010700","F_SAT_YMD":"20180826","F_END_YMD":"20180901","F_SAT_TM":"15","F_END_TM":"21","F_RSN_DTL":"내수침수","F_ZONE_NM":"강남구 신사동 593-13","INV_YR":"2018","F_YR":"2018","GU_NAM":"강남구","F_SHIM":0.3},"geometry":{"type":"Polygon","coordinates":[[[127.02948245128898,37.5223771078078],[127.02947493972174,37.52225520490899],[127.02946594885412,37.52210987647612],[127.02942081385564,37.52211177923765],[127.0294298046326,37.52225709866398],[127.02928240856853,37.52226326918221],[127.0292903722799,37.52238508188731],[127.02948245128898,37.5223771078078]]]}},{"type":"Feature","properties":{"F_DISA_NM":"2018년 8.26~9.1 호우","F_AVR_HGT":27.31,"F_AREA":188.6,"ADM_CD":"1174010200","F_SAT_YMD":"20180826","F_END_YMD":"20180901","F_SAT_TM":"15","F_END_TM":"21","F_RSN_DTL":"내수침수","F_ZONE_NM":"강동구 고덕동 164-1","INV_YR":"2018","F_YR":"2018","GU_NAM":"강동구","F_SHIM":0.3},"geometry":{"type":"Polygon","coordinates":[[[127.1678243839842,37.562259995909265],[127.16781059946788,37.56211791144261],[127.16778761621538,37.56211975479619],[127.16767503114637,37.562128815048496],[127.1676911915352,37.562270580841314],[127.1678243839842,37.562259995909265]]]}},{"type":"Feature","properties":{"F_DISA_NM":"2018년 8.26~9.1 호우","F_AVR_HGT":16.86,"F_AREA":168.9,"ADM_CD":"1174010700","F_SAT_YMD":"20180826","F_END_YMD":"20180901","F_SAT_TM":"15","F_END_TM":"21","F_RSN_DTL":"내수침수","F_ZONE_NM":"강동구 암사동 462-31","INV_YR":"2018","F_YR":"2018","GU_NAM":"강동구","F_SHIM":0.3},"geometry":{"type":"Polygon","coordinates":[[[127.12987921421563,37.55414147087697],[127.12985033133756,37.554061224063894],[127.12984665476247,37.554062074990114],[127.12965213527097,37.554106939292026],[127.12968096135388,37.55418717720488],[127.12987921421563,37.55414147087697]]]}},{"type":"Feature","properties":{"F_DISA_NM":"2018년 8.26~9.1 호우","F_AVR_HGT":17.27,"F_AREA":174.6,"ADM_CD":"1174010900","F_SAT_YMD":"20180826","F_END_YMD":"20180901","F_SAT_TM":"15","F_END_TM":"21","F_RSN_DTL":"내수침수","F_ZONE_NM":"강동구 천호동 321-2","INV_YR":"2018","F_YR":"2018","GU_NAM":"강동구","F_SHIM":0.3},"geometry":{"type":"Polygon","coordinates":[[[127.12406632062729,37.54757636243263],[127.12421927911632,37.54754151544442],[127.12420052484406,37.54749098933259],[127.1241789860845,37.54743308699298],[127.12402780616654,37.547469004263725],[127.12406632062729,37.54757636243263]]]}},{"type":"Feature","properties":{"F_DISA_NM":"2018년 8.26~9.1 호우","F_AVR_HGT":32.58,"F_AREA":166.3,"ADM_CD":"1174010900","F_SAT_YMD":"20180826","F_END_YMD":"20180901","F_SAT_TM":"15","F_END_TM":"21","F_RSN_DTL":"내수침수","F_ZONE_NM":"강동구 천호동 37-30","INV_YR":"2018","F_YR":"2018","GU_NAM":"강동구","F_SHIM":0.1},"geometry":{"type":"Polygon","coordinates":[[[127.13907021187659,37.54747811891671],[127.13922309412031,37.547479562521445],[127.13922403152758,37.54736783855494],[127.13907328839976,37.54736648255863],[127.13907021187659,37.54747811891671]]]}},{"type":"Feature","properties":{"F_DISA_NM":"2018년 8.26~9.1 호우","F_AVR_HGT":17.41,"F_AREA":181.3,"ADM_CD":"1174010900","F_SAT_YMD":"20180826","F_END_YMD":"20180901","F_SAT_TM":"15","F_END_TM":"21","F_RSN_DTL":"내수침수","F_ZONE_NM":"강동구 천호동 361-12","INV_YR":"2018","F_YR":"2018","GU_NAM":"강동구","F_SHIM":0.3},"geometry":{"type":"Polygon","coordinates":[[[127.12802648408254,37.544950905606854],[127.12816864162725,37.54492357032132],[127.12812893324892,37.54480207816968],[127.12798574513407,37.54482878381752],[127.12802648408254,37.544950905606854]]]}},{"type":"Feature","properties":{"F_DISA_NM":"2018년 8.26~9.1 호우","F_AVR_HGT":21.77,"F_AREA":228.6,"ADM_CD":"1174010200","F_SAT_YMD":"20180826","F_END_YMD":"20180901","F_SAT_TM":"15","F_END_TM":"21","F_RSN_DTL":"내수침수","F_ZONE_NM":"강동구 고덕동 194-3","INV_YR":"2018","F_YR":"2018","GU_NAM":"강동구","F_SHIM":0.3},"geometry":{"type":"Polygon","coordinates":[[[127.16985333913006,37.55850601684614],[127.16986385766585,37.558352013837826],[127.16971297859928,37.558345561535546],[127.16970245995627,37.55849965462999],[127.16985333913006,37.55850601684614]]]}},{"type":"Feature","properties":{"F_DISA_NM":"2018년 8.26~9.1 호우","F_AVR_HGT":29.76,"F_AREA":185.3,"ADM_CD":"1174010200","F_SAT_YMD":"20180826","F_END_YMD":"20180901","F_SAT_TM":"15","F_END_TM":"21","F_RSN_DTL":"내수침수","F_ZONE_NM":"강동구 고덕동 260-2","INV_YR":"2018","F_YR":"2018","GU_NAM":"강동구","F_SHIM":0.3},"geometry":{"type":"Polygon","coordinates":[[[127.1624152860693,37.5613556633812],[127.16241013660965,37.56125052503556],[127.16223098913729,37.56125374227435],[127.16223525842459,37.561339150177155],[127.16223627532379,37.56135942103504],[127.1624152860693,37.5613556633812]]]}},{"type":"Feature","properties":{"F_DISA_NM":"2018년 8.26~9.1 호우","F_AVR_HGT":29.76,"F_AREA":184.4,"ADM_CD":"1174010200","F_SAT_YMD":"20180826","F_END_YMD":"20180901","F_SAT_TM":"15","F_END_TM":"21","F_RSN_DTL":"내수침수","F_ZONE_NM":"강동구 고덕동 260","INV_YR":"2018","F_YR":"2018","GU_NAM":"강동구","F_SHIM":0.3},"geometry":{"type":"Polygon","coordinates":[[[127.16242543072906,37.56156260661903],[127.16242042325713,37.56146035124729],[127.16224153792186,37.56146464933144],[127.16224696467913,37.56157252630839],[127.16242543072906,37.56156260661903]]]}},{"type":"Feature","properties":{"F_DISA_NM":"2018년 8.26~9.1 호우","F_AVR_HGT":27.31,"F_AREA":188,"ADM_CD":"1174010200","F_SAT_YMD":"20180826","F_END_YMD":"20180901","F_SAT_TM":"15","F_END_TM":"21","F_RSN_DTL":"내수침수","F_ZONE_NM":"강동구 고덕동 164-2","INV_YR":"2018","F_YR":"2018","GU_NAM":"강동구","F_SHIM":0.3},"geometry":{"type":"Polygon","coordinates":[[[127.16795746323274,37.562249419996476],[127.16794514927126,37.56210708119577],[127.16790937871816,37.562109960713215],[127.16781059946788,37.56211791144261],[127.1678243839842,37.562259995909265],[127.16795746323274,37.562249419996476]]]}},{"type":"Feature","properties":{"F_DISA_NM":"2018년 8.26~9.1 호우","F_AVR_HGT":20.38,"F_AREA":330,"ADM_CD":"1174011000","F_SAT_YMD":"20180826","F_END_YMD":"20180901","F_SAT_TM":"15","F_END_TM":"21","F_RSN_DTL":"내수침수","F_ZONE_NM":"강동구 강일동 138-10","INV_YR":"2018","F_YR":"2018","GU_NAM":"강동구","F_SHIM":0.3},"geometry":{"type":"Polygon","coordinates":[[[127.1708961480788,37.57700378224622],[127.17095307265535,37.57700105166358],[127.17095800358179,37.576903999380534],[127.17092375679584,37.57690296734426],[127.17090566544427,37.57690242568163],[127.17090506031532,37.57691514847282],[127.17080162893089,37.576911846052184],[127.17080054579426,37.57693345325064],[127.17074455062533,37.576931659477545],[127.17074577484775,37.57690735812909],[127.17057521950782,37.576901908253205],[127.17056846033456,37.57699167416168],[127.17063954219533,37.57699689718355],[127.17074713342056,37.57699745478568],[127.1708961480788,37.57700378224622]]]}},{"type":"Feature","properties":{"F_DISA_NM":"2018년 8.26~9.1 호우","F_AVR_HGT":12.98,"F_AREA":135.1,"ADM_CD":"1150010300","F_SAT_YMD":"20180826","F_END_YMD":"20180901","F_SAT_TM":"14","F_END_TM":"20","F_RSN_DTL":"내수침수","F_ZONE_NM":"강서구 화곡동 1088-15","INV_YR":"2018","F_YR":"2018","GU_NAM":"강서구","F_SHIM":0.5},"geometry":{"type":"Polygon","coordinates":[[[126.83595337622761,37.53793535693857],[126.83608561940596,37.53798734028756],[126.83613231457606,37.537910560081485],[126.83605449198974,37.5378802408115],[126.83598444717632,37.537852959725214],[126.83595287742939,37.53790508290824],[126.83595337622761,37.53793535693857]]]}},{"type":"Feature","properties":{"F_DISA_NM":"2018년 8.26~9.1 호우","F_AVR_HGT":12.79,"F_AREA":123.8,"ADM_CD":"1150010300","F_SAT_YMD":"20180826","F_END_YMD":"20180901","F_SAT_TM":"14","F_END_TM":"20","F_RSN_DTL":"내수침수","F_ZONE_NM":"강서구 화곡동 1087-43","INV_YR":"2018","F_YR":"2018","GU_NAM":"강서구","F_SHIM":0.5},"geometry":{"type":"Polygon","coordinates":[[[126.83512301629716,37.53797842863317],[126.83518319436982,37.53788354885019],[126.83510654724823,37.53785397843473],[126.83505310978857,37.537868679393576],[126.83501137857218,37.53793621298346],[126.83512301629716,37.53797842863317]]]}},{"type":"Feature","properties":{"F_DISA_NM":"2018년 8.26~9.1 호우","F_AVR_HGT":12.79,"F_AREA":134.2,"ADM_CD":"1150010300","F_SAT_YMD":"20180826","F_END_YMD":"20180901","F_SAT_TM":"14","F_END_TM":"20","F_RSN_DTL":"내수침수","F_ZONE_NM":"강서구 화곡동 1088-11","INV_YR":"2018","F_YR":"2018","GU_NAM":"강서구","F_SHIM":0.5},"geometry":{"type":"Polygon","coordinates":[[[126.83595287742939,37.53790508290824],[126.83598444717632,37.537852959725214],[126.83597233968362,37.537848248585796],[126.83586503415911,37.537806481300464],[126.83583646685926,37.53779535902506],[126.83579084787519,37.5378714468618],[126.83592285344099,37.53792333095081],[126.83595287742939,37.53790508290824]]]}},{"type":"Feature","properties":{"F_DISA_NM":"2018년 8.26~9.1 호우","F_AVR_HGT":12.98,"F_AREA":139.7,"ADM_CD":"1150010300","F_SAT_YMD":"20180826","F_END_YMD":"20180901","F_SAT_TM":"16","F_END_TM":"22","F_RSN_DTL":"내수침수","F_ZONE_NM":"강서구 화곡동 377-46","INV_YR":"2018","F_YR":"2018","GU_NAM":"강서구","F_SHIM":0.5},"geometry":{"type":"Polygon","coordinates":[[[126.8361582366079,37.53792066046042],[126.83617499772487,37.53783162987797],[126.83618509916163,37.53777125052501],[126.83608034643527,37.53775703033472],[126.83605449198974,37.5378802408115],[126.83613231457606,37.537910560081485],[126.8361582366079,37.53792066046042]]]}},{"type":"Feature","properties":{"F_DISA_NM":"2018년 8.26~9.1 호우","F_AVR_HGT":12.79,"F_AREA":150.7,"ADM_CD":"1150010300","F_SAT_YMD":"20180826","F_END_YMD":"20180901","F_SAT_TM":"16","F_END_TM":"22","F_RSN_DTL":"내수침수","F_ZONE_NM":"강서구 화곡동 377-25","INV_YR":"2018","F_YR":"2018","GU_NAM":"강서구","F_SHIM":0.5},"geometry":{"type":"Polygon","coordinates":[[[126.83597233968362,37.537848248585796],[126.83600022833723,37.53772618523731],[126.8360067955324,37.53769331724203],[126.83591587039764,37.53767861172823],[126.83589482296915,37.537689916692834],[126.83586503415911,37.537806481300464],[126.83597233968362,37.537848248585796]]]}},{"type":"Feature","properties":{"F_DISA_NM":"2018년 8.26~9.1 호우","F_AVR_HGT":12.79,"F_AREA":121.3,"ADM_CD":"1150010300","F_SAT_YMD":"20180826","F_END_YMD":"20180901","F_SAT_TM":"16","F_END_TM":"22","F_RSN_DTL":"내수침수","F_ZONE_NM":"강서구 화곡동 377-60","INV_YR":"2018","F_YR":"2018","GU_NAM":"강서구","F_SHIM":0.5},"geometry":{"type":"Polygon","coordinates":[[[126.83586503415911,37.537806481300464],[126.83589482296915,37.537689916692834],[126.8358813721196,37.537673598882634],[126.83578766097305,37.537660105701946],[126.83576451164578,37.53776735433439],[126.83583646685926,37.53779535902506],[126.83586503415911,37.537806481300464]]]}},{"type":"Feature","properties":{"F_DISA_NM":"2018년 8.26~9.1 호우","F_AVR_HGT":11.78,"F_AREA":205.6,"ADM_CD":"1150010300","F_SAT_YMD":"20180826","F_END_YMD":"20180901","F_SAT_TM":"15","F_END_TM":"21","F_RSN_DTL":"내수침수","F_ZONE_NM":"강서구 화곡동 372-93","INV_YR":"2018","F_YR":"2018","GU_NAM":"강서구","F_SHIM":0.5},"geometry":{"type":"Polygon","coordinates":[[[126.83521909282636,37.53641222523726],[126.83529015130034,37.53628793428695],[126.83517791938102,37.53624434844037],[126.83514354251882,37.536251210627555],[126.8350763872324,37.5363602531928],[126.83521909282636,37.53641222523726]]]}},{"type":"Feature","properties":{"F_DISA_NM":"2018년 8.26~9.1 호우","F_AVR_HGT":11.78,"F_AREA":122.3,"ADM_CD":"1150010300","F_SAT_YMD":"20180826","F_END_YMD":"20180901","F_SAT_TM":"14","F_END_TM":"20","F_RSN_DTL":"내수침수","F_ZONE_NM":"강서구 화곡동 376-6","INV_YR":"2018","F_YR":"2018","GU_NAM":"강서구","F_SHIM":0.5},"geometry":{"type":"Polygon","coordinates":[[[126.83509081588751,37.53621131248003],[126.83492262427934,37.53614706885612],[126.83491668520509,37.53615681822434],[126.83488484126656,37.536210121049955],[126.83505173095803,37.53627475932855],[126.83505681526384,37.53626779281499],[126.83509081588751,37.53621131248003]]]}},{"type":"Feature","properties":{"F_DISA_NM":"2018년 8.26~9.1 호우","F_AVR_HGT":29.89,"F_AREA":283.7,"ADM_CD":"1150010300","F_SAT_YMD":"20180826","F_END_YMD":"20180901","F_SAT_TM":"16","F_END_TM":"22","F_RSN_DTL":"내수침수","F_ZONE_NM":"강서구 화곡동 479-14","INV_YR":"2018","F_YR":"2018","GU_NAM":"강서구","F_SHIM":0.5},"geometry":{"type":"Polygon","coordinates":[[[126.85819360862914,37.537197156640296],[126.85825601284486,37.53713546032017],[126.85826312047683,37.5371284231816],[126.85827578271198,37.53711588771645],[126.85807485955762,37.53699230700139],[126.8580408985991,37.53699559941974],[126.85797289387398,37.53706309121148],[126.85819360862914,37.537197156640296]]]}},{"type":"Feature","properties":{"F_DISA_NM":"2018년 8.26~9.1 호우","F_AVR_HGT":12.58,"F_AREA":173.2,"ADM_CD":"1150010300","F_SAT_YMD":"20180826","F_END_YMD":"20180901","F_SAT_TM":"16","F_END_TM":"22","F_RSN_DTL":"내수침수","F_ZONE_NM":"강서구 화곡동 377-43","INV_YR":"2018","F_YR":"2018","GU_NAM":"강서구","F_SHIM":0.5},"geometry":{"type":"Polygon","coordinates":[[[126.83600441424974,37.53751650322583],[126.83602588343088,37.537519119159626],[126.83605814062793,37.537381078312464],[126.83606389233749,37.53735368720136],[126.83587823927482,37.53732516283945],[126.83585993509881,37.53740579397666],[126.83585925188585,37.53740775718105],[126.83602067027331,37.537430796612114],[126.83601159268513,37.53748350994681],[126.83600441424974,37.53751650322583]]]}},{"type":"Feature","properties":{"F_DISA_NM":"2018년 8.26~9.1 호우","F_AVR_HGT":12.25,"F_AREA":142.7,"ADM_CD":"1150010300","F_SAT_YMD":"20180826","F_END_YMD":"20180901","F_SAT_TM":"14","F_END_TM":"20","F_RSN_DTL":"내수침수","F_ZONE_NM":"강서구 화곡동 377-15","INV_YR":"2018","F_YR":"2018","GU_NAM":"강서구","F_SHIM":0.5},"geometry":{"type":"Polygon","coordinates":[[[126.83600441424974,37.53751650322583],[126.83601159268513,37.53748350994681],[126.83602067027331,37.537430796612114],[126.83585925188585,37.53740775718105],[126.83583961315065,37.53749323377923],[126.83600441424974,37.53751650322583]]]}},{"type":"Feature","properties":{"F_DISA_NM":"2018년 8.26~9.1 호우","F_AVR_HGT":12.79,"F_AREA":188.7,"ADM_CD":"1150010300","F_SAT_YMD":"20180826","F_END_YMD":"20180901","F_SAT_TM":"14","F_END_TM":"20","F_RSN_DTL":"내수침수","F_ZONE_NM":"강서구 화곡동 377-24","INV_YR":"2018","F_YR":"2018","GU_NAM":"강서구","F_SHIM":0.5},"geometry":{"type":"Polygon","coordinates":[[[126.83576451164578,37.53776735433439],[126.83578766097305,37.537660105701946],[126.83569159718144,37.537646275776424],[126.83559545376497,37.537632652889066],[126.83562857304084,37.537499118334196],[126.83560392672548,37.537495497763615],[126.83557256447517,37.53762243050885],[126.83555798410866,37.53768696609967],[126.83562224056828,37.53771198682843],[126.83576451164578,37.53776735433439]]]}},{"type":"Feature","properties":{"F_DISA_NM":"2018년 8.26~9.1 호우","F_AVR_HGT":12.98,"F_AREA":113.3,"ADM_CD":"1150010300","F_SAT_YMD":"20180826","F_END_YMD":"20180901","F_SAT_TM":"17","F_END_TM":"23","F_RSN_DTL":"내수침수","F_ZONE_NM":"강서구 화곡동 377-50","INV_YR":"2018","F_YR":"2018","GU_NAM":"강서구","F_SHIM":0.5},"geometry":{"type":"Polygon","coordinates":[[[126.83623701326562,37.53774430243988],[126.83638745006628,37.53776552401578],[126.83638670611869,37.53775911692225],[126.83639595903712,37.53771401718882],[126.83640080221043,37.53768811142932],[126.83625610134156,37.537667204234296],[126.83623701326562,37.53774430243988]]]}},{"type":"Feature","properties":{"F_DISA_NM":"2018년 8.26~9.1 호우","F_AVR_HGT":12.98,"F_AREA":135.7,"ADM_CD":"1150010300","F_SAT_YMD":"20180826","F_END_YMD":"20180901","F_SAT_TM":"16","F_END_TM":"22","F_RSN_DTL":"내수침수","F_ZONE_NM":"강서구 화곡동 377-5","INV_YR":"2018","F_YR":"2018","GU_NAM":"강서구","F_SHIM":0.5},"geometry":{"type":"Polygon","coordinates":[[[126.83639595903712,37.53771401718882],[126.83651835655748,37.537730919679056],[126.83652644199222,37.5377329491973],[126.83654007262417,37.537672863060564],[126.83654765210491,37.537632347026246],[126.83643707515577,37.5376169297068],[126.83641372738707,37.53761446439014],[126.83640080221043,37.53768811142932],[126.83639595903712,37.53771401718882]]]}},{"type":"Feature","properties":{"F_DISA_NM":"2018년 8.26~9.1 호우","F_AVR_HGT":12.98,"F_AREA":124.6,"ADM_CD":"1150010300","F_SAT_YMD":"20180826","F_END_YMD":"20180901","F_SAT_TM":"14","F_END_TM":"20","F_RSN_DTL":"내수침수","F_ZONE_NM":"강서구 화곡동 377-58","INV_YR":"2018","F_YR":"2018","GU_NAM":"강서구","F_SHIM":0.5},"geometry":{"type":"Polygon","coordinates":[[[126.83591587039764,37.53767861172823],[126.8360067955324,37.53769331724203],[126.8360080855263,37.53769325598045],[126.83603932064588,37.53755697064476],[126.83594701400744,37.53754284886384],[126.83591587039764,37.53767861172823]]]}},{"type":"Feature","properties":{"F_DISA_NM":"2018년 8.26~9.1 호우","F_AVR_HGT":12.79,"F_AREA":172.4,"ADM_CD":"1150010300","F_SAT_YMD":"20180826","F_END_YMD":"20180901","F_SAT_TM":"16","F_END_TM":"22","F_RSN_DTL":"내수침수","F_ZONE_NM":"강서구 화곡동 377-64","INV_YR":"2018","F_YR":"2018","GU_NAM":"강서구","F_SHIM":0.5},"geometry":{"type":"Polygon","coordinates":[[[126.83555798410866,37.53768696609967],[126.83557256447517,37.53762243050885],[126.83560392672548,37.537495497763615],[126.8355054193514,37.53748161920397],[126.83548717785969,37.537559295115045],[126.8354656579216,37.53765101287842],[126.83549313985705,37.53766171025165],[126.83555798410866,37.53768696609967]]]}},{"type":"Feature","properties":{"F_DISA_NM":"2018년 8.26~9.1 호우","F_AVR_HGT":12.79,"F_AREA":132.2,"ADM_CD":"1150010300","F_SAT_YMD":"20180826","F_END_YMD":"20180901","F_SAT_TM":"14","F_END_TM":"20","F_RSN_DTL":"내수침수","F_ZONE_NM":"강서구 화곡동 377-55","INV_YR":"2018","F_YR":"2018","GU_NAM":"강서구","F_SHIM":0.5},"geometry":{"type":"Polygon","coordinates":[[[126.83569159718144,37.537646275776424],[126.83578766097305,37.537660105701946],[126.83579977619051,37.537605063079305],[126.83581823489654,37.53752623415517],[126.83572328017021,37.53751236977167],[126.83569159718144,37.537646275776424]]]}},{"type":"Feature","properties":{"F_DISA_NM":"2018년 8.26~9.1 호우","F_AVR_HGT":12.79,"F_AREA":132.5,"ADM_CD":"1150010300","F_SAT_YMD":"20180826","F_END_YMD":"20180901","F_SAT_TM":"14","F_END_TM":"20","F_RSN_DTL":"내수침수","F_ZONE_NM":"강서구 화곡동 377-56","INV_YR":"2018","F_YR":"2018","GU_NAM":"강서구","F_SHIM":0.5},"geometry":{"type":"Polygon","coordinates":[[[126.83569159718144,37.537646275776424],[126.83572328017021,37.53751236977167],[126.83562857304084,37.537499118334196],[126.83559545376497,37.537632652889066],[126.83569159718144,37.537646275776424]]]}},{"type":"Feature","properties":{"F_DISA_NM":"2018년 8.26~9.1 호우","F_AVR_HGT":12.98,"F_AREA":118.3,"ADM_CD":"1150010300","F_SAT_YMD":"20180826","F_END_YMD":"20180901","F_SAT_TM":"16","F_END_TM":"22","F_RSN_DTL":"내수침수","F_ZONE_NM":"강서구 화곡동 1088-13","INV_YR":"2018","F_YR":"2018","GU_NAM":"강서구","F_SHIM":0.5},"geometry":{"type":"Polygon","coordinates":[[[126.83599490871725,37.538136516565835],[126.83603952596224,37.53806314824583],[126.83590772416947,37.538011066355665],[126.8358627536834,37.53808551532128],[126.83597760081346,37.53812983397581],[126.83599490871725,37.538136516565835]]]}},{"type":"Feature","properties":{"F_DISA_NM":"2018년 8.26~9.1 호우","F_AVR_HGT":12.79,"F_AREA":116.7,"ADM_CD":"1150010300","F_SAT_YMD":"20180826","F_END_YMD":"20180901","F_SAT_TM":"14","F_END_TM":"20","F_RSN_DTL":"내수침수","F_ZONE_NM":"강서구 화곡동 1087-41","INV_YR":"2018","F_YR":"2018","GU_NAM":"강서구","F_SHIM":0.5},"geometry":{"type":"Polygon","coordinates":[[[126.83508297560348,37.53807441795515],[126.83517375555242,37.53810878354957],[126.83522939743838,37.53801858251411],[126.83512301629716,37.53797842863317],[126.83506613111244,37.53806799717231],[126.83508297560348,37.53807441795515]]]}},{"type":"Feature","properties":{"F_DISA_NM":"2018년 8.26~9.1 호우","F_AVR_HGT":13.14,"F_AREA":156.7,"ADM_CD":"1150010300","F_SAT_YMD":"20180826","F_END_YMD":"20180901","F_SAT_TM":"14","F_END_TM":"20","F_RSN_DTL":"내수침수","F_ZONE_NM":"강서구 화곡동 1087-10","INV_YR":"2018","F_YR":"2018","GU_NAM":"강서구","F_SHIM":0.3},"geometry":{"type":"Polygon","coordinates":[[[126.83592271017405,37.538597020445756],[126.835971112947,37.538510665162384],[126.83597868718107,37.538513649052746],[126.83599087058465,37.53849430381362],[126.83584940818783,37.53844093792215],[126.83583941324399,37.53845813284636],[126.83585150913338,37.53846301517122],[126.83580457176402,37.53855692277449],[126.83592271017405,37.538597020445756]]]}},{"type":"Feature","properties":{"F_DISA_NM":"2018년 8.26~9.1 호우","F_AVR_HGT":14.77,"F_AREA":156.7,"ADM_CD":"1150010300","F_SAT_YMD":"20180826","F_END_YMD":"20180901","F_SAT_TM":"12","F_END_TM":"18","F_RSN_DTL":"내수침수","F_ZONE_NM":"강서구 화곡동 362-37","INV_YR":"2018","F_YR":"2018","GU_NAM":"강서구","F_SHIM":0.3},"geometry":{"type":"Polygon","coordinates":[[[126.83978883058485,37.53417762311485],[126.83983377245704,37.5341030464203],[126.83966300984325,37.5340351299552],[126.839615675121,37.5341122350946],[126.83978883058485,37.53417762311485]]]}},{"type":"Feature","properties":{"F_DISA_NM":"2018년 8.26~9.1 호우","F_AVR_HGT":10.07,"F_AREA":224.3,"ADM_CD":"1150010300","F_SAT_YMD":"20180826","F_END_YMD":"20180901","F_SAT_TM":"16","F_END_TM":"22","F_RSN_DTL":"내수침수","F_ZONE_NM":"강서구 화곡동 1098-23","INV_YR":"2018","F_YR":"2018","GU_NAM":"강서구","F_SHIM":0.5},"geometry":{"type":"Polygon","coordinates":[[[126.84989860720596,37.55393593270174],[126.85013225018544,37.55386710854387],[126.85009131230296,37.55378533628536],[126.8499858262341,37.55381351907069],[126.84985870294777,37.55384681862483],[126.84989860720596,37.55393593270174]]]}},{"type":"Feature","properties":{"F_DISA_NM":"2018년 8.26~9.1 호우","F_AVR_HGT":10.71,"F_AREA":168.7,"ADM_CD":"1150010600","F_SAT_YMD":"20180826","F_END_YMD":"20180901","F_SAT_TM":"16","F_END_TM":"22","F_RSN_DTL":"내수침수","F_ZONE_NM":"강서구 내발산동 678-16","INV_YR":"2018","F_YR":"2018","GU_NAM":"강서구","F_SHIM":0.5},"geometry":{"type":"Polygon","coordinates":[[[126.83593536252276,37.553704202052906],[126.8360671509777,37.55367753729343],[126.83602803897996,37.55355495691122],[126.83600581388245,37.55355944872875],[126.83598818554077,37.55356300094691],[126.83589625074717,37.553581612618224],[126.83593536252276,37.553704202052906]]]}},{"type":"Feature","properties":{"F_DISA_NM":"2018년 8.26~9.1 호우","F_AVR_HGT":9.82,"F_AREA":278.3,"ADM_CD":"1150010600","F_SAT_YMD":"20180826","F_END_YMD":"20180901","F_SAT_TM":"14","F_END_TM":"20","F_RSN_DTL":"내수침수","F_ZONE_NM":"강서구 내발산동 678-17","INV_YR":"2018","F_YR":"2018","GU_NAM":"강서구","F_SHIM":0.5},"geometry":{"type":"Polygon","coordinates":[[[126.83596876489364,37.553808934864705],[126.83622337483988,37.55375749366133],[126.8362067401934,37.55370566347414],[126.8361896552811,37.553652751466274],[126.8360671509777,37.55367753729343],[126.83593536252276,37.553704202052906],[126.83594968091845,37.55374914547016],[126.83596876489364,37.553808934864705]]]}},{"type":"Feature","properties":{"F_DISA_NM":"2018년 8.26~9.1 호우","F_AVR_HGT":9.82,"F_AREA":185.8,"ADM_CD":"1150010600","F_SAT_YMD":"20180826","F_END_YMD":"20180901","F_SAT_TM":"14","F_END_TM":"20","F_RSN_DTL":"내수침수","F_ZONE_NM":"강서구 내발산동 678-18","INV_YR":"2018","F_YR":"2018","GU_NAM":"강서구","F_SHIM":0.5},"geometry":{"type":"Polygon","coordinates":[[[126.83599106325154,37.55387881083465],[126.83624585453151,37.553827351818],[126.83622916338884,37.55377546749613],[126.83622337483988,37.55375749366133],[126.83596876489364,37.553808934864705],[126.83597649738788,37.55383316430455],[126.83599106325154,37.55387881083465]]]}},{"type":"Feature","properties":{"F_DISA_NM":"2018년 8.26~9.1 호우","F_AVR_HGT":10.71,"F_AREA":170.5,"ADM_CD":"1150010600","F_SAT_YMD":"20180826","F_END_YMD":"20180901","F_SAT_TM":"16","F_END_TM":"22","F_RSN_DTL":"내수침수","F_ZONE_NM":"강서구 내발산동 678-24","INV_YR":"2018","F_YR":"2018","GU_NAM":"강서구","F_SHIM":0.5},"geometry":{"type":"Polygon","coordinates":[[[126.83598818554077,37.55356300094691],[126.83593805973663,37.55340579808172],[126.8358330874828,37.55338375679039],[126.83589625074717,37.553581612618224],[126.83598818554077,37.55356300094691]]]}},{"type":"Feature","properties":{"F_DISA_NM":"2018년 8.26~9.1 호우","F_AVR_HGT":9.99,"F_AREA":344.3,"ADM_CD":"1150010600","F_SAT_YMD":"20180826","F_END_YMD":"20180901","F_SAT_TM":"14","F_END_TM":"20","F_RSN_DTL":"내수침수","F_ZONE_NM":"강서구 내발산동 678-27","INV_YR":"2018","F_YR":"2018","GU_NAM":"강서구","F_SHIM":0.1},"geometry":{"type":"Polygon","coordinates":[[[126.83593301802118,37.553367444893674],[126.8359519964875,37.55334698300138],[126.83586523258052,37.55307468135341],[126.83574261437289,37.553100178469215],[126.8357607200776,37.55315697524467],[126.83582034245896,37.553343843086274],[126.83593301802118,37.553367444893674]]]}},{"type":"Feature","properties":{"F_DISA_NM":"2018년 8.26~9.1 호우","F_AVR_HGT":12.79,"F_AREA":148,"ADM_CD":"1150010300","F_SAT_YMD":"20180826","F_END_YMD":"20180901","F_SAT_TM":"14","F_END_TM":"20","F_RSN_DTL":"내수침수","F_ZONE_NM":"강서구 화곡동 1087-36","INV_YR":"2018","F_YR":"2018","GU_NAM":"강서구","F_SHIM":0.5},"geometry":{"type":"Polygon","coordinates":[[[126.83530036652218,37.538261499752075],[126.83531551588655,37.538267017123836],[126.83534799239692,37.53821444489491],[126.83534603993947,37.53817651038674],[126.83521331775012,37.538126318510955],[126.83516356983327,37.53820671603726],[126.83530036652218,37.538261499752075]]]}},{"type":"Feature","properties":{"F_DISA_NM":"2018년 8.26~9.1 호우","F_AVR_HGT":12.79,"F_AREA":120.9,"ADM_CD":"1150010300","F_SAT_YMD":"20180826","F_END_YMD":"20180901","F_SAT_TM":"14","F_END_TM":"20","F_RSN_DTL":"내수침수","F_ZONE_NM":"강서구 화곡동 1087-44","INV_YR":"2018","F_YR":"2018","GU_NAM":"강서구","F_SHIM":0.5},"geometry":{"type":"Polygon","coordinates":[[[126.83506613111244,37.53806799717231],[126.83512301629716,37.53797842863317],[126.83501137857218,37.53793621298346],[126.83497714189929,37.537991611754826],[126.83495603090466,37.53802630621318],[126.83506613111244,37.53806799717231]]]}},{"type":"Feature","properties":{"F_DISA_NM":"2018년 8.26~9.1 호우","F_AVR_HGT":9.7,"F_AREA":147.8,"ADM_CD":"1150010300","F_SAT_YMD":"20180826","F_END_YMD":"20180901","F_SAT_TM":"17","F_END_TM":"23","F_RSN_DTL":"내수침수","F_ZONE_NM":"강서구 화곡동 1096-12","INV_YR":"2018","F_YR":"2018","GU_NAM":"강서구","F_SHIM":0.5},"geometry":{"type":"Polygon","coordinates":[[[126.85066956823424,37.554653972730755],[126.85068859144808,37.55468809047763],[126.85081631073466,37.554640347933244],[126.85076281117428,37.5545409905872],[126.85063395248645,37.5545870017187],[126.85066956823424,37.554653972730755]]]}},{"type":"Feature","properties":{"F_DISA_NM":"2018년 8.26~9.1 호우","F_AVR_HGT":9.7,"F_AREA":116,"ADM_CD":"1150010300","F_SAT_YMD":"20180826","F_END_YMD":"20180901","F_SAT_TM":"17","F_END_TM":"23","F_RSN_DTL":"내수침수","F_ZONE_NM":"강서구 화곡동 1096-3","INV_YR":"2018","F_YR":"2018","GU_NAM":"강서구","F_SHIM":0.5},"geometry":{"type":"Polygon","coordinates":[[[126.85088172879543,37.555008891090615],[126.85099578460824,37.55496880735464],[126.85094690888454,37.55488288974565],[126.85083305893492,37.554921955579616],[126.85088172879543,37.555008891090615]]]}},{"type":"Feature","properties":{"F_DISA_NM":"2018년 8.26~9.1 호우","F_AVR_HGT":10.95,"F_AREA":126.9,"ADM_CD":"1150010300","F_SAT_YMD":"20180826","F_END_YMD":"20180901","F_SAT_TM":"14","F_END_TM":"20","F_RSN_DTL":"내수침수","F_ZONE_NM":"강서구 화곡동 359-96","INV_YR":"2018","F_YR":"2018","GU_NAM":"강서구","F_SHIM":0.5},"geometry":{"type":"Polygon","coordinates":[[[126.83775381488559,37.53246877111355],[126.83780662294578,37.53238286257634],[126.83768406133031,37.5323362194119],[126.8376325767101,37.532422201810725],[126.83775381488559,37.53246877111355]]]}},{"type":"Feature","properties":{"F_DISA_NM":"2018년 8.26~9.1 호우","F_AVR_HGT":10.95,"F_AREA":144.7,"ADM_CD":"1150010300","F_SAT_YMD":"20180826","F_END_YMD":"20180901","F_SAT_TM":"16","F_END_TM":"22","F_RSN_DTL":"내수침수","F_ZONE_NM":"강서구 화곡동 360-3","INV_YR":"2018","F_YR":"2018","GU_NAM":"강서구","F_SHIM":0.5},"geometry":{"type":"Polygon","coordinates":[[[126.83726121973054,37.53264148312676],[126.83730534318684,37.53256937495853],[126.83713819905277,37.532504973734],[126.8370942678471,37.532577064088265],[126.83726121973054,37.53264148312676]]]}},{"type":"Feature","properties":{"F_DISA_NM":"2018년 8.26~9.1 호우","F_AVR_HGT":11.7,"F_AREA":128.47,"ADM_CD":"1147010300","F_SAT_YMD":"20180826","F_END_YMD":"20180901","F_SAT_TM":"20","F_END_TM":"24","F_RSN_DTL":"내수침수","F_ZONE_NM":"양천구 신월동 92-17","INV_YR":"2018","F_YR":"2018","GU_NAM":"양천구","F_SHIM":0.25},"geometry":{"type":"Polygon","coordinates":[[[126.83306180729349,37.53562761111795],[126.83299951937303,37.53560382615826],[126.83294344902512,37.535582392620626],[126.83286002190765,37.535550468481055],[126.83280658545333,37.53556525853102],[126.83275287036895,37.535653479031936],[126.83286930744977,37.535697703884736],[126.832957144237,37.53573098579939],[126.83298789274758,37.53574265248193],[126.83306180729349,37.53562761111795]]]}},{"type":"Feature","properties":{"F_DISA_NM":"2018년 8.26~9.1 호우","F_AVR_HGT":13.37,"F_AREA":79.84,"ADM_CD":"1147010300","F_SAT_YMD":"20180826","F_END_YMD":"20180901","F_SAT_TM":"20","F_END_TM":"24","F_RSN_DTL":"내수침수","F_ZONE_NM":"양천구 신월동 109-26","INV_YR":"2018","F_YR":"2018","GU_NAM":"양천구","F_SHIM":0.25},"geometry":{"type":"Polygon","coordinates":[[[126.83334470914855,37.53313812150629],[126.83348499504964,37.53319120945265],[126.83350009802612,37.53316645364035],[126.83354075166153,37.533099567710394],[126.83339674244651,37.53304196956592],[126.83334109175954,37.53313676486624],[126.83334470914855,37.53313812150629]]]}},{"type":"Feature","properties":{"F_DISA_NM":"2018년 8.26~9.1 호우","F_AVR_HGT":10.24,"F_AREA":65.43,"ADM_CD":"1147010300","F_SAT_YMD":"20180826","F_END_YMD":"20180901","F_SAT_TM":"20","F_END_TM":"24","F_RSN_DTL":"내수침수","F_ZONE_NM":"양천구 신월동 118-5","INV_YR":"2018","F_YR":"2018","GU_NAM":"양천구","F_SHIM":0.1},"geometry":{"type":"Polygon","coordinates":[[[126.8360351984723,37.532089742544635],[126.83608492864053,37.5320099842424],[126.83596600955704,37.53196431746817],[126.83590867085377,37.532056859151496],[126.83600995625422,37.532095473528486],[126.8360351984723,37.532089742544635]]]}},{"type":"Feature","properties":{"F_DISA_NM":"2018년 8.26~9.1 호우","F_AVR_HGT":12.09,"F_AREA":66.66,"ADM_CD":"1147010300","F_SAT_YMD":"20180826","F_END_YMD":"20180901","F_SAT_TM":"20","F_END_TM":"24","F_RSN_DTL":"내수침수","F_ZONE_NM":"양천구 신월동 102-36","INV_YR":"2018","F_YR":"2018","GU_NAM":"양천구","F_SHIM":0.05},"geometry":{"type":"Polygon","coordinates":[[[126.83347750622482,37.53476415162893],[126.83351906850513,37.534696095728194],[126.83337075245274,37.53464047362153],[126.83334281751951,37.53468602406494],[126.83333032612849,37.53470645880566],[126.83344551551306,37.534751582312005],[126.83347750622482,37.53476415162893]]]}},{"type":"Feature","properties":{"F_DISA_NM":"2018년 8.26~9.1 호우","F_AVR_HGT":10.34,"F_AREA":67.04,"ADM_CD":"1147010300","F_SAT_YMD":"20180826","F_END_YMD":"20180901","F_SAT_TM":"20","F_END_TM":"24","F_RSN_DTL":"내수침수","F_ZONE_NM":"양천구 신월동 118-12","INV_YR":"2018","F_YR":"2018","GU_NAM":"양천구","F_SHIM":0.2},"geometry":{"type":"Polygon","coordinates":[[[126.83590153773477,37.53185466633974],[126.83598122934286,37.53188622271528],[126.83599004641295,37.53188965884604],[126.8360745257377,37.5317512946015],[126.83606672610938,37.531748220299455],[126.83599709416818,37.531721002845806],[126.83598624245977,37.53171675297024],[126.83590153773477,37.53185466633974]]]}},{"type":"Feature","properties":{"F_DISA_NM":"2018년 8.26~9.1 호우","F_AVR_HGT":11.51,"F_AREA":130.8,"ADM_CD":"1147010300","F_SAT_YMD":"20180826","F_END_YMD":"20180901","F_SAT_TM":"20","F_END_TM":"24","F_RSN_DTL":"내수침수","F_ZONE_NM":"양천구 신월동 102-19","INV_YR":"2018","F_YR":"2018","GU_NAM":"양천구","F_SHIM":0.5},"geometry":{"type":"Polygon","coordinates":[[[126.83383201379115,37.53464671558917],[126.83394991956847,37.534691482064],[126.83401521035599,37.534586518960005],[126.8339002552258,37.53453779237047],[126.83384393650914,37.534627541377105],[126.83383201379115,37.53464671558917]]]}},{"type":"Feature","properties":{"F_DISA_NM":"2018년 8.26~9.1 호우","F_AVR_HGT":12.09,"F_AREA":80.05,"ADM_CD":"1147010300","F_SAT_YMD":"20180826","F_END_YMD":"20180901","F_SAT_TM":"20","F_END_TM":"24","F_RSN_DTL":"내수침수","F_ZONE_NM":"양천구 신월동 101-3","INV_YR":"2018","F_YR":"2018","GU_NAM":"양천구","F_SHIM":0.05},"geometry":{"type":"Polygon","coordinates":[[[126.83322041794295,37.534526554238596],[126.83333730429294,37.53457159017046],[126.83339521886296,37.53447679811891],[126.83327799158599,37.53443248255214],[126.83322041794295,37.534526554238596]]]}},{"type":"Feature","properties":{"F_DISA_NM":"2018년 8.26~9.1 호우","F_AVR_HGT":12.69,"F_AREA":83,"ADM_CD":"1147010300","F_SAT_YMD":"20180826","F_END_YMD":"20180901","F_SAT_TM":"20","F_END_TM":"24","F_RSN_DTL":"내수침수","F_ZONE_NM":"양천구 신월동 87-4","INV_YR":"2018","F_YR":"2018","GU_NAM":"양천구","F_SHIM":0.5},"geometry":{"type":"Polygon","coordinates":[[[126.83423595086339,37.5376245272093],[126.8343569102479,37.53767209066058],[126.83439608906582,37.53760772517941],[126.834409489432,37.53758566983678],[126.83425856929581,37.5375279728996],[126.83421051557738,37.537614490167265],[126.83423595086339,37.5376245272093]]]}},{"type":"Feature","properties":{"F_DISA_NM":"2018년 8.26~9.1 호우","F_AVR_HGT":12.49,"F_AREA":108.72,"ADM_CD":"1147010300","F_SAT_YMD":"20180826","F_END_YMD":"20180901","F_SAT_TM":"20","F_END_TM":"24","F_RSN_DTL":"내수침수","F_ZONE_NM":"양천구 신월동 88-34","INV_YR":"2018","F_YR":"2018","GU_NAM":"양천구","F_SHIM":0.3},"geometry":{"type":"Polygon","coordinates":[[[126.8346002032378,37.53760774354639],[126.83463434371255,37.537620946278075],[126.83470418578871,37.53750526747312],[126.83471156749646,37.537493024407624],[126.83457342121893,37.53744048156789],[126.83449608611849,37.5375675021995],[126.8346002032378,37.53760774354639]]]}},{"type":"Feature","properties":{"F_DISA_NM":"2018년 8.26~9.1 호우","F_AVR_HGT":11.93,"F_AREA":81.06,"ADM_CD":"1147010300","F_SAT_YMD":"20180826","F_END_YMD":"20180901","F_SAT_TM":"20","F_END_TM":"24","F_RSN_DTL":"내수침수","F_ZONE_NM":"양천구 신월동 87-6","INV_YR":"2018","F_YR":"2018","GU_NAM":"양천구","F_SHIM":0.2},"geometry":{"type":"Polygon","coordinates":[[[126.83424480929187,37.537508401883876],[126.83427231495779,37.53750330518441],[126.83431582423813,37.53742507058286],[126.83419170306617,37.53737488973131],[126.83413752948317,37.537465903260845],[126.83424480929187,37.537508401883876]]]}},{"type":"Feature","properties":{"F_DISA_NM":"2018년 8.26~9.1 호우","F_AVR_HGT":11.83,"F_AREA":68.66,"ADM_CD":"1147010300","F_SAT_YMD":"20180826","F_END_YMD":"20180901","F_SAT_TM":"20","F_END_TM":"24","F_RSN_DTL":"내수침수","F_ZONE_NM":"양천구 신월동 88-33","INV_YR":"2018","F_YR":"2018","GU_NAM":"양천구","F_SHIM":0.1},"geometry":{"type":"Polygon","coordinates":[[[126.83457342121893,37.53744048156789],[126.83471156749646,37.537493024407624],[126.83477186987548,37.537393189545774],[126.83478311292227,37.53737446478448],[126.83464394268942,37.53732453345774],[126.83460419630102,37.5373898893137],[126.83457342121893,37.53744048156789]]]}},{"type":"Feature","properties":{"F_DISA_NM":"2018년 8.26~9.1 호우","F_AVR_HGT":11.78,"F_AREA":69.53,"ADM_CD":"1147010300","F_SAT_YMD":"20180826","F_END_YMD":"20180901","F_SAT_TM":"20","F_END_TM":"24","F_RSN_DTL":"내수침수","F_ZONE_NM":"양천구 신월동 87-11","INV_YR":"2018","F_YR":"2018","GU_NAM":"양천구","F_SHIM":0.05},"geometry":{"type":"Polygon","coordinates":[[[126.83440933795676,37.53729861355514],[126.83455189509061,37.537351793518155],[126.83461230930659,37.53725258958801],[126.83446997880787,37.537199319918535],[126.83440933795676,37.53729861355514]]]}},{"type":"Feature","properties":{"F_DISA_NM":"2018년 8.26~9.1 호우","F_AVR_HGT":13.94,"F_AREA":45.39,"ADM_CD":"1147010300","F_SAT_YMD":"20180826","F_END_YMD":"20180901","F_SAT_TM":"20","F_END_TM":"24","F_RSN_DTL":"내수침수","F_ZONE_NM":"양천구 신월동 96-19","INV_YR":"2018","F_YR":"2018","GU_NAM":"양천구","F_SHIM":0.03},"geometry":{"type":"Polygon","coordinates":[[[126.8308914801199,37.535839652447926],[126.83102051198173,37.53581803478317],[126.83100056753747,37.53573241172345],[126.83097849538264,37.53573652441758],[126.83085998546139,37.53575833744015],[126.83088367042724,37.53584090255381],[126.8308914801199,37.535839652447926]]]}},{"type":"Feature","properties":{"F_DISA_NM":"2018년 8.26~9.1 호우","F_AVR_HGT":11.6,"F_AREA":72.93,"ADM_CD":"1147010300","F_SAT_YMD":"20180826","F_END_YMD":"20180901","F_SAT_TM":"20","F_END_TM":"24","F_RSN_DTL":"내수침수","F_ZONE_NM":"양천구 신월동 92-14","INV_YR":"2018","F_YR":"2018","GU_NAM":"양천구","F_SHIM":0.15},"geometry":{"type":"Polygon","coordinates":[[[126.83313386063499,37.53578673901166],[126.83324701601013,37.53583140930872],[126.83331152427333,37.53572311182967],[126.83319780068005,37.53567961207394],[126.83313386063499,37.53578673901166]]]}},{"type":"Feature","properties":{"F_DISA_NM":"2018년 8.26~9.1 호우","F_AVR_HGT":11.55,"F_AREA":129.16,"ADM_CD":"1147010300","F_SAT_YMD":"20180826","F_END_YMD":"20180901","F_SAT_TM":"20","F_END_TM":"24","F_RSN_DTL":"내수침수","F_ZONE_NM":"양천구 신월동 91-4","INV_YR":"2018","F_YR":"2018","GU_NAM":"양천구","F_SHIM":0.1},"geometry":{"type":"Polygon","coordinates":[[[126.83319895280523,37.53562005812417],[126.83335179007749,37.53567847995319],[126.83340107474879,37.535597911307725],[126.83325039438239,37.53553633914177],[126.83319895280523,37.53562005812417]]]}},{"type":"Feature","properties":{"F_DISA_NM":"2018년 8.26~9.1 호우","F_AVR_HGT":11.6,"F_AREA":112.05,"ADM_CD":"1147010300","F_SAT_YMD":"20180826","F_END_YMD":"20180901","F_SAT_TM":"20","F_END_TM":"24","F_RSN_DTL":"내수침수","F_ZONE_NM":"양천구 신월동 91-15","INV_YR":"2018","F_YR":"2018","GU_NAM":"양천구","F_SHIM":0.15},"geometry":{"type":"Polygon","coordinates":[[[126.83380954862942,37.53563498225035],[126.83382187102139,37.53563950470954],[126.83386105830465,37.535571084929494],[126.83392534763989,37.53545900263061],[126.83391472138919,37.53545493308536],[126.8338948255837,37.53544724641371],[126.8338422352144,37.53553907297892],[126.83369719998026,37.53548273515235],[126.83369322548158,37.535489216649445],[126.83364155592587,37.535573926593464],[126.83380954862942,37.53563498225035]]]}},{"type":"Feature","properties":{"F_DISA_NM":"2018년 8.26~9.1 호우","F_AVR_HGT":16.7,"F_AREA":83.06,"ADM_CD":"1147010300","F_SAT_YMD":"20180826","F_END_YMD":"20180901","F_SAT_TM":"20","F_END_TM":"24","F_RSN_DTL":"내수침수","F_ZONE_NM":"양천구 신월동 19-17","INV_YR":"2018","F_YR":"2018","GU_NAM":"양천구","F_SHIM":0.25},"geometry":{"type":"Polygon","coordinates":[[[126.83301771279163,37.54154751521517],[126.83302645618816,37.541433281979096],[126.83289996702356,37.541427154900354],[126.83290929601733,37.54130418288993],[126.83287535348437,37.54130296313529],[126.83286520924518,37.541436205280895],[126.83285739536623,37.54153953783632],[126.83301771279163,37.54154751521517]]]}},{"type":"Feature","properties":{"F_DISA_NM":"2018년 8.26~9.1 호우","F_AVR_HGT":12.44,"F_AREA":57.26,"ADM_CD":"1147010300","F_SAT_YMD":"20180826","F_END_YMD":"20180901","F_SAT_TM":"20","F_END_TM":"24","F_RSN_DTL":"내수침수","F_ZONE_NM":"양천구 신월동 88-9","INV_YR":"2018","F_YR":"2018","GU_NAM":"양천구","F_SHIM":0.25},"geometry":{"type":"Polygon","coordinates":[[[126.83462707262242,37.5381927956141],[126.83471598392985,37.53805011400133],[126.83461243266507,37.53800951316178],[126.83452307967625,37.53814723861722],[126.83462198527462,37.53819089634176],[126.83462707262242,37.5381927956141]]]}},{"type":"Feature","properties":{"F_DISA_NM":"2018년 8.26~9.1 호우","F_AVR_HGT":12.39,"F_AREA":90.9,"ADM_CD":"1147010300","F_SAT_YMD":"20180826","F_END_YMD":"20180901","F_SAT_TM":"20","F_END_TM":"24","F_RSN_DTL":"내수침수","F_ZONE_NM":"양천구 신월동 88-8","INV_YR":"2018","F_YR":"2018","GU_NAM":"양천구","F_SHIM":0.2},"geometry":{"type":"Polygon","coordinates":[[[126.83452307967625,37.53814723861722],[126.83461243266507,37.53800951316178],[126.8345088815128,37.53796891223143],[126.83442406124867,37.538103490550824],[126.83449832505846,37.53813630160842],[126.83452307967625,37.53814723861722]]]}},{"type":"Feature","properties":{"F_DISA_NM":"2018년 8.26~9.1 호우","F_AVR_HGT":12.52,"F_AREA":82.22,"ADM_CD":"1147010300","F_SAT_YMD":"20180826","F_END_YMD":"20180901","F_SAT_TM":"20","F_END_TM":"24","F_RSN_DTL":"내수침수","F_ZONE_NM":"양천구 신월동 83-1","INV_YR":"2018","F_YR":"2018","GU_NAM":"양천구","F_SHIM":0.1},"geometry":{"type":"Polygon","coordinates":[[[126.83327706105948,37.537163569053995],[126.83320516997037,37.5370825575294],[126.83318035939334,37.53709675784248],[126.83307488534089,37.537157424420094],[126.83313323772201,37.53722120777189],[126.8331669450319,37.53722558058835],[126.83327706105948,37.537163569053995]]]}},{"type":"Feature","properties":{"F_DISA_NM":"2018년 8.26~9.1 호우","F_AVR_HGT":13.65,"F_AREA":18.4,"ADM_CD":"1147010300","F_SAT_YMD":"20180826","F_END_YMD":"20180901","F_SAT_TM":"20","F_END_TM":"24","F_RSN_DTL":"내수침수","F_ZONE_NM":"양천구 신월동 84-20","INV_YR":"2018","F_YR":"2018","GU_NAM":"양천구","F_SHIM":0.05},"geometry":{"type":"Polygon","coordinates":[[[126.83272411505138,37.53716710481425],[126.83275515760778,37.537148949137716],[126.832690371823,37.537078308862256],[126.83263506730347,37.53701786331981],[126.83259076800998,37.53704437923025],[126.83261763088278,37.537073429596376],[126.8325766170007,37.53709805811645],[126.83267267948085,37.537197214523225],[126.83272411505138,37.53716710481425]]]}},{"type":"Feature","properties":{"F_DISA_NM":"2018년 8.26~9.1 호우","F_AVR_HGT":13.85,"F_AREA":98,"ADM_CD":"1147010300","F_SAT_YMD":"20180826","F_END_YMD":"20180901","F_SAT_TM":"20","F_END_TM":"24","F_RSN_DTL":"내수침수","F_ZONE_NM":"양천구 신월동 84-17","INV_YR":"2018","F_YR":"2018","GU_NAM":"양천구","F_SHIM":0.25},"geometry":{"type":"Polygon","coordinates":[[[126.83239068383727,37.53716437530794],[126.83249049941024,37.53710451213647],[126.83237863863175,37.536986952716816],[126.83228052293566,37.537045646941216],[126.83229485681598,37.53706134474306],[126.83239068383727,37.53716437530794]]]}},{"type":"Feature","properties":{"F_DISA_NM":"2018년 8.26~9.1 호우","F_AVR_HGT":12.67,"F_AREA":87.46,"ADM_CD":"1147010300","F_SAT_YMD":"20180826","F_END_YMD":"20180901","F_SAT_TM":"20","F_END_TM":"24","F_RSN_DTL":"내수침수","F_ZONE_NM":"양천구 신월동 83-3","INV_YR":"2018","F_YR":"2018","GU_NAM":"양천구","F_SHIM":0.25},"geometry":{"type":"Polygon","coordinates":[[[126.83318035939334,37.53709675784248],[126.83320516997037,37.5370825575294],[126.83332095328073,37.53701595896938],[126.83333939030494,37.537018417904456],[126.83340654903944,37.53709068298879],[126.8334343043538,37.53707513533105],[126.83335608398998,37.536991051515656],[126.83318562754089,37.5369678333822],[126.83310484421497,37.53701736287607],[126.83318035939334,37.53709675784248]]]}},{"type":"Feature","properties":{"F_DISA_NM":"2018년 8.26~9.1 호우","F_AVR_HGT":12.89,"F_AREA":64.5,"ADM_CD":"1147010300","F_SAT_YMD":"20180826","F_END_YMD":"20180901","F_SAT_TM":"20","F_END_TM":"24","F_RSN_DTL":"내수침수","F_ZONE_NM":"양천구 신월동 87-2","INV_YR":"2018","F_YR":"2018","GU_NAM":"양천구","F_SHIM":0.7},"geometry":{"type":"Polygon","coordinates":[[[126.83425595379039,37.537837820348194],[126.83430682939101,37.537754370433646],[126.83418372558378,37.5377043712148],[126.83412832125036,37.53778907604694],[126.83425595379039,37.537837820348194]]]}},{"type":"Feature","properties":{"F_DISA_NM":"2018년 8.26~9.1 호우","F_AVR_HGT":12.44,"F_AREA":86.85,"ADM_CD":"1147010300","F_SAT_YMD":"20180826","F_END_YMD":"20180901","F_SAT_TM":"20","F_END_TM":"24","F_RSN_DTL":"내수침수","F_ZONE_NM":"양천구 신월동 88-18","INV_YR":"2018","F_YR":"2018","GU_NAM":"양천구","F_SHIM":0.25},"geometry":{"type":"Polygon","coordinates":[[[126.8347280409063,37.53781839589292],[126.83480787248844,37.53768804496834],[126.83474727867232,37.53766462372472],[126.83470205957511,37.53764708061596],[126.83462675205675,37.53777815865662],[126.8347280409063,37.53781839589292]]]}},{"type":"Feature","properties":{"F_DISA_NM":"2018년 8.26~9.1 호우","F_AVR_HGT":12.67,"F_AREA":18,"ADM_CD":"1147010300","F_SAT_YMD":"20180826","F_END_YMD":"20180901","F_SAT_TM":"20","F_END_TM":"24","F_RSN_DTL":"내수침수","F_ZONE_NM":"양천구 신월동 83-9","INV_YR":"2018","F_YR":"2018","GU_NAM":"양천구","F_SHIM":0.25},"geometry":{"type":"Polygon","coordinates":[[[126.83302161837838,37.536945525193445],[126.83303715534643,37.53687914424052],[126.83284204464887,37.53685111517868],[126.83280851997304,37.53686620396014],[126.83292838405134,37.53699728928218],[126.83302161837838,37.536945525193445]]]}},{"type":"Feature","properties":{"F_DISA_NM":"2018년 8.26~9.1 호우","F_AVR_HGT":13.85,"F_AREA":87.41,"ADM_CD":"1147010300","F_SAT_YMD":"20180826","F_END_YMD":"20180901","F_SAT_TM":"20","F_END_TM":"24","F_RSN_DTL":"내수침수","F_ZONE_NM":"양천구 신월동 84-15","INV_YR":"2018","F_YR":"2018","GU_NAM":"양천구","F_SHIM":0.25},"geometry":{"type":"Polygon","coordinates":[[[126.83247425009186,37.53688473690682],[126.8323967086482,37.53680119402161],[126.83227794923326,37.53678264365743],[126.83226426487903,37.53683001623232],[126.83237194278308,37.536945857887325],[126.83242054726135,37.53691682544492],[126.83247425009186,37.53688473690682]]]}},{"type":"Feature","properties":{"F_DISA_NM":"2018년 8.26~9.1 호우","F_AVR_HGT":12.59,"F_AREA":91.44,"ADM_CD":"1147010300","F_SAT_YMD":"20180826","F_END_YMD":"20180901","F_SAT_TM":"20","F_END_TM":"24","F_RSN_DTL":"내수침수","F_ZONE_NM":"양천구 신월동 88-21","INV_YR":"2018","F_YR":"2018","GU_NAM":"양천구","F_SHIM":0.3},"geometry":{"type":"Polygon","coordinates":[[[126.83503519182405,37.53773440632774],[126.83504757693726,37.53766000184543],[126.83493441792318,37.53761524317926],[126.83487400564329,37.53771363637809],[126.83490871153981,37.53772702002653],[126.83501452488,37.537767894094834],[126.83503519182405,37.53773440632774]]]}},{"type":"Feature","properties":{"F_DISA_NM":"2018년 8.26~9.1 호우","F_AVR_HGT":12.34,"F_AREA":71.98,"ADM_CD":"1147010300","F_SAT_YMD":"20180826","F_END_YMD":"20180901","F_SAT_TM":"20","F_END_TM":"24","F_RSN_DTL":"내수침수","F_ZONE_NM":"양천구 신월동 87-3","INV_YR":"2018","F_YR":"2018","GU_NAM":"양천구","F_SHIM":0.15},"geometry":{"type":"Polygon","coordinates":[[[126.83418372558378,37.5377043712148],[126.83430682939101,37.537754370433646],[126.8343569102479,37.53767209066058],[126.83423595086339,37.5376245272093],[126.83418372558378,37.5377043712148]]]}},{"type":"Feature","properties":{"F_DISA_NM":"2018년 8.26~9.1 호우","F_AVR_HGT":12.39,"F_AREA":135.24,"ADM_CD":"1147010300","F_SAT_YMD":"20180826","F_END_YMD":"20180901","F_SAT_TM":"20","F_END_TM":"24","F_RSN_DTL":"내수침수","F_ZONE_NM":"양천구 신월동 88-16","INV_YR":"2018","F_YR":"2018","GU_NAM":"양천구","F_SHIM":0.2},"geometry":{"type":"Polygon","coordinates":[[[126.83452354165624,37.53773710772335],[126.8346002032378,37.53760774354639],[126.83449608611849,37.5375675021995],[126.8344182965662,37.53769524292807],[126.83452354165624,37.53773710772335]]]}},{"type":"Feature","properties":{"F_DISA_NM":"2018년 8.26~9.1 호우","F_AVR_HGT":12.49,"F_AREA":87.4,"ADM_CD":"1147010300","F_SAT_YMD":"20180826","F_END_YMD":"20180901","F_SAT_TM":"20","F_END_TM":"24","F_RSN_DTL":"내수침수","F_ZONE_NM":"양천구 신월동 88-22","INV_YR":"2018","F_YR":"2018","GU_NAM":"양천구","F_SHIM":0.3},"geometry":{"type":"Polygon","coordinates":[[[126.83487400564329,37.53771363637809],[126.83493441792318,37.53761524317926],[126.83480871078709,37.53756560133521],[126.83474727867232,37.53766462372472],[126.83480787248844,37.53768804496834],[126.83487400564329,37.53771363637809]]]}},{"type":"Feature","properties":{"F_DISA_NM":"2018년 8.26~9.1 호우","F_AVR_HGT":13.99,"F_AREA":42.61,"ADM_CD":"1147010300","F_SAT_YMD":"20180826","F_END_YMD":"20180901","F_SAT_TM":"20","F_END_TM":"24","F_RSN_DTL":"내수침수","F_ZONE_NM":"양천구 신월동 218-45","INV_YR":"2018","F_YR":"2018","GU_NAM":"양천구","F_SHIM":0.2},"geometry":{"type":"Polygon","coordinates":[[[126.83638549059184,37.52671530447486],[126.83642595527274,37.52673139873023],[126.83648805531837,37.52663219600624],[126.83651030667657,37.526596727941225],[126.83630208378075,37.526677976792726],[126.83629687549852,37.52667995169341],[126.83638549059184,37.52671530447486]]]}},{"type":"Feature","properties":{"F_DISA_NM":"2018년 8.26~9.1 호우","F_AVR_HGT":10.3,"F_AREA":79.84,"ADM_CD":"1147010300","F_SAT_YMD":"20180826","F_END_YMD":"20180901","F_SAT_TM":"20","F_END_TM":"24","F_RSN_DTL":"내수침수","F_ZONE_NM":"양천구 신월동 117-24","INV_YR":"2018","F_YR":"2018","GU_NAM":"양천구","F_SHIM":0.25},"geometry":{"type":"Polygon","coordinates":[[[126.83651248916925,37.53061593526945],[126.83661286567954,37.530655538959905],[126.83668256421669,37.53054931906553],[126.83659891482458,37.53051739723353],[126.83656687797871,37.530526362425945],[126.83651248916925,37.53061593526945]]]}},{"type":"Feature","properties":{"F_DISA_NM":"2018년 8.26~9.1 호우","F_AVR_HGT":11.26,"F_AREA":132.46,"ADM_CD":"1147010300","F_SAT_YMD":"20180826","F_END_YMD":"20180901","F_SAT_TM":"20","F_END_TM":"24","F_RSN_DTL":"내수침수","F_ZONE_NM":"양천구 신월동 107-19","INV_YR":"2018","F_YR":"2018","GU_NAM":"양천구","F_SHIM":0.05},"geometry":{"type":"Polygon","coordinates":[[[126.83468711049899,37.53348834914656],[126.8345698900223,37.533441331887005],[126.83455104346038,37.53341995171841],[126.83446942646786,37.5333888421581],[126.83445046418983,37.53341935898755],[126.83440038951362,37.53350019728343],[126.83450054147742,37.533540252931],[126.83450777593497,37.533543146337905],[126.83462522301015,37.53359007387932],[126.83468711049899,37.53348834914656]]]}},{"type":"Feature","properties":{"F_DISA_NM":"2018년 8.26~9.1 호우","F_AVR_HGT":13.1,"F_AREA":68.55,"ADM_CD":"1147010300","F_SAT_YMD":"20180826","F_END_YMD":"20180901","F_SAT_TM":"20","F_END_TM":"24","F_RSN_DTL":"내수침수","F_ZONE_NM":"양천구 신월동 67-6","INV_YR":"2018","F_YR":"2018","GU_NAM":"양천구","F_SHIM":0.25},"geometry":{"type":"Polygon","coordinates":[[[126.83428080116109,37.53866847999166],[126.8344232392167,37.538725444097274],[126.83447206895292,37.538646315990896],[126.83432974315095,37.53858980259836],[126.83428080116109,37.53866847999166]]]}},{"type":"Feature","properties":{"F_DISA_NM":"2018년 8.26~9.1 호우","F_AVR_HGT":12.49,"F_AREA":56.48,"ADM_CD":"1147010300","F_SAT_YMD":"20180826","F_END_YMD":"20180901","F_SAT_TM":"20","F_END_TM":"24","F_RSN_DTL":"내수침수","F_ZONE_NM":"양천구 신월동 88-4","INV_YR":"2018","F_YR":"2018","GU_NAM":"양천구","F_SHIM":0.3},"geometry":{"type":"Polygon","coordinates":[[[126.83442127088657,37.53823845519521],[126.83443526479988,37.53825469284892],[126.83446874315149,37.53820978071113],[126.83458145060037,37.53825435898286],[126.83462198527462,37.53819089634176],[126.83452307967625,37.53814723861722],[126.83449832505846,37.53813630160842],[126.83442127088657,37.53823845519521]]]}},{"type":"Feature","properties":{"F_DISA_NM":"2018년 8.26~9.1 호우","F_AVR_HGT":12.29,"F_AREA":87.04,"ADM_CD":"1147010300","F_SAT_YMD":"20180826","F_END_YMD":"20180901","F_SAT_TM":"20","F_END_TM":"24","F_RSN_DTL":"내수침수","F_ZONE_NM":"양천구 신월동 88-7","INV_YR":"2018","F_YR":"2018","GU_NAM":"양천구","F_SHIM":0.1},"geometry":{"type":"Polygon","coordinates":[[[126.83442406124867,37.538103490550824],[126.8345088815128,37.53796891223143],[126.83440679995692,37.537928943984035],[126.83432413857625,37.538059380724214],[126.83440077614694,37.53809318629503],[126.83442406124867,37.538103490550824]]]}},{"type":"Feature","properties":{"F_DISA_NM":"2018년 8.26~9.1 호우","F_AVR_HGT":12.34,"F_AREA":82.89,"ADM_CD":"1147010300","F_SAT_YMD":"20180826","F_END_YMD":"20180901","F_SAT_TM":"20","F_END_TM":"24","F_RSN_DTL":"내수침수","F_ZONE_NM":"양천구 신월동 88-6","INV_YR":"2018","F_YR":"2018","GU_NAM":"양천구","F_SHIM":0.15},"geometry":{"type":"Polygon","coordinates":[[[126.83424377109313,37.53802385793592],[126.83432413857625,37.538059380724214],[126.83440679995692,37.537928943984035],[126.83432269314275,37.53789593873503],[126.83429065326953,37.53790472309257],[126.83424034488598,37.53798745300776],[126.83424377109313,37.53802385793592]]]}},{"type":"Feature","properties":{"F_DISA_NM":"2018년 8.26~9.1 호우","F_AVR_HGT":14.85,"F_AREA":81.48,"ADM_CD":"1147010300","F_SAT_YMD":"20180826","F_END_YMD":"20180901","F_SAT_TM":"20","F_END_TM":"24","F_RSN_DTL":"내수침수","F_ZONE_NM":"양천구 신월동 75-37","INV_YR":"2018","F_YR":"2018","GU_NAM":"양천구","F_SHIM":0.25},"geometry":{"type":"Polygon","coordinates":[[[126.83069204338295,37.53741213600654],[126.83075809707009,37.537422232543136],[126.83079983308411,37.5374285998258],[126.83083254526105,37.53727385667904],[126.8307419471558,37.53726030092477],[126.83072475495327,37.53725775328534],[126.83069204338295,37.53741213600654]]]}},{"type":"Feature","properties":{"F_DISA_NM":"2018년 8.26~9.1 호우","F_AVR_HGT":12.72,"F_AREA":7.93,"ADM_CD":"1147010300","F_SAT_YMD":"20180826","F_END_YMD":"20180901","F_SAT_TM":"20","F_END_TM":"24","F_RSN_DTL":"내수침수","F_ZONE_NM":"양천구 신월동 83-2","INV_YR":"2018","F_YR":"2018","GU_NAM":"양천구","F_SHIM":0.3},"geometry":{"type":"Polygon","coordinates":[[[126.83340654903944,37.53709068298879],[126.83333939030494,37.537018417904456],[126.83332095328073,37.53701595896938],[126.83320516997037,37.5370825575294],[126.83327706105948,37.537163569053995],[126.83340654903944,37.53709068298879]]]}},{"type":"Feature","properties":{"F_DISA_NM":"2018년 8.26~9.1 호우","F_AVR_HGT":11.6,"F_AREA":61.56,"ADM_CD":"1147010300","F_SAT_YMD":"20180826","F_END_YMD":"20180901","F_SAT_TM":"20","F_END_TM":"24","F_RSN_DTL":"내수침수","F_ZONE_NM":"양천구 신월동 90-4","INV_YR":"2018","F_YR":"2018","GU_NAM":"양천구","F_SHIM":0.3},"geometry":{"type":"Polygon","coordinates":[[[126.834128767363,37.53627333765206],[126.83420439620642,37.53630200627323],[126.83425220166922,37.536224949054706],[126.83418776335901,37.53620107157842],[126.83410184567619,37.53616923488869],[126.83405517353867,37.53624539266171],[126.834128767363,37.53627333765206]]]}},{"type":"Feature","properties":{"F_DISA_NM":"2018년 8.26~9.1 호우","F_AVR_HGT":12,"F_AREA":56.1,"ADM_CD":"1147010300","F_SAT_YMD":"20180826","F_END_YMD":"20180901","F_SAT_TM":"20","F_END_TM":"24","F_RSN_DTL":"내수침수","F_ZONE_NM":"양천구 신월동 90-19","INV_YR":"2018","F_YR":"2018","GU_NAM":"양천구","F_SHIM":0.7},"geometry":{"type":"Polygon","coordinates":[[[126.8342706044609,37.536191998801144],[126.83431591119074,37.53611917268026],[126.83423779536174,37.53608959961493],[126.83416725370988,37.53606292040598],[126.83412081362981,37.53613655575701],[126.8342706044609,37.536191998801144]]]}},{"type":"Feature","properties":{"F_DISA_NM":"2018년 8.26~9.1 호우","F_AVR_HGT":11.28,"F_AREA":6.6,"ADM_CD":"1147010300","F_SAT_YMD":"20180826","F_END_YMD":"20180901","F_SAT_TM":"20","F_END_TM":"24","F_RSN_DTL":"내수침수","F_ZONE_NM":"양천구 신월동 92-7","INV_YR":"2018","F_YR":"2018","GU_NAM":"양천구","F_SHIM":0.05},"geometry":{"type":"Polygon","coordinates":[[[126.83365282449459,37.53599812978355],[126.83372414084418,37.53588092193481],[126.83360826888449,37.535836608629566],[126.83352150539667,37.535980373708796],[126.83363601759402,37.536025676256784],[126.83365282449459,37.53599812978355]]]}},{"type":"Feature","properties":{"F_DISA_NM":"2018년 8.26~9.1 호우","F_AVR_HGT":11.7,"F_AREA":75.36,"ADM_CD":"1147010300","F_SAT_YMD":"20180826","F_END_YMD":"20180901","F_SAT_TM":"20","F_END_TM":"24","F_RSN_DTL":"내수침수","F_ZONE_NM":"양천구 신월동 91-19","INV_YR":"2018","F_YR":"2018","GU_NAM":"양천구","F_SHIM":0.25},"geometry":{"type":"Polygon","coordinates":[[[126.83330024599137,37.535455230748795],[126.83345194875848,37.53551491222288],[126.83350111926367,37.535434703767656],[126.83334918871769,37.53537574282558],[126.83330024599137,37.535455230748795]]]}},{"type":"Feature","properties":{"F_DISA_NM":"2018년 8.26~9.1 호우","F_AVR_HGT":14.16,"F_AREA":74.29,"ADM_CD":"1147010300","F_SAT_YMD":"20180826","F_END_YMD":"20180901","F_SAT_TM":"20","F_END_TM":"24","F_RSN_DTL":"내수침수","F_ZONE_NM":"양천구 신월동 98-4","INV_YR":"2018","F_YR":"2018","GU_NAM":"양천구","F_SHIM":0.25},"geometry":{"type":"Polygon","coordinates":[[[126.83175160550752,37.535433823659865],[126.83188867376843,37.5354103245119],[126.83190784531126,37.535388007436474],[126.83189340798354,37.53531824989451],[126.83172849808297,37.53534567339149],[126.83175160550752,37.535433823659865]]]}},{"type":"Feature","properties":{"F_DISA_NM":"2018년 8.26~9.1 호우","F_AVR_HGT":12.19,"F_AREA":55.17,"ADM_CD":"1147010300","F_SAT_YMD":"20180826","F_END_YMD":"20180901","F_SAT_TM":"20","F_END_TM":"24","F_RSN_DTL":"내수침수","F_ZONE_NM":"양천구 신월동 102-8","INV_YR":"2018","F_YR":"2018","GU_NAM":"양천구","F_SHIM":0.15},"geometry":{"type":"Polygon","coordinates":[[[126.83347948894085,37.534989853054505],[126.83359219095891,37.535034432281606],[126.8336487389899,37.5349436025369],[126.83353535762285,37.534899292694654],[126.83347948894085,37.534989853054505]]]}},{"type":"Feature","properties":{"F_DISA_NM":"2018년 8.26~9.1 호우","F_AVR_HGT":10.3,"F_AREA":71.25,"ADM_CD":"1147010300","F_SAT_YMD":"20180826","F_END_YMD":"20180901","F_SAT_TM":"20","F_END_TM":"24","F_RSN_DTL":"내수침수","F_ZONE_NM":"양천구 신월동 117-41","INV_YR":"2018","F_YR":"2018","GU_NAM":"양천구","F_SHIM":0.25},"geometry":{"type":"Polygon","coordinates":[[[126.83685683176928,37.53037666156608],[126.83690042197574,37.53030995873592],[126.83687544035641,37.53030037338639],[126.83673628917859,37.53024711082863],[126.83670483710677,37.53029887405087],[126.83669666172449,37.53031237753988],[126.83685683176928,37.53037666156608]]]}},{"type":"Feature","properties":{"F_DISA_NM":"2018년 8.26~9.1 호우","F_AVR_HGT":14.75,"F_AREA":81.88,"ADM_CD":"1147010300","F_SAT_YMD":"20180826","F_END_YMD":"20180901","F_SAT_TM":"20","F_END_TM":"24","F_RSN_DTL":"내수침수","F_ZONE_NM":"양천구 신월동 143-25","INV_YR":"2018","F_YR":"2018","GU_NAM":"양천구","F_SHIM":0.05},"geometry":{"type":"Polygon","coordinates":[[[126.83161220945483,37.53443856719376],[126.83166342080236,37.534357010937455],[126.83148606255901,37.534286928811134],[126.83147584293845,37.534303222061816],[126.83143496441157,37.53436839505514],[126.83155648122927,37.534416502792105],[126.8315662024915,37.534420391049224],[126.83161220945483,37.53443856719376]]]}},{"type":"Feature","properties":{"F_DISA_NM":"2018년 8.26~9.1 호우","F_AVR_HGT":12.44,"F_AREA":66.66,"ADM_CD":"1147010300","F_SAT_YMD":"20180826","F_END_YMD":"20180901","F_SAT_TM":"20","F_END_TM":"24","F_RSN_DTL":"내수침수","F_ZONE_NM":"양천구 신월동 102-35","INV_YR":"2018","F_YR":"2018","GU_NAM":"양천구","F_SHIM":0.4},"geometry":{"type":"Polygon","coordinates":[[[126.83337075245274,37.53464047362153],[126.83351906850513,37.534696095728194],[126.83352531407384,37.5346859233974],[126.83356244742296,37.53462515921952],[126.83353917242937,37.534615926984365],[126.83354917653642,37.53459969631855],[126.83342560092055,37.53455072274878],[126.83342367045682,37.53455387347488],[126.83341560816805,37.53456692639062],[126.83339028441944,37.53460851619559],[126.83337075245274,37.53464047362153]]]}},{"type":"Feature","properties":{"F_DISA_NM":"2018년 8.26~9.1 호우","F_AVR_HGT":12.32,"F_AREA":68.25,"ADM_CD":"1147010300","F_SAT_YMD":"20180826","F_END_YMD":"20180901","F_SAT_TM":"20","F_END_TM":"24","F_RSN_DTL":"내수침수","F_ZONE_NM":"양천구 신월동 88-10","INV_YR":"2018","F_YR":"2018","GU_NAM":"양천구","F_SHIM":0.13},"geometry":{"type":"Polygon","coordinates":[[[126.8347284795928,37.53823105083245],[126.83480547033703,37.53810637215631],[126.83479455196606,37.5380808586707],[126.83471598392985,37.53805011400133],[126.83462707262242,37.5381927956141],[126.8347284795928,37.53823105083245]]]}},{"type":"Feature","properties":{"F_DISA_NM":"2018년 8.26~9.1 호우","F_AVR_HGT":11.98,"F_AREA":130.74,"ADM_CD":"1147010300","F_SAT_YMD":"20180826","F_END_YMD":"20180901","F_SAT_TM":"20","F_END_TM":"24","F_RSN_DTL":"내수침수","F_ZONE_NM":"양천구 신월동 88-28","INV_YR":"2018","F_YR":"2018","GU_NAM":"양천구","F_SHIM":0.25},"geometry":{"type":"Polygon","coordinates":[[[126.83488887898642,37.53743633201548],[126.8349074196897,37.53744311561388],[126.83495954569956,37.53735660380252],[126.83493591771429,37.53734792095323],[126.83494579756753,37.53733162693207],[126.83483603364596,37.53728678285899],[126.83478311292227,37.53737446478448],[126.83477186987548,37.537393189545774],[126.83488887898642,37.53743633201548]]]}},{"type":"Feature","properties":{"F_DISA_NM":"2018년 8.26~9.1 호우","F_AVR_HGT":15.1,"F_AREA":109.32,"ADM_CD":"1147010300","F_SAT_YMD":"20180826","F_END_YMD":"20180901","F_SAT_TM":"20","F_END_TM":"24","F_RSN_DTL":"내수침수","F_ZONE_NM":"양천구 신월동 75-23","INV_YR":"2018","F_YR":"2018","GU_NAM":"양천구","F_SHIM":0.5},"geometry":{"type":"Polygon","coordinates":[[[126.83069204338295,37.53741213600654],[126.83072475495327,37.53725775328534],[126.83057771674117,37.53723582664246],[126.83057268656033,37.53725852436081],[126.83054342290966,37.53738930604054],[126.83069204338295,37.53741213600654]]]}},{"type":"Feature","properties":{"F_DISA_NM":"2018년 8.26~9.1 호우","F_AVR_HGT":10.25,"F_AREA":131.84,"ADM_CD":"1147010300","F_SAT_YMD":"20180826","F_END_YMD":"20180901","F_SAT_TM":"20","F_END_TM":"24","F_RSN_DTL":"내수침수","F_ZONE_NM":"양천구 신월동 121-9","INV_YR":"2018","F_YR":"2018","GU_NAM":"양천구","F_SHIM":0.2},"geometry":{"type":"Polygon","coordinates":[[[126.83614060745582,37.53067064601253],[126.83635402485805,37.53075284492712],[126.83644554395657,37.53060205652769],[126.8362300846995,37.530522467799265],[126.83614060745582,37.53067064601253]]]}},{"type":"Feature","properties":{"F_DISA_NM":"2018년 8.26~9.1 호우","F_AVR_HGT":15.4,"F_AREA":45.42,"ADM_CD":"1147010300","F_SAT_YMD":"20180826","F_END_YMD":"20180901","F_SAT_TM":"20","F_END_TM":"24","F_RSN_DTL":"내수침수","F_ZONE_NM":"양천구 신월동 223-15","INV_YR":"2018","F_YR":"2018","GU_NAM":"양천구","F_SHIM":0.03},"geometry":{"type":"Polygon","coordinates":[[[126.83367491065947,37.528992709168236],[126.83373953963499,37.52887810454057],[126.83362223790807,37.528870820002965],[126.83357771552791,37.528948692629506],[126.83357305873838,37.52895688504731],[126.83367491065947,37.528992709168236]]]}},{"type":"Feature","properties":{"F_DISA_NM":"2018년 8.26~9.1 호우","F_AVR_HGT":11.55,"F_AREA":9.36,"ADM_CD":"1147010300","F_SAT_YMD":"20180826","F_END_YMD":"20180901","F_SAT_TM":"20","F_END_TM":"24","F_RSN_DTL":"내수침수","F_ZONE_NM":"양천구 신월동 90-18","INV_YR":"2018","F_YR":"2018","GU_NAM":"양천구","F_SHIM":0.25},"geometry":{"type":"Polygon","coordinates":[[[126.83412109138246,37.536136593483555],[126.83416753146251,37.536062958132426],[126.83413474767916,37.536050568078906],[126.83402226546019,37.536008061969035],[126.83398853473977,37.5360649568369],[126.83400080683082,37.53609200401225],[126.83412109138246,37.536136593483555]]]}},{"type":"Feature","properties":{"F_DISA_NM":"2018년 8.26~9.1 호우","F_AVR_HGT":14.16,"F_AREA":33.6,"ADM_CD":"1147010300","F_SAT_YMD":"20180826","F_END_YMD":"20180901","F_SAT_TM":"20","F_END_TM":"24","F_RSN_DTL":"내수침수","F_ZONE_NM":"양천구 신월동 97-12","INV_YR":"2018","F_YR":"2018","GU_NAM":"양천구","F_SHIM":0.25},"geometry":{"type":"Polygon","coordinates":[[[126.83134924882687,37.535417064067445],[126.83133310813484,37.535350277278084],[126.8313294096781,37.535334774880376],[126.83116517551804,37.53536345995309],[126.83118965514792,37.535444944966756],[126.83134924882687,37.535417064067445]]]}},{"type":"Feature","properties":{"F_DISA_NM":"2018년 8.26~9.1 호우","F_AVR_HGT":12.75,"F_AREA":21.44,"ADM_CD":"1147010300","F_SAT_YMD":"20180826","F_END_YMD":"20180901","F_SAT_TM":"20","F_END_TM":"24","F_RSN_DTL":"내수침수","F_ZONE_NM":"양천구 신월동 124-18","INV_YR":"2018","F_YR":"2018","GU_NAM":"양천구","F_SHIM":0.25},"geometry":{"type":"Polygon","coordinates":[[[126.8343489468848,37.531327507717165],[126.8344140056823,37.53122353509294],[126.83430774674801,37.53118383111046],[126.83427775865466,37.53118703222552],[126.83422076129436,37.53127804189534],[126.8343489468848,37.531327507717165]]]}},{"type":"Feature","properties":{"F_DISA_NM":"2018년 8.26~9.1 호우","F_AVR_HGT":14.91,"F_AREA":73.53,"ADM_CD":"1147010300","F_SAT_YMD":"20180826","F_END_YMD":"20180901","F_SAT_TM":"20","F_END_TM":"24","F_RSN_DTL":"내수침수","F_ZONE_NM":"양천구 신월동 131-10","INV_YR":"2018","F_YR":"2018","GU_NAM":"양천구","F_SHIM":0.2},"geometry":{"type":"Polygon","coordinates":[[[126.83200703496516,37.53132732320094],[126.83210096273017,37.53136629076922],[126.83216952535604,37.5312652075888],[126.83206531174156,37.531222080749615],[126.83199561888362,37.53132262165215],[126.83200703496516,37.53132732320094]]]}},{"type":"Feature","properties":{"F_DISA_NM":"2018년 8.26~9.1 호우","F_AVR_HGT":14.84,"F_AREA":31.95,"ADM_CD":"1147010300","F_SAT_YMD":"20180826","F_END_YMD":"20180901","F_SAT_TM":"20","F_END_TM":"24","F_RSN_DTL":"내수침수","F_ZONE_NM":"양천구 신월동 135-7","INV_YR":"2018","F_YR":"2018","GU_NAM":"양천구","F_SHIM":0.05},"geometry":{"type":"Polygon","coordinates":[[[126.83182608150811,37.5327973034769],[126.83200783934079,37.53287162608802],[126.83206936529801,37.532780984409385],[126.8320563191948,37.53274654776826],[126.8319064429355,37.53268263243692],[126.83182608150811,37.5327973034769]]]}},{"type":"Feature","properties":{"F_DISA_NM":"2018년 8.26~9.1 호우","F_AVR_HGT":13.89,"F_AREA":82.36,"ADM_CD":"1147010300","F_SAT_YMD":"20180826","F_END_YMD":"20180901","F_SAT_TM":"20","F_END_TM":"24","F_RSN_DTL":"내수침수","F_ZONE_NM":"양천구 신월동 218-15","INV_YR":"2018","F_YR":"2018","GU_NAM":"양천구","F_SHIM":0.1},"geometry":{"type":"Polygon","coordinates":[[[126.83651212359655,37.52695316359352],[126.83657422371319,37.52685396082818],[126.83660601162441,37.526803189170934],[126.83649976353713,37.52676087426918],[126.83640587554878,37.52691075850891],[126.83651212359655,37.52695316359352]]]}},{"type":"Feature","properties":{"F_DISA_NM":"2018년 8.26~9.1 호우","F_AVR_HGT":13.99,"F_AREA":119.02,"ADM_CD":"1147010300","F_SAT_YMD":"20180826","F_END_YMD":"20180901","F_SAT_TM":"20","F_END_TM":"24","F_RSN_DTL":"내수침수","F_ZONE_NM":"양천구 신월동 220-11","INV_YR":"2018","F_YR":"2018","GU_NAM":"양천구","F_SHIM":0.25},"geometry":{"type":"Polygon","coordinates":[[[126.83548286992912,37.5284351170013],[126.83549440688174,37.52833413185267],[126.83550640391321,37.52822972357254],[126.83545380446654,37.52822676644938],[126.83539011960183,37.52822316301561],[126.83536478129484,37.52822177588293],[126.83534418993342,37.52842645262875],[126.83539825922156,37.528429862364824],[126.83548286992912,37.5284351170013]]]}},{"type":"Feature","properties":{"F_DISA_NM":"2018년 8.26~9.1 호우","F_AVR_HGT":14.04,"F_AREA":82.32,"ADM_CD":"1147010300","F_SAT_YMD":"20180826","F_END_YMD":"20180901","F_SAT_TM":"20","F_END_TM":"24","F_RSN_DTL":"내수침수","F_ZONE_NM":"양천구 신월동 218-40","INV_YR":"2018","F_YR":"2018","GU_NAM":"양천구","F_SHIM":0.25},"geometry":{"type":"Polygon","coordinates":[[[126.83640587554878,37.52691075850891],[126.83649976353713,37.52676087426918],[126.83642595527274,37.52673139873023],[126.83638549059184,37.52671530447486],[126.83627139416546,37.526897506027005],[126.83638566731837,37.52694307593081],[126.83640587554878,37.52691075850891]]]}},{"type":"Feature","properties":{"F_DISA_NM":"2018년 8.26~9.1 호우","F_AVR_HGT":13.55,"F_AREA":91.24,"ADM_CD":"1147010300","F_SAT_YMD":"20180826","F_END_YMD":"20180901","F_SAT_TM":"20","F_END_TM":"24","F_RSN_DTL":"내수침수","F_ZONE_NM":"양천구 신월동 221-13","INV_YR":"2018","F_YR":"2018","GU_NAM":"양천구","F_SHIM":0.25},"geometry":{"type":"Polygon","coordinates":[[[126.8350699106477,37.52890656619799],[126.83508018733751,37.528762061341745],[126.83495133962019,37.528757735131244],[126.83494146699002,37.528873048360744],[126.83497115975993,37.52890048043315],[126.8350699106477,37.52890656619799]]]}},{"type":"Feature","properties":{"F_DISA_NM":"2018년 8.26~9.1 호우","F_AVR_HGT":13.46,"F_AREA":52.8,"ADM_CD":"1147010300","F_SAT_YMD":"20180826","F_END_YMD":"20180901","F_SAT_TM":"20","F_END_TM":"24","F_RSN_DTL":"내수침수","F_ZONE_NM":"양천구 신월동 225-21","INV_YR":"2018","F_YR":"2018","GU_NAM":"양천구","F_SHIM":0.01},"geometry":{"type":"Polygon","coordinates":[[[126.83462404080669,37.52952302732605],[126.8347414928945,37.529564909222835],[126.83479463337741,37.529477678000575],[126.83478242467018,37.529473335998205],[126.83477892036386,37.52947206966048],[126.83467695513099,37.52943579583667],[126.83462404080669,37.52952302732605]]]}},{"type":"Feature","properties":{"F_DISA_NM":"2018년 8.26~9.1 호우","F_AVR_HGT":10.31,"F_AREA":75.18,"ADM_CD":"1147010300","F_SAT_YMD":"20180826","F_END_YMD":"20180901","F_SAT_TM":"20","F_END_TM":"24","F_RSN_DTL":"내수침수","F_ZONE_NM":"양천구 신월동 233-36","INV_YR":"2018","F_YR":"2018","GU_NAM":"양천구","F_SHIM":0.25},"geometry":{"type":"Polygon","coordinates":[[[126.83724876655057,37.52904188254007],[126.83729236984897,37.52896869241481],[126.83717276874125,37.52892635956302],[126.83710884076714,37.52903321850643],[126.83722105294774,37.52904013210448],[126.83724876655057,37.52904188254007]]]}},{"type":"Feature","properties":{"F_DISA_NM":"2018년 8.26~9.1 호우","F_AVR_HGT":13.83,"F_AREA":82.52,"ADM_CD":"1147010300","F_SAT_YMD":"20180826","F_END_YMD":"20180901","F_SAT_TM":"20","F_END_TM":"24","F_RSN_DTL":"내수침수","F_ZONE_NM":"양천구 신월동 221-9","INV_YR":"2018","F_YR":"2018","GU_NAM":"양천구","F_SHIM":0.25},"geometry":{"type":"Polygon","coordinates":[[[126.83470465725091,37.52888388645328],[126.83471704101012,37.528758755962656],[126.83459170863257,37.528750740251446],[126.83458963231068,37.52876866708535],[126.83457717496033,37.52887595778948],[126.83470465725091,37.52888388645328]]]}},{"type":"Feature","properties":{"F_DISA_NM":"2018년 8.26~9.1 호우","F_AVR_HGT":15.95,"F_AREA":9.59,"ADM_CD":"1147010300","F_SAT_YMD":"20180826","F_END_YMD":"20180901","F_SAT_TM":"20","F_END_TM":"24","F_RSN_DTL":"내수침수","F_ZONE_NM":"양천구 신월동 97-4","INV_YR":"2018","F_YR":"2018","GU_NAM":"양천구","F_SHIM":0.36},"geometry":{"type":"Polygon","coordinates":[[[126.83003938177511,37.53572303852333],[126.82999053617847,37.53556087908126],[126.8298944591126,37.535569298929104],[126.8298566502838,37.53562708768403],[126.82999622483298,37.53569531539072],[126.83000621834125,37.53572857651862],[126.83003938177511,37.53572303852333]]]}}]}