{"type":"FeatureCollection","features":[{"type":"Feature","properties":{"F_AREA":25,"ADM_CD":1111017400,"F_ZONE_NM":"서울 종로구 창신6길  32-3, (창신동)","TYPE":"단독주택","F_DISA_NM":"2023년 풍수해보험금","F_AVR_HGT":51.97895355,"F_SAT_YMD":"20230627","F_END_YMD":null,"F_SAT_TM":null,"F_END_TM":null,"F_RSN_DTL":"내수침수","INV_YR":"2023","F_YR":"2023","F_SHIM":0.2,"GU_NAM":"종로구"},"geometry":{"type":"Polygon","coordinates":[[[127.01153315456696,37.57583248835945],[127.01153863053689,37.575809584802705],[127.0115454884596,37.575793222294635],[127.01148717501022,37.57577467590816],[127.01146661042769,37.57580803218541],[127.01153315456696,37.57583248835945]]]}},{"type":"Feature","properties":{"F_AREA":110,"ADM_CD":1111016800,"F_ZONE_NM":"서울 종로구 동숭3길 28, 지하1층","TYPE":"상가-건물-시설-재고자산","F_DISA_NM":"2023년 풍수해보험금","F_AVR_HGT":44.23232574,"F_SAT_YMD":"20230714","F_END_YMD":null,"F_SAT_TM":null,"F_END_TM":null,"F_RSN_DTL":"내수침수","INV_YR":"2023","F_YR":"2023","F_SHIM":0.2,"GU_NAM":"종로구"},"geometry":{"type":"Polygon","coordinates":[[[127.00483069712968,37.5822892915944],[127.0048345421188,37.582193345475],[127.00482320952871,37.58219384133509],[127.00470003388784,37.582193907787314],[127.00469748911195,37.5822530575945],[127.00469682126935,37.58225574255113],[127.00469582568248,37.58227192428849],[127.00477750917243,37.58227861638901],[127.00483094591944,37.58228299369452],[127.00483069712968,37.5822892915944]]]}},{"type":"Feature","properties":{"F_AREA":346,"ADM_CD":1135010600,"F_ZONE_NM":"노원구 중계동 23-28","TYPE":"주택","F_DISA_NM":"6.8. 호우","F_AVR_HGT":87.36650543,"F_SAT_YMD":"20230608","F_END_YMD":"20230609","F_SAT_TM":"23","F_END_TM":"24","F_RSN_DTL":"내수침수","INV_YR":"2023","F_YR":"2023","F_SHIM":0.3,"GU_NAM":"노원구"},"geometry":{"type":"Polygon","coordinates":[[[127.08595557529264,37.64150766428942],[127.08599691244743,37.64149143513818],[127.0860197091291,37.64148157113815],[127.08603289312948,37.641497653140604],[127.08615672395416,37.641559506531046],[127.08617900543355,37.64155492259367],[127.08622762315977,37.64143468838925],[127.08614320697475,37.64142969448389],[127.08606745604702,37.64137258181206],[127.08591676648102,37.64141522480911],[127.08586476233546,37.6414368493994],[127.0858702012758,37.64144723377348],[127.08589439989736,37.641474777351014],[127.08595557529264,37.64150766428942]]]}},{"type":"Feature","properties":{"F_AREA":127,"ADM_CD":1114016200,"F_ZONE_NM":"서울 중구 동호로 169？지하1층(신당동)","TYPE":"상가-시설","F_DISA_NM":"2023년 풍수해보험금","F_AVR_HGT":42.69866867,"F_SAT_YMD":"20230713","F_END_YMD":null,"F_SAT_TM":null,"F_END_TM":null,"F_RSN_DTL":"내수침수","INV_YR":"2023","F_YR":"2023","F_SHIM":0.2,"GU_NAM":"중구"},"geometry":{"type":"Polygon","coordinates":[[[127.0115676491303,37.5533447052317],[127.01152068360989,37.55325793481802],[127.01141698037165,37.55329534367544],[127.01150241764508,37.553424097042814],[127.0115676491303,37.5533447052317]]]}},{"type":"Feature","properties":{"F_AREA":88,"ADM_CD":1129013300,"F_ZONE_NM":"성북구 정릉동 195-12","TYPE":"주택","F_DISA_NM":"6.27.~7.27. 호우","F_AVR_HGT":54.2920166,"F_SAT_YMD":"20230718","F_END_YMD":"20230719","F_SAT_TM":"23","F_END_TM":"24","F_RSN_DTL":"내수침수","INV_YR":"2023","F_YR":"2023","F_SHIM":0.1,"GU_NAM":"성북구"},"geometry":{"type":"Polygon","coordinates":[[[127.01356989735872,37.60638673610216],[127.01369772693288,37.6064161400573],[127.01371297086186,37.60635001538519],[127.01358226485424,37.60632058471075],[127.01357387981645,37.60636240016085],[127.01356989735872,37.60638673610216]]]}},{"type":"Feature","properties":{"F_AREA":173,"ADM_CD":1168010400,"F_ZONE_NM":"서울 강남구 청담동 62-12번지 3층","TYPE":"미분류","F_DISA_NM":"2023년 풍수해보험금","F_AVR_HGT":21.97768707,"F_SAT_YMD":"20230713","F_END_YMD":null,"F_SAT_TM":null,"F_END_TM":null,"F_RSN_DTL":"내수침수","INV_YR":"2023","F_YR":"2023","F_SHIM":0.2,"GU_NAM":"강남구"},"geometry":{"type":"Polygon","coordinates":[[[127.04870133316882,37.522906574363375],[127.04883194282225,37.5228310187201],[127.04881926427382,37.52281714847235],[127.04872034042559,37.522731052906714],[127.0486320547853,37.52283190951768],[127.04870133316882,37.522906574363375]]]}},{"type":"Feature","properties":{"F_AREA":230,"ADM_CD":1117011300,"F_ZONE_NM":"서울 용산구 원효로 198-4 지층 (원효로2가)","TYPE":"미분류","F_DISA_NM":"2023년 풍수해보험금","F_AVR_HGT":16.23418159,"F_SAT_YMD":"20230714","F_END_YMD":null,"F_SAT_TM":null,"F_END_TM":null,"F_RSN_DTL":"내수침수","INV_YR":"2023","F_YR":"2023","F_SHIM":0.2,"GU_NAM":"용산구"},"geometry":{"type":"Polygon","coordinates":[[[126.96438720945694,37.536750387518474],[126.96441068305572,37.53675808937683],[126.96445370894195,37.536786700407006],[126.96445546205734,37.53678795333754],[126.96449644092196,37.53674616912272],[126.96450022583889,37.536711337917566],[126.96450075033648,37.536703175084845],[126.96448576120146,37.53662955925229],[126.96446948016333,37.536628788301954],[126.96446726108535,37.536585990434716],[126.96444965605473,37.536585660552895],[126.96443711962567,37.53658582780614],[126.96439673625176,37.536613313428596],[126.96439286508082,37.53661663687622],[126.96430043926681,37.53668193879353],[126.96429638739791,37.53668457742626],[126.96433414137235,37.5367117993094],[126.96434048639884,37.53671654954036],[126.96438720945694,37.536750387518474]]]}},{"type":"Feature","properties":{"F_AREA":1032,"ADM_CD":1168010800,"F_ZONE_NM":"서울 강남구 논현동 127-14105호 강남카밍광택","TYPE":"상가-재고자산","F_DISA_NM":"2023년 풍수해보험금","F_AVR_HGT":27.0371582,"F_SAT_YMD":"20230713","F_END_YMD":null,"F_SAT_TM":null,"F_END_TM":null,"F_RSN_DTL":"내수침수","INV_YR":"2023","F_YR":"2023","F_SHIM":0.2,"GU_NAM":"강남구"},"geometry":{"type":"Polygon","coordinates":[[[127.02866834156943,37.51231022713813],[127.02868936204612,37.51226201897304],[127.02869896328394,37.51222651748783],[127.02876564549702,37.51208621691169],[127.02850954647033,37.5120169890484],[127.02840443595409,37.512236766158516],[127.02834916800194,37.51235255682099],[127.02833910899426,37.51237364243155],[127.02861568241265,37.512445298656296],[127.02862528888977,37.51242412302661],[127.02861929364198,37.51242259270767],[127.02866834156943,37.51231022713813]]]}},{"type":"Feature","properties":{"F_AREA":322,"ADM_CD":1121510300,"F_ZONE_NM":"서울 광진구 천호대로134길 17, B02호(구의동, 파랑새빌라)(구의2동)","TYPE":"공동주택","F_DISA_NM":"2023년 풍수해보험금","F_AVR_HGT":28.34658928,"F_SAT_YMD":"20230711","F_END_YMD":null,"F_SAT_TM":null,"F_END_TM":null,"F_RSN_DTL":"내수침수","INV_YR":"2023","F_YR":"2023","F_SHIM":0.2,"GU_NAM":"광진구"},"geometry":{"type":"Polygon","coordinates":[[[127.0902699945767,37.54859621969778],[127.09050306096651,37.54843256848576],[127.09044256842591,37.54837857261055],[127.09041505229249,37.54835402330164],[127.09018172494565,37.54851705285422],[127.0902699945767,37.54859621969778]]]}},{"type":"Feature","properties":{"F_AREA":661,"ADM_CD":1135010600,"F_ZONE_NM":"노원구 중계동 41","TYPE":"주택","F_DISA_NM":"6.8. 호우","F_AVR_HGT":52.67940979,"F_SAT_YMD":"20230608","F_END_YMD":"20230609","F_SAT_TM":"23","F_END_TM":"24","F_RSN_DTL":"내수침수","INV_YR":"2023","F_YR":"2023","F_SHIM":0.3,"GU_NAM":"노원구"},"geometry":{"type":"Polygon","coordinates":[[[127.08389454660602,37.645771965139204],[127.08397364039284,37.64573448334295],[127.08398228802962,37.645726170299355],[127.08404001429858,37.64567062980934],[127.08404321325881,37.645653436947185],[127.08408538407846,37.64545636395883],[127.08401469827152,37.64546320676344],[127.08397363003375,37.64545857742418],[127.08390415389684,37.645442435415085],[127.0838581670929,37.64541638425647],[127.08385148720578,37.64539041377472],[127.08383164738078,37.64539089612511],[127.08383188356116,37.645440638855085],[127.08381830341493,37.6454867783083],[127.08382120196006,37.645566981184245],[127.08381915328141,37.64566142293299],[127.08381851298677,37.645676739973986],[127.08389454660602,37.645771965139204]]]}},{"type":"Feature","properties":{"F_AREA":108,"ADM_CD":1123010600,"F_ZONE_NM":"동대문구 장안동 288-2","TYPE":"상가","F_DISA_NM":"6.27.~7.27. 호우","F_AVR_HGT":13.31851063,"F_SAT_YMD":"20230713","F_END_YMD":"20230713","F_SAT_TM":"16","F_END_TM":"17","F_RSN_DTL":"내수침수","INV_YR":"2023","F_YR":"2023","F_SHIM":0.1,"GU_NAM":"동대문구"},"geometry":{"type":"Polygon","coordinates":[[[127.07068280257408,37.57720324555663],[127.07071389925932,37.577165656187404],[127.07069653755454,37.57707206284853],[127.07059145676412,37.57709247766653],[127.07063818213076,37.57719651428863],[127.07064477293187,37.57721119651354],[127.07068280257408,37.57720324555663]]]}},{"type":"Feature","properties":{"F_AREA":88,"ADM_CD":1126010100,"F_ZONE_NM":"서울 중랑구 면목로55가길 13-2？지층, 3층 옥탑(면목동)","TYPE":"상가-시설","F_DISA_NM":"2023년 풍수해보험금","F_AVR_HGT":19.11670036,"F_SAT_YMD":"20230728","F_END_YMD":null,"F_SAT_TM":null,"F_END_TM":null,"F_RSN_DTL":"내수침수","INV_YR":"2023","F_YR":"2023","F_SHIM":0.2,"GU_NAM":"중랑구"},"geometry":{"type":"Polygon","coordinates":[[[127.08431047671235,37.58526486854048],[127.08430005959717,37.58518207528444],[127.08426915399217,37.58518455664311],[127.08426809464872,37.58517875503944],[127.0841963222262,37.58518545460084],[127.08420330768695,37.58523658964167],[127.08420422345093,37.58524565291367],[127.08420741123595,37.58527188737649],[127.08427062734405,37.58526776161516],[127.08431047671235,37.58526486854048]]]}},{"type":"Feature","properties":{"F_AREA":362,"ADM_CD":1129012100,"F_ZONE_NM":"성북구 안암동1가 105-2","TYPE":"주택","F_DISA_NM":"6.27.~7.27. 호우","F_AVR_HGT":30.41533203,"F_SAT_YMD":"20230718","F_END_YMD":"20230719","F_SAT_TM":"23","F_END_TM":"24","F_RSN_DTL":"내수침수","INV_YR":"2023","F_YR":"2023","F_SHIM":0.2,"GU_NAM":"성북구"},"geometry":{"type":"Polygon","coordinates":[[[127.02050295207349,37.588272996193545],[127.02051069293367,37.5882590927471],[127.02054050169681,37.58820432606802],[127.02057682797,37.58813375504852],[127.02060149802038,37.58808547627589],[127.02063101150418,37.588027709339315],[127.02042609571602,37.587954951741395],[127.0204049780866,37.58794784634832],[127.0203410709573,37.588063498008395],[127.02053425568626,37.58813041925872],[127.02046914070166,37.58826018060701],[127.02050295207349,37.588272996193545]]]}},{"type":"Feature","properties":{"F_AREA":105,"ADM_CD":1129013300,"F_ZONE_NM":"성북구 정릉동 151-4","TYPE":"주택","F_DISA_NM":"6.27.~7.27. 호우","F_AVR_HGT":43.50651703,"F_SAT_YMD":"20230718","F_END_YMD":"20230719","F_SAT_TM":"23","F_END_TM":"24","F_RSN_DTL":"내수침수","INV_YR":"2023","F_YR":"2023","F_SHIM":0.1,"GU_NAM":"성북구"},"geometry":{"type":"Polygon","coordinates":[[[127.0127162045036,37.60354867987872],[127.0128077325026,37.60349477436728],[127.01273794400761,37.60344938049529],[127.01274585825803,37.60343884725328],[127.01272120264827,37.60342448792906],[127.0127106831246,37.603430786797084],[127.0126490384651,37.60347081428403],[127.01262659566785,37.60348688993204],[127.01269295170687,37.60352497722375],[127.0127162045036,37.60354867987872]]]}},{"type":"Feature","properties":{"F_AREA":966,"ADM_CD":1129013300,"F_ZONE_NM":"서울 성북구 정릉동  684번지-8호 684-8번지 장미그린빌라 B05호","TYPE":"공동주택","F_DISA_NM":"2023년 풍수해보험금","F_AVR_HGT":55.35128326,"F_SAT_YMD":"20230822","F_END_YMD":null,"F_SAT_TM":null,"F_END_TM":null,"F_RSN_DTL":"내수침수","INV_YR":"2023","F_YR":"2023","F_SHIM":0.2,"GU_NAM":"성북구"},"geometry":{"type":"Polygon","coordinates":[[[127.00547570053008,37.60828387961274],[127.00553407015803,37.60827124587285],[127.00554165802065,37.60827032661276],[127.00564532785236,37.60824440177931],[127.0056783744731,37.60823679633055],[127.00570185124744,37.60822891190755],[127.00564624883377,37.60810522703808],[127.0055256716681,37.60793911711304],[127.0056419230488,37.60790811031403],[127.00555547097913,37.6077800567048],[127.00553935601,37.60779388733125],[127.00545234854724,37.60786635625888],[127.00545606529309,37.6079059543014],[127.00533096171607,37.60801883345211],[127.0053136574167,37.60803088014093],[127.005392192745,37.6081534381908],[127.00543398626772,37.6082191994975],[127.00547570053008,37.60828387961274]]]}},{"type":"Feature","properties":{"F_AREA":241,"ADM_CD":1129013300,"F_ZONE_NM":"성북구 정릉동 559-165","TYPE":"주택","F_DISA_NM":"6.27.~7.27. 호우","F_AVR_HGT":90.94940338,"F_SAT_YMD":"20230714","F_END_YMD":"20230715","F_SAT_TM":"23","F_END_TM":"24","F_RSN_DTL":"내수침수","INV_YR":"2023","F_YR":"2023","F_SHIM":0.1,"GU_NAM":"성북구"},"geometry":{"type":"Polygon","coordinates":[[[127.00773324287456,37.59959596582778],[127.00787831436732,37.59960377863807],[127.00785442068342,37.599467902607984],[127.00784660326977,37.599421637526135],[127.00770140984228,37.59944127764938],[127.00773324287456,37.59959596582778]]]}},{"type":"Feature","properties":{"F_AREA":215,"ADM_CD":1129013300,"F_ZONE_NM":"성북구 정릉동 508-67","TYPE":"주택","F_DISA_NM":"6.27.~7.27. 호우","F_AVR_HGT":136.76889954,"F_SAT_YMD":"20230714","F_END_YMD":"20230715","F_SAT_TM":"23","F_END_TM":"24","F_RSN_DTL":"내수침수","INV_YR":"2023","F_YR":"2023","F_SHIM":0.1,"GU_NAM":"성북구"},"geometry":{"type":"Polygon","coordinates":[[[127.0049371199392,37.59893519048754],[127.00505115775432,37.59884115147712],[127.00495064390657,37.59876084076628],[127.00491087475733,37.59876167082046],[127.00481723037231,37.598839734690095],[127.00486730604119,37.598879259429275],[127.0049371199392,37.59893519048754]]]}},{"type":"Feature","properties":{"F_AREA":80,"ADM_CD":1129013300,"F_ZONE_NM":"성북구 정릉동 896-8","TYPE":"주택","F_DISA_NM":"8.9~11. 태풍","F_AVR_HGT":76.61144409,"F_SAT_YMD":"20230809","F_END_YMD":"20230810","F_SAT_TM":"23","F_END_TM":"24","F_RSN_DTL":"내수침수","INV_YR":"2023","F_YR":"2023","F_SHIM":0.1,"GU_NAM":"성북구"},"geometry":{"type":"Polygon","coordinates":[[[126.99860806601143,37.60758268457083],[126.99866926999431,37.60750565208508],[126.9986188632766,37.60746915206663],[126.99855733279419,37.607496981879216],[126.99853922240473,37.60753495782405],[126.99860806601143,37.60758268457083]]]}},{"type":"Feature","properties":{"F_AREA":98,"ADM_CD":1129013300,"F_ZONE_NM":"성북구 정릉동 410-56","TYPE":"주택","F_DISA_NM":"6.27.~7.27. 호우","F_AVR_HGT":76.17065582,"F_SAT_YMD":"20230714","F_END_YMD":"20230715","F_SAT_TM":"23","F_END_TM":"24","F_RSN_DTL":"내수침수","INV_YR":"2023","F_YR":"2023","F_SHIM":0.1,"GU_NAM":"성북구"},"geometry":{"type":"Polygon","coordinates":[[[127.01158998235832,37.60860395058832],[127.01160668701836,37.60860286798338],[127.01160885091583,37.60860854398541],[127.0117143790695,37.60860175052263],[127.01171238651396,37.608523851785385],[127.0116924767194,37.60852420488609],[127.0115874123978,37.60852645734019],[127.011587202201,37.60856343366217],[127.01158998235832,37.60860395058832]]]}},{"type":"Feature","properties":{"F_AREA":115,"ADM_CD":1129013800,"F_ZONE_NM":"서울 성북구 한천로99라길 31-33지층","TYPE":"단독주택","F_DISA_NM":"2023년 풍수해보험금","F_AVR_HGT":21.05341835,"F_SAT_YMD":"20230712","F_END_YMD":null,"F_SAT_TM":null,"F_END_TM":null,"F_RSN_DTL":"내수침수","INV_YR":"2023","F_YR":"2023","F_SHIM":0.2,"GU_NAM":"성북구"},"geometry":{"type":"Polygon","coordinates":[[[127.05007904564663,37.621182861507414],[127.0501801657466,37.62122098537013],[127.05023574356012,37.62112685507359],[127.0501366500748,37.62108711766866],[127.05007904564663,37.621182861507414]]]}},{"type":"Feature","properties":{"F_AREA":356,"ADM_CD":1171010800,"F_ZONE_NM":"서울 송파구 동남로  132  (문정동, 스팍스빌딩)","TYPE":"상가-건물","F_DISA_NM":"2023년 풍수해보험금","F_AVR_HGT":31.76240463,"F_SAT_YMD":"20230714","F_END_YMD":null,"F_SAT_TM":null,"F_END_TM":null,"F_RSN_DTL":"내수침수","INV_YR":"2023","F_YR":"2023","F_SHIM":0.2,"GU_NAM":"송파구"},"geometry":{"type":"Polygon","coordinates":[[[127.12559650756266,37.490989944758624],[127.12573605210002,37.491064220696295],[127.12588682239478,37.49088440275922],[127.12574727804362,37.49081012699702],[127.12559650756266,37.490989944758624]]]}},{"type":"Feature","properties":{"F_AREA":438,"ADM_CD":1129011100,"F_ZONE_NM":"성북구 삼선동1가 150","TYPE":"주택","F_DISA_NM":"6.27.~7.27. 호우","F_AVR_HGT":51.12346039,"F_SAT_YMD":"20230714","F_END_YMD":"20230715","F_SAT_TM":"23","F_END_TM":"24","F_RSN_DTL":"내수침수","INV_YR":"2023","F_YR":"2023","F_SHIM":0.1,"GU_NAM":"성북구"},"geometry":{"type":"Polygon","coordinates":[[[127.00767443875105,37.58695938314283],[127.00767825422916,37.58695889641173],[127.00781924451903,37.58692649854667],[127.0078195386467,37.586923597358],[127.0078354754596,37.58686947431343],[127.00786631590444,37.58672811705758],[127.0078409769846,37.58672416309121],[127.00773947421676,37.58670919410549],[127.00773732387346,37.58671919515702],[127.00762669547504,37.58670242458378],[127.00765000847471,37.58685335645251],[127.00767443875105,37.58695938314283]]]}},{"type":"Feature","properties":{"F_AREA":219,"ADM_CD":1129013300,"F_ZONE_NM":"성북구 정릉동 896-7","TYPE":"주택","F_DISA_NM":"8.9~11. 태풍","F_AVR_HGT":76.61144409,"F_SAT_YMD":"20230809","F_END_YMD":"20230810","F_SAT_TM":"23","F_END_TM":"24","F_RSN_DTL":"내수침수","INV_YR":"2023","F_YR":"2023","F_SHIM":0.1,"GU_NAM":"성북구"},"geometry":{"type":"Polygon","coordinates":[[[126.99842419916607,37.60766080405855],[126.9985112539131,37.6077024226778],[126.99856579899337,37.607623263759294],[126.99859925472329,37.607591153585936],[126.99860806601143,37.60758268457083],[126.99853922240473,37.60753495782405],[126.99855733279419,37.607496981879216],[126.99852637077892,37.607475141288695],[126.99842752156117,37.60756112848362],[126.9984501699651,37.607606502539234],[126.99842419916607,37.60766080405855]]]}},{"type":"Feature","properties":{"F_AREA":170,"ADM_CD":1130510100,"F_ZONE_NM":"서울 강북구 도봉로16길 27-33지하 101호","TYPE":"공동주택","F_DISA_NM":"2023년 풍수해보험금","F_AVR_HGT":35.52992935,"F_SAT_YMD":"20230713","F_END_YMD":null,"F_SAT_TM":null,"F_END_TM":null,"F_RSN_DTL":"내수침수","INV_YR":"2023","F_YR":"2023","F_SHIM":0.2,"GU_NAM":"강북구"},"geometry":{"type":"Polygon","coordinates":[[[127.0309185331931,37.617818712758506],[127.03098355329054,37.61783113007601],[127.03101106031704,37.61778850682208],[127.0310103782964,37.61778238032427],[127.03100512796355,37.61768093121697],[127.03097160710426,37.61769634635607],[127.03085950192954,37.61774099084066],[127.03079216401765,37.61776781173597],[127.0309185331931,37.617818712758506]]]}},{"type":"Feature","properties":{"F_AREA":262,"ADM_CD":1130510100,"F_ZONE_NM":"서울 강북구 솔샘로64다길 12지하 102호","TYPE":"공동주택","F_DISA_NM":"2023년 풍수해보험금","F_AVR_HGT":34.29167862,"F_SAT_YMD":"20230713","F_END_YMD":null,"F_SAT_TM":null,"F_END_TM":null,"F_RSN_DTL":"내수침수","INV_YR":"2023","F_YR":"2023","F_SHIM":0.2,"GU_NAM":"강북구"},"geometry":{"type":"Polygon","coordinates":[[[127.02786365763785,37.61570131848511],[127.02802969674867,37.615685964628945],[127.02801641191077,37.61559298637736],[127.02800687428814,37.61552676641693],[127.0278417412847,37.61554112896018],[127.02785775264235,37.615657982619226],[127.02786365763785,37.61570131848511]]]}},{"type":"Feature","properties":{"F_AREA":215,"ADM_CD":1130510300,"F_ZONE_NM":"서울 강북구 노해로23길 80-6지하전체 B01호 B02호 (수유동)","TYPE":"단독주택","F_DISA_NM":"2023년 풍수해보험금","F_AVR_HGT":35.23055954,"F_SAT_YMD":"20230713","F_END_YMD":null,"F_SAT_TM":null,"F_END_TM":null,"F_RSN_DTL":"내수침수","INV_YR":"2023","F_YR":"2023","F_SHIM":0.2,"GU_NAM":"강북구"},"geometry":{"type":"Polygon","coordinates":[[[127.01946696420582,37.64645277095199],[127.01955739680689,37.646544845941776],[127.01970162701056,37.64644064392442],[127.01959637508446,37.64635558991982],[127.01946696420582,37.64645277095199]]]}},{"type":"Feature","properties":{"F_AREA":272,"ADM_CD":1130510300,"F_ZONE_NM":"서울 강북구 화계사길 33가동 B03호","TYPE":"공동주택","F_DISA_NM":"2023년 풍수해보험금","F_AVR_HGT":58.14414139,"F_SAT_YMD":"20230705","F_END_YMD":null,"F_SAT_TM":null,"F_END_TM":null,"F_RSN_DTL":"내수침수","INV_YR":"2023","F_YR":"2023","F_SHIM":0.2,"GU_NAM":"강북구"},"geometry":{"type":"Polygon","coordinates":[[[127.01169398049628,37.63344452294388],[127.01169740975058,37.63341921416947],[127.01160160954451,37.63340663572677],[127.01151573570519,37.63340961626013],[127.01138035120613,37.63339232886789],[127.01133752825129,37.63339890957947],[127.01133039800565,37.63345260847552],[127.01139395479481,37.63345827933754],[127.01139372965578,37.633469181193],[127.01168568464448,37.63350582621769],[127.01169398049628,37.63344452294388]]]}},{"type":"Feature","properties":{"F_AREA":151,"ADM_CD":1132010600,"F_ZONE_NM":"서울 도봉구 도봉로 151길 126202호(방학2동)","TYPE":"공동주택","F_DISA_NM":"2023년 풍수해보험금","F_AVR_HGT":31.5029995,"F_SAT_YMD":"20230629","F_END_YMD":null,"F_SAT_TM":null,"F_END_TM":null,"F_RSN_DTL":"내수침수","INV_YR":"2023","F_YR":"2023","F_SHIM":0.2,"GU_NAM":"도봉구"},"geometry":{"type":"Polygon","coordinates":[[[127.03661492747304,37.667626666181185],[127.03668131695234,37.66756465947302],[127.03667789959648,37.66752844137879],[127.03659071103688,37.667468372435025],[127.03650324868075,37.66754912558177],[127.03661492747304,37.667626666181185]]]}},{"type":"Feature","properties":{"F_AREA":677,"ADM_CD":1132010500,"F_ZONE_NM":"도봉구 쌍문동 44-1","TYPE":"상가","F_DISA_NM":"6.8. 호우","F_AVR_HGT":35.38213043,"F_SAT_YMD":"20230608","F_END_YMD":"20230609","F_SAT_TM":"24","F_END_TM":"2","F_RSN_DTL":"내수침수","INV_YR":"2023","F_YR":"2023","F_SHIM":0.3,"GU_NAM":"도봉구"},"geometry":{"type":"Polygon","coordinates":[[[127.03756463015955,37.65779252221741],[127.03756915341845,37.657772158812676],[127.03754362616831,37.65771306268546],[127.03751582984538,37.65764865149505],[127.03738745829665,37.6577076143232],[127.03729691835832,37.657725751401465],[127.03725971145114,37.65765170257737],[127.03724430039797,37.657654770558224],[127.03721722158487,37.6576682032745],[127.0371351785407,37.657680751615715],[127.03709790066027,37.65769508835751],[127.03713081763381,37.657804006238536],[127.03715669804859,37.65789130284755],[127.03721176880981,37.65787768148557],[127.03734683962992,37.65784475497753],[127.03747182565104,37.65781489470142],[127.03753879473716,37.65779928741633],[127.03756463015955,37.65779252221741]]]}},{"type":"Feature","properties":{"F_AREA":340,"ADM_CD":1132010700,"F_ZONE_NM":"서울 도봉구 창동645-7 한신빌리지 B02호","TYPE":"공동주택","F_DISA_NM":"2023년 풍수해보험금","F_AVR_HGT":34.43741913,"F_SAT_YMD":"20230703","F_END_YMD":null,"F_SAT_TM":null,"F_END_TM":null,"F_RSN_DTL":"내수침수","INV_YR":"2023","F_YR":"2023","F_SHIM":0.2,"GU_NAM":"도봉구"},"geometry":{"type":"Polygon","coordinates":[[[127.03509586356047,37.64260370254932],[127.03505834170758,37.64256352965542],[127.03501639912322,37.64251912341339],[127.03492707299979,37.64242472636791],[127.03486205400944,37.64246420754374],[127.03480371777648,37.6424989116215],[127.03480666509623,37.6425020642089],[127.03497182890682,37.64267905943958],[127.03499867429714,37.64266166297353],[127.03502427421489,37.642646249003946],[127.03504896796919,37.64263146597003],[127.0350793253996,37.642613257608346],[127.03509586356047,37.64260370254932]]]}},{"type":"Feature","properties":{"F_AREA":167,"ADM_CD":1132010500,"F_ZONE_NM":"도봉구 쌍문동 29-4","TYPE":"상가","F_DISA_NM":"6.8. 호우","F_AVR_HGT":30.21324234,"F_SAT_YMD":"20230608","F_END_YMD":"20230609","F_SAT_TM":"24","F_END_TM":"2","F_RSN_DTL":"내수침수","INV_YR":"2023","F_YR":"2023","F_SHIM":0.3,"GU_NAM":"도봉구"},"geometry":{"type":"Polygon","coordinates":[[[127.03799550932446,37.660356562516036],[127.038071217484,37.66036212512316],[127.03810023162406,37.66036472895501],[127.03810563232122,37.66028481088095],[127.03791648078641,37.66028180607667],[127.03788815607774,37.660298482832076],[127.03788116942815,37.660380293430364],[127.03788071882624,37.66038587960838],[127.03788513730518,37.66038290503213],[127.03789204925262,37.66038029007656],[127.03795890229131,37.66035459168576],[127.03799550932446,37.660356562516036]]]}},{"type":"Feature","properties":{"F_AREA":367,"ADM_CD":1132010600,"F_ZONE_NM":"서울도봉구해등로34길75, 1층","TYPE":"단독주택","F_DISA_NM":"2023년 풍수해보험금","F_AVR_HGT":49.86009903,"F_SAT_YMD":"20220630","F_END_YMD":null,"F_SAT_TM":null,"F_END_TM":null,"F_RSN_DTL":"내수침수","INV_YR":"2023","F_YR":"2023","F_SHIM":0.2,"GU_NAM":"도봉구"},"geometry":{"type":"Polygon","coordinates":[[[127.0204884653577,37.6597183718823],[127.02038475537672,37.65966874483313],[127.02036498810638,37.65992813845676],[127.0204318609308,37.659958220292765],[127.02044130120561,37.659957479980335],[127.02052746902422,37.65987777496542],[127.02053117032395,37.659815219732714],[127.0205545092334,37.65983137944616],[127.0205581743673,37.65976043614836],[127.02053845013562,37.65974196935886],[127.0204884653577,37.6597183718823]]]}},{"type":"Feature","properties":{"F_AREA":141,"ADM_CD":1132010500,"F_ZONE_NM":"도봉구 쌍문동 49-6","TYPE":"상가","F_DISA_NM":"6.8. 호우","F_AVR_HGT":33.66140442,"F_SAT_YMD":"20230608","F_END_YMD":"20230609","F_SAT_TM":"24","F_END_TM":"2","F_RSN_DTL":"내수침수","INV_YR":"2023","F_YR":"2023","F_SHIM":0.3,"GU_NAM":"도봉구"},"geometry":{"type":"Polygon","coordinates":[[[127.03753529660612,37.65759575835196],[127.03766729724146,37.65754283077908],[127.03760652356281,37.65748023165663],[127.03759200474974,37.657453477154014],[127.03751744733336,37.657477916335885],[127.03747530242678,37.657504417838084],[127.03751657642468,37.65755188660777],[127.03753529660612,37.65759575835196]]]}},{"type":"Feature","properties":{"F_AREA":445,"ADM_CD":1162010200,"F_ZONE_NM":"서울특별시 관악구 난곡로 263 (신림동) 지하1층","TYPE":"미분류","F_DISA_NM":"2023년 풍수해보험금","F_AVR_HGT":22.33166237,"F_SAT_YMD":"20220808","F_END_YMD":null,"F_SAT_TM":null,"F_END_TM":null,"F_RSN_DTL":"내수침수","INV_YR":"2023","F_YR":"2023","F_SHIM":0.2,"GU_NAM":"관악구"},"geometry":{"type":"Polygon","coordinates":[[[126.91499229114557,37.47758273657078],[126.91513630178748,37.47760122237013],[126.91524501436811,37.47754309706571],[126.91528698332993,37.47742239344022],[126.91517010369334,37.47740599995679],[126.91503186023479,37.47738661741736],[126.91499229114557,37.47758273657078]]]}},{"type":"Feature","properties":{"F_AREA":109,"ADM_CD":1117010900,"F_ZONE_NM":"서울 용산구 효창원로94다길  3, 에이호(청파동1가)","TYPE":"공동주택","F_DISA_NM":"2023년 풍수해보험금","F_AVR_HGT":65.57475586,"F_SAT_YMD":"20230701","F_END_YMD":null,"F_SAT_TM":null,"F_END_TM":null,"F_RSN_DTL":"내수침수","INV_YR":"2023","F_YR":"2023","F_SHIM":0.2,"GU_NAM":"용산구"},"geometry":{"type":"Polygon","coordinates":[[[126.96448020858128,37.548427581390754],[126.96451120720822,37.54844317825803],[126.96456590612924,37.5483585923076],[126.96464104092188,37.54836789600495],[126.96464580241172,37.54835023806292],[126.96455618369919,37.54833939815083],[126.964528000034,37.54835236360018],[126.96442208493981,37.54834377095866],[126.9644160617841,37.54839539586595],[126.96448020858128,37.548427581390754]]]}},{"type":"Feature","properties":{"F_AREA":566,"ADM_CD":1138010300,"F_ZONE_NM":"서울 은평구 연서로33길 16-45, 유엔빌라나동 지층 2호(불광동)","TYPE":"공동주택","F_DISA_NM":"2023년 풍수해보험금","F_AVR_HGT":37.82263489,"F_SAT_YMD":"20230710","F_END_YMD":null,"F_SAT_TM":null,"F_END_TM":null,"F_RSN_DTL":"내수침수","INV_YR":"2023","F_YR":"2023","F_SHIM":0.2,"GU_NAM":"은평구"},"geometry":{"type":"Polygon","coordinates":[[[126.92404573787587,37.62260181622707],[126.92407435142368,37.622612250334065],[126.92411728799199,37.622606782528635],[126.92413955460853,37.62265346787846],[126.92426483357258,37.62271042880689],[126.92427619394661,37.62245962152087],[126.9239391221866,37.622451210497665],[126.9239406107154,37.62246854632558],[126.92394297270818,37.62248467541486],[126.9239486968778,37.62253549443211],[126.923936443536,37.622554497048114],[126.92393303885609,37.622560711569456],[126.92404573787587,37.62260181622707]]]}},{"type":"Feature","properties":{"F_AREA":183,"ADM_CD":1035010600,"F_ZONE_NM":"노원구 중계동 90-64","TYPE":"주택","F_DISA_NM":"6.27.~7.27. 호우","F_AVR_HGT":52.94907074,"F_SAT_YMD":"20230717","F_END_YMD":"20230718","F_SAT_TM":"23","F_END_TM":"24","F_RSN_DTL":"내수침수","INV_YR":"2023","F_YR":"2023","F_SHIM":0.3,"GU_NAM":"노원구"},"geometry":{"type":"Polygon","coordinates":[[[127.08372921796602,37.650121802353276],[127.08378914837296,37.65001691406394],[127.08378820559227,37.64995322476504],[127.08365668722045,37.64993909900667],[127.08360341779253,37.64994962343473],[127.08372921796602,37.650121802353276]]]}},{"type":"Feature","properties":{"F_AREA":625,"ADM_CD":1138010200,"F_ZONE_NM":"서울 은평구 은평로21길 19A동 B02호(녹번동)","TYPE":"공동주택","F_DISA_NM":"2023년 풍수해보험금","F_AVR_HGT":39.14671249,"F_SAT_YMD":"20230730","F_END_YMD":null,"F_SAT_TM":null,"F_END_TM":null,"F_RSN_DTL":"내수침수","INV_YR":"2023","F_YR":"2023","F_SHIM":0.2,"GU_NAM":"은평구"},"geometry":{"type":"Polygon","coordinates":[[[126.93214147584844,37.6017872114982],[126.93207045102342,37.60181059528424],[126.9319947060418,37.60167351118826],[126.93192167254296,37.601665089004406],[126.93197603397287,37.60202461322807],[126.93200862570448,37.60204850847308],[126.93223303425337,37.60196845294336],[126.93214147584844,37.6017872114982]]]}},{"type":"Feature","properties":{"F_AREA":132,"ADM_CD":1138010400,"F_ZONE_NM":"서울 은평구 갈현동 491-5 지하02호","TYPE":"공동-연립","F_DISA_NM":"2023년 풍수해보험금","F_AVR_HGT":24.4741127,"F_SAT_YMD":"20230829","F_END_YMD":null,"F_SAT_TM":null,"F_END_TM":null,"F_RSN_DTL":"내수침수","INV_YR":"2023","F_YR":"2023","F_SHIM":0.2,"GU_NAM":"은평구"},"geometry":{"type":"Polygon","coordinates":[[[126.91395535424103,37.61457897342335],[126.91390675269615,37.614492803582856],[126.91377134703558,37.61454198663511],[126.91380378406613,37.6146008447979],[126.9138529225887,37.61461547719979],[126.91395535424103,37.61457897342335]]]}},{"type":"Feature","properties":{"F_AREA":88,"ADM_CD":1138010400,"F_ZONE_NM":"서울 은평구 서오릉로22길 18단독주택","TYPE":"단독주택","F_DISA_NM":"2023년 풍수해보험금","F_AVR_HGT":44.99816055,"F_SAT_YMD":"20230714","F_END_YMD":null,"F_SAT_TM":null,"F_END_TM":null,"F_RSN_DTL":"내수침수","INV_YR":"2023","F_YR":"2023","F_SHIM":0.2,"GU_NAM":"은평구"},"geometry":{"type":"Polygon","coordinates":[[[126.9080526620998,37.61769237953513],[126.90807873802741,37.61758221028943],[126.9079243886944,37.61755595954638],[126.90791994849383,37.61757415582778],[126.90792833009249,37.61757425257325],[126.90798898511908,37.61761880908986],[126.9080526620998,37.61769237953513]]]}},{"type":"Feature","properties":{"F_AREA":130,"ADM_CD":1174010900,"F_ZONE_NM":"서울 강동구 진황도로27나길 7-27, 지층 2층","TYPE":"단독주택","F_DISA_NM":"2023년 풍수해보험금","F_AVR_HGT":34.75033875,"F_SAT_YMD":"20230717","F_END_YMD":null,"F_SAT_TM":null,"F_END_TM":null,"F_RSN_DTL":"내수침수","INV_YR":"2023","F_YR":"2023","F_SHIM":0.2,"GU_NAM":"강동구"},"geometry":{"type":"Polygon","coordinates":[[[127.13132121953765,37.53955797560213],[127.13131711197163,37.53955128574538],[127.13126699463214,37.539470647963896],[127.1311514853182,37.53951853640549],[127.13121996149027,37.53961584945768],[127.13132121953765,37.53955797560213]]]}},{"type":"Feature","properties":{"F_AREA":93,"ADM_CD":1138010900,"F_ZONE_NM":"서울 은평구 가좌로11가길 16-5(신사2동)","TYPE":"단독주택","F_DISA_NM":"2023년 풍수해보험금","F_AVR_HGT":44.1477272,"F_SAT_YMD":"20230714","F_END_YMD":null,"F_SAT_TM":null,"F_END_TM":null,"F_RSN_DTL":"내수침수","INV_YR":"2023","F_YR":"2023","F_SHIM":0.2,"GU_NAM":"은평구"},"geometry":{"type":"Polygon","coordinates":[[[126.90584106892078,37.59731571286374],[126.90588742462656,37.5973711609121],[126.90597037286138,37.59732455714545],[126.90604016110134,37.5973857903941],[126.90605546576953,37.597371837529884],[126.90593885040782,37.59726957163333],[126.9059073555837,37.597281529205645],[126.90584106892078,37.59731571286374]]]}},{"type":"Feature","properties":{"F_AREA":117,"ADM_CD":1141011800,"F_ZONE_NM":"서울 서대문구 연희로39길 47-7나동 B1층 그린파크 (홍은동, B)","TYPE":"단독주택","F_DISA_NM":"2023년 풍수해보험금","F_AVR_HGT":70.3798172,"F_SAT_YMD":"20230821","F_END_YMD":null,"F_SAT_TM":null,"F_END_TM":null,"F_RSN_DTL":"내수침수","INV_YR":"2023","F_YR":"2023","F_SHIM":0.2,"GU_NAM":"서대문"},"geometry":{"type":"Polygon","coordinates":[[[126.93298464420222,37.58688574291857],[126.9331232729392,37.58687098409492],[126.93310425057993,37.586785920066475],[126.93296725126325,37.58680187812472],[126.93298464420222,37.58688574291857]]]}},{"type":"Feature","properties":{"F_AREA":193,"ADM_CD":1165010700,"F_ZONE_NM":"서초구 반포동 712-13","TYPE":"주택","F_DISA_NM":"6.27.~7.27. 호우","F_AVR_HGT":24.82152328,"F_SAT_YMD":"20230713","F_END_YMD":"20230714","F_SAT_TM":"15","F_END_TM":"16","F_RSN_DTL":"내수침수","INV_YR":"2023","F_YR":"2023","F_SHIM":0.1,"GU_NAM":"서초구"},"geometry":{"type":"Polygon","coordinates":[[[127.01806931688198,37.508509231995134],[127.01816130962712,37.50844006751472],[127.01804173910374,37.5083388662462],[127.01802633183658,37.50832582195703],[127.01793645420908,37.508395472578336],[127.01796854710041,37.50842296655578],[127.01806931688198,37.508509231995134]]]}},{"type":"Feature","properties":{"F_AREA":85,"ADM_CD":1144012400,"F_ZONE_NM":"마포구 연남동 224-18","TYPE":"상가","F_DISA_NM":"7.30. 호우","F_AVR_HGT":18.34371262,"F_SAT_YMD":"20230730","F_END_YMD":"20230730","F_SAT_TM":"18","F_END_TM":"19","F_RSN_DTL":"내수침수","INV_YR":"2023","F_YR":"2023","F_SHIM":0.3,"GU_NAM":"마포구"},"geometry":{"type":"Polygon","coordinates":[[[126.92673188723923,37.5642021690328],[126.9266506863522,37.56413580480524],[126.92657921397324,37.56418801680677],[126.9266327038468,37.56423490215543],[126.92668793681091,37.56423655895335],[126.92673188723923,37.5642021690328]]]}},{"type":"Feature","properties":{"F_AREA":208,"ADM_CD":1035010500,"F_ZONE_NM":"노원구 상계동 1116-89","TYPE":"주택","F_DISA_NM":"6.27.~7.27. 호우","F_AVR_HGT":47.02739792,"F_SAT_YMD":"20230714","F_END_YMD":"20230715","F_SAT_TM":"23","F_END_TM":"24","F_RSN_DTL":"내수침수","INV_YR":"2023","F_YR":"2023","F_SHIM":0.3,"GU_NAM":"노원구"},"geometry":{"type":"Polygon","coordinates":[[[127.05806449676372,37.675715048113524],[127.05811606027791,37.6757129421398],[127.05817441477872,37.675667469117194],[127.05829886497752,37.67557559125751],[127.05803970217626,37.675575418401564],[127.05806449676372,37.675715048113524]]]}},{"type":"Feature","properties":{"F_AREA":97,"ADM_CD":1135010500,"F_ZONE_NM":"노원구 상계동 112-58","TYPE":"주택","F_DISA_NM":"6.27.~7.27. 호우","F_AVR_HGT":46.70797043,"F_SAT_YMD":"20230716","F_END_YMD":"20230717","F_SAT_TM":"23","F_END_TM":"24","F_RSN_DTL":"내수침수","INV_YR":"2023","F_YR":"2023","F_SHIM":0.3,"GU_NAM":"노원구"},"geometry":{"type":"Polygon","coordinates":[[[127.07784200903308,37.670089169034405],[127.07791605246346,37.670028332495164],[127.07783261985104,37.66996338133944],[127.0777668214038,37.67001775252567],[127.07775890433719,37.670023451788495],[127.07775992613854,37.67002509990764],[127.07784200903308,37.670089169034405]]]}},{"type":"Feature","properties":{"F_AREA":276,"ADM_CD":1144012000,"F_ZONE_NM":"마포구 서교동 463-15","TYPE":"상가","F_DISA_NM":"6.27.~7.27. 호우","F_AVR_HGT":11.6451767,"F_SAT_YMD":"20230714","F_END_YMD":"20230714","F_SAT_TM":"1","F_END_TM":"4","F_RSN_DTL":"내수침수","INV_YR":"2023","F_YR":"2023","F_SHIM":0.3,"GU_NAM":"마포구"},"geometry":{"type":"Polygon","coordinates":[[[126.91873809333215,37.55535348092706],[126.91881248041815,37.55537490453504],[126.91887336950994,37.55523950134155],[126.91884043529303,37.55523028818817],[126.91873825825373,37.555204376208074],[126.91868878390652,37.55519011488163],[126.9186259614642,37.55533376068213],[126.91873809333215,37.55535348092706]]]}},{"type":"Feature","properties":{"F_AREA":199,"ADM_CD":1147010300,"F_ZONE_NM":"서울 양천구 중앙로51가길 26B01(신월동, 샤프빌라)","TYPE":"공동주택","F_DISA_NM":"2023년 풍수해보험금","F_AVR_HGT":16.50506134,"F_SAT_YMD":"20230728","F_END_YMD":null,"F_SAT_TM":null,"F_END_TM":null,"F_RSN_DTL":"내수침수","INV_YR":"2023","F_YR":"2023","F_SHIM":0.2,"GU_NAM":"양천구"},"geometry":{"type":"Polygon","coordinates":[[[126.84806135544603,37.52686610198166],[126.84808677913752,37.52677044947366],[126.84808712129139,37.5267690984275],[126.84791635571642,37.52674022487249],[126.8478454702844,37.52677274864062],[126.84789239916654,37.52683750104113],[126.84806135544603,37.52686610198166]]]}},{"type":"Feature","properties":{"F_AREA":276,"ADM_CD":1147010200,"F_ZONE_NM":"서울 양천구 오목로54길 14-6B02(목동, 신목빌라 2동)","TYPE":"공동주택","F_DISA_NM":"2023년 풍수해보험금","F_AVR_HGT":7.38895531,"F_SAT_YMD":"20230801","F_END_YMD":null,"F_SAT_TM":null,"F_END_TM":null,"F_RSN_DTL":"내수침수","INV_YR":"2023","F_YR":"2023","F_SHIM":0.2,"GU_NAM":"양천구"},"geometry":{"type":"Polygon","coordinates":[[[126.87271818827108,37.52357882365213],[126.87271179085187,37.5235493541553],[126.8726840675204,37.52342237379107],[126.87251169146516,37.52344735042444],[126.87252832800733,37.52353509843031],[126.87254551639528,37.523604583876576],[126.87266659040591,37.52358651592843],[126.87271818827108,37.52357882365213]]]}},{"type":"Feature","properties":{"F_AREA":139,"ADM_CD":1147010300,"F_ZONE_NM":"서울 양천구 남부순환로79길 53-1B02(신월동)","TYPE":"단독주택","F_DISA_NM":"2023년 풍수해보험금","F_AVR_HGT":24.07851143,"F_SAT_YMD":"20230730","F_END_YMD":null,"F_SAT_TM":null,"F_END_TM":null,"F_RSN_DTL":"내수침수","INV_YR":"2023","F_YR":"2023","F_SHIM":0.2,"GU_NAM":"양천구"},"geometry":{"type":"Polygon","coordinates":[[[126.84430920317858,37.519424811116906],[126.8443395773821,37.51945080019042],[126.84441186995706,37.51939197130245],[126.8444137283816,37.51936881820637],[126.84433005912992,37.519296807503146],[126.84423987303232,37.51936561356089],[126.84430920317858,37.519424811116906]]]}},{"type":"Feature","properties":{"F_AREA":5793,"ADM_CD":1150010200,"F_ZONE_NM":"서울 강서구 공항대로45길  24 상가 지하1층 (등촌동, 등촌현대1차아파트)","TYPE":"미분류","F_DISA_NM":"2023년 풍수해보험금","F_AVR_HGT":11.47853012,"F_SAT_YMD":"20230717","F_END_YMD":null,"F_SAT_TM":null,"F_END_TM":null,"F_RSN_DTL":"내수침수","INV_YR":"2023","F_YR":"2023","F_SHIM":0.2,"GU_NAM":"강서구"},"geometry":{"type":"Polygon","coordinates":[[[126.8551150829097,37.55638576400337],[126.85530123928933,37.55626572160517],[126.85530368696593,37.55626412087511],[126.8553103047707,37.5562597863011],[126.85546146855009,37.55616230613583],[126.85570874620181,37.55600287534325],[126.85578950614685,37.55595078973761],[126.85596626657633,37.55583678933234],[126.85592663242512,37.5558023947549],[126.85552261022134,37.55545177142128],[126.85546625668509,37.555448548268615],[126.85471054544327,37.55594045231725],[126.85470491213184,37.555985224484004],[126.8551150829097,37.55638576400337]]]}},{"type":"Feature","properties":{"F_AREA":186,"ADM_CD":1153010200,"F_ZONE_NM":"서울 구로구 가마산로 15길 9-3101호, 102호(구로동)","TYPE":"단독주택","F_DISA_NM":"2023년 풍수해보험금","F_AVR_HGT":18.35701103,"F_SAT_YMD":"20230714","F_END_YMD":null,"F_SAT_TM":null,"F_END_TM":null,"F_RSN_DTL":"내수침수","INV_YR":"2023","F_YR":"2023","F_SHIM":0.2,"GU_NAM":"구로구"},"geometry":{"type":"Polygon","coordinates":[[[126.88388402908639,37.493863610932465],[126.88404000906117,37.493835835154904],[126.88403654128521,37.493811775028526],[126.88398523710617,37.493718020087016],[126.88385255997582,37.49374050310751],[126.88388402908639,37.493863610932465]]]}},{"type":"Feature","properties":{"F_AREA":98,"ADM_CD":1153010200,"F_ZONE_NM":"서울 구로구 구로구 가마산로 26길 55-3(구로동)","TYPE":"공동주택","F_DISA_NM":"2023년 풍수해보험금","F_AVR_HGT":10.81715889,"F_SAT_YMD":"20230712","F_END_YMD":null,"F_SAT_TM":null,"F_END_TM":null,"F_RSN_DTL":"내수침수","INV_YR":"2023","F_YR":"2023","F_SHIM":0.2,"GU_NAM":"구로구"},"geometry":{"type":"Polygon","coordinates":[[[126.89238837718139,37.49410612202918],[126.89240106136494,37.49409288905593],[126.89230478800319,37.494044416445185],[126.89229912379439,37.494051439003115],[126.89227957586398,37.49404123963988],[126.89223652439516,37.4940969716789],[126.89223584447363,37.494097962149134],[126.89234002071514,37.494155181811074],[126.89238837718139,37.49410612202918]]]}},{"type":"Feature","properties":{"F_AREA":110,"ADM_CD":1153010200,"F_ZONE_NM":"서울 구로구 구로동  131-7번지 지하1층","TYPE":"단독주택","F_DISA_NM":"2023년 풍수해보험금","F_AVR_HGT":10.65922756,"F_SAT_YMD":"20230730","F_END_YMD":null,"F_SAT_TM":null,"F_END_TM":null,"F_RSN_DTL":"내수침수","INV_YR":"2023","F_YR":"2023","F_SHIM":0.2,"GU_NAM":"구로구"},"geometry":{"type":"Polygon","coordinates":[[[126.8915522272465,37.49343797660194],[126.89157153856279,37.49337798801984],[126.89156738041147,37.49336041466361],[126.89139665741932,37.493419901819344],[126.89142743239354,37.493484982648894],[126.8915522272465,37.49343797660194]]]}},{"type":"Feature","properties":{"F_AREA":113,"ADM_CD":1153010200,"F_ZONE_NM":"서울 구로구 도림로 22길 21지층 102호(B02호)","TYPE":"공동주택","F_DISA_NM":"2023년 풍수해보험금","F_AVR_HGT":11.8065197,"F_SAT_YMD":"20230711","F_END_YMD":null,"F_SAT_TM":null,"F_END_TM":null,"F_RSN_DTL":"내수침수","INV_YR":"2023","F_YR":"2023","F_SHIM":0.2,"GU_NAM":"구로구"},"geometry":{"type":"Polygon","coordinates":[[[126.89404567716562,37.49055238727169],[126.8941109370082,37.49054127421702],[126.89414283232662,37.49053544670866],[126.89412554091246,37.49045019641404],[126.89409401284865,37.490436472556354],[126.8940745761075,37.49042807558495],[126.89401134226593,37.490445767761706],[126.89404567716562,37.49055238727169]]]}},{"type":"Feature","properties":{"F_AREA":122,"ADM_CD":1153010600,"F_ZONE_NM":"서울 구로구 고척동 162-51지층 101호","TYPE":"공동주택","F_DISA_NM":"2023년 풍수해보험금","F_AVR_HGT":34.43625565,"F_SAT_YMD":"20230713","F_END_YMD":null,"F_SAT_TM":null,"F_END_TM":null,"F_RSN_DTL":"내수침수","INV_YR":"2023","F_YR":"2023","F_SHIM":0.2,"GU_NAM":"구로구"},"geometry":{"type":"Polygon","coordinates":[[[126.8538380999709,37.50285427342645],[126.85389366418258,37.50277874918085],[126.85377625763408,37.50272958814805],[126.8537647316148,37.502724798446415],[126.85371211144938,37.50279843422062],[126.8538380999709,37.50285427342645]]]}},{"type":"Feature","properties":{"F_AREA":137,"ADM_CD":1153010200,"F_ZONE_NM":"서울 구로구 구로동로26길 30 1층 측면 (구로동)","TYPE":"미분류","F_DISA_NM":"2023년 풍수해보험금","F_AVR_HGT":15.05535717,"F_SAT_YMD":"20220808","F_END_YMD":null,"F_SAT_TM":null,"F_END_TM":null,"F_RSN_DTL":"내수침수","INV_YR":"2023","F_YR":"2023","F_SHIM":0.2,"GU_NAM":"구로구"},"geometry":{"type":"Polygon","coordinates":[[[126.88574611837484,37.49011981518846],[126.8857491525576,37.49005873037682],[126.88571417933395,37.49000715891673],[126.88563998216674,37.49002069126849],[126.88560728348345,37.49003390389179],[126.88560829641129,37.49003696828473],[126.88561528097598,37.49012698501378],[126.88574611837484,37.49011981518846]]]}},{"type":"Feature","properties":{"F_AREA":113,"ADM_CD":1153010600,"F_ZONE_NM":"서울 구로구 고척로 52다길 22103호","TYPE":"공동주택","F_DISA_NM":"2023년 풍수해보험금","F_AVR_HGT":28.22959251,"F_SAT_YMD":"20230713","F_END_YMD":null,"F_SAT_TM":null,"F_END_TM":null,"F_RSN_DTL":"내수침수","INV_YR":"2023","F_YR":"2023","F_SHIM":0.2,"GU_NAM":"구로구"},"geometry":{"type":"Polygon","coordinates":[[[126.85521785982925,37.50376815996276],[126.85519892539871,37.503676685278656],[126.85507687423275,37.503688247015454],[126.85509411052324,37.50378053051175],[126.85521785982925,37.50376815996276]]]}},{"type":"Feature","properties":{"F_AREA":139,"ADM_CD":1153010100,"F_ZONE_NM":"구로구 가리봉동 126-18","TYPE":"상가","F_DISA_NM":"6.27.~7.27. 호우","F_AVR_HGT":16.86777763,"F_SAT_YMD":"20230711","F_END_YMD":"20230711","F_SAT_TM":"15","F_END_TM":"21","F_RSN_DTL":"내수침수","INV_YR":"2023","F_YR":"2023","F_SHIM":0.3,"GU_NAM":"구로구"},"geometry":{"type":"Polygon","coordinates":[[[126.88968208666557,37.48117919421976],[126.88968072229025,37.48110846433575],[126.88964775309154,37.481078700087856],[126.88955349253793,37.48105752738211],[126.88953959033411,37.48105472110476],[126.88951333995624,37.4811441656433],[126.88968208666557,37.48117919421976]]]}},{"type":"Feature","properties":{"F_AREA":218,"ADM_CD":1153010200,"F_ZONE_NM":"서울 구로구 구로동로22길 5-2 (구로동)","TYPE":"미분류","F_DISA_NM":"2023년 풍수해보험금","F_AVR_HGT":15.42094917,"F_SAT_YMD":"20220808","F_END_YMD":null,"F_SAT_TM":null,"F_END_TM":null,"F_RSN_DTL":"내수침수","INV_YR":"2023","F_YR":"2023","F_SHIM":0.2,"GU_NAM":"구로구"},"geometry":{"type":"Polygon","coordinates":[[[126.88509534137414,37.4897068782298],[126.88519244686718,37.489722561169636],[126.88519370039864,37.48964336451868],[126.88519355118007,37.48952082839267],[126.88508262899076,37.48951936763615],[126.88507476769156,37.489703253956435],[126.88509534137414,37.4897068782298]]]}},{"type":"Feature","properties":{"F_AREA":326,"ADM_CD":1153010600,"F_ZONE_NM":"서울 구로구 경인로47길 49 (고척동)","TYPE":"미분류","F_DISA_NM":"2023년 풍수해보험금","F_AVR_HGT":13.69282074,"F_SAT_YMD":"20220808","F_END_YMD":null,"F_SAT_TM":null,"F_END_TM":null,"F_RSN_DTL":"내수침수","INV_YR":"2023","F_YR":"2023","F_SHIM":0.2,"GU_NAM":"구로구"},"geometry":{"type":"Polygon","coordinates":[[[126.86540047846438,37.501242581107824],[126.86540386070523,37.50124835139103],[126.86541823543297,37.50124161046781],[126.86543020125276,37.501253607523694],[126.86544420564441,37.50126398513018],[126.86544498010957,37.501273446499866],[126.86557315791276,37.501185566571976],[126.8655856169402,37.50117503923276],[126.86554724029503,37.501134179866185],[126.86552770920494,37.50111568692905],[126.86551098233411,37.50110990128725],[126.86542607923676,37.50103231769462],[126.86534613368501,37.501089529040755],[126.86531232140483,37.50108858906513],[126.86536541863602,37.501181272852364],[126.86540047846438,37.501242581107824]]]}},{"type":"Feature","properties":{"F_AREA":155,"ADM_CD":1153010900,"F_ZONE_NM":"서울 구로구 부일로15길 29-13지하 B01호","TYPE":"공동주택","F_DISA_NM":"2023년 풍수해보험금","F_AVR_HGT":19.85623093,"F_SAT_YMD":"20230715","F_END_YMD":null,"F_SAT_TM":null,"F_END_TM":null,"F_RSN_DTL":"내수침수","INV_YR":"2023","F_YR":"2023","F_SHIM":0.2,"GU_NAM":"구로구"},"geometry":{"type":"Polygon","coordinates":[[[126.83245427604709,37.494524353086035],[126.83221877199392,37.49445553996723],[126.83218322951481,37.49452126192451],[126.83235646361773,37.49457358779977],[126.83245427604709,37.494524353086035]]]}},{"type":"Feature","properties":{"F_AREA":196,"ADM_CD":1153010700,"F_ZONE_NM":"서울 구로구 고척로 27다길 12지층   01호","TYPE":"공동주택","F_DISA_NM":"2023년 풍수해보험금","F_AVR_HGT":22.36281509,"F_SAT_YMD":"20230730","F_END_YMD":null,"F_SAT_TM":null,"F_END_TM":null,"F_RSN_DTL":"내수침수","INV_YR":"2023","F_YR":"2023","F_SHIM":0.2,"GU_NAM":"구로구"},"geometry":{"type":"Polygon","coordinates":[[[126.84659411734752,37.50490035090025],[126.84687903475819,37.50499613979089],[126.84693649028222,37.50488512204262],[126.8468337979415,37.504885708422464],[126.84673313890325,37.50488746867338],[126.8466831454134,37.504889925952014],[126.84664140455375,37.50489401582381],[126.84659411734752,37.50490035090025]]]}},{"type":"Feature","properties":{"F_AREA":155,"ADM_CD":1153010700,"F_ZONE_NM":"서울 구로구 개봉로1라길 10-8B2호","TYPE":"공동주택","F_DISA_NM":"2023년 풍수해보험금","F_AVR_HGT":11.10913582,"F_SAT_YMD":"20230730","F_END_YMD":null,"F_SAT_TM":null,"F_END_TM":null,"F_RSN_DTL":"내수침수","INV_YR":"2023","F_YR":"2023","F_SHIM":0.2,"GU_NAM":"구로구"},"geometry":{"type":"Polygon","coordinates":[[[126.85058257746027,37.48218862888006],[126.85072838700529,37.482152324515866],[126.85069184161465,37.48205298760141],[126.85054761746004,37.48208812264602],[126.85058257746027,37.48218862888006]]]}},{"type":"Feature","properties":{"F_AREA":171,"ADM_CD":1153010800,"F_ZONE_NM":"서울 구로구 경인로15길 40-9101호","TYPE":"공동주택","F_DISA_NM":"2023년 풍수해보험금","F_AVR_HGT":23.7719738,"F_SAT_YMD":"20230711","F_END_YMD":null,"F_SAT_TM":null,"F_END_TM":null,"F_RSN_DTL":"내수침수","INV_YR":"2023","F_YR":"2023","F_SHIM":0.2,"GU_NAM":"구로구"},"geometry":{"type":"Polygon","coordinates":[[[126.83905602989906,37.49598070913583],[126.83899339502136,37.495922598693845],[126.83897608115963,37.49592825116508],[126.8389672970757,37.49591148050967],[126.8389736450977,37.495904371356026],[126.8389487164542,37.49587550510793],[126.83887325279652,37.49594504842189],[126.8388961457595,37.49597400198344],[126.83897926336195,37.4960774608756],[126.83905602989906,37.49598070913583]]]}},{"type":"Feature","properties":{"F_AREA":63,"ADM_CD":1153010700,"F_ZONE_NM":"서울 구로구 경인로35길 33 1층 옷사랑 (개봉동)","TYPE":"미분류","F_DISA_NM":"2023년 풍수해보험금","F_AVR_HGT":12.527672,"F_SAT_YMD":"20220808","F_END_YMD":null,"F_SAT_TM":null,"F_END_TM":null,"F_RSN_DTL":"내수침수","INV_YR":"2023","F_YR":"2023","F_SHIM":0.2,"GU_NAM":"구로구"},"geometry":{"type":"Polygon","coordinates":[[[126.85441104367632,37.4986382282958],[126.85441222200039,37.498637094505355],[126.85435347266025,37.49862025376343],[126.85426895296487,37.49870029223723],[126.85428696474536,37.49870754069013],[126.85432379924973,37.49872371445464],[126.85441104367632,37.4986382282958]]]}},{"type":"Feature","properties":{"F_AREA":85,"ADM_CD":1153010100,"F_ZONE_NM":"구로구 오류동 120-1","TYPE":"상가","F_DISA_NM":"6.27.~7.27. 호우","F_AVR_HGT":17.98308449,"F_SAT_YMD":"20230711","F_END_YMD":"20230711","F_SAT_TM":"15","F_END_TM":"21","F_RSN_DTL":"내수침수","INV_YR":"2023","F_YR":"2023","F_SHIM":0.3,"GU_NAM":"구로구"},"geometry":{"type":"Polygon","coordinates":[[[126.83309453996263,37.4915012453583],[126.83309471088211,37.49157620871868],[126.83322123833351,37.491578191012955],[126.8332149962453,37.491512805634024],[126.83309453996263,37.4915012453583]]]}},{"type":"Feature","properties":{"F_AREA":1656,"ADM_CD":1153010100,"F_ZONE_NM":"구로구 신도림동 276-59","TYPE":"상가","F_DISA_NM":"6.27.~7.27. 호우","F_AVR_HGT":7.80224209,"F_SAT_YMD":"20230711","F_END_YMD":"20230711","F_SAT_TM":"15","F_END_TM":"21","F_RSN_DTL":"내수침수","INV_YR":"2023","F_YR":"2023","F_SHIM":0.3,"GU_NAM":"구로구"},"geometry":{"type":"Polygon","coordinates":[[[126.87951460554876,37.51230530612565],[126.87963940127328,37.5124207624754],[126.87969553412648,37.51247091577054],[126.8797178981792,37.51249013005269],[126.87989410505831,37.51263852549179],[126.87991365336316,37.51265043876761],[126.87993764954984,37.512639741612105],[126.88014905348095,37.51242669318707],[126.88009816473273,37.51235095720223],[126.87996795591651,37.51215548729182],[126.87990809626416,37.512171553517454],[126.87988546349943,37.51217855798686],[126.87963029745762,37.512246049899275],[126.87951460554876,37.51230530612565]]]}},{"type":"Feature","properties":{"F_AREA":317,"ADM_CD":1154510200,"F_ZONE_NM":"서울 금천구 독산동 977-7(독산동)","TYPE":"단독주택","F_DISA_NM":"2023년 풍수해보험금","F_AVR_HGT":38.60082932,"F_SAT_YMD":"20220701","F_END_YMD":null,"F_SAT_TM":null,"F_END_TM":null,"F_RSN_DTL":"내수침수","INV_YR":"2023","F_YR":"2023","F_SHIM":0.2,"GU_NAM":"금천구"},"geometry":{"type":"Polygon","coordinates":[[[126.90394943856354,37.4748801386137],[126.90409744642447,37.47489620846442],[126.90410013145222,37.47486566670147],[126.90410061328109,37.47486026108511],[126.90407491142166,37.47480347675178],[126.90404729324186,37.474742456121035],[126.90402993296846,37.47470432940416],[126.90390995882872,37.47472549402162],[126.90390633336423,37.47473152774219],[126.9038546625478,37.47482356748178],[126.90385462746076,37.47485053445042],[126.90385971547776,37.474849971023936],[126.90394943856354,37.4748801386137]]]}},{"type":"Feature","properties":{"F_AREA":114,"ADM_CD":1154510300,"F_ZONE_NM":"서울특별시 금천구 시흥동 917-20 지층","TYPE":"주택","F_DISA_NM":"2023년 6.27~7.27 호우(재난지원금)","F_AVR_HGT":29.48612328,"F_SAT_YMD":"20230711","F_END_YMD":null,"F_SAT_TM":"17","F_END_TM":null,"F_RSN_DTL":"내수침수","INV_YR":"2023","F_YR":"2023","F_SHIM":0.2,"GU_NAM":"금천구"},"geometry":{"type":"Polygon","coordinates":[[[126.90877662395424,37.44972348275006],[126.9087676745595,37.449630942395274],[126.90866050479167,37.449639868313334],[126.9086433064784,37.449656343213945],[126.90864954063589,37.4497328435349],[126.90877662395424,37.44972348275006]]]}},{"type":"Feature","properties":{"F_AREA":134,"ADM_CD":1154510300,"F_ZONE_NM":"서울특별시 금천구 시흥동 835-19 지층","TYPE":"주택","F_DISA_NM":"2023년 6.27~7.27 호우(재난지원금)","F_AVR_HGT":23.6198494,"F_SAT_YMD":"20230715","F_END_YMD":null,"F_SAT_TM":"20","F_END_TM":null,"F_RSN_DTL":"내수침수","INV_YR":"2023","F_YR":"2023","F_SHIM":0.2,"GU_NAM":"금천구"},"geometry":{"type":"Polygon","coordinates":[[[126.90688581438003,37.45257772233494],[126.90689124522393,37.452635751449826],[126.90693404176201,37.45266515849],[126.907052831886,37.452658099504156],[126.9070461627543,37.45256911085124],[126.90688581438003,37.45257772233494]]]}},{"type":"Feature","properties":{"F_AREA":82,"ADM_CD":1156010800,"F_ZONE_NM":"영등포구 영등포동7가 79-1","TYPE":"상가","F_DISA_NM":"7.30. 호우","F_AVR_HGT":10.34801388,"F_SAT_YMD":"20230730","F_END_YMD":"20230730","F_SAT_TM":"18","F_END_TM":"21","F_RSN_DTL":"내수침수","INV_YR":"2023","F_YR":"2023","F_SHIM":0.5,"GU_NAM":"영등포구"},"geometry":{"type":"Polygon","coordinates":[[[126.90644677426272,37.52522847832473],[126.90649902211774,37.52515244038894],[126.90634691754906,37.525148128303144],[126.90636841826532,37.52519633081371],[126.90638097353398,37.525224469976685],[126.90644677426272,37.52522847832473]]]}},{"type":"Feature","properties":{"F_AREA":136,"ADM_CD":1156010700,"F_ZONE_NM":"서울 영등포구 영등포로 199？지하1층 드림노래방(영등포동6가)","TYPE":"상가-시설","F_DISA_NM":"2023년 풍수해보험금","F_AVR_HGT":9.89391727,"F_SAT_YMD":"20230701","F_END_YMD":null,"F_SAT_TM":null,"F_END_TM":null,"F_RSN_DTL":"내수침수","INV_YR":"2023","F_YR":"2023","F_SHIM":0.2,"GU_NAM":"영등포"},"geometry":{"type":"Polygon","coordinates":[[[126.90385615200933,37.52044435236477],[126.90381772227244,37.520290511683136],[126.90373276426656,37.52030334363355],[126.90376595824067,37.52045577445696],[126.90385615200933,37.52044435236477]]]}},{"type":"Feature","properties":{"F_AREA":139,"ADM_CD":1156011900,"F_ZONE_NM":"영등포구 문래동1가 56-4","TYPE":"상가","F_DISA_NM":"7.30. 호우","F_AVR_HGT":11.92590046,"F_SAT_YMD":"20230730","F_END_YMD":"20230730","F_SAT_TM":"18","F_END_TM":"21","F_RSN_DTL":"내수침수","INV_YR":"2023","F_YR":"2023","F_SHIM":0.5,"GU_NAM":"영등포구"},"geometry":{"type":"Polygon","coordinates":[[[126.89584269699814,37.51236716338739],[126.89591939363544,37.512231686068716],[126.89582973253684,37.51220037734679],[126.8957572745916,37.51233776851533],[126.89584269699814,37.51236716338739]]]}},{"type":"Feature","properties":{"F_AREA":1210,"ADM_CD":1156011900,"F_ZONE_NM":"영등포구 문래동1가 60-2","TYPE":"상가","F_DISA_NM":"7.30. 호우","F_AVR_HGT":10.24615383,"F_SAT_YMD":"20230730","F_END_YMD":"20230730","F_SAT_TM":"18","F_END_TM":"21","F_RSN_DTL":"내수침수","INV_YR":"2023","F_YR":"2023","F_SHIM":0.5,"GU_NAM":"영등포구"},"geometry":{"type":"Polygon","coordinates":[[[126.89496340348548,37.51167302969551],[126.89504870765731,37.511522126619525],[126.89505552280086,37.51150982514882],[126.89509278925507,37.511519184043216],[126.89509771972494,37.51151985522251],[126.89510390955476,37.51150982369699],[126.89512113347143,37.51147944859747],[126.89479228092797,37.511366085888994],[126.89474519771024,37.511451520886396],[126.8947126644497,37.51150989407335],[126.89466248643697,37.511600110529024],[126.89457899922353,37.51157089675175],[126.89452673461007,37.511664787325536],[126.89489613994017,37.51179178341495],[126.89496340348548,37.51167302969551]]]}},{"type":"Feature","properties":{"F_AREA":327,"ADM_CD":1156011900,"F_ZONE_NM":"영등포구 문래동1가 61-1","TYPE":"상가","F_DISA_NM":"7.30. 호우","F_AVR_HGT":12.00797462,"F_SAT_YMD":"20230730","F_END_YMD":"20230730","F_SAT_TM":"18","F_END_TM":"21","F_RSN_DTL":"내수침수","INV_YR":"2023","F_YR":"2023","F_SHIM":0.5,"GU_NAM":"영등포구"},"geometry":{"type":"Polygon","coordinates":[[[126.8954397514149,37.51176029645489],[126.89546086709768,37.51172123018527],[126.89551839441151,37.51161623463336],[126.89534430959996,37.51155454023116],[126.89525368048034,37.51171215115428],[126.89530209927821,37.511729538883166],[126.89543177942706,37.511774858409645],[126.8954397514149,37.51176029645489]]]}},{"type":"Feature","properties":{"F_AREA":77,"ADM_CD":1156012000,"F_ZONE_NM":"영등포구 문래동2가 44-2","TYPE":"상가","F_DISA_NM":"7.30. 호우","F_AVR_HGT":11.15814781,"F_SAT_YMD":"20230730","F_END_YMD":"20230730","F_SAT_TM":"18","F_END_TM":"21","F_RSN_DTL":"내수침수","INV_YR":"2023","F_YR":"2023","F_SHIM":0.5,"GU_NAM":"영등포구"},"geometry":{"type":"Polygon","coordinates":[[[126.89368163038532,37.51369899125542],[126.89366471808434,37.513677117647084],[126.89365541536631,37.51368068610803],[126.89362177133269,37.51364510207189],[126.89353281923317,37.513686439586266],[126.89357863161648,37.51374710949139],[126.89368163038532,37.51369899125542]]]}},{"type":"Feature","properties":{"F_AREA":229,"ADM_CD":1156011900,"F_ZONE_NM":"영등포구 문래동1가 47-1","TYPE":"상가","F_DISA_NM":"7.30. 호우","F_AVR_HGT":14.00796604,"F_SAT_YMD":"20230730","F_END_YMD":"20230730","F_SAT_TM":"18","F_END_TM":"21","F_RSN_DTL":"내수침수","INV_YR":"2023","F_YR":"2023","F_SHIM":0.5,"GU_NAM":"영등포구"},"geometry":{"type":"Polygon","coordinates":[[[126.89667047203994,37.51171272338078],[126.8967408688888,37.51158362798619],[126.89660311951188,37.511533302197826],[126.8965939132837,37.5115328705527],[126.89651609794623,37.51166090510084],[126.89667047203994,37.51171272338078]]]}},{"type":"Feature","properties":{"F_AREA":179,"ADM_CD":1156011900,"F_ZONE_NM":"영등포구 문래동1가 71-5","TYPE":"상가","F_DISA_NM":"7.30. 호우","F_AVR_HGT":10.24615383,"F_SAT_YMD":"20230730","F_END_YMD":"20230730","F_SAT_TM":"18","F_END_TM":"21","F_RSN_DTL":"내수침수","INV_YR":"2023","F_YR":"2023","F_SHIM":0.5,"GU_NAM":"영등포구"},"geometry":{"type":"Polygon","coordinates":[[[126.89416761483604,37.51169368083708],[126.89417624018986,37.51169693226259],[126.89419077360334,37.5116737538174],[126.89422528044211,37.51161975240187],[126.89406646669016,37.511557583448266],[126.89400059608599,37.51164266768608],[126.89405754391753,37.51166713651036],[126.89414657175611,37.51170528456734],[126.89415404302825,37.51169301978537],[126.89416761483604,37.51169368083708]]]}},{"type":"Feature","properties":{"F_AREA":189,"ADM_CD":1156011900,"F_ZONE_NM":"영등포구 문래동1가 72-11","TYPE":"상가","F_DISA_NM":"7.30. 호우","F_AVR_HGT":9.96846962,"F_SAT_YMD":"20230730","F_END_YMD":"20230730","F_SAT_TM":"18","F_END_TM":"21","F_RSN_DTL":"내수침수","INV_YR":"2023","F_YR":"2023","F_SHIM":0.5,"GU_NAM":"영등포구"},"geometry":{"type":"Polygon","coordinates":[[[126.89378319322604,37.511643649918334],[126.89370870005311,37.51160531663382],[126.89352489268593,37.51151010261617],[126.89349437708495,37.511494127076155],[126.89348246661233,37.51151010887273],[126.89345642351563,37.511545719465325],[126.89375640970228,37.51169083770635],[126.89378319322604,37.511643649918334]]]}},{"type":"Feature","properties":{"F_AREA":892,"ADM_CD":1156011900,"F_ZONE_NM":"영등포구 문래동1가 72-10","TYPE":"상가","F_DISA_NM":"7.30. 호우","F_AVR_HGT":9.96846962,"F_SAT_YMD":"20230730","F_END_YMD":"20230730","F_SAT_TM":"18","F_END_TM":"21","F_RSN_DTL":"내수침수","INV_YR":"2023","F_YR":"2023","F_SHIM":0.5,"GU_NAM":"영등포구"},"geometry":{"type":"Polygon","coordinates":[[[126.89370870005311,37.51160531663382],[126.89378319322604,37.511643649918334],[126.89382370719666,37.511573264971396],[126.89385557952033,37.51151881977297],[126.89386012739784,37.51151023742068],[126.89383441250442,37.511467101297434],[126.89383282349831,37.511463072394335],[126.89375401254725,37.51142285211837],[126.89364757916655,37.5113683528036],[126.8935580534793,37.51132293287146],[126.8934352094947,37.51126007513725],[126.89340381094408,37.51129958213489],[126.8933234853858,37.51139999673963],[126.89339878133813,37.51143824090328],[126.89349437708495,37.511494127076155],[126.89352489268593,37.51151010261617],[126.89370870005311,37.51160531663382]]]}},{"type":"Feature","properties":{"F_AREA":123,"ADM_CD":1156011900,"F_ZONE_NM":"영등포구 문래동1가 71-11","TYPE":"상가","F_DISA_NM":"7.30. 호우","F_AVR_HGT":9.96846962,"F_SAT_YMD":"20230730","F_END_YMD":"20230730","F_SAT_TM":"18","F_END_TM":"21","F_RSN_DTL":"내수침수","INV_YR":"2023","F_YR":"2023","F_SHIM":0.5,"GU_NAM":"영등포구"},"geometry":{"type":"Polygon","coordinates":[[[126.8939730716933,37.511630839576505],[126.89400059608599,37.51164266768608],[126.89406646669016,37.511557583448266],[126.89399777130693,37.51153026579685],[126.89397961663408,37.51152318545831],[126.89391412342647,37.51154229902526],[126.89388661135646,37.51159281986724],[126.8939077829667,37.51160199328029],[126.8939730716933,37.511630839576505]]]}},{"type":"Feature","properties":{"F_AREA":1527,"ADM_CD":1156011900,"F_ZONE_NM":"영등포구 문래동1가 70-1","TYPE":"상가","F_DISA_NM":"7.30. 호우","F_AVR_HGT":10.24615383,"F_SAT_YMD":"20230730","F_END_YMD":"20230730","F_SAT_TM":"18","F_END_TM":"21","F_RSN_DTL":"내수침수","INV_YR":"2023","F_YR":"2023","F_SHIM":0.5,"GU_NAM":"영등포구"},"geometry":{"type":"Polygon","coordinates":[[[126.89436196147828,37.51161728159548],[126.8944211223213,37.511509945467765],[126.89445290765053,37.511452733968966],[126.89450052349302,37.51136681303268],[126.89454135811914,37.51129307641898],[126.8941550046545,37.511155864527545],[126.89412999835325,37.511147048070875],[126.89404463049986,37.51130193283909],[126.89397670284146,37.51142555081896],[126.89400012259767,37.51147598289474],[126.8940871201885,37.51151000258554],[126.89408773062445,37.51151023739976],[126.89436196147828,37.51161728159548]]]}},{"type":"Feature","properties":{"F_AREA":229,"ADM_CD":1156011900,"F_ZONE_NM":"영등포구 문래동1가 60-3","TYPE":"상가","F_DISA_NM":"7.30. 호우","F_AVR_HGT":10.24615383,"F_SAT_YMD":"20230730","F_END_YMD":"20230730","F_SAT_TM":"18","F_END_TM":"21","F_RSN_DTL":"내수침수","INV_YR":"2023","F_YR":"2023","F_SHIM":0.5,"GU_NAM":"영등포구"},"geometry":{"type":"Polygon","coordinates":[[[126.89466248643697,37.511600110529024],[126.8947126644497,37.51150989407335],[126.89474519771024,37.511451520886396],[126.89479228092797,37.511366085888994],[126.89472230239352,37.511342254355434],[126.89470796731607,37.51133752918275],[126.89465609835808,37.51143179859404],[126.89461668133113,37.51150291462862],[126.89461240725628,37.51150991150392],[126.89457899922353,37.51157089675175],[126.89466248643697,37.511600110529024]]]}},{"type":"Feature","properties":{"F_AREA":680,"ADM_CD":1156011900,"F_ZONE_NM":"영등포구 문래동1가 64","TYPE":"상가","F_DISA_NM":"7.30. 호우","F_AVR_HGT":10.24615383,"F_SAT_YMD":"20230730","F_END_YMD":"20230730","F_SAT_TM":"18","F_END_TM":"21","F_RSN_DTL":"내수침수","INV_YR":"2023","F_YR":"2023","F_SHIM":0.5,"GU_NAM":"영등포구"},"geometry":{"type":"Polygon","coordinates":[[[126.89509802650254,37.51141530385746],[126.8951571971361,37.51130818360459],[126.89513982204264,37.51130166276385],[126.8951719564545,37.511245091091034],[126.89517747789415,37.51123578876669],[126.8951246270667,37.51121744193748],[126.8951010899647,37.511209356816835],[126.8950939911843,37.51122229774289],[126.89501801179608,37.51119493808085],[126.89499985626264,37.511188452555686],[126.8949965006742,37.51119384649954],[126.89484297915203,37.5111405852042],[126.89481769011397,37.511131696557975],[126.89473868262505,37.511276964930346],[126.89473270559978,37.511288447234],[126.89492922019456,37.5113566679755],[126.89509802650254,37.51141530385746]]]}},{"type":"Feature","properties":{"F_AREA":673,"ADM_CD":1156011900,"F_ZONE_NM":"영등포구 문래동1가 73","TYPE":"상가","F_DISA_NM":"7.30. 호우","F_AVR_HGT":9.96846962,"F_SAT_YMD":"20230730","F_END_YMD":"20230730","F_SAT_TM":"18","F_END_TM":"21","F_RSN_DTL":"내수침수","INV_YR":"2023","F_YR":"2023","F_SHIM":0.5,"GU_NAM":"영등포구"},"geometry":{"type":"Polygon","coordinates":[[[126.8933234853858,37.51139999673963],[126.89340381094408,37.51129958213489],[126.8934352094947,37.51126007513725],[126.89330937079065,37.51119557471777],[126.89314065143311,37.511109401902495],[126.89312754115073,37.51110252427969],[126.8930582159819,37.5111123265626],[126.89301115747368,37.51117162298284],[126.89297182600251,37.511221727309014],[126.89301118014956,37.511241909747575],[126.89312515232301,37.51129966915182],[126.89322971011887,37.51135247334472],[126.8933234853858,37.51139999673963]]]}},{"type":"Feature","properties":{"F_AREA":352,"ADM_CD":1156011900,"F_ZONE_NM":"영등포구 문래동1가 70-2","TYPE":"상가","F_DISA_NM":"7.30. 호우","F_AVR_HGT":10.24615383,"F_SAT_YMD":"20230730","F_END_YMD":"20230730","F_SAT_TM":"21","F_END_TM":"21","F_RSN_DTL":"내수침수","INV_YR":"2023","F_YR":"2023","F_SHIM":0.5,"GU_NAM":"영등포구"},"geometry":{"type":"Polygon","coordinates":[[[126.8945819438329,37.51121933956478],[126.89437547132451,37.51114691957885],[126.89427431533228,37.511111427631164],[126.89419309024817,37.51108268415108],[126.89417011867351,37.51107469846829],[126.89416539019936,37.511083064429876],[126.89412999835325,37.511147048070875],[126.8941550046545,37.511155864527545],[126.89454135811914,37.51129307641898],[126.8945819438329,37.51121933956478]]]}},{"type":"Feature","properties":{"F_AREA":150,"ADM_CD":1156011900,"F_ZONE_NM":"영등포구 문래동1가 65-2","TYPE":"상가","F_DISA_NM":"7.30. 호우","F_AVR_HGT":12.00797462,"F_SAT_YMD":"20230730","F_END_YMD":"20230730","F_SAT_TM":"18","F_END_TM":"21","F_RSN_DTL":"내수침수","INV_YR":"2023","F_YR":"2023","F_SHIM":0.5,"GU_NAM":"영등포구"},"geometry":{"type":"Polygon","coordinates":[[[126.89577127200776,37.51128316462215],[126.89582432389595,37.51119916713762],[126.89570150636003,37.5111564310359],[126.89570290413103,37.51115177413546],[126.8956743819558,37.51114162138122],[126.8956584939895,37.511171285973155],[126.89562730428372,37.511231949150734],[126.89577127200776,37.51128316462215]]]}},{"type":"Feature","properties":{"F_AREA":81,"ADM_CD":1156011900,"F_ZONE_NM":"영등포구 문래동1가 65-4","TYPE":"상가","F_DISA_NM":"7.30. 호우","F_AVR_HGT":12.00797462,"F_SAT_YMD":"20230730","F_END_YMD":"20230730","F_SAT_TM":"18","F_END_TM":"21","F_RSN_DTL":"내수침수","INV_YR":"2023","F_YR":"2023","F_SHIM":0.5,"GU_NAM":"영등포구"},"geometry":{"type":"Polygon","coordinates":[[[126.89562730428372,37.511231949150734],[126.8956584939895,37.511171285973155],[126.89554034042932,37.51113379768359],[126.89553614494754,37.511141281201546],[126.89550810179604,37.51119231551702],[126.89558194781957,37.5112167357019],[126.89562730428372,37.511231949150734]]]}},{"type":"Feature","properties":{"F_AREA":138,"ADM_CD":1156011900,"F_ZONE_NM":"영등포구 문래동1가 69-3","TYPE":"상가","F_DISA_NM":"7.30. 호우","F_AVR_HGT":10.24615383,"F_SAT_YMD":"20230730","F_END_YMD":"20230730","F_SAT_TM":"19","F_END_TM":"21","F_RSN_DTL":"내수침수","INV_YR":"2023","F_YR":"2023","F_SHIM":0.5,"GU_NAM":"영등포구"},"geometry":{"type":"Polygon","coordinates":[[[126.89427431533228,37.511111427631164],[126.8942855519421,37.51109194927499],[126.89433759985604,37.51099924791759],[126.89424742048182,37.51096802761888],[126.89423226049685,37.510962842130866],[126.89417011867351,37.51107469846829],[126.89419309024817,37.51108268415108],[126.89427431533228,37.511111427631164]]]}},{"type":"Feature","properties":{"F_AREA":242,"ADM_CD":1156011900,"F_ZONE_NM":"영등포구 문래동1가 68-1","TYPE":"상가","F_DISA_NM":"7.30. 호우","F_AVR_HGT":10.24615383,"F_SAT_YMD":"20230730","F_END_YMD":"20230730","F_SAT_TM":"18","F_END_TM":"21","F_RSN_DTL":"내수침수","INV_YR":"2023","F_YR":"2023","F_SHIM":0.5,"GU_NAM":"영등포구"},"geometry":{"type":"Polygon","coordinates":[[[126.89449542860761,37.51105351387915],[126.89464517460844,37.51110493417792],[126.89472147900322,37.51096752011079],[126.89457320624946,37.51091423617842],[126.89456610846021,37.51092643825701],[126.89452145279776,37.51100691087802],[126.89449542860761,37.51105351387915]]]}},{"type":"Feature","properties":{"F_AREA":108,"ADM_CD":1156011900,"F_ZONE_NM":"영등포구 문래동1가 96-3","TYPE":"상가","F_DISA_NM":"7.30. 호우","F_AVR_HGT":10.63050652,"F_SAT_YMD":"20230730","F_END_YMD":"20230730","F_SAT_TM":"17","F_END_TM":"21","F_RSN_DTL":"내수침수","INV_YR":"2023","F_YR":"2023","F_SHIM":0.5,"GU_NAM":"영등포구"},"geometry":{"type":"Polygon","coordinates":[[[126.89263562849395,37.510943118076355],[126.8927546374819,37.51100565776493],[126.89280604759165,37.51094066214136],[126.89268415512961,37.51087767835897],[126.89263562849395,37.510943118076355]]]}},{"type":"Feature","properties":{"F_AREA":297,"ADM_CD":1156011900,"F_ZONE_NM":"영등포구 문래동1가 68-5","TYPE":"상가","F_DISA_NM":"7.30. 호우","F_AVR_HGT":10.87343121,"F_SAT_YMD":"20230730","F_END_YMD":"20230730","F_SAT_TM":"18","F_END_TM":"21","F_RSN_DTL":"내수침수","INV_YR":"2023","F_YR":"2023","F_SHIM":0.5,"GU_NAM":"영등포구"},"geometry":{"type":"Polygon","coordinates":[[[126.89435940719001,37.51100670993372],[126.89437313941418,37.51098209815181],[126.8944276835994,37.51088369570818],[126.8944698452576,37.51080723029608],[126.89434375216726,37.51076234544044],[126.89428740544288,37.51086364742036],[126.89423226049685,37.510962842130866],[126.89424742048182,37.51096802761888],[126.89433759985604,37.51099924791759],[126.89435940719001,37.51100670993372]]]}},{"type":"Feature","properties":{"F_AREA":697,"ADM_CD":1156011900,"F_ZONE_NM":"영등포구 문래동1가 84","TYPE":"상가","F_DISA_NM":"7.30. 호우","F_AVR_HGT":10.97153664,"F_SAT_YMD":"20230730","F_END_YMD":"20230730","F_SAT_TM":"18","F_END_TM":"21","F_RSN_DTL":"내수침수","INV_YR":"2023","F_YR":"2023","F_SHIM":0.5,"GU_NAM":"영등포구"},"geometry":{"type":"Polygon","coordinates":[[[126.8942044547145,37.51087909626633],[126.89420260828118,37.510873166031026],[126.89418632697088,37.51082960607088],[126.8941620839319,37.51081705117796],[126.89397788044838,37.510722954729125],[126.89380651622481,37.51063574430416],[126.89379054011518,37.510655470573305],[126.8937100580938,37.51075541679183],[126.89378640501866,37.51079397702026],[126.89381203869712,37.51080686662698],[126.89391297950937,37.51085787393824],[126.89414986404283,37.510978165302056],[126.8942044547145,37.51087909626633]]]}},{"type":"Feature","properties":{"F_AREA":434,"ADM_CD":1156011900,"F_ZONE_NM":"영등포구 문래동1가 85-1","TYPE":"상가","F_DISA_NM":"7.30. 호우","F_AVR_HGT":10.87343121,"F_SAT_YMD":"20230730","F_END_YMD":"20230730","F_SAT_TM":"21","F_END_TM":"21","F_RSN_DTL":"내수침수","INV_YR":"2023","F_YR":"2023","F_SHIM":0.5,"GU_NAM":"영등포구"},"geometry":{"type":"Polygon","coordinates":[[[126.89420786039753,37.51077552979447],[126.89424253863538,37.51076743430138],[126.89427163928143,37.510760396910584],[126.89432183084206,37.510668549816266],[126.89432883912913,37.510655671923075],[126.89424214466506,37.510615940362214],[126.89412190163415,37.51056169922528],[126.89408066768634,37.51054313723888],[126.89405077141436,37.510568716371125],[126.89397799636541,37.51065792089462],[126.8940565468677,37.51069787949998],[126.89418861283494,37.510765610354944],[126.89420786039753,37.51077552979447]]]}},{"type":"Feature","properties":{"F_AREA":19,"ADM_CD":1156011900,"F_ZONE_NM":"영등포구 문래동1가 67-8","TYPE":"상가","F_DISA_NM":"7.30. 호우","F_AVR_HGT":10.87343121,"F_SAT_YMD":"20230730","F_END_YMD":"20230730","F_SAT_TM":"18","F_END_TM":"21","F_RSN_DTL":"내수침수","INV_YR":"2023","F_YR":"2023","F_SHIM":0.5,"GU_NAM":"영등포구"},"geometry":{"type":"Polygon","coordinates":[[[126.89445807679006,37.510716083818],[126.89438343076051,37.510690139519106],[126.89437032189251,37.51071389592203],[126.89444113926437,37.51073593544319],[126.89445807679006,37.510716083818]]]}},{"type":"Feature","properties":{"F_AREA":1668,"ADM_CD":1156011900,"F_ZONE_NM":"영등포구 문래동1가 13","TYPE":"상가","F_DISA_NM":"7.30. 호우","F_AVR_HGT":11.74334812,"F_SAT_YMD":"20230730","F_END_YMD":"20230730","F_SAT_TM":"18","F_END_TM":"21","F_RSN_DTL":"내수침수","INV_YR":"2023","F_YR":"2023","F_SHIM":0.5,"GU_NAM":"영등포구"},"geometry":{"type":"Polygon","coordinates":[[[126.90272561802779,37.51444249250735],[126.90273869684424,37.51442286172836],[126.90279953257009,37.51433322742523],[126.90287874016035,37.514215587450025],[126.90285947831978,37.51416341269385],[126.90269089272007,37.51409107494517],[126.90254597963335,37.514028586660416],[126.90245230974226,37.513988557969355],[126.90235038526178,37.5141434077577],[126.90225237426846,37.51428949404957],[126.90246832997508,37.51437934246714],[126.902657685498,37.51445842835576],[126.90272561802779,37.51444249250735]]]}},{"type":"Feature","properties":{"F_AREA":54,"ADM_CD":1156012000,"F_ZONE_NM":"영등포구 문래동2가 45-2","TYPE":"상가","F_DISA_NM":"7.30. 호우","F_AVR_HGT":11.15814781,"F_SAT_YMD":"20230730","F_END_YMD":"20230730","F_SAT_TM":"18","F_END_TM":"21","F_RSN_DTL":"내수침수","INV_YR":"2023","F_YR":"2023","F_SHIM":0.5,"GU_NAM":"영등포구"},"geometry":{"type":"Polygon","coordinates":[[[126.89335289935885,37.51417026309069],[126.8934533373385,37.51409439203152],[126.89342323032055,37.51406889332395],[126.89331277882556,37.51413920504952],[126.89335289935885,37.51417026309069]]]}},{"type":"Feature","properties":{"F_AREA":235,"ADM_CD":1156012000,"F_ZONE_NM":"영등포구 문래동2가 45-4","TYPE":"상가","F_DISA_NM":"7.30. 호우","F_AVR_HGT":11.15814781,"F_SAT_YMD":"20230730","F_END_YMD":"20230730","F_SAT_TM":"18","F_END_TM":"21","F_RSN_DTL":"내수침수","INV_YR":"2023","F_YR":"2023","F_SHIM":0.5,"GU_NAM":"영등포구"},"geometry":{"type":"Polygon","coordinates":[[[126.89331277882556,37.51413920504952],[126.89342323032055,37.51406889332395],[126.89337539805355,37.51400486079703],[126.89331768628644,37.51393653045937],[126.8932523426485,37.51396797842456],[126.89327400647359,37.5139891806978],[126.8931897504716,37.514044343535126],[126.89331277882556,37.51413920504952]]]}},{"type":"Feature","properties":{"F_AREA":152,"ADM_CD":1156012000,"F_ZONE_NM":"영등포구 문래동2가 57-5","TYPE":"상가","F_DISA_NM":"7.30. 호우","F_AVR_HGT":9.90823841,"F_SAT_YMD":"20230730","F_END_YMD":"20230730","F_SAT_TM":"18","F_END_TM":"21","F_RSN_DTL":"내수침수","INV_YR":"2023","F_YR":"2023","F_SHIM":0.5,"GU_NAM":"영등포구"},"geometry":{"type":"Polygon","coordinates":[[[126.89239936779035,37.51411776805039],[126.89241498209452,37.51412978374152],[126.89253265335327,37.51407329178806],[126.89260686010363,37.51403756365217],[126.89259265874195,37.514026179986395],[126.89248893262265,37.513943688195575],[126.89241411543236,37.513979199455086],[126.89248714471033,37.514076412288766],[126.89239936779035,37.51411776805039]]]}},{"type":"Feature","properties":{"F_AREA":143,"ADM_CD":1156012000,"F_ZONE_NM":"영등포구 문래동2가 45-3","TYPE":"상가","F_DISA_NM":"7.30. 호우","F_AVR_HGT":11.15814781,"F_SAT_YMD":"20230730","F_END_YMD":"20230730","F_SAT_TM":"18","F_END_TM":"21","F_RSN_DTL":"내수침수","INV_YR":"2023","F_YR":"2023","F_SHIM":0.5,"GU_NAM":"영등포구"},"geometry":{"type":"Polygon","coordinates":[[[126.89342323032055,37.51406889332395],[126.8934533373385,37.51409439203152],[126.89355471501645,37.51403346927101],[126.89348593088376,37.51394072090928],[126.89337539805355,37.51400486079703],[126.89342323032055,37.51406889332395]]]}},{"type":"Feature","properties":{"F_AREA":44,"ADM_CD":1156011900,"F_ZONE_NM":"영등포구 문래동1가 82-1","TYPE":"상가","F_DISA_NM":"7.30. 호우","F_AVR_HGT":10.97153664,"F_SAT_YMD":"20230730","F_END_YMD":"20230730","F_SAT_TM":"18","F_END_TM":"21","F_RSN_DTL":"내수침수","INV_YR":"2023","F_YR":"2023","F_SHIM":0.5,"GU_NAM":"영등포구"},"geometry":{"type":"Polygon","coordinates":[[[126.89368330545271,37.510742012573324],[126.89367085028438,37.510735766306084],[126.89357126509236,37.51085892268026],[126.89360999762694,37.51087876197382],[126.89366108549643,37.510817045309594],[126.89366109681987,37.51081703630997],[126.8936323666989,37.51080233283938],[126.89368330545271,37.510742012573324]]]}},{"type":"Feature","properties":{"F_AREA":180,"ADM_CD":1156011900,"F_ZONE_NM":"서울특별시 영등포구 경인로 790 790 (문래동1가) 1층","TYPE":"미분류","F_DISA_NM":"2023년 풍수해보험금","F_AVR_HGT":11.18459244,"F_SAT_YMD":"20230730","F_END_YMD":null,"F_SAT_TM":null,"F_END_TM":null,"F_RSN_DTL":"내수침수","INV_YR":"2023","F_YR":"2023","F_SHIM":0.2,"GU_NAM":"영등포구"},"geometry":{"type":"Polygon","coordinates":[[[126.90100970894729,37.51428299223169],[126.90109548514528,37.51411905684694],[126.90110683621405,37.51409758674666],[126.90105265221737,37.514075511318886],[126.90102810914647,37.51406575067367],[126.90101714414332,37.51408609484965],[126.90096376223076,37.514182825422715],[126.90092482592932,37.51425309700455],[126.90095476353873,37.514263501970824],[126.90100970894729,37.51428299223169]]]}},{"type":"Feature","properties":{"F_AREA":380,"ADM_CD":1156011900,"F_ZONE_NM":"영등포구 문래동1가 21-11","TYPE":"상가","F_DISA_NM":"7.30. 호우","F_AVR_HGT":11.48459244,"F_SAT_YMD":"20230730","F_END_YMD":"20230730","F_SAT_TM":"18","F_END_TM":"21","F_RSN_DTL":"내수침수","INV_YR":"2023","F_YR":"2023","F_SHIM":0.5,"GU_NAM":"영등포구"},"geometry":{"type":"Polygon","coordinates":[[[126.90087742114254,37.5142364873066],[126.90092482592932,37.51425309700455],[126.90096376223076,37.514182825422715],[126.90101714414332,37.51408609484965],[126.90102810914647,37.51406575067367],[126.90106630842273,37.51399668576363],[126.9010312059496,37.5139831770047],[126.90094980499414,37.51395480743987],[126.9009379517512,37.51395431981989],[126.90085160389886,37.514114263194436],[126.9007997393512,37.514209562401895],[126.90087742114254,37.5142364873066]]]}},{"type":"Feature","properties":{"F_AREA":89,"ADM_CD":1156012000,"F_ZONE_NM":"영등포구 문래동2가 47-2","TYPE":"상가","F_DISA_NM":"7.30. 호우","F_AVR_HGT":11.15814781,"F_SAT_YMD":"20230730","F_END_YMD":"20230730","F_SAT_TM":"18","F_END_TM":"21","F_RSN_DTL":"내수침수","INV_YR":"2023","F_YR":"2023","F_SHIM":0.5,"GU_NAM":"영등포구"},"geometry":{"type":"Polygon","coordinates":[[[126.89334101421841,37.51392542452199],[126.89344023298315,37.51387906898909],[126.89338685506961,37.51380954432395],[126.89329215582254,37.513859309719024],[126.89334101421841,37.51392542452199]]]}},{"type":"Feature","properties":{"F_AREA":255,"ADM_CD":1156012000,"F_ZONE_NM":"영등포구 문래동2가 14-61","TYPE":"상가","F_DISA_NM":"7.30. 호우","F_AVR_HGT":12.78459549,"F_SAT_YMD":"20230730","F_END_YMD":"20230730","F_SAT_TM":"18","F_END_TM":"21","F_RSN_DTL":"내수침수","INV_YR":"2023","F_YR":"2023","F_SHIM":0.5,"GU_NAM":"영등포구"},"geometry":{"type":"Polygon","coordinates":[[[126.89519171277506,37.513767105936346],[126.89525495548533,37.513852586294696],[126.89546874092028,37.51375072257519],[126.89539676669474,37.513656774131306],[126.8953254538592,37.51369489426487],[126.89519171277506,37.513767105936346]]]}},{"type":"Feature","properties":{"F_AREA":60,"ADM_CD":1156012200,"F_ZONE_NM":"영등포구 문래동4가 38-18","TYPE":"상가","F_DISA_NM":"7.30. 호우","F_AVR_HGT":9.29761219,"F_SAT_YMD":"20230730","F_END_YMD":"20230730","F_SAT_TM":"18","F_END_TM":"21","F_RSN_DTL":"내수침수","INV_YR":"2023","F_YR":"2023","F_SHIM":0.5,"GU_NAM":"영등포구"},"geometry":{"type":"Polygon","coordinates":[[[126.8888865063812,37.51481420238456],[126.88889369360325,37.51481109179111],[126.88888199848873,37.51479566459851],[126.88888626713921,37.51479275845159],[126.88887615308839,37.514778990598494],[126.88886647651069,37.514782711494185],[126.88885629630485,37.51476780832133],[126.8888643549911,37.514764356182326],[126.88885738974948,37.51475524046988],[126.88884770216077,37.514758763134466],[126.88884103193065,37.51474903502511],[126.88884535775844,37.51474571447606],[126.88882332249125,37.51471646514529],[126.888775895044,37.5147390709286],[126.88884568907572,37.51483381418137],[126.8888865063812,37.51481420238456]]]}},{"type":"Feature","properties":{"F_AREA":95,"ADM_CD":1156012000,"F_ZONE_NM":"영등포구 문래동2가 42-1","TYPE":"상가","F_DISA_NM":"7.30. 호우","F_AVR_HGT":11.15814781,"F_SAT_YMD":"20230730","F_END_YMD":"20230730","F_SAT_TM":"18","F_END_TM":"21","F_RSN_DTL":"내수침수","INV_YR":"2023","F_YR":"2023","F_SHIM":0.5,"GU_NAM":"영등포구"},"geometry":{"type":"Polygon","coordinates":[[[126.89327058855416,37.513489313883],[126.89330742997689,37.513472381878195],[126.89324508483934,37.5133858831702],[126.89323609474185,37.513376630708144],[126.89314766677352,37.51343886251788],[126.89320552716367,37.513482244494426],[126.89327058855416,37.513489313883]]]}},{"type":"Feature","properties":{"F_AREA":222,"ADM_CD":1156012000,"F_ZONE_NM":"영등포구 문래동2가 56-12","TYPE":"상가","F_DISA_NM":"7.30. 호우","F_AVR_HGT":9.4040575,"F_SAT_YMD":"20230730","F_END_YMD":"20230730","F_SAT_TM":"18","F_END_TM":"21","F_RSN_DTL":"내수침수","INV_YR":"2023","F_YR":"2023","F_SHIM":0.5,"GU_NAM":"영등포구"},"geometry":{"type":"Polygon","coordinates":[[[126.89184480491504,37.513442588531404],[126.89193217490784,37.51340071923142],[126.89203639691905,37.51335185573545],[126.89199901088504,37.51332334058818],[126.8918222005684,37.5133070126574],[126.89173991384614,37.513345715094076],[126.89178752416439,37.51339786394265],[126.89184480491504,37.513442588531404]]]}},{"type":"Feature","properties":{"F_AREA":90,"ADM_CD":1156012200,"F_ZONE_NM":"영등포구 문래동4가 31-31","TYPE":"상가","F_DISA_NM":"7.30. 호우","F_AVR_HGT":9.18084145,"F_SAT_YMD":"20230730","F_END_YMD":"20230730","F_SAT_TM":"18","F_END_TM":"21","F_RSN_DTL":"내수침수","INV_YR":"2023","F_YR":"2023","F_SHIM":0.5,"GU_NAM":"영등포구"},"geometry":{"type":"Polygon","coordinates":[[[126.8905542158972,37.51479057989746],[126.8905612904174,37.51478714473802],[126.8906141400034,37.514761407862316],[126.89060149550518,37.51474524113144],[126.89060480139182,37.51474318095467],[126.89059406382934,37.51473015147961],[126.89058695490274,37.51473391096728],[126.89057660253451,37.51472046739421],[126.8905848310028,37.5147168801478],[126.89057537984185,37.51470592416994],[126.89056716321883,37.514709151028434],[126.8905586061825,37.51469782648069],[126.8905621610317,37.51469568544926],[126.89054023693826,37.51466730149869],[126.8904691869859,37.514701265346886],[126.89053038570907,37.514781394380144],[126.89054529653758,37.51478713872369],[126.8905542158972,37.51479057989746]]]}},{"type":"Feature","properties":{"F_AREA":141,"ADM_CD":1156012200,"F_ZONE_NM":"영등포구 문래동4가 38-26","TYPE":"상가","F_DISA_NM":"7.30. 호우","F_AVR_HGT":9.1824255,"F_SAT_YMD":"20230730","F_END_YMD":"20230730","F_SAT_TM":"18","F_END_TM":"21","F_RSN_DTL":"내수침수","INV_YR":"2023","F_YR":"2023","F_SHIM":0.5,"GU_NAM":"영등포구"},"geometry":{"type":"Polygon","coordinates":[[[126.88930495699748,37.51477120866408],[126.88940946530583,37.51472241084143],[126.88933253216456,37.51462092168938],[126.88922831668569,37.51467062071921],[126.88930495699748,37.51477120866408]]]}},{"type":"Feature","properties":{"F_AREA":59,"ADM_CD":1156012200,"F_ZONE_NM":"영등포구 문래동4가 38-31","TYPE":"상가","F_DISA_NM":"7.30. 호우","F_AVR_HGT":9.1824255,"F_SAT_YMD":"20230730","F_END_YMD":"20230730","F_SAT_TM":"18","F_END_TM":"21","F_RSN_DTL":"내수침수","INV_YR":"2023","F_YR":"2023","F_SHIM":0.5,"GU_NAM":"영등포구"},"geometry":{"type":"Polygon","coordinates":[[[126.88905160537676,37.514737360570564],[126.88906143047042,37.51473264870544],[126.88909974537792,37.51471472832471],[126.88902948189194,37.51462364281683],[126.88898108148979,37.51464646399555],[126.88900245302973,37.51467332502559],[126.88899834369222,37.51467560063127],[126.88900693562691,37.51468612343872],[126.8890134888171,37.51468340867226],[126.8890215844608,37.51469300298005],[126.88902120950529,37.514694128868015],[126.88901599122299,37.51469670975683],[126.88902667193717,37.514709748331036],[126.88903217290199,37.51470723078063],[126.88904341749735,37.514721387125284],[126.88904070037997,37.514723024350886],[126.88905160537676,37.514737360570564]]]}},{"type":"Feature","properties":{"F_AREA":184,"ADM_CD":1156012000,"F_ZONE_NM":"영등포구 문래동2가 49-10","TYPE":"상가","F_DISA_NM":"7.30. 호우","F_AVR_HGT":9.7645483,"F_SAT_YMD":"20230730","F_END_YMD":"20230730","F_SAT_TM":"18","F_END_TM":"21","F_RSN_DTL":"내수침수","INV_YR":"2023","F_YR":"2023","F_SHIM":0.5,"GU_NAM":"영등포구"},"geometry":{"type":"Polygon","coordinates":[[[126.89289219055686,37.513319786460734],[126.89281478580048,37.51326045673211],[126.89271941652018,37.513187613483495],[126.89265217046032,37.513244215184784],[126.89272910116576,37.51330275170675],[126.8928258362639,37.51337763245449],[126.89289219055686,37.513319786460734]]]}},{"type":"Feature","properties":{"F_AREA":72,"ADM_CD":1156012000,"F_ZONE_NM":"영등포구 문래동2가 19-2","TYPE":"상가","F_DISA_NM":"7.30. 호우","F_AVR_HGT":11.55919933,"F_SAT_YMD":"20230730","F_END_YMD":"20230730","F_SAT_TM":"18","F_END_TM":"21","F_RSN_DTL":"내수침수","INV_YR":"2023","F_YR":"2023","F_SHIM":0.5,"GU_NAM":"영등포구"},"geometry":{"type":"Polygon","coordinates":[[[126.89449045942519,37.513321812989496],[126.89456159641763,37.51328807204035],[126.89450774400154,37.51322564729545],[126.894501092925,37.513217928741874],[126.8944917881758,37.51320714439627],[126.89443351485495,37.5132386624949],[126.89449045942519,37.513321812989496]]]}},{"type":"Feature","properties":{"F_AREA":122,"ADM_CD":1156012000,"F_ZONE_NM":"영등포구 문래동2가 49-21","TYPE":"상가","F_DISA_NM":"7.30. 호우","F_AVR_HGT":9.7645483,"F_SAT_YMD":"20230730","F_END_YMD":"20230730","F_SAT_TM":"18","F_END_TM":"21","F_RSN_DTL":"내수침수","INV_YR":"2023","F_YR":"2023","F_SHIM":0.5,"GU_NAM":"영등포구"},"geometry":{"type":"Polygon","coordinates":[[[126.89221262988042,37.51329882411965],[126.89225896614589,37.51326302535497],[126.89231698706455,37.51321906533796],[126.89223122032536,37.51315460082707],[126.89219796915114,37.51312946830323],[126.89219481943749,37.51314861155937],[126.89217606954267,37.51326252518444],[126.89217473333208,37.513271326681064],[126.89221262988042,37.51329882411965]]]}},{"type":"Feature","properties":{"F_AREA":104,"ADM_CD":1156012000,"F_ZONE_NM":"서울 영등포구 도림로139가길 181층","TYPE":"상가-재고자산","F_DISA_NM":"2023년 풍수해보험금","F_AVR_HGT":9.4645483,"F_SAT_YMD":"20230731","F_END_YMD":null,"F_SAT_TM":null,"F_END_TM":null,"F_RSN_DTL":"내수침수","INV_YR":"2023","F_YR":"2023","F_SHIM":0.2,"GU_NAM":"영등포"},"geometry":{"type":"Polygon","coordinates":[[[126.89263723402368,37.51323283985545],[126.89265217046032,37.513244215184784],[126.89271941652018,37.513187613483495],[126.8926679184096,37.51314852587211],[126.89262127865473,37.51311312779167],[126.89255401088303,37.513169098720375],[126.892573443822,37.513184046152645],[126.89263723402368,37.51323283985545]]]}},{"type":"Feature","properties":{"F_AREA":60,"ADM_CD":1156012200,"F_ZONE_NM":"영등포구 문래동4가 38-32","TYPE":"상가","F_DISA_NM":"7.30. 호우","F_AVR_HGT":9.1824255,"F_SAT_YMD":"20230730","F_END_YMD":"20230730","F_SAT_TM":"19","F_END_TM":"21","F_RSN_DTL":"내수침수","INV_YR":"2023","F_YR":"2023","F_SHIM":0.5,"GU_NAM":"영등포구"},"geometry":{"type":"Polygon","coordinates":[[[126.88909974537792,37.51471472832471],[126.88914841759141,37.514691682107255],[126.88913788464545,37.51467814813678],[126.88914199412746,37.51467577341678],[126.88913093142942,37.5146609955672],[126.8891228050758,37.51466433053063],[126.889112339302,37.514651265139676],[126.88912013876893,37.51464717302927],[126.88911150151102,37.51463669523664],[126.88910418947418,37.51464008503346],[126.88909564282936,37.51462952623627],[126.88910031766007,37.514627287205165],[126.8890795800576,37.514600066397584],[126.88902948189194,37.51462364281683],[126.88909974537792,37.51471472832471]]]}},{"type":"Feature","properties":{"F_AREA":59,"ADM_CD":1156012200,"F_ZONE_NM":"영등포구 문래동4가 38-33","TYPE":"상가","F_DISA_NM":"7.30. 호우","F_AVR_HGT":9.1824255,"F_SAT_YMD":"20230730","F_END_YMD":"20230730","F_SAT_TM":"18","F_END_TM":"21","F_RSN_DTL":"내수침수","INV_YR":"2023","F_YR":"2023","F_SHIM":0.5,"GU_NAM":"영등포구"},"geometry":{"type":"Polygon","coordinates":[[[126.88914841759141,37.514691682107255],[126.88915760894278,37.514687176860285],[126.88919792759015,37.51466810507856],[126.88912809267266,37.51457780390264],[126.8890795800576,37.514600066397584],[126.88910031766007,37.514627287205165],[126.88909564282936,37.51462952623627],[126.88910418947418,37.51464008503346],[126.88911150151102,37.51463669523664],[126.88912013876893,37.51464717302927],[126.889112339302,37.514651265139676],[126.8891228050758,37.51466433053063],[126.88913093142942,37.5146609955672],[126.88914199412746,37.51467577341678],[126.88913788464545,37.51467814813678],[126.88914841759141,37.514691682107255]]]}},{"type":"Feature","properties":{"F_AREA":175,"ADM_CD":1156012000,"F_ZONE_NM":"영등포구 문래동2가 42-14","TYPE":"상가","F_DISA_NM":"7.30. 호우","F_AVR_HGT":10.64883041,"F_SAT_YMD":"20230730","F_END_YMD":"20230730","F_SAT_TM":"18","F_END_TM":"21","F_RSN_DTL":"내수침수","INV_YR":"2023","F_YR":"2023","F_SHIM":0.5,"GU_NAM":"영등포구"},"geometry":{"type":"Polygon","coordinates":[[[126.89354760457798,37.51322964800397],[126.89363844386656,37.513181266407436],[126.8936003988938,37.51313083893411],[126.89359773890271,37.513132187998444],[126.89356974781408,37.51312992795187],[126.89351856956083,37.51306482022965],[126.89340195530303,37.51311939502182],[126.8934263837401,37.5131606830077],[126.89344517510348,37.51315788008273],[126.89347709194162,37.513159531071906],[126.89350121974819,37.51317400511754],[126.89354760457798,37.51322964800397]]]}},{"type":"Feature","properties":{"F_AREA":1605,"ADM_CD":1156012000,"F_ZONE_NM":"영등포구 문래동2가 40-6","TYPE":"상가","F_DISA_NM":"7.30. 호우","F_AVR_HGT":9.7645483,"F_SAT_YMD":"20230730","F_END_YMD":"20230730","F_SAT_TM":"18","F_END_TM":"21","F_RSN_DTL":"내수침수","INV_YR":"2023","F_YR":"2023","F_SHIM":0.5,"GU_NAM":"영등포구"},"geometry":{"type":"Polygon","coordinates":[[[126.89284281144778,37.51320769314678],[126.89291125735336,37.51321280167519],[126.89301172053048,37.513165825952754],[126.89303985796687,37.513152931508344],[126.89304748732317,37.51314889304092],[126.89325210183836,37.51305404366124],[126.89309326539653,37.512841812453985],[126.89308591660684,37.51283175959943],[126.89306187154568,37.51283058425019],[126.89304561580897,37.51283204695825],[126.89300913611805,37.512849303574384],[126.89291675572045,37.51289183580677],[126.89285806753593,37.512819125492584],[126.89272758722265,37.51288074166695],[126.89253587269519,37.5129715745892],[126.8927658816789,37.51314851699143],[126.89284281144778,37.51320769314678]]]}},{"type":"Feature","properties":{"F_AREA":71,"ADM_CD":1156012000,"F_ZONE_NM":"영등포구 문래동2가 49-20","TYPE":"상가","F_DISA_NM":"7.30. 호우","F_AVR_HGT":9.7645483,"F_SAT_YMD":"20230730","F_END_YMD":"20230730","F_SAT_TM":"18","F_END_TM":"21","F_RSN_DTL":"내수침수","INV_YR":"2023","F_YR":"2023","F_SHIM":0.5,"GU_NAM":"영등포구"},"geometry":{"type":"Polygon","coordinates":[[[126.89233722185071,37.51321153369318],[126.89236686340631,37.51319111748053],[126.89228010935727,37.51309008065307],[126.89221550164856,37.513121240411195],[126.89233722185071,37.51321153369318]]]}},{"type":"Feature","properties":{"F_AREA":629,"ADM_CD":1156012000,"F_ZONE_NM":"서울 영등포구 도림로125길 161층 미스티그린","TYPE":"상가-시설","F_DISA_NM":"2023년 풍수해보험금","F_AVR_HGT":11.25919933,"F_SAT_YMD":"20230730","F_END_YMD":null,"F_SAT_TM":null,"F_END_TM":null,"F_RSN_DTL":"내수침수","INV_YR":"2023","F_YR":"2023","F_SHIM":0.2,"GU_NAM":"영등포"},"geometry":{"type":"Polygon","coordinates":[[[126.89482520410905,37.51316334223952],[126.89485637521673,37.51314856701989],[126.89486492053715,37.513144610351745],[126.89494785096721,37.513105329678744],[126.89488097376781,37.51301519672375],[126.89491458210574,37.51295680645604],[126.89478735109174,37.51291400236244],[126.89476221768352,37.512906609501194],[126.89469862395109,37.512909660449786],[126.89457600034416,37.51296732138635],[126.89468416267391,37.51311230847538],[126.89471080515717,37.51314817420075],[126.89474906486863,37.51319925022822],[126.89482520410905,37.51316334223952]]]}},{"type":"Feature","properties":{"F_AREA":113,"ADM_CD":1156012000,"F_ZONE_NM":"영등포구 문래동2가 49-19","TYPE":"상가","F_DISA_NM":"7.30. 호우","F_AVR_HGT":9.7645483,"F_SAT_YMD":"20230730","F_END_YMD":"20230730","F_SAT_TM":"18","F_END_TM":"21","F_RSN_DTL":"내수침수","INV_YR":"2023","F_YR":"2023","F_SHIM":0.5,"GU_NAM":"영등포구"},"geometry":{"type":"Polygon","coordinates":[[[126.89244550497246,37.51313863500691],[126.89236246436955,37.51305070215395],[126.89228010935727,37.51309008065307],[126.89236686340631,37.51319111748053],[126.89244550497246,37.51313863500691]]]}},{"type":"Feature","properties":{"F_AREA":59,"ADM_CD":1156012200,"F_ZONE_NM":"영등포구 문래동4가 38-34","TYPE":"상가","F_DISA_NM":"7.30. 호우","F_AVR_HGT":9.1824255,"F_SAT_YMD":"20230730","F_END_YMD":"20230730","F_SAT_TM":"18","F_END_TM":"21","F_RSN_DTL":"내수침수","INV_YR":"2023","F_YR":"2023","F_SHIM":0.5,"GU_NAM":"영등포구"},"geometry":{"type":"Polygon","coordinates":[[[126.88924501468361,37.5146460664294],[126.88923340972734,37.514630828565956],[126.88923706592469,37.514629012029324],[126.8892271314989,37.51461611834276],[126.88922020467957,37.5146190850448],[126.88920922043627,37.51460478480487],[126.88921650962683,37.514601539139164],[126.8892086532011,37.51459080981702],[126.88920135319972,37.51459372210341],[126.8891938011761,37.514583659806746],[126.88919852098867,37.514581592003765],[126.88917862162275,37.514553543094],[126.88912809267266,37.51457780390264],[126.88919792759015,37.51466810507856],[126.88924501468361,37.5146460664294]]]}},{"type":"Feature","properties":{"F_AREA":94,"ADM_CD":1156012200,"F_ZONE_NM":"영등포구 문래동4가 38-35","TYPE":"상가","F_DISA_NM":"7.30. 호우","F_AVR_HGT":9.1824255,"F_SAT_YMD":"20230730","F_END_YMD":"20230730","F_SAT_TM":"18","F_END_TM":"21","F_RSN_DTL":"내수침수","INV_YR":"2023","F_YR":"2023","F_SHIM":0.5,"GU_NAM":"영등포구"},"geometry":{"type":"Polygon","coordinates":[[[126.88924501468361,37.5146460664294],[126.88932334316038,37.51460875852559],[126.88925327158657,37.514517808480726],[126.88917862162275,37.514553543094],[126.88919852098867,37.514581592003765],[126.8891938011761,37.514583659806746],[126.88920135319972,37.51459372210341],[126.8892086532011,37.51459080981702],[126.88921650962683,37.514601539139164],[126.88920922043627,37.51460478480487],[126.88922020467957,37.5146190850448],[126.8892271314989,37.51461611834276],[126.88923706592469,37.514629012029324],[126.88923340972734,37.514630828565956],[126.88924501468361,37.5146460664294]]]}},{"type":"Feature","properties":{"F_AREA":75,"ADM_CD":1156012200,"F_ZONE_NM":"영등포구 문래동4가 31-30","TYPE":"상가","F_DISA_NM":"7.30. 호우","F_AVR_HGT":9.18084145,"F_SAT_YMD":"20230730","F_END_YMD":"20230730","F_SAT_TM":"19","F_END_TM":"21","F_RSN_DTL":"내수침수","INV_YR":"2023","F_YR":"2023","F_SHIM":0.5,"GU_NAM":"영등포구"},"geometry":{"type":"Polygon","coordinates":[[[126.89028193653098,37.51462963117057],[126.8903485830935,37.514597960830514],[126.89029542651525,37.51452569595884],[126.89026833229772,37.514520931205645],[126.89021695547326,37.51454513762215],[126.89023662205493,37.51457024889087],[126.89023315900181,37.51457150702291],[126.89024215707867,37.514582850029804],[126.8902498196075,37.51457952356237],[126.89025627603193,37.51458862069394],[126.89024869194415,37.514592442783474],[126.89026047837226,37.514607482499216],[126.89026822073544,37.51460371461775],[126.89027963422538,37.51461853774126],[126.89027561559185,37.51462069634737],[126.89028193653098,37.51462963117057]]]}},{"type":"Feature","properties":{"F_AREA":17196,"ADM_CD":1156012000,"F_ZONE_NM":"영등포구 문래동2가 35","TYPE":"상가","F_DISA_NM":"7.30. 호우","F_AVR_HGT":9.4040575,"F_SAT_YMD":"20230730","F_END_YMD":"20230730","F_SAT_TM":"18","F_END_TM":"21","F_RSN_DTL":"내수침수","INV_YR":"2023","F_YR":"2023","F_SHIM":0.5,"GU_NAM":"영등포구"},"geometry":{"type":"Polygon","coordinates":[[[126.89182683222263,37.51314866686417],[126.89197596588114,37.513078923980956],[126.89210933329355,37.51301602288891],[126.89232189547714,37.51291660541837],[126.89250757510605,37.51283014611587],[126.8926859773469,37.51274652696391],[126.89262082949469,37.51265931354736],[126.89245553100287,37.51243582206778],[126.89234379714364,37.51237806409657],[126.89225991774781,37.512315304225375],[126.89216312641422,37.5122415311755],[126.89200983428346,37.51212407042392],[126.89188238102977,37.51202651844709],[126.89174037541734,37.51191842016002],[126.8916420147386,37.51184341085523],[126.89154486014469,37.51177136686898],[126.89146051684031,37.5117096421387],[126.89143189538824,37.51174423175479],[126.89132231147256,37.511879432222905],[126.89127859497309,37.511933820630745],[126.89120813923651,37.51201945764237],[126.89108255256973,37.51217586140236],[126.89097466537955,37.51231012608711],[126.89095306864685,37.51233622576074],[126.89100358265351,37.51237437616731],[126.89084423013445,37.51244036011308],[126.89072450807835,37.51253839342031],[126.89058872701779,37.51264995350019],[126.89058774015979,37.51269007394069],[126.89076398150394,37.51283003790278],[126.89084068080555,37.5128908009014],[126.8909142150547,37.512950308501345],[126.89092456265563,37.51295919300302],[126.89095247907758,37.512981302554984],[126.89103593482588,37.51304731554757],[126.89114620986867,37.51313559914022],[126.8911628400443,37.51314876922302],[126.8912246621642,37.51319691313234],[126.89132418432713,37.51327524852793],[126.89137016796282,37.51331035818856],[126.891411155761,37.51334306652459],[126.89182683222263,37.51314866686417]]]}},{"type":"Feature","properties":{"F_AREA":145,"ADM_CD":1156012000,"F_ZONE_NM":"영등포구 문래동2가 49-18","TYPE":"상가","F_DISA_NM":"7.30. 호우","F_AVR_HGT":9.7645483,"F_SAT_YMD":"20230730","F_END_YMD":"20230730","F_SAT_TM":"18","F_END_TM":"21","F_RSN_DTL":"내수침수","INV_YR":"2023","F_YR":"2023","F_SHIM":0.5,"GU_NAM":"영등포구"},"geometry":{"type":"Polygon","coordinates":[[[126.89244550497246,37.51313863500691],[126.89245554630055,37.51314826691843],[126.8924893745745,37.51311886259715],[126.89255901476623,37.51306485806504],[126.89247356684687,37.51299891638849],[126.89236246436955,37.51305070215395],[126.89244550497246,37.51313863500691]]]}},{"type":"Feature","properties":{"F_AREA":149,"ADM_CD":1156012000,"F_ZONE_NM":"영등포구 문래동2가 42-15","TYPE":"상가","F_DISA_NM":"7.30. 호우","F_AVR_HGT":10.64883041,"F_SAT_YMD":"20230730","F_END_YMD":"20230730","F_SAT_TM":"18","F_END_TM":"21","F_RSN_DTL":"내수침수","INV_YR":"2023","F_YR":"2023","F_SHIM":0.5,"GU_NAM":"영등포구"},"geometry":{"type":"Polygon","coordinates":[[[126.89340195530303,37.51311939502182],[126.89351856956083,37.51306482022965],[126.89361358774157,37.51302056002442],[126.89357397645166,37.51296611266691],[126.89336816177675,37.51306224993191],[126.89340195530303,37.51311939502182]]]}},{"type":"Feature","properties":{"F_AREA":208,"ADM_CD":1156012000,"F_ZONE_NM":"영등포구 문래동2가 42-17","TYPE":"상가","F_DISA_NM":"7.30. 호우","F_AVR_HGT":10.64883041,"F_SAT_YMD":"20230730","F_END_YMD":"20230730","F_SAT_TM":"18","F_END_TM":"21","F_RSN_DTL":"내수침수","INV_YR":"2023","F_YR":"2023","F_SHIM":0.5,"GU_NAM":"영등포구"},"geometry":{"type":"Polygon","coordinates":[[[126.89368023248818,37.51309038502698],[126.89370377614907,37.51307848633635],[126.8938026399082,37.513026363791],[126.89376466506057,37.51297434166968],[126.89371143933589,37.51290147458316],[126.89358943765058,37.512958738624356],[126.8936588088961,37.513059542383935],[126.89368023248818,37.51309038502698]]]}},{"type":"Feature","properties":{"F_AREA":518,"ADM_CD":1156012000,"F_ZONE_NM":"영등포구 문래동2가 20-3","TYPE":"상가","F_DISA_NM":"7.30. 호우","F_AVR_HGT":11.55919933,"F_SAT_YMD":"20230730","F_END_YMD":"20230730","F_SAT_TM":"18","F_END_TM":"21","F_RSN_DTL":"내수침수","INV_YR":"2023","F_YR":"2023","F_SHIM":0.5,"GU_NAM":"영등포구"},"geometry":{"type":"Polygon","coordinates":[[[126.89424705716267,37.512921216479775],[126.89431664665734,37.51300445963411],[126.89454186037531,37.512898733663015],[126.89456257304262,37.51288900363808],[126.89455942474842,37.51285209597722],[126.89455796572729,37.512836192070566],[126.89442197244746,37.51279115418761],[126.89424653489583,37.51273290776842],[126.89424292841956,37.51281077760858],[126.89423915349875,37.51288779134809],[126.89423902629643,37.512897639122535],[126.89423802308193,37.51291103602699],[126.89424705716267,37.512921216479775]]]}},{"type":"Feature","properties":{"F_AREA":231,"ADM_CD":1156012000,"F_ZONE_NM":"서울특별시 영등포구 문래동2가 20-4 도은정밀","TYPE":"상가","F_DISA_NM":"2023년 7.30. 호우(재난지원금)","F_AVR_HGT":10.34883041,"F_SAT_YMD":"20230730","F_END_YMD":null,"F_SAT_TM":"18","F_END_TM":null,"F_RSN_DTL":"내수침수","INV_YR":"2023","F_YR":"2023","F_SHIM":0.2,"GU_NAM":"영등포구"},"geometry":{"type":"Polygon","coordinates":[[[126.89402695390777,37.51294126178812],[126.89414102113777,37.512887639117764],[126.894032116391,37.512748642477],[126.89398315334827,37.51277134807287],[126.893944081988,37.512789818963896],[126.8939316716291,37.512838785823206],[126.8939313162486,37.51284209215613],[126.89401113104226,37.51294847337953],[126.89402695390777,37.51294126178812]]]}},{"type":"Feature","properties":{"F_AREA":140,"ADM_CD":1156012000,"F_ZONE_NM":"영등포구 문래동2가 6-2","TYPE":"상가","F_DISA_NM":"7.30. 호우","F_AVR_HGT":11.55919933,"F_SAT_YMD":"20230730","F_END_YMD":"20230730","F_SAT_TM":"18","F_END_TM":"21","F_RSN_DTL":"내수침수","INV_YR":"2023","F_YR":"2023","F_SHIM":0.5,"GU_NAM":"영등포구"},"geometry":{"type":"Polygon","coordinates":[[[126.89485495846772,37.51288034814446],[126.89497944296242,37.51292172611424],[126.89502222314798,37.51284022452018],[126.89502507051444,37.51283434358095],[126.89492390896545,37.51280094250459],[126.89490111701562,37.51279347970586],[126.89484854551648,37.51282451661985],[126.89485495846772,37.51288034814446]]]}},{"type":"Feature","properties":{"F_AREA":58,"ADM_CD":1156012200,"F_ZONE_NM":"영등포구 문래동4가 25-6","TYPE":"상가","F_DISA_NM":"7.30. 호우","F_AVR_HGT":9.29970074,"F_SAT_YMD":"20230730","F_END_YMD":"20230730","F_SAT_TM":"18","F_END_TM":"21","F_RSN_DTL":"내수침수","INV_YR":"2023","F_YR":"2023","F_SHIM":0.5,"GU_NAM":"영등포구"},"geometry":{"type":"Polygon","coordinates":[[[126.88984327387497,37.51560670779758],[126.88989022684304,37.51558385787195],[126.88982121921943,37.51549136848043],[126.88977250107126,37.515514667207164],[126.88979267850708,37.51553860773433],[126.8897894977383,37.51554016344875],[126.88979875474548,37.51555236267859],[126.88980672292969,37.515548946430016],[126.88981333802222,37.51555785452522],[126.8898064656536,37.51556219082639],[126.88981554074712,37.51557502057996],[126.889823588729,37.515571189947636],[126.88983517237533,37.515585724953915],[126.88983036159773,37.51558808101461],[126.88984327387497,37.51560670779758]]]}},{"type":"Feature","properties":{"F_AREA":155,"ADM_CD":1156012200,"F_ZONE_NM":"영등포구 문래동4가 34-11","TYPE":"상가","F_DISA_NM":"7.30. 호우","F_AVR_HGT":9.18435478,"F_SAT_YMD":"20230730","F_END_YMD":"20230730","F_SAT_TM":"18","F_END_TM":"21","F_RSN_DTL":"내수침수","INV_YR":"2023","F_YR":"2023","F_SHIM":0.5,"GU_NAM":"영등포구"},"geometry":{"type":"Polygon","coordinates":[[[126.89060806827862,37.5140030788098],[126.89065642240737,37.51398033800756],[126.89058760986131,37.5138863175285],[126.89053948197811,37.513909067525454],[126.89046184535216,37.51394600748313],[126.89053147382548,37.514038920575786],[126.89060806827862,37.5140030788098]]]}},{"type":"Feature","properties":{"F_AREA":126,"ADM_CD":1156012200,"F_ZONE_NM":"영등포구 문래동4가 34-10","TYPE":"상가","F_DISA_NM":"7.30. 호우","F_AVR_HGT":9.18435478,"F_SAT_YMD":"20230730","F_END_YMD":"20230730","F_SAT_TM":"16","F_END_TM":"21","F_RSN_DTL":"내수침수","INV_YR":"2023","F_YR":"2023","F_SHIM":0.5,"GU_NAM":"영등포구"},"geometry":{"type":"Polygon","coordinates":[[[126.89095491289828,37.513984474026955],[126.89088281191991,37.5138881260716],[126.8907844849324,37.513934615440675],[126.89085583991695,37.51403054829812],[126.89095491289828,37.513984474026955]]]}},{"type":"Feature","properties":{"F_AREA":54,"ADM_CD":1156012200,"F_ZONE_NM":"영등포구 문래동4가 32-48","TYPE":"상가","F_DISA_NM":"7.30. 호우","F_AVR_HGT":9.25885391,"F_SAT_YMD":"20230730","F_END_YMD":"20230730","F_SAT_TM":"18","F_END_TM":"21","F_RSN_DTL":"내수침수","INV_YR":"2023","F_YR":"2023","F_SHIM":0.5,"GU_NAM":"영등포구"},"geometry":{"type":"Polygon","coordinates":[[[126.89158578405168,37.51399883004117],[126.89159437429075,37.51401070415444],[126.89164316850072,37.513988476925476],[126.89158019901625,37.5139045265858],[126.89153041924283,37.51392780703698],[126.89154781673948,37.513950095859485],[126.89154469173036,37.513952264350955],[126.89155173617684,37.513961533149434],[126.89155941005373,37.513958098487635],[126.89156832830167,37.51396997290825],[126.89156051852069,37.513973524573615],[126.89157073421359,37.51398766170202],[126.8915789744728,37.51398365993858],[126.89158962099138,37.51399711270924],[126.89158578405168,37.51399883004117]]]}},{"type":"Feature","properties":{"F_AREA":54,"ADM_CD":1156012200,"F_ZONE_NM":"영등포구 문래동4가 32-49","TYPE":"상가","F_DISA_NM":"7.30. 호우","F_AVR_HGT":9.25885391,"F_SAT_YMD":"20230730","F_END_YMD":"20230730","F_SAT_TM":"18","F_END_TM":"21","F_RSN_DTL":"내수침수","INV_YR":"2023","F_YR":"2023","F_SHIM":0.5,"GU_NAM":"영등포구"},"geometry":{"type":"Polygon","coordinates":[[[126.89164316850072,37.513988476925476],[126.89169185049639,37.513965618874586],[126.8916823207249,37.51395423043262],[126.89168664479682,37.51395199097271],[126.89167630489085,37.51393770056933],[126.89166794150228,37.513940828258846],[126.89165822189446,37.51392777279548],[126.89166564737111,37.51392403155704],[126.8916568768026,37.51391171579292],[126.8916482071224,37.513915455873594],[126.89164162528124,37.51390696236778],[126.89164564414104,37.51390459648596],[126.89162867716813,37.51388181253027],[126.89158019901625,37.5139045265858],[126.89164316850072,37.513988476925476]]]}},{"type":"Feature","properties":{"F_AREA":60,"ADM_CD":1156012200,"F_ZONE_NM":"영등포구 문래동4가 34-13","TYPE":"상가","F_DISA_NM":"7.30. 호우","F_AVR_HGT":9.18435478,"F_SAT_YMD":"20230730","F_END_YMD":"20230730","F_SAT_TM":"18","F_END_TM":"21","F_RSN_DTL":"내수침수","INV_YR":"2023","F_YR":"2023","F_SHIM":0.5,"GU_NAM":"영등포구"},"geometry":{"type":"Polygon","coordinates":[[[126.89070493539295,37.51395723693603],[126.89069097226509,37.51393793350901],[126.89069413052502,37.51393624259929],[126.89068323656085,37.51392196059927],[126.89067627529077,37.51392535983296],[126.89066516615706,37.51391125782856],[126.89067339525171,37.5139071840381],[126.89066549272634,37.513896941306136],[126.89065704996376,37.51390017696911],[126.8906491484409,37.51388925848987],[126.89065294087223,37.51388705460866],[126.89063612227397,37.51386357688275],[126.89058760986131,37.5138863175285],[126.89065642240737,37.51398033800756],[126.89070493539295,37.51395723693603]]]}},{"type":"Feature","properties":{"F_AREA":123,"ADM_CD":1156012200,"F_ZONE_NM":"영등포구 문래동4가 34-20","TYPE":"상가","F_DISA_NM":"7.30. 호우","F_AVR_HGT":9.18435478,"F_SAT_YMD":"20230730","F_END_YMD":"20230730","F_SAT_TM":"18","F_END_TM":"21","F_RSN_DTL":"내수침수","INV_YR":"2023","F_YR":"2023","F_SHIM":0.5,"GU_NAM":"영등포구"},"geometry":{"type":"Polygon","coordinates":[[[126.8909823051494,37.513971119869375],[126.89109274264999,37.51391929875026],[126.89103012438673,37.51383541151487],[126.8909198352454,37.51388639478869],[126.8909823051494,37.513971119869375]]]}},{"type":"Feature","properties":{"F_AREA":54,"ADM_CD":1156012200,"F_ZONE_NM":"영등포구 문래동4가 32-50","TYPE":"상가","F_DISA_NM":"7.30. 호우","F_AVR_HGT":9.25885391,"F_SAT_YMD":"20230730","F_END_YMD":"20230730","F_SAT_TM":"18","F_END_TM":"21","F_RSN_DTL":"내수침수","INV_YR":"2023","F_YR":"2023","F_SHIM":0.5,"GU_NAM":"영등포구"},"geometry":{"type":"Polygon","coordinates":[[[126.8916823207249,37.51395423043262],[126.89169185049639,37.513965618874586],[126.8917394914061,37.51394306617472],[126.89167695251237,37.51385853964852],[126.89162867716813,37.51388181253027],[126.89164564414104,37.51390459648596],[126.89164162528124,37.51390696236778],[126.8916482071224,37.513915455873594],[126.8916568768026,37.51391171579292],[126.89166564737111,37.51392403155704],[126.89165822189446,37.51392777279548],[126.89166794150228,37.513940828258846],[126.89167630489085,37.51393770056933],[126.89168664479682,37.51395199097271],[126.8916823207249,37.51395423043262]]]}},{"type":"Feature","properties":{"F_AREA":85,"ADM_CD":1156012200,"F_ZONE_NM":"영등포구 문래동4가 33-5","TYPE":"상가","F_DISA_NM":"7.30. 호우","F_AVR_HGT":9.25885391,"F_SAT_YMD":"20230730","F_END_YMD":"20230730","F_SAT_TM":"18","F_END_TM":"21","F_RSN_DTL":"내수침수","INV_YR":"2023","F_YR":"2023","F_SHIM":0.5,"GU_NAM":"영등포구"},"geometry":{"type":"Polygon","coordinates":[[[126.89133173150096,37.51395812059167],[126.89136113767398,37.51394432673656],[126.89137193661124,37.51393869657049],[126.89138202316282,37.51390213454109],[126.89132526244693,37.5138267673367],[126.89125778107278,37.51385768962671],[126.89128168962084,37.513890364041714],[126.89127882515584,37.51389226247042],[126.89128634225168,37.513903144509015],[126.89129479635147,37.513899872771795],[126.89130231443076,37.51391008807311],[126.891295737762,37.51391348770219],[126.89130514083664,37.51392638072073],[126.89131154703377,37.513923530539785],[126.89132231735988,37.51393736186855],[126.89131809497052,37.51393967348969],[126.89133173150096,37.51395812059167]]]}},{"type":"Feature","properties":{"F_AREA":203,"ADM_CD":1156012200,"F_ZONE_NM":"영등포구 문래동4가 34-16","TYPE":"상가","F_DISA_NM":"7.30. 호우","F_AVR_HGT":9.18435478,"F_SAT_YMD":"20230730","F_END_YMD":"20230730","F_SAT_TM":"18","F_END_TM":"21","F_RSN_DTL":"내수침수","INV_YR":"2023","F_YR":"2023","F_SHIM":0.5,"GU_NAM":"영등포구"},"geometry":{"type":"Polygon","coordinates":[[[126.89070493539295,37.51395723693603],[126.89075154744314,37.51393458456003],[126.89080316099354,37.51391052228935],[126.8908733151368,37.5138774674021],[126.89082235797882,37.5138094124709],[126.89077689403948,37.51379764789805],[126.89073292108534,37.51381789709998],[126.89068247220318,37.513842230732],[126.89063612227397,37.51386357688275],[126.89065294087223,37.51388705460866],[126.8906491484409,37.51388925848987],[126.89065704996376,37.51390017696911],[126.89066549272634,37.513896941306136],[126.89067339525171,37.5139071840381],[126.89066516615706,37.51391125782856],[126.89067627529077,37.51392535983296],[126.89068323656085,37.51392196059927],[126.89069413052502,37.51393624259929],[126.89069097226509,37.51393793350901],[126.89070493539295,37.51395723693603]]]}},{"type":"Feature","properties":{"F_AREA":86,"ADM_CD":1156012200,"F_ZONE_NM":"영등포구 문래동4가 33-13","TYPE":"상가","F_DISA_NM":"7.30. 호우","F_AVR_HGT":9.25885391,"F_SAT_YMD":"20230730","F_END_YMD":"20230730","F_SAT_TM":"18","F_END_TM":"21","F_RSN_DTL":"내수침수","INV_YR":"2023","F_YR":"2023","F_SHIM":0.5,"GU_NAM":"영등포구"},"geometry":{"type":"Polygon","coordinates":[[[126.89140935830325,37.513889086569684],[126.89145515180454,37.513899905160144],[126.89149606945432,37.51388047275043],[126.891485042828,37.51386400127983],[126.89148843973413,37.513861535714454],[126.89147742012429,37.51384799248721],[126.89146940772048,37.51385088623066],[126.89145907748738,37.513837749092204],[126.89146689899331,37.513833909125616],[126.8914584551224,37.51382252167699],[126.89145011371117,37.51382609085977],[126.89144167934187,37.51381593778359],[126.89144507664423,37.51381320192095],[126.89142188885195,37.51378263654135],[126.89135324014761,37.513815179591326],[126.89140935830325,37.513889086569684]]]}},{"type":"Feature","properties":{"F_AREA":269,"ADM_CD":1156012000,"F_ZONE_NM":"영등포구 문래동2가 7-4","TYPE":"상가","F_DISA_NM":"7.30. 호우","F_AVR_HGT":12.3044548,"F_SAT_YMD":"20230730","F_END_YMD":"20230730","F_SAT_TM":"18","F_END_TM":"21","F_RSN_DTL":"내수침수","INV_YR":"2023","F_YR":"2023","F_SHIM":0.5,"GU_NAM":"영등포구"},"geometry":{"type":"Polygon","coordinates":[[[126.89532838002671,37.512866935366034],[126.89543025103822,37.512678961926106],[126.89533344692892,37.51264360995068],[126.89531022951664,37.51268896325628],[126.89527312927741,37.51276140604222],[126.89522827327596,37.51274362507149],[126.89521571383052,37.51273880244942],[126.89512784263147,37.51267342813492],[126.89511591138397,37.5126643173252],[126.89509548913098,37.51267672366848],[126.8951412629994,37.51270920076726],[126.89522355700042,37.51276732604224],[126.89520576096339,37.51280216056692],[126.89522310429209,37.51280740195311],[126.89521408476023,37.51282675624849],[126.89532838002671,37.512866935366034]]]}},{"type":"Feature","properties":{"F_AREA":170,"ADM_CD":1156012000,"F_ZONE_NM":"영등포구 문래동2가 39-2","TYPE":"상가","F_DISA_NM":"7.30. 호우","F_AVR_HGT":10.64883041,"F_SAT_YMD":"20230730","F_END_YMD":"20230730","F_SAT_TM":"19","F_END_TM":"21","F_RSN_DTL":"내수침수","INV_YR":"2023","F_YR":"2023","F_SHIM":0.5,"GU_NAM":"영등포구"},"geometry":{"type":"Polygon","coordinates":[[[126.89356270005477,37.51273016746024],[126.89369100531866,37.512670242248994],[126.8937137777444,37.51265971236595],[126.89365512912245,37.51258267769792],[126.89364308636941,37.51258830693843],[126.89353791593312,37.51263746832161],[126.89348946218765,37.512659903879864],[126.89353063183034,37.512715956466515],[126.89354659408265,37.51273761299],[126.89356270005477,37.51273016746024]]]}},{"type":"Feature","properties":{"F_AREA":154,"ADM_CD":1156012000,"F_ZONE_NM":"영등포구 문래동2가 21-9","TYPE":"상가","F_DISA_NM":"7.30. 호우","F_AVR_HGT":10.64883041,"F_SAT_YMD":"20230730","F_END_YMD":"20230730","F_SAT_TM":"18","F_END_TM":"21","F_RSN_DTL":"내수침수","INV_YR":"2023","F_YR":"2023","F_SHIM":0.5,"GU_NAM":"영등포구"},"geometry":{"type":"Polygon","coordinates":[[[126.89398615104511,37.51270803778743],[126.89407032584096,37.51266861470089],[126.89405034502474,37.512641233265015],[126.89403706983938,37.51262290393073],[126.89401219014496,37.51258857134865],[126.8939722962568,37.51253396168412],[126.8939180490719,37.51255815809706],[126.8938830075768,37.512574443218014],[126.8938922079053,37.512586939410625],[126.89398615104511,37.51270803778743]]]}},{"type":"Feature","properties":{"F_AREA":423,"ADM_CD":1156012000,"F_ZONE_NM":"영등포구 문래동2가 33-4","TYPE":"상가","F_DISA_NM":"7.30. 호우","F_AVR_HGT":9.88315582,"F_SAT_YMD":"20230730","F_END_YMD":"20230730","F_SAT_TM":"18","F_END_TM":"21","F_RSN_DTL":"내수침수","INV_YR":"2023","F_YR":"2023","F_SHIM":0.5,"GU_NAM":"영등포구"},"geometry":{"type":"Polygon","coordinates":[[[126.89247994507978,37.512362062010396],[126.8926179865522,37.5122961102716],[126.89274638509532,37.512234267045564],[126.89275917879218,37.512178813484766],[126.89267574266312,37.512114486580906],[126.8925285755489,37.512210379091655],[126.89236210497548,37.51231884050144],[126.89240830324576,37.51235406709147],[126.89247994507978,37.512362062010396]]]}},{"type":"Feature","properties":{"F_AREA":81,"ADM_CD":1156012200,"F_ZONE_NM":"영등포구 문래동4가 30-7","TYPE":"상가","F_DISA_NM":"7.30. 호우","F_AVR_HGT":9.12537098,"F_SAT_YMD":"20230730","F_END_YMD":"20230730","F_SAT_TM":"18","F_END_TM":"21","F_RSN_DTL":"내수침수","INV_YR":"2023","F_YR":"2023","F_SHIM":0.5,"GU_NAM":"영등포구"},"geometry":{"type":"Polygon","coordinates":[[[126.8888347281474,37.515466104662785],[126.88876369935834,37.51536468385503],[126.88871254757187,37.51538897091743],[126.88871553631256,37.51539476717523],[126.88876417422333,37.515500158052554],[126.8888347281474,37.515466104662785]]]}},{"type":"Feature","properties":{"F_AREA":119,"ADM_CD":1156012200,"F_ZONE_NM":"영등포구 문래동4가 37-22","TYPE":"상가","F_DISA_NM":"7.30. 호우","F_AVR_HGT":9.1824255,"F_SAT_YMD":"20230730","F_END_YMD":"20230730","F_SAT_TM":"18","F_END_TM":"21","F_RSN_DTL":"내수침수","INV_YR":"2023","F_YR":"2023","F_SHIM":0.5,"GU_NAM":"영등포구"},"geometry":{"type":"Polygon","coordinates":[[[126.8897982161163,37.514388437536795],[126.88973125046789,37.5142927424599],[126.88963227835681,37.51433866262773],[126.88970065308652,37.5144299352031],[126.8897982161163,37.514388437536795]]]}},{"type":"Feature","properties":{"F_AREA":100,"ADM_CD":1156012200,"F_ZONE_NM":"서울 영등포구 경인로77길  44 1층 태원테크 (문래동4가)","TYPE":"공장-건물","F_DISA_NM":"2023년 풍수해보험금","F_AVR_HGT":8.8824255,"F_SAT_YMD":"20230730","F_END_YMD":null,"F_SAT_TM":null,"F_END_TM":null,"F_RSN_DTL":"내수침수","INV_YR":"2023","F_YR":"2023","F_SHIM":0.2,"GU_NAM":"영등포"},"geometry":{"type":"Polygon","coordinates":[[[126.8897982161163,37.514388437536795],[126.8898784951261,37.51434738296388],[126.88981059730392,37.51425477746685],[126.88973125046789,37.5142927424599],[126.8897982161163,37.514388437536795]]]}},{"type":"Feature","properties":{"F_AREA":204,"ADM_CD":1156012200,"F_ZONE_NM":"영등포구 문래동4가 36-8","TYPE":"상가","F_DISA_NM":"7.30. 호우","F_AVR_HGT":9.1824255,"F_SAT_YMD":"20230730","F_END_YMD":"20230730","F_SAT_TM":"18","F_END_TM":"21","F_RSN_DTL":"내수침수","INV_YR":"2023","F_YR":"2023","F_SHIM":0.5,"GU_NAM":"영등포구"},"geometry":{"type":"Polygon","coordinates":[[[126.88995821835374,37.514383299906406],[126.89005297634444,37.514341601160936],[126.88994296065636,37.514192742842674],[126.88983776236189,37.51424227930694],[126.8899483251741,37.514388228021254],[126.88995821835374,37.514383299906406]]]}},{"type":"Feature","properties":{"F_AREA":212,"ADM_CD":1156012200,"F_ZONE_NM":"서울 영등포구 경인로77길  42 대산산업 (문래동4가)","TYPE":"미분류","F_DISA_NM":"2023년 풍수해보험금","F_AVR_HGT":8.88084145,"F_SAT_YMD":"20230730","F_END_YMD":null,"F_SAT_TM":null,"F_END_TM":null,"F_RSN_DTL":"내수침수","INV_YR":"2023","F_YR":"2023","F_SHIM":0.2,"GU_NAM":"영등포"},"geometry":{"type":"Polygon","coordinates":[[[126.89005297634444,37.514341601160936],[126.8901613981526,37.51429214863431],[126.89011630133508,37.514231117687565],[126.8900486794789,37.514142963506465],[126.88994296065636,37.514192742842674],[126.89005297634444,37.514341601160936]]]}},{"type":"Feature","properties":{"F_AREA":2262,"ADM_CD":1156012000,"F_ZONE_NM":"영등포구 문래동2가 30-1","TYPE":"상가","F_DISA_NM":"7.30. 호우","F_AVR_HGT":10.63050652,"F_SAT_YMD":"20230730","F_END_YMD":"20230730","F_SAT_TM":"18","F_END_TM":"21","F_RSN_DTL":"내수침수","INV_YR":"2023","F_YR":"2023","F_SHIM":0.5,"GU_NAM":"영등포구"},"geometry":{"type":"Polygon","coordinates":[[[126.89261616315093,37.51185398062157],[126.89269655191849,37.511913583541386],[126.89277060191891,37.51185183436505],[126.89273109507842,37.51182757920354],[126.89265980082253,37.511783076378855],[126.89256368031985,37.51172265703708],[126.89263600271786,37.51160433277813],[126.8926769529039,37.51153804816103],[126.89262294191188,37.51151665377652],[126.89260627937516,37.511510259359845],[126.8925346214329,37.51148277594686],[126.89229835202923,37.51139123272386],[126.89205718824664,37.51129796358867],[126.89199311591365,37.51131204984686],[126.89191144026321,37.51140625437198],[126.89192081585996,37.51146100762083],[126.89194547926066,37.5114799063778],[126.89198572310416,37.51151036134275],[126.89215157804539,37.5116369428434],[126.89232695828387,37.511770479596784],[126.89244853764899,37.51186287197512],[126.89251719942335,37.511804226420004],[126.89260392182035,37.51186397039679],[126.89261616315093,37.51185398062157]]]}},{"type":"Feature","properties":{"F_AREA":52,"ADM_CD":1156012200,"F_ZONE_NM":"영등포구 문래동4가 26-14","TYPE":"상가","F_DISA_NM":"7.30. 호우","F_AVR_HGT":9.29970074,"F_SAT_YMD":"20230730","F_END_YMD":"20230730","F_SAT_TM":"18","F_END_TM":"21","F_RSN_DTL":"내수침수","INV_YR":"2023","F_YR":"2023","F_SHIM":0.5,"GU_NAM":"영등포구"},"geometry":{"type":"Polygon","coordinates":[[[126.8896836719683,37.51539485880547],[126.88969035434852,37.51540413637977],[126.88973749978119,37.51538111550696],[126.88967282172355,37.51529820770958],[126.88964142085193,37.51531407154211],[126.889626660448,37.51532119344931],[126.88964423588145,37.51534535678682],[126.88964137162871,37.515347047946435],[126.88964907059221,37.515357272531716],[126.88965718699096,37.515353063557036],[126.88966644311986,37.51536582141426],[126.88965907312286,37.51537012119595],[126.88966957303907,37.51538317755937],[126.88967711154805,37.51537965279307],[126.88968594974841,37.515392022824784],[126.8896836719683,37.51539485880547]]]}},{"type":"Feature","properties":{"F_AREA":48,"ADM_CD":1156012200,"F_ZONE_NM":"영등포구 문래동4가 30-12","TYPE":"상가","F_DISA_NM":"7.30. 호우","F_AVR_HGT":9.12537098,"F_SAT_YMD":"20230730","F_END_YMD":"20230730","F_SAT_TM":"19","F_END_TM":"21","F_RSN_DTL":"내수침수","INV_YR":"2023","F_YR":"2023","F_SHIM":0.5,"GU_NAM":"영등포구"},"geometry":{"type":"Polygon","coordinates":[[[126.8887068554342,37.51537567579177],[126.88876375792037,37.51534831281514],[126.88869852533948,37.51525880866504],[126.88867727299088,37.5153105145415],[126.8887068554342,37.51537567579177]]]}},{"type":"Feature","properties":{"F_AREA":46,"ADM_CD":1156012200,"F_ZONE_NM":"영등포구 문래동4가 30-13","TYPE":"상가","F_DISA_NM":"7.30. 호우","F_AVR_HGT":9.12537098,"F_SAT_YMD":"20230730","F_END_YMD":"20230730","F_SAT_TM":"18","F_END_TM":"21","F_RSN_DTL":"내수침수","INV_YR":"2023","F_YR":"2023","F_SHIM":0.5,"GU_NAM":"영등포구"},"geometry":{"type":"Polygon","coordinates":[[[126.88880232334665,37.51532953682606],[126.88873827801325,37.51524029511932],[126.8887293363903,37.51524415185454],[126.88869852533948,37.51525880866504],[126.88876375792037,37.51534831281514],[126.88880232334665,37.51532953682606]]]}},{"type":"Feature","properties":{"F_AREA":111,"ADM_CD":1156012200,"F_ZONE_NM":"영등포구 문래동4가 37-16","TYPE":"상가","F_DISA_NM":"7.30. 호우","F_AVR_HGT":9.1824255,"F_SAT_YMD":"20230730","F_END_YMD":"20230730","F_SAT_TM":"18","F_END_TM":"21","F_RSN_DTL":"내수침수","INV_YR":"2023","F_YR":"2023","F_SHIM":0.5,"GU_NAM":"영등포구"},"geometry":{"type":"Polygon","coordinates":[[[126.88938444700908,37.51458510232987],[126.88947091537385,37.514542864596066],[126.88940002428454,37.514447697198236],[126.88931294748701,37.5144884026097],[126.88938444700908,37.51458510232987]]]}},{"type":"Feature","properties":{"F_AREA":79,"ADM_CD":1156012200,"F_ZONE_NM":"영등포구 문래동4가 37-17","TYPE":"상가","F_DISA_NM":"7.30. 호우","F_AVR_HGT":9.1824255,"F_SAT_YMD":"20230730","F_END_YMD":"20230730","F_SAT_TM":"18","F_END_TM":"21","F_RSN_DTL":"내수침수","INV_YR":"2023","F_YR":"2023","F_SHIM":0.5,"GU_NAM":"영등포구"},"geometry":{"type":"Polygon","coordinates":[[[126.88947091537385,37.514542864596066],[126.88953419903983,37.51451372332421],[126.88946316104284,37.514418429685094],[126.88940002428454,37.514447697198236],[126.88947091537385,37.514542864596066]]]}},{"type":"Feature","properties":{"F_AREA":136,"ADM_CD":1156012200,"F_ZONE_NM":"영등포구 문래동4가 37-20","TYPE":"상가","F_DISA_NM":"7.30. 호우","F_AVR_HGT":9.1824255,"F_SAT_YMD":"20230730","F_END_YMD":"20230730","F_SAT_TM":"18","F_END_TM":"21","F_RSN_DTL":"내수침수","INV_YR":"2023","F_YR":"2023","F_SHIM":0.5,"GU_NAM":"영등포구"},"geometry":{"type":"Polygon","coordinates":[[[126.88986693510213,37.514491756658174],[126.88980548138396,37.5144012115222],[126.88988616945188,37.51435891395642],[126.8898784951261,37.51434738296388],[126.8897982161163,37.514388437536795],[126.88970065308652,37.5144299352031],[126.88977840925557,37.51453342510874],[126.88986693510213,37.514491756658174]]]}},{"type":"Feature","properties":{"F_AREA":18,"ADM_CD":1156012200,"F_ZONE_NM":"영등포구 문래동4가 42-2","TYPE":"상가","F_DISA_NM":"7.30. 호우","F_AVR_HGT":9.29761219,"F_SAT_YMD":"20230730","F_END_YMD":"20230730","F_SAT_TM":"16","F_END_TM":"21","F_RSN_DTL":"내수침수","INV_YR":"2023","F_YR":"2023","F_SHIM":0.5,"GU_NAM":"영등포구"},"geometry":{"type":"Polygon","coordinates":[[[126.88823845268129,37.5145119202173],[126.8882089958008,37.51444649767222],[126.88818416724109,37.51445451974824],[126.88821608612308,37.5145224494299],[126.88823845268129,37.5145119202173]]]}},{"type":"Feature","properties":{"F_AREA":145,"ADM_CD":1156012200,"F_ZONE_NM":"영등포구 문래동4가 35-4","TYPE":"상가","F_DISA_NM":"7.30. 호우","F_AVR_HGT":9.18435478,"F_SAT_YMD":"20230730","F_END_YMD":"20230730","F_SAT_TM":"18","F_END_TM":"21","F_RSN_DTL":"내수침수","INV_YR":"2023","F_YR":"2023","F_SHIM":0.5,"GU_NAM":"영등포구"},"geometry":{"type":"Polygon","coordinates":[[[126.89053241395297,37.51417553049125],[126.89047852126791,37.51410394976231],[126.89045058095363,37.514067243942655],[126.89035141312394,37.514115975639214],[126.89043454582244,37.51422492120494],[126.89053241395297,37.51417553049125]]]}},{"type":"Feature","properties":{"F_AREA":150,"ADM_CD":1156012200,"F_ZONE_NM":"영등포구 문래동4가 32-24","TYPE":"상가","F_DISA_NM":"7.30. 호우","F_AVR_HGT":9.45177174,"F_SAT_YMD":"20230730","F_END_YMD":"20230730","F_SAT_TM":"18","F_END_TM":"21","F_RSN_DTL":"내수침수","INV_YR":"2023","F_YR":"2023","F_SHIM":0.5,"GU_NAM":"영등포구"},"geometry":{"type":"Polygon","coordinates":[[[126.89124237996944,37.5143159669327],[126.89138189779106,37.514249180115385],[126.89132107125597,37.514169457311155],[126.89118137531175,37.514234369819306],[126.89124237996944,37.5143159669327]]]}},{"type":"Feature","properties":{"F_AREA":79,"ADM_CD":1156012200,"F_ZONE_NM":"영등포구 문래동4가 32-23","TYPE":"상가","F_DISA_NM":"7.30. 호우","F_AVR_HGT":9.45177174,"F_SAT_YMD":"20230730","F_END_YMD":"20230730","F_SAT_TM":"18","F_END_TM":"21","F_RSN_DTL":"내수침수","INV_YR":"2023","F_YR":"2023","F_SHIM":0.5,"GU_NAM":"영등포구"},"geometry":{"type":"Polygon","coordinates":[[[126.89158545269967,37.51429415824281],[126.89162573638855,37.51427522074745],[126.89163450009622,37.514238233999734],[126.89158190389101,37.51416882638089],[126.8915158914735,37.51420061513975],[126.89153630163456,37.51422797036657],[126.8915318973736,37.514230885493276],[126.89154035369657,37.51424153413063],[126.89154822043163,37.51423773024092],[126.89155555823778,37.51424751287961],[126.89154769113192,37.514251569048426],[126.89155837166868,37.51426498581313],[126.8915654577612,37.51426130733503],[126.8915782056522,37.51427647395466],[126.89157443499121,37.514279263533176],[126.89158545269967,37.51429415824281]]]}},{"type":"Feature","properties":{"F_AREA":388,"ADM_CD":1156012200,"F_ZONE_NM":"영등포구 문래동4가 35-2","TYPE":"상가","F_DISA_NM":"7.30. 호우","F_AVR_HGT":9.18435478,"F_SAT_YMD":"20230730","F_END_YMD":"20230730","F_SAT_TM":"18","F_END_TM":"21","F_RSN_DTL":"내수침수","INV_YR":"2023","F_YR":"2023","F_SHIM":0.5,"GU_NAM":"영등포구"},"geometry":{"type":"Polygon","coordinates":[[[126.89021018350516,37.514184894988254],[126.89028182261941,37.51415001283136],[126.89035141312394,37.514115975639214],[126.89045058095363,37.514067243942655],[126.89044119944217,37.5140551527633],[126.89038667414474,37.51398314792805],[126.8900486794789,37.514142963506465],[126.89011630133508,37.514231117687565],[126.89021018350516,37.514184894988254]]]}},{"type":"Feature","properties":{"F_AREA":81,"ADM_CD":1156012200,"F_ZONE_NM":"영등포구 문래동4가 32-25","TYPE":"상가","F_DISA_NM":"7.30. 호우","F_AVR_HGT":9.25885391,"F_SAT_YMD":"20230730","F_END_YMD":"20230730","F_SAT_TM":"18","F_END_TM":"21","F_RSN_DTL":"내수침수","INV_YR":"2023","F_YR":"2023","F_SHIM":0.5,"GU_NAM":"영등포구"},"geometry":{"type":"Polygon","coordinates":[[[126.89123962205788,37.51419161788541],[126.89122470983224,37.514171493729634],[126.8912291364584,37.514168758834444],[126.89121746406175,37.51415300753368],[126.89120889636932,37.51415658549786],[126.8911993233393,37.514143881522585],[126.89120759727668,37.51414007803577],[126.89119892756257,37.51412843807941],[126.8911906537984,37.5141321244363],[126.89118302209836,37.514122251400636],[126.89118730132232,37.51411975963827],[126.89116967929255,37.51409637133832],[126.89113026779098,37.51411445354743],[126.89111774106053,37.514148877912525],[126.89117208328717,37.51422286442929],[126.89123962205788,37.51419161788541]]]}},{"type":"Feature","properties":{"F_AREA":97,"ADM_CD":1156012200,"F_ZONE_NM":"영등포구 문래동4가 39-1","TYPE":"상가","F_DISA_NM":"7.30. 호우","F_AVR_HGT":9.12537098,"F_SAT_YMD":"20230730","F_END_YMD":"20230730","F_SAT_TM":"18","F_END_TM":"21","F_RSN_DTL":"내수침수","INV_YR":"2023","F_YR":"2023","F_SHIM":0.5,"GU_NAM":"영등포구"},"geometry":{"type":"Polygon","coordinates":[[[126.88861874737435,37.51518392275081],[126.88868341814191,37.5152032117962],[126.88873518248326,37.51517768195602],[126.88866428943827,37.515084036808524],[126.88858969669242,37.51511877099474],[126.88861874737435,37.51518392275081]]]}},{"type":"Feature","properties":{"F_AREA":141,"ADM_CD":1156012200,"F_ZONE_NM":"영등포구 문래동4가 2-4","TYPE":"상가","F_DISA_NM":"7.30. 호우","F_AVR_HGT":10.22218513,"F_SAT_YMD":"20230730","F_END_YMD":"20230730","F_SAT_TM":"14","F_END_TM":"21","F_RSN_DTL":"내수침수","INV_YR":"2023","F_YR":"2023","F_SHIM":0.5,"GU_NAM":"영등포구"},"geometry":{"type":"Polygon","coordinates":[[[126.89240387712684,37.515200336993836],[126.89244156967928,37.5151821987163],[126.89251464581663,37.515146911089865],[126.89244105670784,37.51505279719953],[126.8924033083338,37.51507047591781],[126.89236927176249,37.51508694170921],[126.89233114773768,37.51510623284003],[126.8923592019728,37.515143280692975],[126.89240387712684,37.515200336993836]]]}},{"type":"Feature","properties":{"F_AREA":91,"ADM_CD":1156012200,"F_ZONE_NM":"영등포구 문래동4가 34-21","TYPE":"상가","F_DISA_NM":"7.30. 호우","F_AVR_HGT":9.18435478,"F_SAT_YMD":"20230730","F_END_YMD":"20230730","F_SAT_TM":"18","F_END_TM":"21","F_RSN_DTL":"내수침수","INV_YR":"2023","F_YR":"2023","F_SHIM":0.5,"GU_NAM":"영등포구"},"geometry":{"type":"Polygon","coordinates":[[[126.89098148790987,37.51384266408249],[126.89095830970831,37.51381338704569],[126.89096320012438,37.51381061655453],[126.89095108499848,37.513796027097264],[126.89094473502095,37.51379910256039],[126.89093391660298,37.51378726235349],[126.89094116205733,37.51378289029469],[126.89093198245043,37.51377191657795],[126.8909252707505,37.51377483853207],[126.89091719747711,37.5137653164538],[126.89092082106792,37.51376254477824],[126.89090275833182,37.51373898483526],[126.89086376543183,37.51375708536854],[126.89085218187977,37.5137961687413],[126.89091191087763,37.51387560244508],[126.89098148790987,37.51384266408249]]]}},{"type":"Feature","properties":{"F_AREA":119,"ADM_CD":1156012200,"F_ZONE_NM":"영등포구 문래동4가 33-6","TYPE":"상가","F_DISA_NM":"7.30. 호우","F_AVR_HGT":9.25885391,"F_SAT_YMD":"20230730","F_END_YMD":"20230730","F_SAT_TM":"18","F_END_TM":"21","F_RSN_DTL":"내수침수","INV_YR":"2023","F_YR":"2023","F_SHIM":0.5,"GU_NAM":"영등포구"},"geometry":{"type":"Polygon","coordinates":[[[126.891208940224,37.513865473684895],[126.89122279343324,37.513859630145426],[126.8913167727188,37.513815812313396],[126.89125253647114,37.51373216695384],[126.89114635583465,37.513781568522006],[126.891208940224,37.513865473684895]]]}},{"type":"Feature","properties":{"F_AREA":63,"ADM_CD":1156012200,"F_ZONE_NM":"영등포구 문래동4가 33-15","TYPE":"상가","F_DISA_NM":"7.30. 호우","F_AVR_HGT":9.25885391,"F_SAT_YMD":"20230730","F_END_YMD":"20230730","F_SAT_TM":"18","F_END_TM":"21","F_RSN_DTL":"내수침수","INV_YR":"2023","F_YR":"2023","F_SHIM":0.5,"GU_NAM":"영등포구"},"geometry":{"type":"Polygon","coordinates":[[[126.89154470598237,37.513857749866794],[126.89159501783412,37.5138341185159],[126.8915821694057,37.513818140906885],[126.89158543037716,37.513815810361585],[126.8915753263604,37.51380266443374],[126.89156734762044,37.51380574742442],[126.89155668017659,37.51379115937665],[126.8915628502109,37.513787362916155],[126.89155586271735,37.51377783288218],[126.8915480536564,37.513780907019544],[126.89153959914238,37.5137690600587],[126.89154322185117,37.51376687401073],[126.89152003514381,37.513735551814364],[126.89147280079254,37.5137585823333],[126.89154470598237,37.513857749866794]]]}},{"type":"Feature","properties":{"F_AREA":66,"ADM_CD":1156012200,"F_ZONE_NM":"영등포구 문래동4가 34-22","TYPE":"상가","F_DISA_NM":"7.30. 호우","F_AVR_HGT":9.18435478,"F_SAT_YMD":"20230730","F_END_YMD":"20230730","F_SAT_TM":"18","F_END_TM":"21","F_RSN_DTL":"내수침수","INV_YR":"2023","F_YR":"2023","F_SHIM":0.5,"GU_NAM":"영등포구"},"geometry":{"type":"Polygon","coordinates":[[[126.89102101408704,37.5138234467742],[126.8910292080379,37.51382017481252],[126.89095166639596,37.51371627145956],[126.89094345986618,37.51372040836046],[126.89090275833182,37.51373898483526],[126.89092082106792,37.51376254477824],[126.89091719747711,37.5137653164538],[126.8909252707505,37.51377483853207],[126.89093198245043,37.51377191657795],[126.89094116205733,37.51378289029469],[126.89093391660298,37.51378726235349],[126.89094473502095,37.51379910256039],[126.89095108499848,37.513796027097264],[126.89096320012438,37.51381061655453],[126.89095830970831,37.51381338704569],[126.89098148790987,37.51384266408249],[126.89102101408704,37.5138234467742]]]}},{"type":"Feature","properties":{"F_AREA":63,"ADM_CD":1156012200,"F_ZONE_NM":"영등포구 문래동4가 33-16","TYPE":"상가","F_DISA_NM":"7.30. 호우","F_AVR_HGT":9.25885391,"F_SAT_YMD":"20230730","F_END_YMD":"20230730","F_SAT_TM":"18","F_END_TM":"21","F_RSN_DTL":"내수침수","INV_YR":"2023","F_YR":"2023","F_SHIM":0.5,"GU_NAM":"영등포구"},"geometry":{"type":"Polygon","coordinates":[[[126.8915821694057,37.513818140906885],[126.89159501783412,37.5138341185159],[126.89164234185098,37.51381165565939],[126.8915866777703,37.51373651484842],[126.89156175545818,37.51371632735781],[126.89152003514381,37.513735551814364],[126.89154322185117,37.51376687401073],[126.89153959914238,37.5137690600587],[126.8915480536564,37.513780907019544],[126.89155586271735,37.51377783288218],[126.8915628502109,37.513787362916155],[126.89155668017659,37.51379115937665],[126.89156734762044,37.51380574742442],[126.8915753263604,37.51380266443374],[126.89158543037716,37.513815810361585],[126.8915821694057,37.513818140906885]]]}},{"type":"Feature","properties":{"F_AREA":67,"ADM_CD":1156012200,"F_ZONE_NM":"영등포구 문래동4가 33-8","TYPE":"상가","F_DISA_NM":"7.30. 호우","F_AVR_HGT":9.18435478,"F_SAT_YMD":"20230730","F_END_YMD":"20230730","F_SAT_TM":"18","F_END_TM":"21","F_RSN_DTL":"내수침수","INV_YR":"2023","F_YR":"2023","F_SHIM":0.5,"GU_NAM":"영등포구"},"geometry":{"type":"Polygon","coordinates":[[[126.8910558521938,37.51380783806345],[126.89107843369915,37.51379686702428],[126.89105596795586,37.513767662752194],[126.89105896892296,37.5137652418787],[126.8910479514366,37.51375032008906],[126.8910410922363,37.513753557260486],[126.89103091974079,37.51374089775994],[126.89103845779485,37.51373752607452],[126.89102981129321,37.513725534738214],[126.89102227324,37.51372890642305],[126.89101415441002,37.51371959153784],[126.89101783364643,37.51371743258874],[126.89100035935041,37.51369367499178],[126.89095166639596,37.51371627145956],[126.8910292080379,37.51382017481252],[126.8910558521938,37.51380783806345]]]}},{"type":"Feature","properties":{"F_AREA":135,"ADM_CD":1156012200,"F_ZONE_NM":"영등포구 문래동4가 33-20","TYPE":"상가","F_DISA_NM":"7.30. 호우","F_AVR_HGT":9.25885391,"F_SAT_YMD":"20230730","F_END_YMD":"20230730","F_SAT_TM":"18","F_END_TM":"21","F_RSN_DTL":"내수침수","INV_YR":"2023","F_YR":"2023","F_SHIM":0.5,"GU_NAM":"영등포구"},"geometry":{"type":"Polygon","coordinates":[[[126.89149926522062,37.513729919265614],[126.89154984889896,37.51370599085788],[126.89144709565423,37.51362449015025],[126.89142946060096,37.51363309625024],[126.89135699730716,37.513667644969736],[126.8914279347707,37.513763234718375],[126.89149926522062,37.513729919265614]]]}},{"type":"Feature","properties":{"F_AREA":108,"ADM_CD":1156012200,"F_ZONE_NM":"영등포구 문래동4가 33-23","TYPE":"상가","F_DISA_NM":"7.30. 호우","F_AVR_HGT":9.25885391,"F_SAT_YMD":"20230730","F_END_YMD":"20230730","F_SAT_TM":"18","F_END_TM":"21","F_RSN_DTL":"내수침수","INV_YR":"2023","F_YR":"2023","F_SHIM":0.5,"GU_NAM":"영등포구"},"geometry":{"type":"Polygon","coordinates":[[[126.89126519228726,37.51369448108618],[126.89130243079346,37.51367710859014],[126.89135612828268,37.51365094869974],[126.89128780988379,37.51355893830527],[126.89122499070871,37.51358858551393],[126.89121275701368,37.513623812052515],[126.89126519228726,37.51369448108618]]]}},{"type":"Feature","properties":{"F_AREA":77,"ADM_CD":1156012200,"F_ZONE_NM":"영등포구 문래동4가 33-24","TYPE":"상가","F_DISA_NM":"7.30. 호우","F_AVR_HGT":9.25885391,"F_SAT_YMD":"20230730","F_END_YMD":"20230730","F_SAT_TM":"18","F_END_TM":"21","F_RSN_DTL":"내수침수","INV_YR":"2023","F_YR":"2023","F_SHIM":0.5,"GU_NAM":"영등포구"},"geometry":{"type":"Polygon","coordinates":[[[126.89143353765424,37.51361420615935],[126.8913357230576,37.51353574631335],[126.89128780988379,37.51355893830527],[126.89135612828268,37.51365094869974],[126.89143353765424,37.51361420615935]]]}},{"type":"Feature","properties":{"F_AREA":288,"ADM_CD":1156012200,"F_ZONE_NM":"서울 영등포구 경인로77길  58 세영특수강 (문래동4가)","TYPE":"미분류","F_DISA_NM":"2023년 풍수해보험금","F_AVR_HGT":8.82537098,"F_SAT_YMD":"20230730","F_END_YMD":null,"F_SAT_TM":null,"F_END_TM":null,"F_RSN_DTL":"내수침수","INV_YR":"2023","F_YR":"2023","F_SHIM":0.2,"GU_NAM":"영등포"},"geometry":{"type":"Polygon","coordinates":[[[126.88846044762988,37.5150565327001],[126.88839785218819,37.51492137743775],[126.88839653993755,37.51492148430063],[126.88820607208054,37.5150112571855],[126.88829397832573,37.51513360662825],[126.88846044762988,37.5150565327001]]]}},{"type":"Feature","properties":{"F_AREA":80,"ADM_CD":1156012200,"F_ZONE_NM":"영등포구 문래동4가 37-18","TYPE":"상가","F_DISA_NM":"7.30. 호우","F_AVR_HGT":9.1824255,"F_SAT_YMD":"20230730","F_END_YMD":"20230730","F_SAT_TM":"18","F_END_TM":"21","F_RSN_DTL":"내수침수","INV_YR":"2023","F_YR":"2023","F_SHIM":0.5,"GU_NAM":"영등포구"},"geometry":{"type":"Polygon","coordinates":[[[126.88959768734507,37.51448385240537],[126.88952700027359,37.51438833388754],[126.88946316104284,37.514418429685094],[126.88953419903983,37.51451372332421],[126.88959768734507,37.51448385240537]]]}},{"type":"Feature","properties":{"F_AREA":111,"ADM_CD":1156012200,"F_ZONE_NM":"영등포구 문래동4가 37-19","TYPE":"상가","F_DISA_NM":"7.30. 호우","F_AVR_HGT":9.1824255,"F_SAT_YMD":"20230730","F_END_YMD":"20230730","F_SAT_TM":"18","F_END_TM":"21","F_RSN_DTL":"내수침수","INV_YR":"2023","F_YR":"2023","F_SHIM":0.5,"GU_NAM":"영등포구"},"geometry":{"type":"Polygon","coordinates":[[[126.88959768734507,37.51448385240537],[126.88968536594123,37.51444148952086],[126.88961488123908,37.514346746103136],[126.88952700027359,37.51438833388754],[126.88959768734507,37.51448385240537]]]}},{"type":"Feature","properties":{"F_AREA":96,"ADM_CD":1156012200,"F_ZONE_NM":"영등포구 문래동4가 35-8","TYPE":"상가","F_DISA_NM":"7.30. 호우","F_AVR_HGT":9.18084145,"F_SAT_YMD":"20230730","F_END_YMD":"20230730","F_SAT_TM":"18","F_END_TM":"21","F_RSN_DTL":"내수침수","INV_YR":"2023","F_YR":"2023","F_SHIM":0.5,"GU_NAM":"영등포구"},"geometry":{"type":"Polygon","coordinates":[[[126.89035553529969,37.514417687071465],[126.89034350134946,37.514401764155636],[126.89034667081417,37.514400163365494],[126.89033593425442,37.514386521189934],[126.8903260661271,37.51438982756706],[126.89031504662336,37.51437630225272],[126.89032521057344,37.51437182486006],[126.89031741124961,37.514360636156894],[126.89030758657758,37.51436514990815],[126.89030087003947,37.51435603451423],[126.89030492291198,37.514353659700326],[126.89027728870937,37.51431646759156],[126.8902059447377,37.51435053011632],[126.89021252638787,37.514359068751006],[126.8902838976215,37.51445145203758],[126.89035553529969,37.514417687071465]]]}},{"type":"Feature","properties":{"F_AREA":515,"ADM_CD":1156012100,"F_ZONE_NM":"영등포구 문래동3가 54-36","TYPE":"상가","F_DISA_NM":"7.30. 호우","F_AVR_HGT":13.03341484,"F_SAT_YMD":"20230730","F_END_YMD":"20230730","F_SAT_TM":"18","F_END_TM":"21","F_RSN_DTL":"내수침수","INV_YR":"2023","F_YR":"2023","F_SHIM":0.5,"GU_NAM":"영등포구"},"geometry":{"type":"Polygon","coordinates":[[[126.89718079328898,37.51433148861454],[126.8971583859427,37.51401480470832],[126.89699717687115,37.51401027432572],[126.89701809325572,37.51434119268237],[126.89718079328898,37.51433148861454]]]}},{"type":"Feature","properties":{"F_AREA":315,"ADM_CD":1156012100,"F_ZONE_NM":"영등포구 문래동3가 58-58","TYPE":"상가","F_DISA_NM":"7.30. 호우","F_AVR_HGT":12.78459549,"F_SAT_YMD":"20230730","F_END_YMD":"20230730","F_SAT_TM":"18","F_END_TM":"21","F_RSN_DTL":"내수침수","INV_YR":"2023","F_YR":"2023","F_SHIM":0.5,"GU_NAM":"영등포구"},"geometry":{"type":"Polygon","coordinates":[[[126.89578219466077,37.51416412833697],[126.8957944840484,37.51415211103795],[126.89581979848306,37.514127752735654],[126.89592018518876,37.514030264632645],[126.89595160488136,37.51399971290537],[126.8959970774677,37.51395779414177],[126.89596735428051,37.51390814972635],[126.89594517982425,37.51391970771166],[126.89587954470073,37.51395010270491],[126.89569554879554,37.514038487922214],[126.89577103826217,37.51417480416466],[126.89578219466077,37.51416412833697]]]}},{"type":"Feature","properties":{"F_AREA":1498,"ADM_CD":1156012100,"F_ZONE_NM":"영등포구 문래동3가 56-1","TYPE":"상가","F_DISA_NM":"7.30. 호우","F_AVR_HGT":12.72499371,"F_SAT_YMD":"20230730","F_END_YMD":"20230730","F_SAT_TM":"18","F_END_TM":"21","F_RSN_DTL":"내수침수","INV_YR":"2023","F_YR":"2023","F_SHIM":0.5,"GU_NAM":"영등포구"},"geometry":{"type":"Polygon","coordinates":[[[126.89833209727408,37.513945495025936],[126.89843645696914,37.51374469101156],[126.89843778370529,37.5137422504695],[126.89781231688191,37.51352576124482],[126.89771964350268,37.51368321003464],[126.89769131152757,37.51367367061554],[126.8976699082632,37.513716647342065],[126.89792657835062,37.51380496310976],[126.89833209727408,37.513945495025936]]]}},{"type":"Feature","properties":{"F_AREA":28,"ADM_CD":1156012200,"F_ZONE_NM":"영등포구 문래동4가 39-8","TYPE":"상가","F_DISA_NM":"7.30. 호우","F_AVR_HGT":9.12537098,"F_SAT_YMD":"20230730","F_END_YMD":"20230730","F_SAT_TM":"18","F_END_TM":"21","F_RSN_DTL":"내수침수","INV_YR":"2023","F_YR":"2023","F_SHIM":0.5,"GU_NAM":"영등포구"},"geometry":{"type":"Polygon","coordinates":[[[126.88856893950334,37.51507455729736],[126.8885837859386,37.51510796240243],[126.88865785723867,37.51507397554832],[126.88863519037146,37.51504350022608],[126.88856893950334,37.51507455729736]]]}},{"type":"Feature","properties":{"F_AREA":126,"ADM_CD":1156012200,"F_ZONE_NM":"서울특별시 영등포구 문래동4가 34-7 수성테크","TYPE":"상가","F_DISA_NM":"2023년 7.30. 호우(재난지원금)","F_AVR_HGT":8.88435478,"F_SAT_YMD":"20230804","F_END_YMD":null,"F_SAT_TM":"16","F_END_TM":null,"F_RSN_DTL":"내수침수","INV_YR":"2023","F_YR":"2023","F_SHIM":0.2,"GU_NAM":"영등포구"},"geometry":{"type":"Polygon","coordinates":[[[126.89061207692019,37.51414524174267],[126.89071037047786,37.514098671398024],[126.89063872101028,37.51400308956602],[126.89053938696466,37.51404963184445],[126.89061207692019,37.51414524174267]]]}},{"type":"Feature","properties":{"F_AREA":62,"ADM_CD":1156012200,"F_ZONE_NM":"영등포구 문래동4가 32-29","TYPE":"상가","F_DISA_NM":"7.30. 호우","F_AVR_HGT":9.25885391,"F_SAT_YMD":"20230730","F_END_YMD":"20230730","F_SAT_TM":"18","F_END_TM":"21","F_RSN_DTL":"내수침수","INV_YR":"2023","F_YR":"2023","F_SHIM":0.5,"GU_NAM":"영등포구"},"geometry":{"type":"Polygon","coordinates":[[[126.89138690255682,37.514122405617776],[126.89143691945236,37.51409952188723],[126.8914216359679,37.514078009875945],[126.89142540556567,37.51407594109812],[126.89141446527137,37.514062289819904],[126.89140639525495,37.51406588628224],[126.89139545598486,37.51405154123616],[126.89140334522335,37.514047809456585],[126.89139586189663,37.514037017556774],[126.89138779288812,37.514039929261735],[126.89138049904408,37.51403104764945],[126.89138409917467,37.514028843565455],[126.89136504098333,37.51400520167635],[126.8913162911028,37.5140279874493],[126.89138690255682,37.514122405617776]]]}},{"type":"Feature","properties":{"F_AREA":44,"ADM_CD":1156012200,"F_ZONE_NM":"영등포구 문래동4가 38-11","TYPE":"상가","F_DISA_NM":"7.30. 호우","F_AVR_HGT":9.12537098,"F_SAT_YMD":"20230730","F_END_YMD":"20230730","F_SAT_TM":"18","F_END_TM":"21","F_RSN_DTL":"내수침수","INV_YR":"2023","F_YR":"2023","F_SHIM":0.5,"GU_NAM":"영등포구"},"geometry":{"type":"Polygon","coordinates":[[[126.88868231207056,37.51502128163678],[126.88863108872046,37.51495053154218],[126.88858360483742,37.51497292095431],[126.88863519037146,37.51504350022608],[126.88868231207056,37.51502128163678]]]}},{"type":"Feature","properties":{"F_AREA":134,"ADM_CD":1156012200,"F_ZONE_NM":"서울 영등포구 경인로77길  56-1 성실자동차공업사 (문래동4가)","TYPE":"미분류","F_DISA_NM":"2023년 풍수해보험금","F_AVR_HGT":8.99761219,"F_SAT_YMD":"20230730","F_END_YMD":null,"F_SAT_TM":null,"F_END_TM":null,"F_RSN_DTL":"내수침수","INV_YR":"2023","F_YR":"2023","F_SHIM":0.2,"GU_NAM":"영등포"},"geometry":{"type":"Polygon","coordinates":[[[126.88864766066831,37.514927229602094],[126.8885791307911,37.51483437953421],[126.88848109453218,37.51488132676248],[126.8885275187434,37.514984102739334],[126.88864766066831,37.514927229602094]]]}},{"type":"Feature","properties":{"F_AREA":65,"ADM_CD":1156012200,"F_ZONE_NM":"영등포구 문래동4가 38-6","TYPE":"상가","F_DISA_NM":"7.30. 호우","F_AVR_HGT":9.29761219,"F_SAT_YMD":"20230730","F_END_YMD":"20230730","F_SAT_TM":"18","F_END_TM":"21","F_RSN_DTL":"내수침수","INV_YR":"2023","F_YR":"2023","F_SHIM":0.5,"GU_NAM":"영등포구"},"geometry":{"type":"Polygon","coordinates":[[[126.88897710043418,37.51492489499841],[126.88890093636537,37.51482371264036],[126.88885426759673,37.51484573353063],[126.88892730809552,37.51494802116626],[126.88897710043418,37.51492489499841]]]}},{"type":"Feature","properties":{"F_AREA":123,"ADM_CD":1156012200,"F_ZONE_NM":"영등포구 문래동4가 23-20","TYPE":"상가","F_DISA_NM":"7.30. 호우","F_AVR_HGT":9.18084145,"F_SAT_YMD":"20230730","F_END_YMD":"20230730","F_SAT_TM":"18","F_END_TM":"21","F_RSN_DTL":"내수침수","INV_YR":"2023","F_YR":"2023","F_SHIM":0.5,"GU_NAM":"영등포구"},"geometry":{"type":"Polygon","coordinates":[[[126.89100617678014,37.51491099824086],[126.89106459594066,37.51488215793834],[126.89099562095159,37.514790002620344],[126.89089542520337,37.51483738231144],[126.89096579018191,37.51493034988438],[126.89100617678014,37.51491099824086]]]}},{"type":"Feature","properties":{"F_AREA":65,"ADM_CD":1156012200,"F_ZONE_NM":"영등포구 문래동4가 38-14","TYPE":"상가","F_DISA_NM":"7.30. 호우","F_AVR_HGT":9.29761219,"F_SAT_YMD":"20230730","F_END_YMD":"20230730","F_SAT_TM":"18","F_END_TM":"21","F_RSN_DTL":"내수침수","INV_YR":"2023","F_YR":"2023","F_SHIM":0.5,"GU_NAM":"영등포구"},"geometry":{"type":"Polygon","coordinates":[[[126.88864766066831,37.514927229602094],[126.88870007920644,37.51490280862611],[126.88868815915707,37.51488654327346],[126.88869182759989,37.51488412309819],[126.8886818607117,37.51487029229953],[126.88867391477748,37.51487396978272],[126.88866430812588,37.51486128359161],[126.888671463219,37.51485698366632],[126.8886635396158,37.51484583077611],[126.88865527778681,37.514848967358674],[126.88864797280958,37.51484013061817],[126.88865229799997,37.514837242553696],[126.88863144842303,37.51480933680456],[126.8885791307911,37.51483437953421],[126.88864766066831,37.514927229602094]]]}},{"type":"Feature","properties":{"F_AREA":208,"ADM_CD":1156012000,"F_ZONE_NM":"영등포구 문래동2가 49-2","TYPE":"상가","F_DISA_NM":"7.30. 호우","F_AVR_HGT":9.90823841,"F_SAT_YMD":"20230730","F_END_YMD":"20230730","F_SAT_TM":"18","F_END_TM":"21","F_RSN_DTL":"내수침수","INV_YR":"2023","F_YR":"2023","F_SHIM":0.5,"GU_NAM":"영등포구"},"geometry":{"type":"Polygon","coordinates":[[[126.89299252439865,37.51362004557937],[126.89285846624531,37.513511595565355],[126.89285006494534,37.51351753441224],[126.8927769267512,37.51356561634641],[126.89276841034273,37.51357292459573],[126.89276325292214,37.513596066440535],[126.89284788451272,37.513687397223606],[126.89299252439865,37.51362004557937]]]}},{"type":"Feature","properties":{"F_AREA":650,"ADM_CD":1156012000,"F_ZONE_NM":"영등포구 문래동2가 14-84","TYPE":"상가","F_DISA_NM":"7.30. 호우","F_AVR_HGT":12.30716228,"F_SAT_YMD":"20230730","F_END_YMD":"20230730","F_SAT_TM":"18","F_END_TM":"21","F_RSN_DTL":"내수침수","INV_YR":"2023","F_YR":"2023","F_SHIM":0.5,"GU_NAM":"영등포구"},"geometry":{"type":"Polygon","coordinates":[[[126.89455363525799,37.513667339204126],[126.89457801477141,37.51367213655734],[126.89476964656289,37.513583327497926],[126.8947201296711,37.51351821279178],[126.89466645809084,37.5134477423884],[126.89458391576396,37.51334146726637],[126.89443114041929,37.51341224628469],[126.894409463831,37.51347901748447],[126.89455363525799,37.513667339204126]]]}},{"type":"Feature","properties":{"F_AREA":34,"ADM_CD":1156012000,"F_ZONE_NM":"영등포구 문래동2가 44-8","TYPE":"상가","F_DISA_NM":"7.30. 호우","F_AVR_HGT":11.15814781,"F_SAT_YMD":"20230730","F_END_YMD":"20230730","F_SAT_TM":"18","F_END_TM":"21","F_RSN_DTL":"내수침수","INV_YR":"2023","F_YR":"2023","F_SHIM":0.5,"GU_NAM":"영등포구"},"geometry":{"type":"Polygon","coordinates":[[[126.89384305493347,37.51362377918367],[126.89382626364352,37.51360425730861],[126.89377611238581,37.513626925691845],[126.89376034603954,37.51361044109956],[126.8937468471445,37.51361389762031],[126.89373981623129,37.51360291707153],[126.8937201900138,37.51361201724488],[126.89370975377982,37.51361727854865],[126.89371797661126,37.513625286899384],[126.89372927036263,37.51362149500121],[126.89375892468041,37.51366285976313],[126.89384305493347,37.51362377918367]]]}},{"type":"Feature","properties":{"F_AREA":107,"ADM_CD":1156012000,"F_ZONE_NM":"영등포구 문래동2가 44-17","TYPE":"상가","F_DISA_NM":"7.30. 호우","F_AVR_HGT":11.15814781,"F_SAT_YMD":"20230730","F_END_YMD":"20230730","F_SAT_TM":"18","F_END_TM":"21","F_RSN_DTL":"내수침수","INV_YR":"2023","F_YR":"2023","F_SHIM":0.5,"GU_NAM":"영등포구"},"geometry":{"type":"Polygon","coordinates":[[[126.89345508273601,37.51361338780462],[126.89338346906193,37.51352224957165],[126.89333131360385,37.51354636653558],[126.89331416140884,37.5135967435445],[126.89335941734956,37.51365878253995],[126.89345508273601,37.51361338780462]]]}},{"type":"Feature","properties":{"F_AREA":286,"ADM_CD":1156012000,"F_ZONE_NM":"영등포구 문래동2가 56-8","TYPE":"상가","F_DISA_NM":"7.30. 호우","F_AVR_HGT":9.90823841,"F_SAT_YMD":"20230730","F_END_YMD":"20230730","F_SAT_TM":"18","F_END_TM":"21","F_RSN_DTL":"내수침수","INV_YR":"2023","F_YR":"2023","F_SHIM":0.5,"GU_NAM":"영등포구"},"geometry":{"type":"Polygon","coordinates":[[[126.89208278703666,37.51362787386661],[126.89218082028628,37.513580319966174],[126.89227421265029,37.51353502319264],[126.8921523619485,37.513440837425854],[126.89205519951219,37.51348859033003],[126.89196263296674,37.51353375254717],[126.89208278703666,37.51362787386661]]]}},{"type":"Feature","properties":{"F_AREA":55,"ADM_CD":1156012000,"F_ZONE_NM":"영등포구 문래동2가 48-1","TYPE":"상가","F_DISA_NM":"7.30. 호우","F_AVR_HGT":9.90823841,"F_SAT_YMD":"20230730","F_END_YMD":"20230730","F_SAT_TM":"18","F_END_TM":"21","F_RSN_DTL":"내수침수","INV_YR":"2023","F_YR":"2023","F_SHIM":0.5,"GU_NAM":"영등포구"},"geometry":{"type":"Polygon","coordinates":[[[126.89307017036333,37.51358337426276],[126.89300393125622,37.51350689994242],[126.89295694806275,37.513536553609114],[126.8930144820435,37.513610055682214],[126.89307017036333,37.51358337426276]]]}},{"type":"Feature","properties":{"F_AREA":60,"ADM_CD":1156012200,"F_ZONE_NM":"영등포구 문래동4가 38-15","TYPE":"상가","F_DISA_NM":"7.30. 호우","F_AVR_HGT":9.29761219,"F_SAT_YMD":"20230730","F_END_YMD":"20230730","F_SAT_TM":"18","F_END_TM":"21","F_RSN_DTL":"내수침수","INV_YR":"2023","F_YR":"2023","F_SHIM":0.5,"GU_NAM":"영등포구"},"geometry":{"type":"Polygon","coordinates":[[[126.88868815915707,37.51488654327346],[126.88870007920644,37.51490280862611],[126.88874855907791,37.51487996060975],[126.88868017822433,37.514785741228],[126.88867639781462,37.51478740445936],[126.88863144842303,37.51480933680456],[126.88865229799997,37.514837242553696],[126.88864797280958,37.51484013061817],[126.88865527778681,37.514848967358674],[126.8886635396158,37.51484583077611],[126.888671463219,37.51485698366632],[126.88866430812588,37.51486128359161],[126.88867391477748,37.51487396978272],[126.8886818607117,37.51487029229953],[126.88869182759989,37.51488412309819],[126.88868815915707,37.51488654327346]]]}},{"type":"Feature","properties":{"F_AREA":119,"ADM_CD":1156012200,"F_ZONE_NM":"영등포구 문래동4가 38-29","TYPE":"상가","F_DISA_NM":"7.30. 호우","F_AVR_HGT":9.1824255,"F_SAT_YMD":"20230730","F_END_YMD":"20230730","F_SAT_TM":"18","F_END_TM":"21","F_RSN_DTL":"내수침수","INV_YR":"2023","F_YR":"2023","F_SHIM":0.5,"GU_NAM":"영등포구"},"geometry":{"type":"Polygon","coordinates":[[[126.88916352504151,37.514837820010555],[126.88908611563147,37.514737276292955],[126.88907736537445,37.514741799974104],[126.88899741802969,37.51477985399841],[126.88900316411517,37.51478735575849],[126.88907387824638,37.51487972112287],[126.88916352504151,37.514837820010555]]]}},{"type":"Feature","properties":{"F_AREA":72,"ADM_CD":1156012000,"F_ZONE_NM":"영등포구 문래동2가 44-11","TYPE":"상가","F_DISA_NM":"7.30. 호우","F_AVR_HGT":11.15814781,"F_SAT_YMD":"20230730","F_END_YMD":"20230730","F_SAT_TM":"18","F_END_TM":"21","F_RSN_DTL":"내수침수","INV_YR":"2023","F_YR":"2023","F_SHIM":0.5,"GU_NAM":"영등포구"},"geometry":{"type":"Polygon","coordinates":[[[126.89371906535625,37.513576084489],[126.89374803432781,37.51357488556673],[126.8938174797781,37.513537999047436],[126.8937819787074,37.513495962229854],[126.89363209566478,37.51356828355354],[126.89364764085583,37.51358908373302],[126.8937076344342,37.51356515398265],[126.89371906535625,37.513576084489]]]}},{"type":"Feature","properties":{"F_AREA":2036,"ADM_CD":1156012000,"F_ZONE_NM":"영등포구 문래동2가 2","TYPE":"상가","F_DISA_NM":"7.30. 호우","F_AVR_HGT":13.16212845,"F_SAT_YMD":"20230730","F_END_YMD":"20230730","F_SAT_TM":"18","F_END_TM":"21","F_RSN_DTL":"내수침수","INV_YR":"2023","F_YR":"2023","F_SHIM":0.5,"GU_NAM":"영등포구"},"geometry":{"type":"Polygon","coordinates":[[[126.89613440918859,37.513559874627894],[126.89639764339715,37.51343412286374],[126.896418684948,37.513423708049714],[126.89627866228953,37.51324208669449],[126.89644333167585,37.51316529720833],[126.89645239253755,37.51314853772619],[126.89645281204875,37.51314781730227],[126.8965004212419,37.513073851799284],[126.89608636057797,37.512932549119085],[126.89596411536988,37.51314793124165],[126.89592227448735,37.5132216494047],[126.89592663375798,37.5132745958439],[126.89592799757354,37.513278002828976],[126.89593395851037,37.51328595494443],[126.8959830318195,37.51335345638875],[126.89613440918859,37.513559874627894]]]}},{"type":"Feature","properties":{"F_AREA":274,"ADM_CD":1156012000,"F_ZONE_NM":"영등포구 문래동2가 56-10","TYPE":"상가","F_DISA_NM":"7.30. 호우","F_AVR_HGT":9.25885391,"F_SAT_YMD":"20230730","F_END_YMD":"20230730","F_SAT_TM":"18","F_END_TM":"21","F_RSN_DTL":"내수침수","INV_YR":"2023","F_YR":"2023","F_SHIM":0.5,"GU_NAM":"영등포구"},"geometry":{"type":"Polygon","coordinates":[[[126.89196263296674,37.51353375254717],[126.89205519951219,37.51348859033003],[126.8921523619485,37.513440837425854],[126.89203639691905,37.51335185573545],[126.89193217490784,37.51340071923142],[126.89184480491504,37.513442588531404],[126.89196263296674,37.51353375254717]]]}},{"type":"Feature","properties":{"F_AREA":148,"ADM_CD":1156012000,"F_ZONE_NM":"영등포구 문래동2가 12-5","TYPE":"상가","F_DISA_NM":"7.30. 호우","F_AVR_HGT":12.78459549,"F_SAT_YMD":"20230730","F_END_YMD":"20230730","F_SAT_TM":"19","F_END_TM":"21","F_RSN_DTL":"내수침수","INV_YR":"2023","F_YR":"2023","F_SHIM":0.5,"GU_NAM":"영등포구"},"geometry":{"type":"Polygon","coordinates":[[[126.89536841065309,37.513520680201374],[126.89542767600952,37.513491387994655],[126.89549156981525,37.513460442079314],[126.89544665771166,37.51339405239426],[126.89544817575263,37.513392368894365],[126.89542868550392,37.51336952014631],[126.89530327159311,37.513432567284845],[126.89536841065309,37.513520680201374]]]}},{"type":"Feature","properties":{"F_AREA":291,"ADM_CD":1156012200,"F_ZONE_NM":"영등포구 문래동4가 10-12","TYPE":"상가","F_DISA_NM":"7.30. 호우","F_AVR_HGT":9.43942356,"F_SAT_YMD":"20230730","F_END_YMD":"20230730","F_SAT_TM":"18","F_END_TM":"21","F_RSN_DTL":"내수침수","INV_YR":"2023","F_YR":"2023","F_SHIM":0.5,"GU_NAM":"영등포구"},"geometry":{"type":"Polygon","coordinates":[[[126.88867657739829,37.51607304469672],[126.88868544050014,37.51606881848283],[126.88862509562458,37.515955613771396],[126.88859135235067,37.51597179043252],[126.88841900203097,37.516054535174725],[126.88847302072936,37.516169680086236],[126.88867657739829,37.51607304469672]]]}},{"type":"Feature","properties":{"F_AREA":76,"ADM_CD":1156012900,"F_ZONE_NM":"서울 영등포구 양평로22길 11？1층(양평동5가)","TYPE":"상가-시설","F_DISA_NM":"2023년 풍수해보험금","F_AVR_HGT":10.41408844,"F_SAT_YMD":"20230715","F_END_YMD":null,"F_SAT_TM":null,"F_END_TM":null,"F_RSN_DTL":"내수침수","INV_YR":"2023","F_YR":"2023","F_SHIM":0.2,"GU_NAM":"영등포"},"geometry":{"type":"Polygon","coordinates":[[[126.8945269025587,37.538854150789966],[126.8944729275193,37.53878555438057],[126.89439018271024,37.53883319590662],[126.89443611404546,37.53889309949395],[126.8945269025587,37.538854150789966]]]}},{"type":"Feature","properties":{"F_AREA":117,"ADM_CD":1156011900,"F_ZONE_NM":"영등포구 문래동1가 58-14","TYPE":"상가","F_DISA_NM":"7.30. 호우","F_AVR_HGT":10.60574341,"F_SAT_YMD":"20230730","F_END_YMD":"20230730","F_SAT_TM":"18","F_END_TM":"21","F_RSN_DTL":"내수침수","INV_YR":"2023","F_YR":"2023","F_SHIM":0.5,"GU_NAM":"영등포구"},"geometry":{"type":"Polygon","coordinates":[[[126.89463465120991,37.51190140561255],[126.89467059191719,37.51183319665138],[126.8946716466445,37.51183120640309],[126.89468863595795,37.51179895708357],[126.89459142454638,37.511764730373],[126.89458617392302,37.511774402322764],[126.8945649559612,37.51181347735271],[126.89453574273423,37.51186742960023],[126.89463465120991,37.51190140561255]]]}},{"type":"Feature","properties":{"F_AREA":67,"ADM_CD":1156012000,"F_ZONE_NM":"영등포구 문래동2가 49-17","TYPE":"상가","F_DISA_NM":"7.30. 호우","F_AVR_HGT":9.7645483,"F_SAT_YMD":"20230730","F_END_YMD":"20230730","F_SAT_TM":"18","F_END_TM":"21","F_RSN_DTL":"내수침수","INV_YR":"2023","F_YR":"2023","F_SHIM":0.5,"GU_NAM":"영등포구"},"geometry":{"type":"Polygon","coordinates":[[[126.89255401088303,37.513169098720375],[126.89262127865473,37.51311312779167],[126.89255901476623,37.51306485806504],[126.8924893745745,37.51311886259715],[126.89255401088303,37.513169098720375]]]}},{"type":"Feature","properties":{"F_AREA":547,"ADM_CD":1156011900,"F_ZONE_NM":"영등포구 문래동1가 91","TYPE":"상가","F_DISA_NM":"7.30. 호우","F_AVR_HGT":10.97153664,"F_SAT_YMD":"20230730","F_END_YMD":"20230730","F_SAT_TM":"18","F_END_TM":"21","F_RSN_DTL":"내수침수","INV_YR":"2023","F_YR":"2023","F_SHIM":0.5,"GU_NAM":"영등포구"},"geometry":{"type":"Polygon","coordinates":[[[126.89301110993394,37.510977863618415],[126.89302355352899,37.51098428113367],[126.89308836552287,37.510974591857895],[126.89317134070548,37.5108720264539],[126.89323231153116,37.510796569830426],[126.89322787943786,37.51077978920989],[126.89321751593702,37.51074278478636],[126.8930908430734,37.5106770670189],[126.89308132549994,37.510688663119794],[126.89301105203145,37.510775634869475],[126.89289404993193,37.510920542750426],[126.89301110993394,37.510977863618415]]]}},{"type":"Feature","properties":{"F_AREA":220,"ADM_CD":1156013200,"F_ZONE_NM":"서울 영등포구 도림로81길 13-2 미림빌라","TYPE":"공동-연립","F_DISA_NM":"2023년 풍수해보험금","F_AVR_HGT":12.08563824,"F_SAT_YMD":"20230711","F_END_YMD":null,"F_SAT_TM":null,"F_END_TM":null,"F_RSN_DTL":"내수침수","INV_YR":"2023","F_YR":"2023","F_SHIM":0.2,"GU_NAM":"영등포"},"geometry":{"type":"Polygon","coordinates":[[[126.90377630658129,37.50117386732096],[126.90376278886049,37.50105503249106],[126.90372494535556,37.501057722186324],[126.90366414244608,37.50106200564172],[126.90359415375107,37.50106847087808],[126.90355273710263,37.50107076111717],[126.9035900949275,37.501154215514475],[126.9036379590425,37.5011856099174],[126.90377630658129,37.50117386732096]]]}},{"type":"Feature","properties":{"F_AREA":212,"ADM_CD":1156012200,"F_ZONE_NM":"영등포구 문래동4가 36-2","TYPE":"상가","F_DISA_NM":"7.30. 호우","F_AVR_HGT":9.18084145,"F_SAT_YMD":"20230730","F_END_YMD":"20230730","F_SAT_TM":"18","F_END_TM":"21","F_RSN_DTL":"내수침수","INV_YR":"2023","F_YR":"2023","F_SHIM":0.5,"GU_NAM":"영등포구"},"geometry":{"type":"Polygon","coordinates":[[[126.89027607623137,37.514455129746175],[126.8902838976215,37.51445145203758],[126.89021252638787,37.514359068751006],[126.8902059447377,37.51435053011632],[126.89019490476714,37.51433557218762],[126.89008633347717,37.51438663738656],[126.89005813728306,37.51440035998502],[126.89007718109119,37.514425858121534],[126.89014665558136,37.514515807011115],[126.89025582659598,37.51446467925311],[126.89027607623137,37.514455129746175]]]}},{"type":"Feature","properties":{"F_AREA":658,"ADM_CD":1156013200,"F_ZONE_NM":"서울특별시 영등포구 신길동 116-17 대신아파트 A동 201호","TYPE":"주택","F_DISA_NM":"2023년 6.27~7.27 호우(재난지원금)","F_AVR_HGT":13.98859615,"F_SAT_YMD":"20230715","F_END_YMD":null,"F_SAT_TM":"4","F_END_TM":null,"F_RSN_DTL":"내수침수","INV_YR":"2023","F_YR":"2023","F_SHIM":0.2,"GU_NAM":"영등포구"},"geometry":{"type":"Polygon","coordinates":[[[126.91740387121143,37.511629926196605],[126.91757399490706,37.511477850846134],[126.91719619967009,37.51134591912533],[126.9171775903409,37.511449493434796],[126.91715757650881,37.511554787640186],[126.91740387121143,37.511629926196605]]]}},{"type":"Feature","properties":{"F_AREA":51,"ADM_CD":1159010200,"F_ZONE_NM":"서울특별시 동작구 상도로22길 6 1층 (상도동, 엘지부동산공인중개사사무소)","TYPE":"상가-시설","F_DISA_NM":"2023년 풍수해보험금","F_AVR_HGT":33.77883835,"F_SAT_YMD":"20230711","F_END_YMD":null,"F_SAT_TM":null,"F_END_TM":null,"F_RSN_DTL":"내수침수","INV_YR":"2023","F_YR":"2023","F_SHIM":0.2,"GU_NAM":"동작구"},"geometry":{"type":"Polygon","coordinates":[[[126.93641075226981,37.50290066065143],[126.93644737194418,37.50291352906047],[126.93650082430405,37.502856083817555],[126.9363965816703,37.50282257234121],[126.93641025832183,37.50289644370787],[126.93641075226981,37.50290066065143]]]}},{"type":"Feature","properties":{"F_AREA":133,"ADM_CD":1159010700,"F_ZONE_NM":"서울 동작구 사당로30길 23-8","TYPE":"공동-아파트","F_DISA_NM":"2023년 풍수해보험금","F_AVR_HGT":15.09060593,"F_SAT_YMD":"20220808","F_END_YMD":null,"F_SAT_TM":null,"F_END_TM":null,"F_RSN_DTL":"내수침수","INV_YR":"2023","F_YR":"2023","F_SHIM":0.2,"GU_NAM":"동작구"},"geometry":{"type":"Polygon","coordinates":[[[126.98127142896642,37.48378055895098],[126.981350348387,37.48377842806315],[126.9813916171259,37.48377735389761],[126.98138675510816,37.48369401045457],[126.98138538202512,37.48367053012809],[126.98138485300252,37.48366166418563],[126.98127055570994,37.48366470806147],[126.98127142896642,37.48378055895098]]]}},{"type":"Feature","properties":{"F_AREA":175,"ADM_CD":1159010800,"F_ZONE_NM":"서울 동작구 등용로8가길 2-7 (대방동)","TYPE":"단독주택","F_DISA_NM":"2023년 풍수해보험금","F_AVR_HGT":35.61159058,"F_SAT_YMD":"20230714","F_END_YMD":null,"F_SAT_TM":null,"F_END_TM":null,"F_RSN_DTL":"내수침수","INV_YR":"2023","F_YR":"2023","F_SHIM":0.2,"GU_NAM":"동작구"},"geometry":{"type":"Polygon","coordinates":[[[126.93310015376632,37.50686993770268],[126.9332144608248,37.506859876635865],[126.93319217061095,37.50679606411113],[126.93315163351289,37.506699516792466],[126.93305453644905,37.50672621117853],[126.93305880189924,37.5067368183915],[126.933050226033,37.506740075032596],[126.93310015376632,37.50686993770268]]]}},{"type":"Feature","properties":{"F_AREA":6146,"ADM_CD":1159010100,"F_ZONE_NM":"서울 동작구 만양로 84지하 1층","TYPE":"상가-시설","F_DISA_NM":"2023년 풍수해보험금","F_AVR_HGT":25.17912979,"F_SAT_YMD":"20220808","F_END_YMD":null,"F_SAT_TM":null,"F_END_TM":null,"F_RSN_DTL":"내수침수","INV_YR":"2023","F_YR":"2023","F_SHIM":0.2,"GU_NAM":"동작구"},"geometry":{"type":"Polygon","coordinates":[[[126.945683421242,37.51046466873458],[126.94565524456041,37.51045265413318],[126.94547618866149,37.51049835799347],[126.94510228343454,37.510594235312254],[126.94483153711609,37.510664212279025],[126.94479858426729,37.51067138641776],[126.94479394667952,37.510686719159715],[126.94476515065705,37.51070104920109],[126.94456242996542,37.511136583662264],[126.94458988175187,37.51115004877862],[126.9447147156713,37.51121058378372],[126.9447523885107,37.51122900024955],[126.94481025295913,37.511259418666604],[126.94486602687202,37.51128735831117],[126.94492825634018,37.51131904015903],[126.94500836012647,37.51136101991022],[126.9450876060259,37.511400836804505],[126.94518521233091,37.511451411295006],[126.94524798570941,37.511482120156415],[126.94526743284011,37.51140114781911],[126.94531136007785,37.51128458874024],[126.94535205307352,37.51118217375658],[126.94537654737769,37.511127584986674],[126.94539562011397,37.51109315794685],[126.94544181495546,37.51101409938334],[126.94554318579851,37.5108396153398],[126.9456248671199,37.510707297558824],[126.94571659358213,37.510557451061835],[126.94571314112716,37.510545970729005],[126.945683421242,37.51046466873458]]]}},{"type":"Feature","properties":{"F_AREA":218,"ADM_CD":1150010300,"F_ZONE_NM":"서울 강서구까치산로18다길 5-4 지하층101호","TYPE":"단독주택","F_DISA_NM":"2023년 풍수해보험금","F_AVR_HGT":30.77036781,"F_SAT_YMD":"20230704","F_END_YMD":null,"F_SAT_TM":null,"F_END_TM":null,"F_RSN_DTL":"내수침수","INV_YR":"2023","F_YR":"2023","F_SHIM":0.2,"GU_NAM":"강서구"},"geometry":{"type":"Polygon","coordinates":[[[126.85105301980573,37.54697714249879],[126.85095177501573,37.54688759913618],[126.85093754182716,37.54689772614306],[126.85090322723995,37.546905665159805],[126.85081817831154,37.54697228402613],[126.85084603494178,37.546996385033445],[126.8509314236525,37.54707025805853],[126.85105301980573,37.54697714249879]]]}},{"type":"Feature","properties":{"F_AREA":125,"ADM_CD":1162010200,"F_ZONE_NM":"서울특별시 관악구 남부순환로187길 20 (신림동, 준하우스)","TYPE":"미분류","F_DISA_NM":"2023년 풍수해보험금","F_AVR_HGT":23.72674484,"F_SAT_YMD":"20230711","F_END_YMD":null,"F_SAT_TM":null,"F_END_TM":null,"F_RSN_DTL":"내수침수","INV_YR":"2023","F_YR":"2023","F_SHIM":0.2,"GU_NAM":"관악구"},"geometry":{"type":"Polygon","coordinates":[[[126.93351063015453,37.48576139557742],[126.93364943246485,37.48576029507316],[126.93364705092702,37.48566817538605],[126.93351147206276,37.48566832268209],[126.93351063015453,37.48576139557742]]]}},{"type":"Feature","properties":{"F_AREA":123,"ADM_CD":1162010200,"F_ZONE_NM":"서울 관악구 신림로66길 12 지하1층 (신림동)","TYPE":"미분류","F_DISA_NM":"2023년 풍수해보험금","F_AVR_HGT":22.92598839,"F_SAT_YMD":"20230704","F_END_YMD":null,"F_SAT_TM":null,"F_END_TM":null,"F_RSN_DTL":"내수침수","INV_YR":"2023","F_YR":"2023","F_SHIM":0.2,"GU_NAM":"관악구"},"geometry":{"type":"Polygon","coordinates":[[[126.9303407350097,37.48537917113128],[126.93046429378931,37.48540351845774],[126.93045370369872,37.485279642497105],[126.93036549987792,37.48526840799609],[126.9303407350097,37.48537917113128]]]}},{"type":"Feature","properties":{"F_AREA":231,"ADM_CD":1162010100,"F_ZONE_NM":"서울 관악구 인헌길 161-12, 제비 01호","TYPE":"공동-연립","F_DISA_NM":"2023년 풍수해보험금","F_AVR_HGT":111.84372253,"F_SAT_YMD":"20220809","F_END_YMD":null,"F_SAT_TM":null,"F_END_TM":null,"F_RSN_DTL":"내수침수","INV_YR":"2023","F_YR":"2023","F_SHIM":0.2,"GU_NAM":"관악구"},"geometry":{"type":"Polygon","coordinates":[[[126.96958811168903,37.468959806655526],[126.96967922736245,37.46881736456397],[126.96960922198637,37.46878757652789],[126.96954825709804,37.46876459347261],[126.96945744684952,37.468906107513654],[126.96958811168903,37.468959806655526]]]}},{"type":"Feature","properties":{"F_AREA":252,"ADM_CD":1162010200,"F_ZONE_NM":"서울 관악구 대학동 1536-1번지 1층","TYPE":"미분류","F_DISA_NM":"2023년 풍수해보험금","F_AVR_HGT":50.4970047,"F_SAT_YMD":"20230714","F_END_YMD":null,"F_SAT_TM":null,"F_END_TM":null,"F_RSN_DTL":"내수침수","INV_YR":"2023","F_YR":"2023","F_SHIM":0.2,"GU_NAM":"관악구"},"geometry":{"type":"Polygon","coordinates":[[[126.93627262673228,37.46938560110757],[126.93623928335919,37.46923778211175],[126.9360709440144,37.469259943787975],[126.93610381257756,37.46940742919656],[126.93627262673228,37.46938560110757]]]}},{"type":"Feature","properties":{"F_AREA":78,"ADM_CD":1129011100,"F_ZONE_NM":"성북구 삼선동1가 282-5","TYPE":"주택","F_DISA_NM":"6.27.~7.27. 호우","F_AVR_HGT":57.89781342,"F_SAT_YMD":"20230714","F_END_YMD":"20230715","F_SAT_TM":"23","F_END_TM":"24","F_RSN_DTL":"내수침수","INV_YR":"2023","F_YR":"2023","F_SHIM":0.1,"GU_NAM":"성북구"},"geometry":{"type":"Polygon","coordinates":[[[127.00864145791999,37.584171129699925],[127.0085592195378,37.58418864078734],[127.00855549493645,37.584190794365504],[127.00855894358631,37.58426391816822],[127.00866039657599,37.58426490315904],[127.00864145791999,37.584171129699925]]]}},{"type":"Feature","properties":{"F_AREA":140,"ADM_CD":1129011100,"F_ZONE_NM":"성북구 삼선동1가 301-5","TYPE":"주택","F_DISA_NM":"6.27.~7.27. 호우","F_AVR_HGT":99.13814697,"F_SAT_YMD":"20230714","F_END_YMD":"20230715","F_SAT_TM":"23","F_END_TM":"24","F_RSN_DTL":"내수침수","INV_YR":"2023","F_YR":"2023","F_SHIM":0.1,"GU_NAM":"성북구"},"geometry":{"type":"Polygon","coordinates":[[[127.00863878980887,37.581357530670864],[127.00871481599356,37.58140499001682],[127.00876713625557,37.581341115900976],[127.00881492806943,37.58127828718524],[127.00879601007968,37.581274747476854],[127.00879020332778,37.58128501907806],[127.00871607088398,37.58126909418357],[127.00866399277548,37.58126056500704],[127.00865456571802,37.58129682126446],[127.00863878980887,37.581357530670864]]]}},{"type":"Feature","properties":{"F_AREA":185,"ADM_CD":1035010600,"F_ZONE_NM":"노원구 중계동 90-18","TYPE":"주택","F_DISA_NM":"6.27.~7.27. 호우","F_AVR_HGT":44.32968979,"F_SAT_YMD":"20230714","F_END_YMD":"20230715","F_SAT_TM":"23","F_END_TM":"24","F_RSN_DTL":"내수침수","INV_YR":"2023","F_YR":"2023","F_SHIM":0.3,"GU_NAM":"노원구"},"geometry":{"type":"Polygon","coordinates":[[[127.08327302718399,37.65021156818893],[127.08327737921697,37.65024321644038],[127.08345853081978,37.650247307333046],[127.08343748748815,37.65019523655577],[127.08346970791551,37.65008605199395],[127.08335665205546,37.65010613212394],[127.08335682438452,37.650097951147224],[127.08334870581433,37.65009325368649],[127.0833308099198,37.65019353565541],[127.08332861109355,37.6502137460593],[127.08327302718399,37.65021156818893]]]}},{"type":"Feature","properties":{"F_AREA":1217,"ADM_CD":1165010900,"F_ZONE_NM":"서초구 내곡동 334","TYPE":"주택","F_DISA_NM":"6.27.~7.27. 호우","F_AVR_HGT":46.64099655,"F_SAT_YMD":"20230711","F_END_YMD":"20230712","F_SAT_TM":"18","F_END_TM":"19","F_RSN_DTL":"내수침수","INV_YR":"2023","F_YR":"2023","F_SHIM":0.1,"GU_NAM":"서초구"},"geometry":{"type":"Polygon","coordinates":[[[127.06096413676985,37.45856143473875],[127.06100996736538,37.458616544173246],[127.06106117842356,37.45855803414704],[127.06096433190721,37.458479542293965],[127.06093410062849,37.45845503213992],[127.06087757407724,37.45839505361],[127.06080543963162,37.45833620913976],[127.06074620914941,37.45827267293219],[127.06072750931693,37.4582228657323],[127.06068265958184,37.458164061572596],[127.06062251030954,37.458139133828986],[127.06052462994285,37.45811014334651],[127.06035679814543,37.45805230140697],[127.06030509213973,37.45802745939788],[127.0602950971389,37.45802292330358],[127.06023644121143,37.45797057703467],[127.06018680307737,37.45784370412583],[127.06015636443817,37.45781352655063],[127.06012098013808,37.457804002457735],[127.0600887559779,37.45780310841732],[127.06011008194693,37.457931094634624],[127.06012590309923,37.458000446163226],[127.06012902195003,37.45801409484386],[127.06013886647395,37.45805754543719],[127.0602398016092,37.45813411680043],[127.06025757963849,37.45814741581061],[127.06032946748985,37.45818080734664],[127.06047087717153,37.458228129757686],[127.06060391590727,37.45829501700443],[127.06072174502576,37.45833759359464],[127.06074893009871,37.458354888279906],[127.06079124565605,37.45838180711506],[127.06084642708244,37.45842743335146],[127.0608887549884,37.45846987646189],[127.06092275235946,37.45851162096066],[127.06096413676985,37.45856143473875]]]}},{"type":"Feature","properties":{"F_AREA":140,"ADM_CD":1129011500,"F_ZONE_NM":"성북구 삼선동5가 151-5","TYPE":"주택","F_DISA_NM":"6.27.~7.27. 호우","F_AVR_HGT":38.85191116,"F_SAT_YMD":"20230717","F_END_YMD":"20230718","F_SAT_TM":"23","F_END_TM":"24","F_RSN_DTL":"내수침수","INV_YR":"2023","F_YR":"2023","F_SHIM":0.1,"GU_NAM":"성북구"},"geometry":{"type":"Polygon","coordinates":[[[127.01641170080133,37.587058595580416],[127.01631697410568,37.586967986383605],[127.01626368848439,37.58700396939743],[127.01622367066645,37.58703203107364],[127.01632268799317,37.587120675658255],[127.01641170080133,37.587058595580416]]]}},{"type":"Feature","properties":{"F_AREA":1202,"ADM_CD":1165010100,"F_ZONE_NM":"서초구 방배동 621-2","TYPE":"상가","F_DISA_NM":"6.27.~7.27. 호우","F_AVR_HGT":56.47813187,"F_SAT_YMD":"20230711","F_END_YMD":"20230712","F_SAT_TM":"16","F_END_TM":"17","F_RSN_DTL":"내수침수","INV_YR":"2023","F_YR":"2023","F_SHIM":0.1,"GU_NAM":"서초구"},"geometry":{"type":"Polygon","coordinates":[[[126.99484384702265,37.47279609620281],[126.99502224079878,37.472613445811184],[126.9950631618315,37.47263831573447],[126.9951398403527,37.472523784398525],[126.99516066091716,37.47242270199468],[126.99507046331989,37.472391026854304],[126.99503775081394,37.472352507187225],[126.99497652710821,37.47232299596673],[126.99484710633533,37.47237448105629],[126.99475818868453,37.47244256480182],[126.99476055458132,37.472532512065236],[126.9947396584704,37.472712792552336],[126.99475462334821,37.472741904814754],[126.99484384702265,37.47279609620281]]]}},{"type":"Feature","properties":{"F_AREA":793,"ADM_CD":1165010100,"F_ZONE_NM":"서초구 방배동 620","TYPE":"주택","F_DISA_NM":"6.27.~7.27. 호우","F_AVR_HGT":56.47813187,"F_SAT_YMD":"20230711","F_END_YMD":"20230712","F_SAT_TM":"15","F_END_TM":"16","F_RSN_DTL":"내수침수","INV_YR":"2023","F_YR":"2023","F_SHIM":0.1,"GU_NAM":"서초구"},"geometry":{"type":"Polygon","coordinates":[[[126.99507046331989,37.472391026854304],[126.99516066091716,37.47242270199468],[126.99516838932688,37.47233648543265],[126.99531798515477,37.472190918314745],[126.99514890446363,37.47215081469128],[126.99502181373452,37.47219230797561],[126.9949199284188,37.4721494776587],[126.99478741524707,37.47214714560053],[126.99476552528392,37.47219292431641],[126.99475765359625,37.472233252762095],[126.99478489477586,37.47226797897331],[126.99490467760079,37.47228708699897],[126.99497652710821,37.47232299596673],[126.99503775081394,37.472352507187225],[126.99507046331989,37.472391026854304]]]}},{"type":"Feature","properties":{"F_AREA":57,"ADM_CD":1135010500,"F_ZONE_NM":"노원구 상계동 77-56","TYPE":"상가","F_DISA_NM":"6.27.~7.27. 호우","F_AVR_HGT":52.39984207,"F_SAT_YMD":"20230714","F_END_YMD":"20230715","F_SAT_TM":"23","F_END_TM":"24","F_RSN_DTL":"내수침수","INV_YR":"2023","F_YR":"2023","F_SHIM":0.3,"GU_NAM":"노원구"},"geometry":{"type":"Polygon","coordinates":[[[127.08134802449291,37.66945434781765],[127.08138747482724,37.669396640854565],[127.08137712652665,37.66937559213326],[127.08132317017314,37.669445913512796],[127.08125296124395,37.669400858306574],[127.08123351848153,37.66941826021607],[127.08129756756163,37.66949022263832],[127.08134802449291,37.66945434781765]]]}},{"type":"Feature","properties":{"F_AREA":101,"ADM_CD":1129013700,"F_ZONE_NM":"성북구 상월곡동 24-164","TYPE":"주택","F_DISA_NM":"6.27.~7.27. 호우","F_AVR_HGT":34.05428467,"F_SAT_YMD":"20230718","F_END_YMD":"20230719","F_SAT_TM":"23","F_END_TM":"24","F_RSN_DTL":"내수침수","INV_YR":"2023","F_YR":"2023","F_SHIM":0.1,"GU_NAM":"성북구"},"geometry":{"type":"Polygon","coordinates":[[[127.05076395281733,37.60595906738375],[127.0508429790697,37.60601229145413],[127.05091637352248,37.605940434443625],[127.05088402097277,37.60591017497086],[127.05084256294018,37.60587945078372],[127.05076395281733,37.60595906738375]]]}},{"type":"Feature","properties":{"F_AREA":187,"ADM_CD":1129013300,"F_ZONE_NM":"성북구 정릉동 772-24","TYPE":"주택","F_DISA_NM":"6.27.~7.27. 호우","F_AVR_HGT":128.57688293,"F_SAT_YMD":"20230714","F_END_YMD":"20230715","F_SAT_TM":"23","F_END_TM":"24","F_RSN_DTL":"내수침수","INV_YR":"2023","F_YR":"2023","F_SHIM":0.1,"GU_NAM":"성북구"},"geometry":{"type":"Polygon","coordinates":[[[127.00591963778496,37.61730363389841],[127.00592342311502,37.61714956605182],[127.0058008695535,37.61715173291443],[127.00580018073026,37.61718834879679],[127.00580150177787,37.617313278736844],[127.00591963778496,37.61730363389841]]]}},{"type":"Feature","properties":{"F_AREA":121,"ADM_CD":1129013800,"F_ZONE_NM":"성북구 장위동 233-462","TYPE":"주택","F_DISA_NM":"6.27.~7.27. 호우","F_AVR_HGT":52.43148575,"F_SAT_YMD":"20230711","F_END_YMD":"20230712","F_SAT_TM":"23","F_END_TM":"24","F_RSN_DTL":"내수침수","INV_YR":"2023","F_YR":"2023","F_SHIM":0.1,"GU_NAM":"성북구"},"geometry":{"type":"Polygon","coordinates":[[[127.04734459907978,37.612353658991175],[127.04743545267407,37.6123865095013],[127.04748179183089,37.61224747003002],[127.04741312041317,37.61222444063857],[127.04734459907978,37.612353658991175]]]}},{"type":"Feature","properties":{"F_AREA":167,"ADM_CD":1129013800,"F_ZONE_NM":"성북구 장위동 246-297","TYPE":"주택","F_DISA_NM":"6.27.~7.27. 호우","F_AVR_HGT":48.27374802,"F_SAT_YMD":"20230718","F_END_YMD":"20230719","F_SAT_TM":"23","F_END_TM":"24","F_RSN_DTL":"내수침수","INV_YR":"2023","F_YR":"2023","F_SHIM":0.1,"GU_NAM":"성북구"},"geometry":{"type":"Polygon","coordinates":[[[127.04774145422289,37.61125075693123],[127.04779420102481,37.61116427806786],[127.04780330249243,37.61112065797944],[127.04779615562998,37.61108351331012],[127.04776817788037,37.61104152051392],[127.04765398046854,37.6110952817326],[127.04768216578944,37.61114334709035],[127.04774145422289,37.61125075693123]]]}},{"type":"Feature","properties":{"F_AREA":117,"ADM_CD":1129013800,"F_ZONE_NM":"성북구 장위동 305-41","TYPE":"주택","F_DISA_NM":"6.27.~7.27. 호우","F_AVR_HGT":21.33613548,"F_SAT_YMD":"20230719","F_END_YMD":"20230720","F_SAT_TM":"23","F_END_TM":"24","F_RSN_DTL":"내수침수","INV_YR":"2023","F_YR":"2023","F_SHIM":0.1,"GU_NAM":"성북구"},"geometry":{"type":"Polygon","coordinates":[[[127.04939121218271,37.621323235919725],[127.04950161547133,37.62130073866031],[127.04940013334016,37.62122760227895],[127.04930345981045,37.62125182376687],[127.04934051744833,37.62133245547939],[127.04935211585686,37.62133141465184],[127.04939121218271,37.621323235919725]]]}},{"type":"Feature","properties":{"F_AREA":510,"ADM_CD":1135010300,"F_ZONE_NM":"노원구 공릉동 240-143","TYPE":"주택","F_DISA_NM":"6.8. 호우","F_AVR_HGT":30.85287361,"F_SAT_YMD":"20230608","F_END_YMD":"20230609","F_SAT_TM":"23","F_END_TM":"24","F_RSN_DTL":"내수침수","INV_YR":"2023","F_YR":"2023","F_SHIM":0.3,"GU_NAM":"노원구"},"geometry":{"type":"Polygon","coordinates":[[[127.08222479650946,37.62167519251703],[127.08225729673502,37.62161445325458],[127.08230330041572,37.62152362102205],[127.08231358767192,37.62150463934356],[127.08221448517253,37.62149376925535],[127.0822053357248,37.62152795868738],[127.08197567936863,37.621499797686724],[127.08192922588607,37.62152041673815],[127.08190437235062,37.62163470494525],[127.08222479650946,37.62167519251703]]]}},{"type":"Feature","properties":{"F_AREA":119,"ADM_CD":1135010300,"F_ZONE_NM":"노원구 공릉동 240-167","TYPE":"주택","F_DISA_NM":"6.8. 호우","F_AVR_HGT":30.85287361,"F_SAT_YMD":"20230608","F_END_YMD":"20230609","F_SAT_TM":"23","F_END_TM":"24","F_RSN_DTL":"내수침수","INV_YR":"2023","F_YR":"2023","F_SHIM":0.3,"GU_NAM":"노원구"},"geometry":{"type":"Polygon","coordinates":[[[127.08180013236691,37.621439056048544],[127.08185483029129,37.62143784755197],[127.08187726300474,37.62142124523928],[127.08189741268743,37.62132518706096],[127.08176853657261,37.62132982471743],[127.08177648640397,37.621422917562896],[127.08180013236691,37.621439056048544]]]}},{"type":"Feature","properties":{"F_AREA":130,"ADM_CD":1135010300,"F_ZONE_NM":"노원구 공릉동 240-168","TYPE":"주택","F_DISA_NM":"6.8. 호우","F_AVR_HGT":30.85287361,"F_SAT_YMD":"20230608","F_END_YMD":"20230609","F_SAT_TM":"23","F_END_TM":"24","F_RSN_DTL":"내수침수","INV_YR":"2023","F_YR":"2023","F_SHIM":0.3,"GU_NAM":"노원구"},"geometry":{"type":"Polygon","coordinates":[[[127.08176853657261,37.62132982471743],[127.08189741268743,37.62132518706096],[127.08191669212292,37.621230985489106],[127.08176082524247,37.62123729932507],[127.08176853657261,37.62132982471743]]]}},{"type":"Feature","properties":{"F_AREA":267,"ADM_CD":1135010300,"F_ZONE_NM":"노원구 공릉동 240-212","TYPE":"주택","F_DISA_NM":"6.8. 호우","F_AVR_HGT":30.85287361,"F_SAT_YMD":"20230608","F_END_YMD":"20230609","F_SAT_TM":"23","F_END_TM":"24","F_RSN_DTL":"내수침수","INV_YR":"2023","F_YR":"2023","F_SHIM":0.3,"GU_NAM":"노원구"},"geometry":{"type":"Polygon","coordinates":[[[127.08221448517253,37.62149376925535],[127.08231358767192,37.62150463934356],[127.08236986809193,37.6213957263908],[127.08240299891752,37.621331770155166],[127.0823143513084,37.6213205776413],[127.0823045261355,37.6213583174054],[127.08219859072737,37.6213448661685],[127.08216909914462,37.62148535809996],[127.08221527458318,37.621490534197825],[127.08221448517253,37.62149376925535]]]}},{"type":"Feature","properties":{"F_AREA":194,"ADM_CD":1135010500,"F_ZONE_NM":"노원구 상계동 370-13","TYPE":"주택","F_DISA_NM":"6.8. 호우","F_AVR_HGT":29.1161068,"F_SAT_YMD":"20230608","F_END_YMD":"20230609","F_SAT_TM":"23","F_END_TM":"24","F_RSN_DTL":"내수침수","INV_YR":"2023","F_YR":"2023","F_SHIM":0.3,"GU_NAM":"노원구"},"geometry":{"type":"Polygon","coordinates":[[[127.06637763533354,37.65785735091823],[127.06639961983336,37.65792124494007],[127.06650954952852,37.65781923918557],[127.06656948434495,37.65776250783696],[127.06647806068712,37.65770778797989],[127.06636403584827,37.657818066902486],[127.06637763533354,37.65785735091823]]]}},{"type":"Feature","properties":{"F_AREA":240,"ADM_CD":1135010500,"F_ZONE_NM":"노원구 상계동 370-16","TYPE":"주택","F_DISA_NM":"6.8. 호우","F_AVR_HGT":29.1161068,"F_SAT_YMD":"20230608","F_END_YMD":"20230609","F_SAT_TM":"23","F_END_TM":"24","F_RSN_DTL":"내수침수","INV_YR":"2023","F_YR":"2023","F_SHIM":0.3,"GU_NAM":"노원구"},"geometry":{"type":"Polygon","coordinates":[[[127.06661108179954,37.657964402253974],[127.06666948722044,37.65794714338541],[127.06674311518432,37.657919956345445],[127.06667537555131,37.65782502207109],[127.06656948434495,37.65776250783696],[127.06650954952852,37.65781923918557],[127.06661108179954,37.657964402253974]]]}},{"type":"Feature","properties":{"F_AREA":167,"ADM_CD":1135010500,"F_ZONE_NM":"노원구 상계동 370-19","TYPE":"주택","F_DISA_NM":"6.8. 호우","F_AVR_HGT":28.41992264,"F_SAT_YMD":"20230608","F_END_YMD":"20230609","F_SAT_TM":"23","F_END_TM":"24","F_RSN_DTL":"내수침수","INV_YR":"2023","F_YR":"2023","F_SHIM":0.3,"GU_NAM":"노원구"},"geometry":{"type":"Polygon","coordinates":[[[127.06685177114483,37.65768404816664],[127.06695565622681,37.657655763063914],[127.06690008581982,37.65757137257396],[127.06684658864523,37.65755076989596],[127.06672325922712,37.65760785178314],[127.0667967443925,37.65765096781836],[127.06685177114483,37.65768404816664]]]}},{"type":"Feature","properties":{"F_AREA":239,"ADM_CD":1147010200,"F_ZONE_NM":"서울 양천구 목동중앙본로30가길 32B01호 (목동) 3통 7반(목동, 삼성빌라)","TYPE":"공동주택","F_DISA_NM":"2023년 풍수해보험금","F_AVR_HGT":15.3932373,"F_SAT_YMD":"20230709","F_END_YMD":null,"F_SAT_TM":null,"F_END_TM":null,"F_RSN_DTL":"내수침수","INV_YR":"2023","F_YR":"2023","F_SHIM":0.2,"GU_NAM":"양천구"},"geometry":{"type":"Polygon","coordinates":[[[126.87180192566352,37.545568893102576],[126.87198499159248,37.54551665636439],[126.87197642594792,37.545496825163575],[126.87195275760362,37.54544210903579],[126.87193427345996,37.54539956197213],[126.87174962701975,37.54544981471562],[126.8717886254143,37.545538695289636],[126.87180192566352,37.545568893102576]]]}},{"type":"Feature","properties":{"F_AREA":176,"ADM_CD":1165010200,"F_ZONE_NM":"서초구 양재동 346-3","TYPE":"주택","F_DISA_NM":"6.27.~7.27. 호우","F_AVR_HGT":22.52245674,"F_SAT_YMD":"20230711","F_END_YMD":"20230712","F_SAT_TM":"9","F_END_TM":"10","F_RSN_DTL":"내수침수","INV_YR":"2023","F_YR":"2023","F_SHIM":0.1,"GU_NAM":"서초구"},"geometry":{"type":"Polygon","coordinates":[[[127.04342088496443,37.46831683289706],[127.04352347581862,37.46822687631554],[127.0434146864221,37.46814780682119],[127.04331198255477,37.46823785344979],[127.04342088496443,37.46831683289706]]]}},{"type":"Feature","properties":{"F_AREA":716,"ADM_CD":1129011100,"F_ZONE_NM":"성북구 삼선동1가 278-25","TYPE":"주택","F_DISA_NM":"6.27.~7.27. 호우","F_AVR_HGT":64.33986816,"F_SAT_YMD":"20230714","F_END_YMD":"20230715","F_SAT_TM":"23","F_END_TM":"24","F_RSN_DTL":"내수침수","INV_YR":"2023","F_YR":"2023","F_SHIM":0.1,"GU_NAM":"성북구"},"geometry":{"type":"Polygon","coordinates":[[[127.00736140625348,37.58447733694215],[127.00736429305593,37.58447458879263],[127.00740060298251,37.58449288601024],[127.00747602277931,37.58443061510178],[127.00747872832197,37.58442651547995],[127.0074906678662,37.58436674347967],[127.00749134689202,37.58436334672887],[127.00752128206695,37.584232459003594],[127.00746854721685,37.58424703962343],[127.00746738065389,37.58424153465892],[127.00747328751362,37.58420366592754],[127.00738080809944,37.58414467400428],[127.0072588660495,37.58418055725152],[127.00724890329542,37.58418377425485],[127.00722612280214,37.584313093851215],[127.00722499116293,37.58431993238813],[127.00721676460425,37.58437574885522],[127.00722433996445,37.584391416632194],[127.0072282914505,37.584394551871696],[127.00727601440107,37.58442448931164],[127.00736140625348,37.58447733694215]]]}},{"type":"Feature","properties":{"F_AREA":232,"ADM_CD":1165010600,"F_ZONE_NM":"서울 서초구 강남대로97길 8 1,2층 ,지하1층 (잠원동)","TYPE":"상가-시설","F_DISA_NM":"2023년 풍수해보험금","F_AVR_HGT":27.83924217,"F_SAT_YMD":"20230711","F_END_YMD":null,"F_SAT_TM":null,"F_END_TM":null,"F_RSN_DTL":"내수침수","INV_YR":"2023","F_YR":"2023","F_SHIM":0.2,"GU_NAM":"서초구"},"geometry":{"type":"Polygon","coordinates":[[[127.01928570199927,37.51490587238391],[127.01933756643832,37.51472802588624],[127.01921076348435,37.51470425864067],[127.01915989387382,37.51488097868924],[127.01928570199927,37.51490587238391]]]}},{"type":"Feature","properties":{"F_AREA":97,"ADM_CD":1174010600,"F_ZONE_NM":"서울 강동구 동남로49길  52 단독주택 (둔촌동)","TYPE":"단독주택","F_DISA_NM":"2023년 풍수해보험금","F_AVR_HGT":30.49404068,"F_SAT_YMD":"20230719","F_END_YMD":null,"F_SAT_TM":null,"F_END_TM":null,"F_RSN_DTL":"내수침수","INV_YR":"2023","F_YR":"2023","F_SHIM":0.2,"GU_NAM":"강동구"},"geometry":{"type":"Polygon","coordinates":[[[127.14699633969305,37.532581197222854],[127.14703653388759,37.53257348926501],[127.14708968774683,37.532562737983916],[127.14706258063231,37.53246411265392],[127.14696504844908,37.53248352306721],[127.14699633969305,37.532581197222854]]]}},{"type":"Feature","properties":{"F_AREA":155,"ADM_CD":1174010600,"F_ZONE_NM":"서울 강동구 천호대로188길 46-4, 지하 2호","TYPE":"단독주택","F_DISA_NM":"2023년 풍수해보험금","F_AVR_HGT":27.37995071,"F_SAT_YMD":"20230712","F_END_YMD":null,"F_SAT_TM":null,"F_END_TM":null,"F_RSN_DTL":"내수침수","INV_YR":"2023","F_YR":"2023","F_SHIM":0.2,"GU_NAM":"강동구"},"geometry":{"type":"Polygon","coordinates":[[[127.14273544721345,37.53213172770321],[127.14287410970412,37.532114614142884],[127.14287478837205,37.53211453224124],[127.14285266233905,37.53202049503596],[127.14284844279116,37.53200275052007],[127.14270973120215,37.532023720359845],[127.1427301558946,37.532109578608406],[127.14273544721345,37.53213172770321]]]}},{"type":"Feature","properties":{"F_AREA":169,"ADM_CD":1174010700,"F_ZONE_NM":"강동구 암사동 470-29","TYPE":"상가","F_DISA_NM":"6.27.~7.27. 호우","F_AVR_HGT":20.69102058,"F_SAT_YMD":"20230713","F_END_YMD":"20230713","F_SAT_TM":"16","F_END_TM":"24","F_RSN_DTL":"내수침수","INV_YR":"2023","F_YR":"2023","F_SHIM":0.1,"GU_NAM":"강동구"},"geometry":{"type":"Polygon","coordinates":[[[127.13215563626625,37.552426398158566],[127.13213261557259,37.552334252333836],[127.1320886570971,37.552305919759455],[127.13199042922729,37.55230684823471],[127.1319948247464,37.55242635070966],[127.13215563626625,37.552426398158566]]]}},{"type":"Feature","properties":{"F_AREA":134,"ADM_CD":1129011100,"F_ZONE_NM":"성북구 삼선동1가 291-15","TYPE":"주택","F_DISA_NM":"6.27.~7.27. 호우","F_AVR_HGT":69.62238464,"F_SAT_YMD":"20230719","F_END_YMD":"20230720","F_SAT_TM":"23","F_END_TM":"24","F_RSN_DTL":"내수침수","INV_YR":"2023","F_YR":"2023","F_SHIM":0.1,"GU_NAM":"성북구"},"geometry":{"type":"Polygon","coordinates":[[[127.00836422027474,37.582623180180995],[127.00843637388974,37.58265143990775],[127.00849451158705,37.58255703116752],[127.00853775272586,37.58248883296881],[127.00853073219076,37.58247489513136],[127.00845079257728,37.58247835963878],[127.00844872154396,37.58248667586188],[127.00843245688186,37.582530978300746],[127.00842811014272,37.582538078325456],[127.00837937735533,37.582599041884635],[127.00836422027474,37.582623180180995]]]}},{"type":"Feature","properties":{"F_AREA":187,"ADM_CD":1165010700,"F_ZONE_NM":"서초구 반포동 711-8","TYPE":"주택","F_DISA_NM":"6.27.~7.27. 호우","F_AVR_HGT":27.29691849,"F_SAT_YMD":"20230713","F_END_YMD":"20230714","F_SAT_TM":"14","F_END_TM":"15","F_RSN_DTL":"내수침수","INV_YR":"2023","F_YR":"2023","F_SHIM":0.1,"GU_NAM":"서초구"},"geometry":{"type":"Polygon","coordinates":[[[127.0182705741747,37.508579598553595],[127.0183943091538,37.50848703048275],[127.01832188772143,37.50842525040199],[127.01826533669539,37.50842381683738],[127.0181714668894,37.50849436919972],[127.0182705741747,37.508579598553595]]]}},{"type":"Feature","properties":{"F_AREA":271,"ADM_CD":1168010600,"F_ZONE_NM":"서울 강남구 대치동 935지하1층","TYPE":"상가-시설","F_DISA_NM":"2023년 풍수해보험금","F_AVR_HGT":18.08844109,"F_SAT_YMD":"20230711","F_END_YMD":null,"F_SAT_TM":null,"F_END_TM":null,"F_RSN_DTL":"내수침수","INV_YR":"2023","F_YR":"2023","F_SHIM":0.2,"GU_NAM":"강남구"},"geometry":{"type":"Polygon","coordinates":[[[127.05412066914987,37.4981610138867],[127.05431510863222,37.498224627776366],[127.05437529690283,37.49810179470463],[127.05418255435326,37.49803872075556],[127.05412066914987,37.4981610138867]]]}},{"type":"Feature","properties":{"F_AREA":137,"ADM_CD":1154510200,"F_ZONE_NM":"서울 금천구 시흥대로92길 8 101호","TYPE":"상가-시설","F_DISA_NM":"2023년 풍수해보험금","F_AVR_HGT":20.82504387,"F_SAT_YMD":"20230730","F_END_YMD":null,"F_SAT_TM":null,"F_END_TM":null,"F_RSN_DTL":"내수침수","INV_YR":"2023","F_YR":"2023","F_SHIM":0.2,"GU_NAM":"금천구"},"geometry":{"type":"Polygon","coordinates":[[[126.8988337348577,37.461579149675465],[126.89884662049485,37.461603857396966],[126.89894401010696,37.461635296909904],[126.89899532872245,37.4615340325194],[126.89887943733228,37.4614934227785],[126.8988337348577,37.461579149675465]]]}},{"type":"Feature","properties":{"F_AREA":212,"ADM_CD":1154510300,"F_ZONE_NM":"서울특별시 금천구 시흥대로62길 13 (시흥동) 피앙새 노래연습장 지하","TYPE":"미분류","F_DISA_NM":"2023년 풍수해보험금","F_AVR_HGT":17.23631783,"F_SAT_YMD":"20220808","F_END_YMD":null,"F_SAT_TM":null,"F_END_TM":null,"F_RSN_DTL":"내수침수","INV_YR":"2023","F_YR":"2023","F_SHIM":0.2,"GU_NAM":"금천구"},"geometry":{"type":"Polygon","coordinates":[[[126.90149033609337,37.45541399637561],[126.90145725900875,37.4553683414728],[126.90139925008822,37.455288292093826],[126.9013417409347,37.45527427778385],[126.90133020628745,37.45527913343528],[126.9012917574526,37.45529531893184],[126.90126329184821,37.45536818611369],[126.90126136387198,37.45537314000707],[126.9013334492318,37.455389869727824],[126.90141983130341,37.45544940926151],[126.90149033609337,37.45541399637561]]]}},{"type":"Feature","properties":{"F_AREA":164,"ADM_CD":1135010500,"F_ZONE_NM":"노원구 상계동 143-11","TYPE":"주택","F_DISA_NM":"6.27.~7.27. 호우","F_AVR_HGT":37.81414108,"F_SAT_YMD":"20230714","F_END_YMD":"20230715","F_SAT_TM":"23","F_END_TM":"24","F_RSN_DTL":"내수침수","INV_YR":"2023","F_YR":"2023","F_SHIM":0.3,"GU_NAM":"노원구"},"geometry":{"type":"Polygon","coordinates":[[[127.07051286456361,37.66486743721744],[127.0704257457806,37.664798617741205],[127.07039275281784,37.664773860243514],[127.07030586617391,37.664845835634324],[127.0704248094173,37.66493819706425],[127.07051286456361,37.66486743721744]]]}},{"type":"Feature","properties":{"F_AREA":157,"ADM_CD":1135010500,"F_ZONE_NM":"노원구 상계동 169-68","TYPE":"주택","F_DISA_NM":"6.27.~7.27. 호우","F_AVR_HGT":35.51059418,"F_SAT_YMD":"20230714","F_END_YMD":"20230715","F_SAT_TM":"23","F_END_TM":"24","F_RSN_DTL":"내수침수","INV_YR":"2023","F_YR":"2023","F_SHIM":0.3,"GU_NAM":"노원구"},"geometry":{"type":"Polygon","coordinates":[[[127.07080362860364,37.662300609686824],[127.07085590156592,37.66234052814634],[127.07097359331657,37.66223663972127],[127.07088931705471,37.66217481944726],[127.070771407982,37.66227659062886],[127.07080362860364,37.662300609686824]]]}},{"type":"Feature","properties":{"F_AREA":195,"ADM_CD":1147010100,"F_ZONE_NM":"서울 양천구 중앙로45길 31B02(신정동, 동화빌라)","TYPE":"공동주택","F_DISA_NM":"2023년 풍수해보험금","F_AVR_HGT":28.16754456,"F_SAT_YMD":"20230830","F_END_YMD":null,"F_SAT_TM":null,"F_END_TM":null,"F_RSN_DTL":"내수침수","INV_YR":"2023","F_YR":"2023","F_SHIM":0.2,"GU_NAM":"양천구"},"geometry":{"type":"Polygon","coordinates":[[[126.84953926803624,37.52168261130127],[126.84955985953272,37.52168092590437],[126.84955498360156,37.521575142868755],[126.84955271038858,37.5215246842475],[126.8494219299688,37.5215308228805],[126.84943038022776,37.52165895518981],[126.84947296796915,37.52168802204288],[126.84953926803624,37.52168261130127]]]}},{"type":"Feature","properties":{"F_AREA":899,"ADM_CD":1129010600,"F_ZONE_NM":"서울 성북구 동소문로  50, 63-1삼성빌딩지하1층(동소문동3가)","TYPE":"미분류","F_DISA_NM":"2023년 풍수해보험금","F_AVR_HGT":32.00937958,"F_SAT_YMD":"20230714","F_END_YMD":null,"F_SAT_TM":null,"F_END_TM":null,"F_RSN_DTL":"내수침수","INV_YR":"2023","F_YR":"2023","F_SHIM":0.2,"GU_NAM":"성북구"},"geometry":{"type":"Polygon","coordinates":[[[127.01156104502958,37.590562417254205],[127.01155754591507,37.59055911093747],[127.011554352522,37.59055589469313],[127.01145454338905,37.590464759509125],[127.0114545547104,37.59046475049835],[127.01141751358146,37.59042631759629],[127.01132942328938,37.59033281173105],[127.01130539352012,37.59030703654841],[127.01128316436042,37.59028365783165],[127.01108508403802,37.590516038044626],[127.01108758652941,37.59051765961451],[127.01114257248203,37.59054595507855],[127.01131116537488,37.590632679023656],[127.01134627908876,37.5906511462946],[127.01135486213977,37.590655263080365],[127.01136241482217,37.590659262823436],[127.01142799971295,37.590693575848114],[127.01146099949469,37.59065197460442],[127.01146191627542,37.59064936167124],[127.01146392011879,37.59064746943434],[127.01146463324895,37.590646027798556],[127.01146703325263,37.59064316246456],[127.01146835772113,37.59064111711742],[127.01148687843104,37.59061850984573],[127.01149198445536,37.59061511270166],[127.01156104502958,37.590562417254205]]]}},{"type":"Feature","properties":{"F_AREA":40,"ADM_CD":1129010800,"F_ZONE_NM":"서울 성북구 보문로 40길 29,2층","TYPE":"소상공인-전통시장","F_DISA_NM":"2023년 풍수해보험금","F_AVR_HGT":34.55647964,"F_SAT_YMD":"20230916","F_END_YMD":null,"F_SAT_TM":null,"F_END_TM":null,"F_RSN_DTL":"내수침수","INV_YR":"2023","F_YR":"2023","F_SHIM":0.2,"GU_NAM":"성북구"},"geometry":{"type":"Polygon","coordinates":[[[127.01514004363378,37.592148115985175],[127.0151644900073,37.59215059086944],[127.01517018111788,37.5921272817401],[127.01517319115598,37.59211728947284],[127.01516868453774,37.592116488117746],[127.01505719818964,37.592104770136956],[127.01504867847679,37.59213984644393],[127.01514004363378,37.592148115985175]]]}},{"type":"Feature","properties":{"F_AREA":142,"ADM_CD":1135010200,"F_ZONE_NM":"노원구 월계동 272-56","TYPE":"주택","F_DISA_NM":"6.27.~7.27. 호우","F_AVR_HGT":20.92837982,"F_SAT_YMD":"20230713","F_END_YMD":"20230714","F_SAT_TM":"23","F_END_TM":"24","F_RSN_DTL":"내수침수","INV_YR":"2023","F_YR":"2023","F_SHIM":0.3,"GU_NAM":"노원구"},"geometry":{"type":"Polygon","coordinates":[[[127.05810242262423,37.63274138136968],[127.05820988876962,37.632681324637424],[127.05813233056699,37.632591381173874],[127.05802223735556,37.63265299778673],[127.05810242262423,37.63274138136968]]]}},{"type":"Feature","properties":{"F_AREA":132,"ADM_CD":1135010200,"F_ZONE_NM":"노원구 월계동 272-74","TYPE":"주택","F_DISA_NM":"6.27.~7.27. 호우","F_AVR_HGT":20.92837982,"F_SAT_YMD":"20230714","F_END_YMD":"20230715","F_SAT_TM":"23","F_END_TM":"24","F_RSN_DTL":"내수침수","INV_YR":"2023","F_YR":"2023","F_SHIM":0.3,"GU_NAM":"노원구"},"geometry":{"type":"Polygon","coordinates":[[[127.05855090141222,37.633052093048725],[127.05864015851432,37.633002342908],[127.05863627875337,37.632891866837525],[127.05856661280886,37.632931002992855],[127.05848566862531,37.63297735237779],[127.05855090141222,37.633052093048725]]]}},{"type":"Feature","properties":{"F_AREA":159,"ADM_CD":1135010200,"F_ZONE_NM":"노원구 월계동 383-6","TYPE":"주택","F_DISA_NM":"6.27.~7.27. 호우","F_AVR_HGT":23.87280159,"F_SAT_YMD":"20230713","F_END_YMD":"20230714","F_SAT_TM":"23","F_END_TM":"24","F_RSN_DTL":"내수침수","INV_YR":"2023","F_YR":"2023","F_SHIM":0.3,"GU_NAM":"노원구"},"geometry":{"type":"Polygon","coordinates":[[[127.05979918939606,37.623362589877715],[127.05989513108565,37.62343184581411],[127.05992134215879,37.6234162729264],[127.05996573021902,37.62338150917438],[127.06001515447733,37.62335544637297],[127.05996208028314,37.62327706040677],[127.05993150886508,37.62329351842234],[127.05979918939606,37.623362589877715]]]}},{"type":"Feature","properties":{"F_AREA":98,"ADM_CD":1135010500,"F_ZONE_NM":"노원구 상계동 389-377","TYPE":"주택","F_DISA_NM":"6.8. 호우","F_AVR_HGT":31.93587379,"F_SAT_YMD":"20230608","F_END_YMD":"20230609","F_SAT_TM":"23","F_END_TM":"24","F_RSN_DTL":"내수침수","INV_YR":"2023","F_YR":"2023","F_SHIM":0.3,"GU_NAM":"노원구"},"geometry":{"type":"Polygon","coordinates":[[[127.06826662331503,37.65994285438866],[127.06817876461552,37.65987429489328],[127.06810757481168,37.659930168457464],[127.06819392821731,37.66000097228123],[127.06826662331503,37.65994285438866]]]}},{"type":"Feature","properties":{"F_AREA":96,"ADM_CD":1135010500,"F_ZONE_NM":"노원구 상계동 389-247","TYPE":"주택","F_DISA_NM":"6.8. 호우","F_AVR_HGT":29.4680069,"F_SAT_YMD":"20230608","F_END_YMD":"20230609","F_SAT_TM":"23","F_END_TM":"24","F_RSN_DTL":"내수침수","INV_YR":"2023","F_YR":"2023","F_SHIM":0.3,"GU_NAM":"노원구"},"geometry":{"type":"Polygon","coordinates":[[[127.06770795207935,37.65849251070285],[127.06777807354943,37.6585491966789],[127.06786724775117,37.65848082568477],[127.06779582352875,37.658424735135945],[127.06770795207935,37.65849251070285]]]}},{"type":"Feature","properties":{"F_AREA":92,"ADM_CD":1135010500,"F_ZONE_NM":"노원구 상계동 389-259","TYPE":"주택","F_DISA_NM":"6.8. 호우","F_AVR_HGT":29.4680069,"F_SAT_YMD":"20230608","F_END_YMD":"20230609","F_SAT_TM":"23","F_END_TM":"24","F_RSN_DTL":"내수침수","INV_YR":"2023","F_YR":"2023","F_SHIM":0.3,"GU_NAM":"노원구"},"geometry":{"type":"Polygon","coordinates":[[[127.06760789549426,37.65841722732975],[127.06767365039875,37.65847023083002],[127.06776338938721,37.65839976933648],[127.06769961712783,37.658346089042695],[127.06760789549426,37.65841722732975]]]}},{"type":"Feature","properties":{"F_AREA":95,"ADM_CD":1135010500,"F_ZONE_NM":"노원구 상계동 389-260","TYPE":"주택","F_DISA_NM":"6.8. 호우","F_AVR_HGT":29.4680069,"F_SAT_YMD":"20230608","F_END_YMD":"20230609","F_SAT_TM":"23","F_END_TM":"24","F_RSN_DTL":"내수침수","INV_YR":"2023","F_YR":"2023","F_SHIM":0.3,"GU_NAM":"노원구"},"geometry":{"type":"Polygon","coordinates":[[[127.06760789549426,37.65841722732975],[127.06769961712783,37.658346089042695],[127.06763499478248,37.658292165927264],[127.06754100629053,37.65836297207286],[127.06760789549426,37.65841722732975]]]}},{"type":"Feature","properties":{"F_AREA":94,"ADM_CD":1135010500,"F_ZONE_NM":"노원구 상계동 389-275","TYPE":"주택","F_DISA_NM":"6.8. 호우","F_AVR_HGT":29.4680069,"F_SAT_YMD":"20230608","F_END_YMD":"20230609","F_SAT_TM":"23","F_END_TM":"24","F_RSN_DTL":"내수침수","INV_YR":"2023","F_YR":"2023","F_SHIM":0.3,"GU_NAM":"노원구"},"geometry":{"type":"Polygon","coordinates":[[[127.06772556880274,37.65816679861915],[127.06765522436098,37.658113815737444],[127.06756746765086,37.6581829155711],[127.067635523657,37.65823679175161],[127.06772556880274,37.65816679861915]]]}},{"type":"Feature","properties":{"F_AREA":93,"ADM_CD":1135010500,"F_ZONE_NM":"노원구 상계동 389-276","TYPE":"주택","F_DISA_NM":"6.8. 호우","F_AVR_HGT":29.4680069,"F_SAT_YMD":"20230608","F_END_YMD":"20230609","F_SAT_TM":"23","F_END_TM":"24","F_RSN_DTL":"내수침수","INV_YR":"2023","F_YR":"2023","F_SHIM":0.3,"GU_NAM":"노원구"},"geometry":{"type":"Polygon","coordinates":[[[127.0677300688352,37.658320970813],[127.06782346681037,37.658249065659625],[127.06775426714769,37.65819643357435],[127.06766730425753,37.65826612767864],[127.0677300688352,37.658320970813]]]}},{"type":"Feature","properties":{"F_AREA":96,"ADM_CD":1135010500,"F_ZONE_NM":"노원구 상계동 389-277","TYPE":"주택","F_DISA_NM":"6.8. 호우","F_AVR_HGT":29.4680069,"F_SAT_YMD":"20230608","F_END_YMD":"20230609","F_SAT_TM":"23","F_END_TM":"24","F_RSN_DTL":"내수침수","INV_YR":"2023","F_YR":"2023","F_SHIM":0.3,"GU_NAM":"노원구"},"geometry":{"type":"Polygon","coordinates":[[[127.06782346681037,37.658249065659625],[127.06791522408362,37.658180233677236],[127.06784392570388,37.65812518821391],[127.06775426714769,37.65819643357435],[127.06782346681037,37.658249065659625]]]}},{"type":"Feature","properties":{"F_AREA":88,"ADM_CD":1135010500,"F_ZONE_NM":"노원구 상계동 389-281","TYPE":"주택","F_DISA_NM":"6.8. 호우","F_AVR_HGT":29.4680069,"F_SAT_YMD":"20230608","F_END_YMD":"20230609","F_SAT_TM":"23","F_END_TM":"24","F_RSN_DTL":"내수침수","INV_YR":"2023","F_YR":"2023","F_SHIM":0.3,"GU_NAM":"노원구"},"geometry":{"type":"Polygon","coordinates":[[[127.06782346681037,37.658249065659625],[127.06788878816084,37.65829879874857],[127.06797925248974,37.65822884122647],[127.06791522408362,37.658180233677236],[127.06782346681037,37.658249065659625]]]}},{"type":"Feature","properties":{"F_AREA":92,"ADM_CD":1135010500,"F_ZONE_NM":"노원구 상계동 389-282","TYPE":"주택","F_DISA_NM":"6.8. 호우","F_AVR_HGT":29.4680069,"F_SAT_YMD":"20230608","F_END_YMD":"20230609","F_SAT_TM":"23","F_END_TM":"24","F_RSN_DTL":"내수침수","INV_YR":"2023","F_YR":"2023","F_SHIM":0.3,"GU_NAM":"노원구"},"geometry":{"type":"Polygon","coordinates":[[[127.06788878816084,37.65829879874857],[127.06782346681037,37.658249065659625],[127.0677300688352,37.658320970813],[127.06779246707458,37.65837156152076],[127.06788878816084,37.65829879874857]]]}},{"type":"Feature","properties":{"F_AREA":95,"ADM_CD":1135010500,"F_ZONE_NM":"노원구 상계동 389-283","TYPE":"주택","F_DISA_NM":"6.8. 호우","F_AVR_HGT":29.4680069,"F_SAT_YMD":"20230608","F_END_YMD":"20230609","F_SAT_TM":"23","F_END_TM":"24","F_RSN_DTL":"내수침수","INV_YR":"2023","F_YR":"2023","F_SHIM":0.3,"GU_NAM":"노원구"},"geometry":{"type":"Polygon","coordinates":[[[127.06798877290517,37.65838234385939],[127.06791769025943,37.658328037120015],[127.06782984317474,37.65839747055762],[127.06789744679762,37.65845195950168],[127.06798877290517,37.65838234385939]]]}},{"type":"Feature","properties":{"F_AREA":144,"ADM_CD":1135010500,"F_ZONE_NM":"노원구 상계동 394-8","TYPE":"주택","F_DISA_NM":"6.8. 호우","F_AVR_HGT":29.4680069,"F_SAT_YMD":"20230608","F_END_YMD":"20230609","F_SAT_TM":"23","F_END_TM":"24","F_RSN_DTL":"내수침수","INV_YR":"2023","F_YR":"2023","F_SHIM":0.3,"GU_NAM":"노원구"},"geometry":{"type":"Polygon","coordinates":[[[127.0672620518584,37.65787853882453],[127.0673623463805,37.65789080822052],[127.06737031723755,37.65785674694153],[127.06735852592807,37.65781231746777],[127.06718782227692,37.657788536790086],[127.06717239932576,37.65786682202549],[127.0672620518584,37.65787853882453]]]}},{"type":"Feature","properties":{"F_AREA":263,"ADM_CD":1135010500,"F_ZONE_NM":"노원구 상계동 394-21","TYPE":"주택","F_DISA_NM":"6.8. 호우","F_AVR_HGT":29.1161068,"F_SAT_YMD":"20230608","F_END_YMD":"20230609","F_SAT_TM":"23","F_END_TM":"24","F_RSN_DTL":"내수침수","INV_YR":"2023","F_YR":"2023","F_SHIM":0.3,"GU_NAM":"노원구"},"geometry":{"type":"Polygon","coordinates":[[[127.06715265805518,37.657957416969694],[127.06717239932576,37.65786682202549],[127.06718782227692,37.657788536790086],[127.06720083419533,37.65772638033515],[127.06718157293716,37.657731391464836],[127.06706024795601,37.657825538671844],[127.06698769199407,37.65787305129645],[127.06697137777263,37.657930353306874],[127.06714983548788,37.65795661667282],[127.06715265805518,37.657957416969694]]]}},{"type":"Feature","properties":{"F_AREA":170,"ADM_CD":1135010500,"F_ZONE_NM":"노원구 상계동 456-85","TYPE":"주택","F_DISA_NM":"6.27.~7.27. 호우","F_AVR_HGT":39.43636017,"F_SAT_YMD":"20230714","F_END_YMD":"20230715","F_SAT_TM":"23","F_END_TM":"24","F_RSN_DTL":"내수침수","INV_YR":"2023","F_YR":"2023","F_SHIM":0.3,"GU_NAM":"노원구"},"geometry":{"type":"Polygon","coordinates":[[[127.06677332512433,37.66374335734218],[127.06676106572151,37.663643887644334],[127.0665908375364,37.6636605325473],[127.06660570640628,37.663763379473345],[127.06677332512433,37.66374335734218]]]}},{"type":"Feature","properties":{"F_AREA":84,"ADM_CD":1135010500,"F_ZONE_NM":"노원구 상계동 1054-33","TYPE":"주택","F_DISA_NM":"6.27.~7.27. 호우","F_AVR_HGT":26.45332603,"F_SAT_YMD":"20230713","F_END_YMD":"20230714","F_SAT_TM":"23","F_END_TM":"24","F_RSN_DTL":"내수침수","INV_YR":"2023","F_YR":"2023","F_SHIM":0.3,"GU_NAM":"노원구"},"geometry":{"type":"Polygon","coordinates":[[[127.05145661368573,37.67309454474011],[127.05146493506676,37.673096676520814],[127.05147765680366,37.67310230220902],[127.05152844950746,37.67318703512746],[127.05156351229574,37.67305694692191],[127.05146238158251,37.673041321878415],[127.05144784534176,37.673085106264544],[127.05145661368573,37.67309454474011]]]}},{"type":"Feature","properties":{"F_AREA":397,"ADM_CD":1135010500,"F_ZONE_NM":"노원구 상계동 1087-1","TYPE":"주택","F_DISA_NM":"6.8. 호우","F_AVR_HGT":26.37736206,"F_SAT_YMD":"20230608","F_END_YMD":"20230609","F_SAT_TM":"23","F_END_TM":"24","F_RSN_DTL":"내수침수","INV_YR":"2023","F_YR":"2023","F_SHIM":0.3,"GU_NAM":"노원구"},"geometry":{"type":"Polygon","coordinates":[[[127.05116171304547,37.67422405560225],[127.0512211331661,37.674225111747106],[127.05131706542122,37.674194140922566],[127.0514381308642,37.67415076201327],[127.0514196828741,37.67412555161528],[127.05141878855922,37.67402572430614],[127.05141810554413,37.67402139092015],[127.05112708722854,37.67409292469985],[127.05116171304547,37.67422405560225]]]}},{"type":"Feature","properties":{"F_AREA":360,"ADM_CD":1165011000,"F_ZONE_NM":"서초구 염곡동 100-34","TYPE":"주택","F_DISA_NM":"6.27.~7.27. 호우","F_AVR_HGT":35.60034714,"F_SAT_YMD":"20230711","F_END_YMD":"20230712","F_SAT_TM":"18","F_END_TM":"19","F_RSN_DTL":"내수침수","INV_YR":"2023","F_YR":"2023","F_SHIM":0.1,"GU_NAM":"서초구"},"geometry":{"type":"Polygon","coordinates":[[[127.05168085792965,37.46243304137202],[127.0516881984218,37.46242317225708],[127.05167645093186,37.46238415474056],[127.05155287330504,37.462231910340755],[127.05143566659959,37.46222583307688],[127.05141996608803,37.46239531864986],[127.05168085792965,37.46243304137202]]]}}]}